2026-09-14 10:42:28,634 INFO BrsApiClient started – base=http://Api.BrsApi.ir pool=10
2026-09-14 10:43:07,777 INFO Found 577 fund symbols from snapshots
2026-09-14 10:43:07,851 INFO NAV sync: folded 231 duplicate-name symbol(s) onto their base (346 unique left)
2026-09-14 10:43:07,871 INFO NAV sync: 344 symbols to fetch (2 already done today)
2026-09-14 10:43:08,823 INFO HTTP Request: GET http://api.brsapi.ir/Tsetmc/Nav.php?key=Bk7JvdJZBHJ9DMhzeuTfWjwqYy1wMsif&l18=%D8%A2%D8%AA%D8%B4 "HTTP/1.1 200 OK"
2026-09-14 10:43:20,258 INFO HTTP Request: GET http://api.brsapi.ir/Tsetmc/Nav.php?key=Bk7JvdJZBHJ9DMhzeuTfWjwqYy1wMsif&l18=%D8%A7%D8%AA%D9%88%D8%A2%DA%AF%D8%A7%D9%87 "HTTP/1.1 200 OK"
2026-09-14 10:43:20,305 INFO Synced /Tsetmc/Nav.php → 1 records in 350ms
2026-09-14 10:43:31,569 INFO HTTP Request: GET http://api.brsapi.ir/Tsetmc/Nav.php?key=Bk7JvdJZBHJ9DMhzeuTfWjwqYy1wMsif&l18=%D8%A7%D8%AA%D9%88%D8%AF%D8%A7%D8%B1%DB%8C%D9%88%D8%B4 "HTTP/1.1 200 OK"
2026-09-14 10:43:31,587 INFO Synced /Tsetmc/Nav.php → 1 records in 264ms
2026-09-14 10:43:42,748 INFO HTTP Request: GET http://api.brsapi.ir/Tsetmc/Nav.php?key=Bk7JvdJZBHJ9DMhzeuTfWjwqYy1wMsif&l18=%D8%A7%D8%AA%D9%88%DA%A9%D8%A7%D8%B1 "HTTP/1.1 200 OK"
2026-09-14 10:43:42,763 INFO Synced /Tsetmc/Nav.php → 1 records in 149ms
2026-09-14 10:43:53,903 INFO HTTP Request: GET http://api.brsapi.ir/Tsetmc/Nav.php?key=Bk7JvdJZBHJ9DMhzeuTfWjwqYy1wMsif&l18=%D8%A2%D8%AA%DB%8C1 "HTTP/1.1 502 Bad Gateway"
2026-09-14 10:43:53,904 WARNING HTTP 502 – retry after 5.0s (attempt 1/4) - retrying in 5.0s
2026-09-14 10:43:59,018 INFO HTTP Request: GET http://api.brsapi.ir/Tsetmc/Nav.php?key=Bk7JvdJZBHJ9DMhzeuTfWjwqYy1wMsif&l18=%D8%A2%D8%AA%DB%8C1 "HTTP/1.1 502 Bad Gateway"
2026-09-14 10:43:59,021 WARNING HTTP 502 – retry after 5.0s (attempt 2/4) - retrying in 5.0s
2026-09-14 10:44:04,168 INFO HTTP Request: GET http://api.brsapi.ir/Tsetmc/Nav.php?key=Bk7JvdJZBHJ9DMhzeuTfWjwqYy1wMsif&l18=%D8%A2%D8%AA%DB%8C1 "HTTP/1.1 502 Bad Gateway"
2026-09-14 10:44:04,182 WARNING HTTP 502 – retry after 5.0s (attempt 3/4) - retrying in 5.0s
2026-09-14 10:44:09,316 INFO HTTP Request: GET http://api.brsapi.ir/Tsetmc/Nav.php?key=Bk7JvdJZBHJ9DMhzeuTfWjwqYy1wMsif&l18=%D8%A2%D8%AA%DB%8C1 "HTTP/1.1 502 Bad Gateway"
2026-09-14 10:44:09,403 WARNING HTTP 502 – retry after 5.0s (attempt 4/4) - no retries left
2026-09-14 10:44:09,450 WARNING NAV sync failed for آتی1: All retries exhausted: HTTP 502 – retry after 5.0s
2026-09-14 10:44:20,837 INFO HTTP Request: GET http://api.brsapi.ir/Tsetmc/Nav.php?key=Bk7JvdJZBHJ9DMhzeuTfWjwqYy1wMsif&l18=%D8%A2%D8%AA%DB%8C%D9%85%D8%B3 "HTTP/1.1 200 OK"
2026-09-14 10:44:20,849 INFO Synced /Tsetmc/Nav.php → 1 records in 351ms
2026-09-14 10:44:32,162 INFO HTTP Request: GET http://api.brsapi.ir/Tsetmc/Nav.php?key=Bk7JvdJZBHJ9DMhzeuTfWjwqYy1wMsif&l18=%D8%A2%D8%AA%DB%8C%D9%87+%D9%85%D9%84%D8%AA "HTTP/1.1 200 OK"
2026-09-14 10:44:32,173 INFO Synced /Tsetmc/Nav.php → 1 records in 299ms
2026-09-14 10:44:43,686 INFO HTTP Request: GET http://api.brsapi.ir/Tsetmc/Nav.php?key=Bk7JvdJZBHJ9DMhzeuTfWjwqYy1wMsif&l18=%D8%A2%D8%B0%D8%B1%DB%8C%D9%86 "HTTP/1.1 200 OK"
2026-09-14 10:44:43,698 INFO Synced /Tsetmc/Nav.php → 1 records in 510ms
2026-09-14 10:44:54,912 INFO HTTP Request: GET http://api.brsapi.ir/Tsetmc/Nav.php?key=Bk7JvdJZBHJ9DMhzeuTfWjwqYy1wMsif&l18=%D8%A2%D8%B1%D8%A7%D9%85 "HTTP/1.1 200 OK"
2026-09-14 10:44:54,926 INFO Synced /Tsetmc/Nav.php → 1 records in 153ms
2026-09-14 10:45:06,139 INFO HTTP Request: GET http://api.brsapi.ir/Tsetmc/Nav.php?key=Bk7JvdJZBHJ9DMhzeuTfWjwqYy1wMsif&l18=%D8%A2%D8%B1%D8%A7%D9%85%D8%B4 "HTTP/1.1 200 OK"
2026-09-14 10:45:06,152 INFO Synced /Tsetmc/Nav.php → 1 records in 213ms
2026-09-14 10:45:06,152 INFO NAV sync progress: 10/344 symbols (9 ok, 1 fail)
2026-09-14 10:45:17,490 INFO HTTP Request: GET http://api.brsapi.ir/Tsetmc/Nav.php?key=Bk7JvdJZBHJ9DMhzeuTfWjwqYy1wMsif&l18=%D8%A7%D8%B1%D8%B2%D8%B4 "HTTP/1.1 200 OK"
2026-09-14 10:45:17,500 INFO Synced /Tsetmc/Nav.php → 1 records in 329ms
2026-09-14 10:45:28,691 INFO HTTP Request: GET http://api.brsapi.ir/Tsetmc/Nav.php?key=Bk7JvdJZBHJ9DMhzeuTfWjwqYy1wMsif&l18=%D8%A7%D8%B1%D8%B2%D8%B4+%D9%85%D8%B3%DA%A9%D9%86 "HTTP/1.1 200 OK"
2026-09-14 10:45:40,026 INFO HTTP Request: GET http://api.brsapi.ir/Tsetmc/Nav.php?key=Bk7JvdJZBHJ9DMhzeuTfWjwqYy1wMsif&l18=%D8%A7%D8%B1%DA%A9%DB%8C%D8%AF%D9%87 "HTTP/1.1 200 OK"
2026-09-14 10:45:40,037 INFO Synced /Tsetmc/Nav.php → 1 records in 329ms
2026-09-14 10:45:55,817 INFO HTTP Request: GET http://api.brsapi.ir/Tsetmc/Nav.php?key=Bk7JvdJZBHJ9DMhzeuTfWjwqYy1wMsif&l18=%D8%A2%D8%B1%D9%85%D8%A7%D9%86%DB%8C "HTTP/1.1 502 Bad Gateway"
2026-09-14 10:45:55,818 WARNING HTTP 502 – retry after 5.0s (attempt 1/4) - retrying in 5.0s
2026-09-14 10:46:01,647 INFO HTTP Request: GET http://api.brsapi.ir/Tsetmc/Nav.php?key=Bk7JvdJZBHJ9DMhzeuTfWjwqYy1wMsif&l18=%D8%A2%D8%B1%D9%85%D8%A7%D9%86%DB%8C "HTTP/1.1 502 Bad Gateway"
2026-09-14 10:46:01,649 WARNING HTTP 502 – retry after 5.0s (attempt 2/4) - retrying in 5.0s
2026-09-14 10:46:07,407 INFO HTTP Request: GET http://api.brsapi.ir/Tsetmc/Nav.php?key=Bk7JvdJZBHJ9DMhzeuTfWjwqYy1wMsif&l18=%D8%A2%D8%B1%D9%85%D8%A7%D9%86%DB%8C "HTTP/1.1 502 Bad Gateway"
2026-09-14 10:46:07,409 WARNING HTTP 502 – retry after 5.0s (attempt 3/4) - retrying in 5.0s
2026-09-14 10:46:13,011 INFO HTTP Request: GET http://api.brsapi.ir/Tsetmc/Nav.php?key=Bk7JvdJZBHJ9DMhzeuTfWjwqYy1wMsif&l18=%D8%A2%D8%B1%D9%85%D8%A7%D9%86%DB%8C "HTTP/1.1 502 Bad Gateway"
2026-09-14 10:46:13,013 WARNING HTTP 502 – retry after 5.0s (attempt 4/4) - no retries left
2026-09-14 10:46:13,030 WARNING NAV sync failed for آرمانی: All retries exhausted: HTTP 502 – retry after 5.0s
2026-09-14 10:46:24,201 INFO HTTP Request: GET http://api.brsapi.ir/Tsetmc/Nav.php?key=Bk7JvdJZBHJ9DMhzeuTfWjwqYy1wMsif&l18=%D8%A7%D8%B1%D9%85%D8%BA%D8%A7%D9%86 "HTTP/1.1 200 OK"
2026-09-14 10:46:24,216 INFO Synced /Tsetmc/Nav.php → 1 records in 163ms
2026-09-14 10:46:35,408 INFO HTTP Request: GET http://api.brsapi.ir/Tsetmc/Nav.php?key=Bk7JvdJZBHJ9DMhzeuTfWjwqYy1wMsif&l18=%D8%A2%D8%B3 "HTTP/1.1 200 OK"
2026-09-14 10:46:35,450 INFO Synced /Tsetmc/Nav.php → 1 records in 214ms
2026-09-14 10:46:46,609 INFO HTTP Request: GET http://api.brsapi.ir/Tsetmc/Nav.php?key=Bk7JvdJZBHJ9DMhzeuTfWjwqYy1wMsif&l18=%D8%A2%D8%B3%D8%A7 "HTTP/1.1 200 OK"
2026-09-14 10:46:46,619 INFO Synced /Tsetmc/Nav.php → 1 records in 146ms
2026-09-14 10:46:57,806 INFO HTTP Request: GET http://api.brsapi.ir/Tsetmc/Nav.php?key=Bk7JvdJZBHJ9DMhzeuTfWjwqYy1wMsif&l18=%D8%A2%D8%B3%D8%A7%D8%B3 "HTTP/1.1 200 OK"
2026-09-14 10:46:57,813 INFO Synced /Tsetmc/Nav.php → 1 records in 174ms
2026-09-14 10:47:09,021 INFO HTTP Request: GET http://api.brsapi.ir/Tsetmc/Nav.php?key=Bk7JvdJZBHJ9DMhzeuTfWjwqYy1wMsif&l18=%D8%A2%D8%B3%D8%A7%D9%84 "HTTP/1.1 200 OK"
2026-09-14 10:47:09,027 INFO Synced /Tsetmc/Nav.php → 1 records in 155ms
2026-09-14 10:47:20,292 INFO HTTP Request: GET http://api.brsapi.ir/Tsetmc/Nav.php?key=Bk7JvdJZBHJ9DMhzeuTfWjwqYy1wMsif&l18=%D8%A2%D8%B3%D8%A7%D9%85 "HTTP/1.1 200 OK"
2026-09-14 10:47:20,304 INFO Synced /Tsetmc/Nav.php → 1 records in 256ms
2026-09-14 10:47:20,304 INFO NAV sync progress: 20/344 symbols (18 ok, 2 fail)
2026-09-14 10:47:31,504 INFO HTTP Request: GET http://api.brsapi.ir/Tsetmc/Nav.php?key=Bk7JvdJZBHJ9DMhzeuTfWjwqYy1wMsif&l18=%D8%A2%D8%B3%D8%A7%D9%86 "HTTP/1.1 200 OK"
2026-09-14 10:47:31,525 INFO Synced /Tsetmc/Nav.php → 1 records in 181ms
2026-09-14 10:47:42,672 INFO HTTP Request: GET http://api.brsapi.ir/Tsetmc/Nav.php?key=Bk7JvdJZBHJ9DMhzeuTfWjwqYy1wMsif&l18=%D8%A7%D8%B3%D8%AA%DB%8C%D9%84 "HTTP/1.1 200 OK"
2026-09-14 10:47:42,682 INFO Synced /Tsetmc/Nav.php → 1 records in 134ms
2026-09-14 10:47:53,910 INFO HTTP Request: GET http://api.brsapi.ir/Tsetmc/Nav.php?key=Bk7JvdJZBHJ9DMhzeuTfWjwqYy1wMsif&l18=%D8%A2%D8%B3%D9%88%D8%AF "HTTP/1.1 200 OK"
2026-09-14 10:47:53,918 INFO Synced /Tsetmc/Nav.php → 1 records in 225ms
2026-09-14 10:48:05,113 INFO HTTP Request: GET http://api.brsapi.ir/Tsetmc/Nav.php?key=Bk7JvdJZBHJ9DMhzeuTfWjwqYy1wMsif&l18=%D8%A7%D8%B5%DB%8C%D9%84 "HTTP/1.1 200 OK"
2026-09-14 10:48:05,120 INFO Synced /Tsetmc/Nav.php → 1 records in 185ms
2026-09-14 10:48:16,292 INFO HTTP Request: GET http://api.brsapi.ir/Tsetmc/Nav.php?key=Bk7JvdJZBHJ9DMhzeuTfWjwqYy1wMsif&l18=%D8%A7%D8%B7%D9%84%D8%B3 "HTTP/1.1 200 OK"
2026-09-14 10:48:16,305 INFO Synced /Tsetmc/Nav.php → 1 records in 168ms
2026-09-14 10:48:27,456 INFO HTTP Request: GET http://api.brsapi.ir/Tsetmc/Nav.php?key=Bk7JvdJZBHJ9DMhzeuTfWjwqYy1wMsif&l18=%D8%A7%D8%B7%D9%85%DB%8C%D9%86%D8%A7%D9%86 "HTTP/1.1 200 OK"
2026-09-14 10:48:27,468 INFO Synced /Tsetmc/Nav.php → 1 records in 149ms
2026-09-14 10:48:38,772 INFO HTTP Request: GET http://api.brsapi.ir/Tsetmc/Nav.php?key=Bk7JvdJZBHJ9DMhzeuTfWjwqYy1wMsif&l18=%D8%A7%D8%B9%D8%AA%D8%A8%D8%A7%D8%B1 "HTTP/1.1 200 OK"
2026-09-14 10:48:38,789 INFO Synced /Tsetmc/Nav.php → 1 records in 299ms
2026-09-14 10:48:50,128 INFO HTTP Request: GET http://api.brsapi.ir/Tsetmc/Nav.php?key=Bk7JvdJZBHJ9DMhzeuTfWjwqYy1wMsif&l18=%D8%A7%D8%B9%D8%AA%D8%A8%D8%A7%D8%B1%D8%B3%D9%87%D8%A7%D9%85 "HTTP/1.1 200 OK"
2026-09-14 10:48:50,136 INFO Synced /Tsetmc/Nav.php → 1 records in 324ms
2026-09-14 10:49:01,393 INFO HTTP Request: GET http://api.brsapi.ir/Tsetmc/Nav.php?key=Bk7JvdJZBHJ9DMhzeuTfWjwqYy1wMsif&l18=%D8%A7%D8%B9%D8%AA%D9%85%D8%A7%D8%AF "HTTP/1.1 200 OK"
2026-09-14 10:49:01,407 INFO Synced /Tsetmc/Nav.php → 1 records in 256ms
2026-09-14 10:49:12,632 INFO HTTP Request: GET http://api.brsapi.ir/Tsetmc/Nav.php?key=Bk7JvdJZBHJ9DMhzeuTfWjwqYy1wMsif&l18=%D8%A2%D9%81%D8%A7%D9%82 "HTTP/1.1 200 OK"
2026-09-14 10:49:12,640 INFO Synced /Tsetmc/Nav.php → 1 records in 203ms
2026-09-14 10:49:12,641 INFO NAV sync progress: 30/344 symbols (28 ok, 2 fail)
2026-09-14 10:49:24,106 INFO HTTP Request: GET http://api.brsapi.ir/Tsetmc/Nav.php?key=Bk7JvdJZBHJ9DMhzeuTfWjwqYy1wMsif&l18=%D8%A7%D9%81%D8%B1%D8%A7%D9%86 "HTTP/1.1 200 OK"
2026-09-14 10:49:24,118 INFO Synced /Tsetmc/Nav.php → 1 records in 466ms
2026-09-14 10:49:35,334 INFO HTTP Request: GET http://api.brsapi.ir/Tsetmc/Nav.php?key=Bk7JvdJZBHJ9DMhzeuTfWjwqYy1wMsif&l18=%D8%A2%D9%81%D8%B1%DB%8C%D9%86 "HTTP/1.1 200 OK"
2026-09-14 10:49:35,343 INFO Synced /Tsetmc/Nav.php → 1 records in 208ms
2026-09-14 10:49:46,575 INFO HTTP Request: GET http://api.brsapi.ir/Tsetmc/Nav.php?key=Bk7JvdJZBHJ9DMhzeuTfWjwqYy1wMsif&l18=%D8%A7%D9%81%D9%82+%D9%85%D9%84%D8%AA "HTTP/1.1 200 OK"
2026-09-14 10:49:46,586 INFO Synced /Tsetmc/Nav.php → 1 records in 230ms
2026-09-14 10:49:58,667 INFO HTTP Request: GET http://api.brsapi.ir/Tsetmc/Nav.php?key=Bk7JvdJZBHJ9DMhzeuTfWjwqYy1wMsif&l18=%D8%A7%D9%81%D9%82+%D9%86%DA%AF%D8%B1 "HTTP/1.1 502 Bad Gateway"
2026-09-14 10:49:58,668 WARNING HTTP 502 – retry after 5.0s (attempt 1/4) - retrying in 5.0s
2026-09-14 10:50:04,730 INFO HTTP Request: GET http://api.brsapi.ir/Tsetmc/Nav.php?key=Bk7JvdJZBHJ9DMhzeuTfWjwqYy1wMsif&l18=%D8%A7%D9%81%D9%82+%D9%86%DA%AF%D8%B1 "HTTP/1.1 502 Bad Gateway"
2026-09-14 10:50:04,731 WARNING HTTP 502 – retry after 5.0s (attempt 2/4) - retrying in 5.0s
2026-09-14 10:50:10,519 INFO HTTP Request: GET http://api.brsapi.ir/Tsetmc/Nav.php?key=Bk7JvdJZBHJ9DMhzeuTfWjwqYy1wMsif&l18=%D8%A7%D9%81%D9%82+%D9%86%DA%AF%D8%B1 "HTTP/1.1 502 Bad Gateway"
2026-09-14 10:50:10,520 WARNING HTTP 502 – retry after 5.0s (attempt 3/4) - retrying in 5.0s
2026-09-14 10:50:16,344 INFO HTTP Request: GET http://api.brsapi.ir/Tsetmc/Nav.php?key=Bk7JvdJZBHJ9DMhzeuTfWjwqYy1wMsif&l18=%D8%A7%D9%81%D9%82+%D9%86%DA%AF%D8%B1 "HTTP/1.1 502 Bad Gateway"
2026-09-14 10:50:16,345 WARNING HTTP 502 – retry after 5.0s (attempt 4/4) - no retries left
2026-09-14 10:50:16,349 WARNING NAV sync failed for افق نگر: All retries exhausted: HTTP 502 – retry after 5.0s
2026-09-14 10:50:27,505 INFO HTTP Request: GET http://api.brsapi.ir/Tsetmc/Nav.php?key=Bk7JvdJZBHJ9DMhzeuTfWjwqYy1wMsif&l18=%D8%A2%DA%A9%D8%A7%D9%85 "HTTP/1.1 200 OK"
2026-09-14 10:50:27,512 INFO Synced /Tsetmc/Nav.php → 1 records in 150ms
2026-09-14 10:50:38,747 INFO HTTP Request: GET http://api.brsapi.ir/Tsetmc/Nav.php?key=Bk7JvdJZBHJ9DMhzeuTfWjwqYy1wMsif&l18=%D8%A7%DA%A9%D8%AA%D8%A7%D9%86 "HTTP/1.1 200 OK"
2026-09-14 10:50:38,754 INFO Synced /Tsetmc/Nav.php → 1 records in 203ms
2026-09-14 10:50:50,161 INFO HTTP Request: GET http://api.brsapi.ir/Tsetmc/Nav.php?key=Bk7JvdJZBHJ9DMhzeuTfWjwqYy1wMsif&l18=%D8%A7%DA%A9%D8%B3%D8%AA%D8%B1%DB%8C%D9%85 "HTTP/1.1 200 OK"
2026-09-14 10:50:50,167 INFO Synced /Tsetmc/Nav.php → 1 records in 401ms
2026-09-14 10:51:02,314 INFO HTTP Request: GET http://api.brsapi.ir/Tsetmc/Nav.php?key=Bk7JvdJZBHJ9DMhzeuTfWjwqYy1wMsif&l18=%D8%A7%DA%A9%D8%B3%DB%8C%D8%B1 "HTTP/1.1 502 Bad Gateway"
2026-09-14 10:51:02,316 WARNING HTTP 502 – retry after 5.0s (attempt 1/4) - retrying in 5.0s
2026-09-14 10:51:09,532 INFO HTTP Request: GET http://api.brsapi.ir/Tsetmc/Nav.php?key=Bk7JvdJZBHJ9DMhzeuTfWjwqYy1wMsif&l18=%D8%A7%DA%A9%D8%B3%DB%8C%D8%B1 "HTTP/1.1 502 Bad Gateway"
2026-09-14 10:51:09,535 WARNING HTTP 502 – retry after 5.0s (attempt 2/4) - retrying in 5.0s
2026-09-14 10:51:15,261 INFO HTTP Request: GET http://api.brsapi.ir/Tsetmc/Nav.php?key=Bk7JvdJZBHJ9DMhzeuTfWjwqYy1wMsif&l18=%D8%A7%DA%A9%D8%B3%DB%8C%D8%B1 "HTTP/1.1 502 Bad Gateway"
2026-09-14 10:51:15,264 WARNING HTTP 502 – retry after 5.0s (attempt 3/4) - retrying in 5.0s
2026-09-14 10:51:21,149 INFO HTTP Request: GET http://api.brsapi.ir/Tsetmc/Nav.php?key=Bk7JvdJZBHJ9DMhzeuTfWjwqYy1wMsif&l18=%D8%A7%DA%A9%D8%B3%DB%8C%D8%B1 "HTTP/1.1 502 Bad Gateway"
2026-09-14 10:51:21,150 WARNING HTTP 502 – retry after 5.0s (attempt 4/4) - no retries left
2026-09-14 10:51:21,154 WARNING NAV sync failed for اکسیر: All retries exhausted: HTTP 502 – retry after 5.0s
2026-09-14 10:51:32,329 INFO HTTP Request: GET http://api.brsapi.ir/Tsetmc/Nav.php?key=Bk7JvdJZBHJ9DMhzeuTfWjwqYy1wMsif&l18=%D8%A7%DA%A9%D8%B3%DB%8C%DA%98%D9%86 "HTTP/1.1 200 OK"
2026-09-14 10:51:32,339 INFO Synced /Tsetmc/Nav.php → 1 records in 171ms
2026-09-14 10:51:43,590 INFO HTTP Request: GET http://api.brsapi.ir/Tsetmc/Nav.php?key=Bk7JvdJZBHJ9DMhzeuTfWjwqYy1wMsif&l18=%D8%A2%DA%A9%D9%88%D8%B1%D8%AF "HTTP/1.1 200 OK"
2026-09-14 10:51:43,596 INFO Synced /Tsetmc/Nav.php → 1 records in 237ms
2026-09-14 10:51:43,597 INFO NAV sync progress: 40/344 symbols (36 ok, 4 fail)
2026-09-14 10:51:54,743 INFO HTTP Request: GET http://api.brsapi.ir/Tsetmc/Nav.php?key=Bk7JvdJZBHJ9DMhzeuTfWjwqYy1wMsif&l18=%D8%A2%DA%AF%D8%A7%D8%B3 "HTTP/1.1 200 OK"
2026-09-14 10:51:54,751 INFO Synced /Tsetmc/Nav.php → 1 records in 137ms
2026-09-14 10:52:06,045 INFO HTTP Request: GET http://api.brsapi.ir/Tsetmc/Nav.php?key=Bk7JvdJZBHJ9DMhzeuTfWjwqYy1wMsif&l18=%D8%A2%D9%84%D8%A7 "HTTP/1.1 200 OK"
2026-09-14 10:52:06,064 INFO Synced /Tsetmc/Nav.php → 1 records in 285ms
2026-09-14 10:52:17,469 INFO HTTP Request: GET http://api.brsapi.ir/Tsetmc/Nav.php?key=Bk7JvdJZBHJ9DMhzeuTfWjwqYy1wMsif&l18=%D8%A2%D9%84%D8%AA%D9%88%D9%86 "HTTP/1.1 200 OK"
2026-09-14 10:52:17,478 INFO Synced /Tsetmc/Nav.php → 1 records in 391ms
2026-09-14 10:52:28,785 INFO HTTP Request: GET http://api.brsapi.ir/Tsetmc/Nav.php?key=Bk7JvdJZBHJ9DMhzeuTfWjwqYy1wMsif&l18=%D8%A2%D9%84%DA%A9%D8%A7%D9%86 "HTTP/1.1 200 OK"
2026-09-14 10:52:28,792 INFO Synced /Tsetmc/Nav.php → 1 records in 289ms
2026-09-14 10:52:39,982 INFO HTTP Request: GET http://api.brsapi.ir/Tsetmc/Nav.php?key=Bk7JvdJZBHJ9DMhzeuTfWjwqYy1wMsif&l18=%D8%A7%D9%84%D9%85%D8%A7%D8%B3 "HTTP/1.1 200 OK"
2026-09-14 10:52:39,990 INFO Synced /Tsetmc/Nav.php → 1 records in 184ms
2026-09-14 10:52:51,294 INFO HTTP Request: GET http://api.brsapi.ir/Tsetmc/Nav.php?key=Bk7JvdJZBHJ9DMhzeuTfWjwqYy1wMsif&l18=%D8%A2%D9%84%DB%8C%D8%A7%DA%98 "HTTP/1.1 200 OK"
2026-09-14 10:52:51,302 INFO Synced /Tsetmc/Nav.php → 1 records in 296ms
2026-09-14 10:53:02,420 INFO HTTP Request: GET http://api.brsapi.ir/Tsetmc/Nav.php?key=Bk7JvdJZBHJ9DMhzeuTfWjwqYy1wMsif&l18=%D8%A7%D9%85%D8%AA%DB%8C%D8%A7%D8%B2 "HTTP/1.1 200 OK"
2026-09-14 10:53:02,428 INFO Synced /Tsetmc/Nav.php → 1 records in 116ms
2026-09-14 10:53:13,570 INFO HTTP Request: GET http://api.brsapi.ir/Tsetmc/Nav.php?key=Bk7JvdJZBHJ9DMhzeuTfWjwqYy1wMsif&l18=%D8%A7%D9%85%D8%B1%D8%A7%D9%84%D8%AF "HTTP/1.1 200 OK"
2026-09-14 10:53:13,577 INFO Synced /Tsetmc/Nav.php → 1 records in 135ms
2026-09-14 10:53:24,792 INFO HTTP Request: GET http://api.brsapi.ir/Tsetmc/Nav.php?key=Bk7JvdJZBHJ9DMhzeuTfWjwqYy1wMsif&l18=%D8%A7%D9%85%DA%AF%D8%A7 "HTTP/1.1 200 OK"
2026-09-14 10:53:24,800 INFO Synced /Tsetmc/Nav.php → 1 records in 203ms
2026-09-14 10:53:36,046 INFO HTTP Request: GET http://api.brsapi.ir/Tsetmc/Nav.php?key=Bk7JvdJZBHJ9DMhzeuTfWjwqYy1wMsif&l18=%D8%A2%D9%85%DB%8C%D8%AA%DB%8C%D8%B3 "HTTP/1.1 200 OK"
2026-09-14 10:53:36,052 INFO Synced /Tsetmc/Nav.php → 1 records in 224ms
2026-09-14 10:53:36,053 INFO NAV sync progress: 50/344 symbols (46 ok, 4 fail)
2026-09-14 10:53:48,015 INFO HTTP Request: GET http://api.brsapi.ir/Tsetmc/Nav.php?key=Bk7JvdJZBHJ9DMhzeuTfWjwqYy1wMsif&l18=%D8%A7%D9%85%DB%8C%D9%86+%D8%B4%D9%87%D8%B1 "HTTP/1.1 502 Bad Gateway"
2026-09-14 10:53:48,015 WARNING HTTP 502 – retry after 5.0s (attempt 1/4) - retrying in 5.0s
2026-09-14 10:53:53,714 INFO HTTP Request: GET http://api.brsapi.ir/Tsetmc/Nav.php?key=Bk7JvdJZBHJ9DMhzeuTfWjwqYy1wMsif&l18=%D8%A7%D9%85%DB%8C%D9%86+%D8%B4%D9%87%D8%B1 "HTTP/1.1 502 Bad Gateway"
2026-09-14 10:53:53,715 WARNING HTTP 502 – retry after 5.0s (attempt 2/4) - retrying in 5.0s
2026-09-14 10:53:59,575 INFO HTTP Request: GET http://api.brsapi.ir/Tsetmc/Nav.php?key=Bk7JvdJZBHJ9DMhzeuTfWjwqYy1wMsif&l18=%D8%A7%D9%85%DB%8C%D9%86+%D8%B4%D9%87%D8%B1 "HTTP/1.1 502 Bad Gateway"
2026-09-14 10:53:59,575 WARNING HTTP 502 – retry after 5.0s (attempt 3/4) - retrying in 5.0s
2026-09-14 10:54:09,386 INFO HTTP Request: GET http://api.brsapi.ir/Tsetmc/Nav.php?key=Bk7JvdJZBHJ9DMhzeuTfWjwqYy1wMsif&l18=%D8%A7%D9%85%DB%8C%D9%86+%D8%B4%D9%87%D8%B1 "HTTP/1.1 502 Bad Gateway"
2026-09-14 10:54:09,387 WARNING HTTP 502 – retry after 5.0s (attempt 4/4) - no retries left
2026-09-14 10:54:09,390 WARNING NAV sync failed for امین شهر: All retries exhausted: HTTP 502 – retry after 5.0s
2026-09-14 10:54:20,538 INFO HTTP Request: GET http://api.brsapi.ir/Tsetmc/Nav.php?key=Bk7JvdJZBHJ9DMhzeuTfWjwqYy1wMsif&l18=%D8%A7%D9%85%DB%8C%D9%86+%DB%8C%DA%A9%D9%85 "HTTP/1.1 200 OK"
2026-09-14 10:54:20,550 INFO Synced /Tsetmc/Nav.php → 1 records in 139ms
2026-09-14 10:54:31,708 INFO HTTP Request: GET http://api.brsapi.ir/Tsetmc/Nav.php?key=Bk7JvdJZBHJ9DMhzeuTfWjwqYy1wMsif&l18=%D8%A7%D9%86%D8%A7%D8%B1 "HTTP/1.1 200 OK"
2026-09-14 10:54:31,716 INFO Synced /Tsetmc/Nav.php → 1 records in 156ms
2026-09-14 10:54:42,884 INFO HTTP Request: GET http://api.brsapi.ir/Tsetmc/Nav.php?key=Bk7JvdJZBHJ9DMhzeuTfWjwqYy1wMsif&l18=%D8%A7%D9%86%D8%AF%D9%88%D8%AE%D8%AA%D9%87+%D8%AF%D8%A7%D8%B1%DB%8C%D9%88%D8%B4 "HTTP/1.1 200 OK"
2026-09-14 10:54:42,899 INFO Synced /Tsetmc/Nav.php → 1 records in 168ms
2026-09-14 10:54:54,145 INFO HTTP Request: GET http://api.brsapi.ir/Tsetmc/Nav.php?key=Bk7JvdJZBHJ9DMhzeuTfWjwqYy1wMsif&l18=%D8%A7%D9%87%D8%B1%D9%85 "HTTP/1.1 200 OK"
2026-09-14 10:54:54,158 INFO Synced /Tsetmc/Nav.php → 1 records in 238ms
2026-09-14 10:55:05,467 INFO HTTP Request: GET http://api.brsapi.ir/Tsetmc/Nav.php?key=Bk7JvdJZBHJ9DMhzeuTfWjwqYy1wMsif&l18=%D8%A2%D9%88%D8%A7 "HTTP/1.1 200 OK"
2026-09-14 10:55:05,476 INFO Synced /Tsetmc/Nav.php → 1 records in 307ms
2026-09-14 10:55:16,620 INFO HTTP Request: GET http://api.brsapi.ir/Tsetmc/Nav.php?key=Bk7JvdJZBHJ9DMhzeuTfWjwqYy1wMsif&l18=%D8%A2%D9%88%D8%A7%D9%86 "HTTP/1.1 200 OK"
2026-09-14 10:55:16,627 INFO Synced /Tsetmc/Nav.php → 1 records in 141ms
2026-09-14 10:55:27,812 INFO HTTP Request: GET http://api.brsapi.ir/Tsetmc/Nav.php?key=Bk7JvdJZBHJ9DMhzeuTfWjwqYy1wMsif&l18=%D8%A7%D9%88%D8%AC "HTTP/1.1 200 OK"
2026-09-14 10:55:27,820 INFO Synced /Tsetmc/Nav.php → 1 records in 170ms
2026-09-14 10:55:38,991 INFO HTTP Request: GET http://api.brsapi.ir/Tsetmc/Nav.php?key=Bk7JvdJZBHJ9DMhzeuTfWjwqYy1wMsif&l18=%D8%A7%D9%88%D8%B5%D8%AA%D8%A7 "HTTP/1.1 200 OK"
2026-09-14 10:55:39,002 INFO Synced /Tsetmc/Nav.php → 1 records in 163ms
2026-09-14 10:55:50,276 INFO HTTP Request: GET http://api.brsapi.ir/Tsetmc/Nav.php?key=Bk7JvdJZBHJ9DMhzeuTfWjwqYy1wMsif&l18=%D8%A2%D9%88%D9%86%D8%AF "HTTP/1.1 200 OK"
2026-09-14 10:55:50,285 INFO Synced /Tsetmc/Nav.php → 1 records in 261ms
2026-09-14 10:55:50,285 INFO NAV sync progress: 60/344 symbols (55 ok, 5 fail)
2026-09-14 10:56:01,456 INFO HTTP Request: GET http://api.brsapi.ir/Tsetmc/Nav.php?key=Bk7JvdJZBHJ9DMhzeuTfWjwqYy1wMsif&l18=%D8%A7%D9%88%D9%86%DB%8C%DA%A9%D8%B3 "HTTP/1.1 200 OK"
2026-09-14 10:56:01,468 INFO Synced /Tsetmc/Nav.php → 1 records in 163ms
2026-09-14 10:56:12,777 INFO HTTP Request: GET http://api.brsapi.ir/Tsetmc/Nav.php?key=Bk7JvdJZBHJ9DMhzeuTfWjwqYy1wMsif&l18=%D8%A2%D9%88%DB%8C%D8%AF "HTTP/1.1 200 OK"
2026-09-14 10:56:12,794 INFO Synced /Tsetmc/Nav.php → 1 records in 307ms
2026-09-14 10:56:24,024 INFO HTTP Request: GET http://api.brsapi.ir/Tsetmc/Nav.php?key=Bk7JvdJZBHJ9DMhzeuTfWjwqYy1wMsif&l18=%D8%A8%D8%A7%D8%B2%D8%A8%DB%8C%D9%85%D9%87 "HTTP/1.1 200 OK"
2026-09-14 10:56:24,042 INFO Synced /Tsetmc/Nav.php → 1 records in 219ms
2026-09-14 10:56:35,269 INFO HTTP Request: GET http://api.brsapi.ir/Tsetmc/Nav.php?key=Bk7JvdJZBHJ9DMhzeuTfWjwqYy1wMsif&l18=%D8%A8%D8%A7%D8%B2%D8%AF%D9%87 "HTTP/1.1 200 OK"
2026-09-14 10:56:35,289 INFO Synced /Tsetmc/Nav.php → 1 records in 219ms
2026-09-14 10:56:46,528 INFO HTTP Request: GET http://api.brsapi.ir/Tsetmc/Nav.php?key=Bk7JvdJZBHJ9DMhzeuTfWjwqYy1wMsif&l18=%D8%A8%D8%A7%D9%86%DA%A9%D8%A7 "HTTP/1.1 200 OK"
2026-09-14 10:56:46,553 INFO Synced /Tsetmc/Nav.php → 1 records in 239ms
2026-09-14 10:56:57,767 INFO HTTP Request: GET http://api.brsapi.ir/Tsetmc/Nav.php?key=Bk7JvdJZBHJ9DMhzeuTfWjwqYy1wMsif&l18=%D8%A8%D8%A7%D9%86%DA%A9%D9%BE%D8%A7%D8%AF "HTTP/1.1 200 OK"
2026-09-14 10:56:57,789 INFO Synced /Tsetmc/Nav.php → 1 records in 194ms
2026-09-14 10:57:09,222 INFO HTTP Request: GET http://api.brsapi.ir/Tsetmc/Nav.php?key=Bk7JvdJZBHJ9DMhzeuTfWjwqYy1wMsif&l18=%D8%A8%D8%A7%D9%86%DA%A9%D8%AF%D8%A7%D8%B1 "HTTP/1.1 200 OK"
2026-09-14 10:57:09,238 INFO Synced /Tsetmc/Nav.php → 1 records in 424ms
2026-09-14 10:57:20,434 INFO HTTP Request: GET http://api.brsapi.ir/Tsetmc/Nav.php?key=Bk7JvdJZBHJ9DMhzeuTfWjwqYy1wMsif&l18=%D8%A8%D8%A7%D9%86%DA%A9%D9%88 "HTTP/1.1 200 OK"
2026-09-14 10:57:20,444 INFO Synced /Tsetmc/Nav.php → 1 records in 183ms
2026-09-14 10:57:31,674 INFO HTTP Request: GET http://api.brsapi.ir/Tsetmc/Nav.php?key=Bk7JvdJZBHJ9DMhzeuTfWjwqYy1wMsif&l18=%D8%A8%D8%A7%D9%86%DA%A9%DB%8C%D8%A7 "HTTP/1.1 200 OK"
2026-09-14 10:57:31,703 INFO Synced /Tsetmc/Nav.php → 1 records in 237ms
2026-09-14 10:57:43,024 INFO HTTP Request: GET http://api.brsapi.ir/Tsetmc/Nav.php?key=Bk7JvdJZBHJ9DMhzeuTfWjwqYy1wMsif&l18=%D8%A8%D8%B0%D8%B1 "HTTP/1.1 200 OK"
2026-09-14 10:57:43,070 INFO Synced /Tsetmc/Nav.php → 1 records in 263ms
2026-09-14 10:57:43,070 INFO NAV sync progress: 70/344 symbols (65 ok, 5 fail)
2026-09-14 10:57:54,471 INFO HTTP Request: GET http://api.brsapi.ir/Tsetmc/Nav.php?key=Bk7JvdJZBHJ9DMhzeuTfWjwqYy1wMsif&l18=%D8%A8%D8%B1%D9%84%DB%8C%D8%A7%D9%86 "HTTP/1.1 200 OK"
2026-09-14 10:57:54,724 INFO Synced /Tsetmc/Nav.php → 1 records in 545ms
2026-09-14 10:58:06,144 INFO HTTP Request: GET http://api.brsapi.ir/Tsetmc/Nav.php?key=Bk7JvdJZBHJ9DMhzeuTfWjwqYy1wMsif&l18=%D8%A8%D8%B2%D8%B1%DA%AF "HTTP/1.1 200 OK"
2026-09-14 10:58:06,301 INFO Synced /Tsetmc/Nav.php → 1 records in 398ms
2026-09-14 10:58:17,672 INFO HTTP Request: GET http://api.brsapi.ir/Tsetmc/Nav.php?key=Bk7JvdJZBHJ9DMhzeuTfWjwqYy1wMsif&l18=%D8%A8%D9%84%D8%AF "HTTP/1.1 200 OK"
2026-09-14 10:58:17,740 INFO Synced /Tsetmc/Nav.php → 1 records in 378ms
2026-09-14 10:58:29,284 INFO HTTP Request: GET http://api.brsapi.ir/Tsetmc/Nav.php?key=Bk7JvdJZBHJ9DMhzeuTfWjwqYy1wMsif&l18=%D8%A8%D9%84%D9%88%D8%B7 "HTTP/1.1 200 OK"
2026-09-14 10:58:29,339 INFO Synced /Tsetmc/Nav.php → 1 records in 533ms
2026-09-14 10:58:40,615 INFO HTTP Request: GET http://api.brsapi.ir/Tsetmc/Nav.php?key=Bk7JvdJZBHJ9DMhzeuTfWjwqYy1wMsif&l18=%D8%A8%D9%85%D8%A7%D9%86 "HTTP/1.1 200 OK"
2026-09-14 10:58:41,276 INFO Synced /Tsetmc/Nav.php → 1 records in 886ms
2026-09-14 10:58:52,609 INFO HTTP Request: GET http://api.brsapi.ir/Tsetmc/Nav.php?key=Bk7JvdJZBHJ9DMhzeuTfWjwqYy1wMsif&l18=%D8%A8%D9%86%DA%A9%D8%B1 "HTTP/1.1 200 OK"
2026-09-14 10:58:52,659 INFO Synced /Tsetmc/Nav.php → 1 records in 339ms
2026-09-14 10:59:04,213 INFO HTTP Request: GET http://api.brsapi.ir/Tsetmc/Nav.php?key=Bk7JvdJZBHJ9DMhzeuTfWjwqYy1wMsif&l18=%D8%A8%D9%86%DA%A9%D9%88%D8%AF%D8%A7%D8%B1%DB%8C%D9%88%D8%B4 "HTTP/1.1 200 OK"
2026-09-14 10:59:04,374 INFO Synced /Tsetmc/Nav.php → 1 records in 619ms
2026-09-14 10:59:19,748 INFO HTTP Request: GET http://api.brsapi.ir/Tsetmc/Nav.php?key=Bk7JvdJZBHJ9DMhzeuTfWjwqYy1wMsif&l18=%D8%A8%D9%87%DB%8C%D9%86+%D8%B1%D9%88 "HTTP/1.1 200 OK"
2026-09-14 10:59:19,857 INFO Synced /Tsetmc/Nav.php → 1 records in 566ms
2026-09-14 10:59:31,505 INFO HTTP Request: GET http://api.brsapi.ir/Tsetmc/Nav.php?key=Bk7JvdJZBHJ9DMhzeuTfWjwqYy1wMsif&l18=%D8%A8%DB%8C%D8%AF%D8%A7%D8%B1 "HTTP/1.1 200 OK"
2026-09-14 10:59:32,042 INFO Synced /Tsetmc/Nav.php → 1 records in 1040ms
2026-09-14 10:59:43,489 INFO HTTP Request: GET http://api.brsapi.ir/Tsetmc/Nav.php?key=Bk7JvdJZBHJ9DMhzeuTfWjwqYy1wMsif&l18=%D9%BE%D8%A7%D8%AF%D8%A7 "HTTP/1.1 200 OK"
2026-09-14 10:59:43,549 INFO Synced /Tsetmc/Nav.php → 1 records in 302ms
2026-09-14 10:59:43,556 INFO NAV sync progress: 80/344 symbols (75 ok, 5 fail)
2026-09-14 10:59:54,900 INFO HTTP Request: GET http://api.brsapi.ir/Tsetmc/Nav.php?key=Bk7JvdJZBHJ9DMhzeuTfWjwqYy1wMsif&l18=%D9%BE%D8%A7%D8%AF%D8%A7%D8%B4 "HTTP/1.1 200 OK"
2026-09-14 10:59:55,003 INFO Synced /Tsetmc/Nav.php → 1 records in 384ms
2026-09-14 11:00:07,032 INFO HTTP Request: GET http://api.brsapi.ir/Tsetmc/Nav.php?key=Bk7JvdJZBHJ9DMhzeuTfWjwqYy1wMsif&l18=%D9%BE%D8%A7%D8%B1%D8%AA%DB%8C%D9%86 "HTTP/1.1 502 Bad Gateway"
2026-09-14 11:00:07,035 WARNING HTTP 502 – retry after 5.0s (attempt 1/4) - retrying in 5.0s
2026-09-14 11:00:13,079 INFO HTTP Request: GET http://api.brsapi.ir/Tsetmc/Nav.php?key=Bk7JvdJZBHJ9DMhzeuTfWjwqYy1wMsif&l18=%D9%BE%D8%A7%D8%B1%D8%AA%DB%8C%D9%86 "HTTP/1.1 502 Bad Gateway"
2026-09-14 11:00:13,086 WARNING HTTP 502 – retry after 5.0s (attempt 2/4) - retrying in 5.0s
2026-09-14 11:00:20,371 INFO HTTP Request: GET http://api.brsapi.ir/Tsetmc/Nav.php?key=Bk7JvdJZBHJ9DMhzeuTfWjwqYy1wMsif&l18=%D9%BE%D8%A7%D8%B1%D8%AA%DB%8C%D9%86 "HTTP/1.1 502 Bad Gateway"
2026-09-14 11:00:20,377 WARNING HTTP 502 – retry after 5.0s (attempt 3/4) - retrying in 5.0s
2026-09-14 11:00:26,743 INFO HTTP Request: GET http://api.brsapi.ir/Tsetmc/Nav.php?key=Bk7JvdJZBHJ9DMhzeuTfWjwqYy1wMsif&l18=%D9%BE%D8%A7%D8%B1%D8%AA%DB%8C%D9%86 "HTTP/1.1 502 Bad Gateway"
2026-09-14 11:00:26,855 WARNING HTTP 502 – retry after 5.0s (attempt 4/4) - no retries left
2026-09-14 11:00:27,214 WARNING NAV sync failed for پارتین: All retries exhausted: HTTP 502 – retry after 5.0s
2026-09-14 11:00:38,608 INFO HTTP Request: GET http://api.brsapi.ir/Tsetmc/Nav.php?key=Bk7JvdJZBHJ9DMhzeuTfWjwqYy1wMsif&l18=%D9%BE%D8%A7%D8%B1%D9%86%D8%AF "HTTP/1.1 200 OK"
2026-09-14 11:00:38,846 INFO Synced /Tsetmc/Nav.php → 1 records in 399ms
2026-09-14 11:00:50,670 INFO HTTP Request: GET http://api.brsapi.ir/Tsetmc/Nav.php?key=Bk7JvdJZBHJ9DMhzeuTfWjwqYy1wMsif&l18=%D9%BE%D8%A7%D8%B3%D8%A7%D8%B1%DA%AF%D8%A7%D8%AF "HTTP/1.1 200 OK"
2026-09-14 11:00:50,845 INFO Synced /Tsetmc/Nav.php → 1 records in 821ms
2026-09-14 11:01:20,094 WARNING RequestError (attempt 1/4): Server disconnected without sending a response. – retrying in 1.5s
2026-09-14 11:01:22,136 INFO HTTP Request: GET http://api.brsapi.ir/Tsetmc/Nav.php?key=Bk7JvdJZBHJ9DMhzeuTfWjwqYy1wMsif&l18=%D9%BE%D8%A7%D9%84%D8%A7%DB%8C%D8%B4 "HTTP/1.1 200 OK"
2026-09-14 11:01:22,309 INFO Synced /Tsetmc/Nav.php → 1 records in 20362ms
2026-09-14 11:01:33,712 INFO HTTP Request: GET http://api.brsapi.ir/Tsetmc/Nav.php?key=Bk7JvdJZBHJ9DMhzeuTfWjwqYy1wMsif&l18=%D9%BE%D8%A7%DB%8C%D8%A7 "HTTP/1.1 200 OK"
2026-09-14 11:01:33,733 INFO Synced /Tsetmc/Nav.php → 1 records in 379ms
2026-09-14 11:01:45,139 INFO HTTP Request: GET http://api.brsapi.ir/Tsetmc/Nav.php?key=Bk7JvdJZBHJ9DMhzeuTfWjwqYy1wMsif&l18=%D9%BE%D8%A7%DB%8C%D8%AF%D8%A7%D8%B1 "HTTP/1.1 200 OK"
2026-09-14 11:01:45,281 INFO Synced /Tsetmc/Nav.php → 1 records in 452ms
2026-09-14 11:01:56,528 INFO HTTP Request: GET http://api.brsapi.ir/Tsetmc/Nav.php?key=Bk7JvdJZBHJ9DMhzeuTfWjwqYy1wMsif&l18=%D9%BE%D8%A7%DB%8C%D8%B4 "HTTP/1.1 200 OK"
2026-09-14 11:01:56,604 INFO Synced /Tsetmc/Nav.php → 1 records in 242ms
2026-09-14 11:02:07,934 INFO HTTP Request: GET http://api.brsapi.ir/Tsetmc/Nav.php?key=Bk7JvdJZBHJ9DMhzeuTfWjwqYy1wMsif&l18=%D9%BE%D8%AA%D8%B1%D9%88%D8%A2%D8%A8%D8%A7%D9%86 "HTTP/1.1 200 OK"
2026-09-14 11:02:08,071 INFO Synced /Tsetmc/Nav.php → 1 records in 361ms
2026-09-14 11:02:19,474 INFO HTTP Request: GET http://api.brsapi.ir/Tsetmc/Nav.php?key=Bk7JvdJZBHJ9DMhzeuTfWjwqYy1wMsif&l18=%D9%BE%D8%AA%D8%B1%D9%88%D8%A2%DA%AF%D8%A7%D9%87 "HTTP/1.1 200 OK"
2026-09-14 11:02:19,520 INFO Synced /Tsetmc/Nav.php → 1 records in 309ms
2026-09-14 11:02:19,523 INFO NAV sync progress: 90/344 symbols (84 ok, 6 fail)
2026-09-14 11:02:30,853 INFO HTTP Request: GET http://api.brsapi.ir/Tsetmc/Nav.php?key=Bk7JvdJZBHJ9DMhzeuTfWjwqYy1wMsif&l18=%D9%BE%D8%AA%D8%B1%D9%88%D9%BE%D8%A7%D8%AF%D8%A7%D8%B4 "HTTP/1.1 200 OK"
2026-09-14 11:02:30,873 INFO Synced /Tsetmc/Nav.php → 1 records in 314ms
2026-09-14 11:02:42,520 INFO HTTP Request: GET http://api.brsapi.ir/Tsetmc/Nav.php?key=Bk7JvdJZBHJ9DMhzeuTfWjwqYy1wMsif&l18=%D9%BE%D8%AA%D8%B1%D9%88%D8%AF%D8%A7%D8%B1%DB%8C%D9%88%D8%B4 "HTTP/1.1 200 OK"
2026-09-14 11:02:42,632 INFO Synced /Tsetmc/Nav.php → 1 records in 685ms
2026-09-14 11:02:54,014 INFO HTTP Request: GET http://api.brsapi.ir/Tsetmc/Nav.php?key=Bk7JvdJZBHJ9DMhzeuTfWjwqYy1wMsif&l18=%D9%BE%D8%AA%D8%B1%D9%88%D8%B3%D9%88%D8%B1%DB%8C%D9%86 "HTTP/1.1 200 OK"
2026-09-14 11:02:54,390 INFO Synced /Tsetmc/Nav.php → 1 records in 541ms
2026-09-14 11:03:05,912 INFO HTTP Request: GET http://api.brsapi.ir/Tsetmc/Nav.php?key=Bk7JvdJZBHJ9DMhzeuTfWjwqYy1wMsif&l18=%D9%BE%D8%AA%D8%B1%D9%88%D8%B5%D8%A8%D8%A7 "HTTP/1.1 200 OK"
2026-09-14 11:03:06,008 INFO Synced /Tsetmc/Nav.php → 1 records in 418ms
2026-09-14 11:03:35,234 INFO HTTP Request: GET http://api.brsapi.ir/Tsetmc/Nav.php?key=Bk7JvdJZBHJ9DMhzeuTfWjwqYy1wMsif&l18=%D9%BE%D8%AA%D8%B1%D9%88%D9%81%D8%A7%D8%B1%D8%B3 "HTTP/1.1 200 OK"
2026-09-14 11:03:35,404 INFO Synced /Tsetmc/Nav.php → 1 records in 18272ms
2026-09-14 11:04:10,048 INFO HTTP Request: GET http://api.brsapi.ir/Tsetmc/Nav.php?key=Bk7JvdJZBHJ9DMhzeuTfWjwqYy1wMsif&l18=%D9%BE%D8%AA%D8%B1%D9%88%D9%85%D8%A7 "HTTP/1.1 200 OK"
2026-09-14 11:04:10,064 INFO Synced /Tsetmc/Nav.php → 1 records in 23579ms
2026-09-14 11:04:42,035 INFO HTTP Request: GET http://api.brsapi.ir/Tsetmc/Nav.php?key=Bk7JvdJZBHJ9DMhzeuTfWjwqYy1wMsif&l18=%D9%BE%D8%B1%D8%AA%D9%88 "HTTP/1.1 200 OK"
2026-09-14 11:04:42,128 INFO Synced /Tsetmc/Nav.php → 1 records in 21039ms
2026-09-14 11:05:13,882 INFO HTTP Request: GET http://api.brsapi.ir/Tsetmc/Nav.php?key=Bk7JvdJZBHJ9DMhzeuTfWjwqYy1wMsif&l18=%D9%BE%D8%B1%D8%AA%D9%88%D8%B3%D8%A7 "HTTP/1.1 200 OK"
2026-09-14 11:05:13,947 INFO Synced /Tsetmc/Nav.php → 1 records in 20750ms
2026-09-14 11:05:45,696 INFO HTTP Request: GET http://api.brsapi.ir/Tsetmc/Nav.php?key=Bk7JvdJZBHJ9DMhzeuTfWjwqYy1wMsif&l18=%D9%BE%D9%84%D8%A7%D8%AA%D8%A7 "HTTP/1.1 200 OK"
2026-09-14 11:05:45,717 INFO Synced /Tsetmc/Nav.php → 1 records in 20669ms
2026-09-14 11:06:19,064 INFO HTTP Request: GET http://api.brsapi.ir/Tsetmc/Nav.php?key=Bk7JvdJZBHJ9DMhzeuTfWjwqYy1wMsif&l18=%D9%BE%D9%86%D8%A7%D9%87 "HTTP/1.1 200 OK"
2026-09-14 11:06:19,075 INFO Synced /Tsetmc/Nav.php → 1 records in 22306ms
2026-09-14 11:06:19,076 INFO NAV sync progress: 100/344 symbols (94 ok, 6 fail)
2026-09-14 11:06:51,197 INFO HTTP Request: GET http://api.brsapi.ir/Tsetmc/Nav.php?key=Bk7JvdJZBHJ9DMhzeuTfWjwqYy1wMsif&l18=%D9%BE%D9%88%D9%84%D8%A7%D8%AF "HTTP/1.1 200 OK"
2026-09-14 11:06:51,220 INFO Synced /Tsetmc/Nav.php → 1 records in 21129ms
2026-09-14 11:07:25,429 INFO HTTP Request: GET http://api.brsapi.ir/Tsetmc/Nav.php?key=Bk7JvdJZBHJ9DMhzeuTfWjwqYy1wMsif&l18=%D9%BE%D9%88%DB%8C%D8%A7 "HTTP/1.1 502 Bad Gateway"
2026-09-14 11:07:25,445 WARNING HTTP 502 – retry after 5.0s (attempt 1/4) - retrying in 5.0s
2026-09-14 11:07:31,318 INFO HTTP Request: GET http://api.brsapi.ir/Tsetmc/Nav.php?key=Bk7JvdJZBHJ9DMhzeuTfWjwqYy1wMsif&l18=%D9%BE%D9%88%DB%8C%D8%A7 "HTTP/1.1 502 Bad Gateway"
2026-09-14 11:07:31,319 WARNING HTTP 502 – retry after 5.0s (attempt 2/4) - retrying in 5.0s
2026-09-14 11:07:37,040 INFO HTTP Request: GET http://api.brsapi.ir/Tsetmc/Nav.php?key=Bk7JvdJZBHJ9DMhzeuTfWjwqYy1wMsif&l18=%D9%BE%D9%88%DB%8C%D8%A7 "HTTP/1.1 502 Bad Gateway"
2026-09-14 11:07:37,042 WARNING HTTP 502 – retry after 5.0s (attempt 3/4) - retrying in 5.0s
2026-09-14 11:07:42,814 INFO HTTP Request: GET http://api.brsapi.ir/Tsetmc/Nav.php?key=Bk7JvdJZBHJ9DMhzeuTfWjwqYy1wMsif&l18=%D9%BE%D9%88%DB%8C%D8%A7 "HTTP/1.1 502 Bad Gateway"
2026-09-14 11:07:42,816 WARNING HTTP 502 – retry after 5.0s (attempt 4/4) - no retries left
2026-09-14 11:07:42,822 WARNING NAV sync failed for پویا: All retries exhausted: HTTP 502 – retry after 5.0s
2026-09-14 11:08:15,245 INFO HTTP Request: GET http://api.brsapi.ir/Tsetmc/Nav.php?key=Bk7JvdJZBHJ9DMhzeuTfWjwqYy1wMsif&l18=%D9%BE%DB%8C%D8%B1%D9%88%D8%B2 "HTTP/1.1 200 OK"
2026-09-14 11:08:15,261 INFO Synced /Tsetmc/Nav.php → 1 records in 21389ms
2026-09-14 11:08:47,492 INFO HTTP Request: GET http://api.brsapi.ir/Tsetmc/Nav.php?key=Bk7JvdJZBHJ9DMhzeuTfWjwqYy1wMsif&l18=%D9%BE%DB%8C%D8%B4%D8%B1%D8%A7%D9%86 "HTTP/1.1 200 OK"
2026-09-14 11:08:47,504 INFO Synced /Tsetmc/Nav.php → 1 records in 21203ms
2026-09-14 11:09:20,541 INFO HTTP Request: GET http://api.brsapi.ir/Tsetmc/Nav.php?key=Bk7JvdJZBHJ9DMhzeuTfWjwqYy1wMsif&l18=%D9%BE%DB%8C%D8%B4%D8%B1%D9%81%D8%AA "HTTP/1.1 502 Bad Gateway"
2026-09-14 11:09:20,542 WARNING HTTP 502 – retry after 5.0s (attempt 1/4) - retrying in 5.0s
2026-09-14 11:09:26,377 INFO HTTP Request: GET http://api.brsapi.ir/Tsetmc/Nav.php?key=Bk7JvdJZBHJ9DMhzeuTfWjwqYy1wMsif&l18=%D9%BE%DB%8C%D8%B4%D8%B1%D9%81%D8%AA "HTTP/1.1 502 Bad Gateway"
2026-09-14 11:09:26,379 WARNING HTTP 502 – retry after 5.0s (attempt 2/4) - retrying in 5.0s
2026-09-14 11:09:32,473 INFO HTTP Request: GET http://api.brsapi.ir/Tsetmc/Nav.php?key=Bk7JvdJZBHJ9DMhzeuTfWjwqYy1wMsif&l18=%D9%BE%DB%8C%D8%B4%D8%B1%D9%81%D8%AA "HTTP/1.1 502 Bad Gateway"
2026-09-14 11:09:32,475 WARNING HTTP 502 – retry after 5.0s (attempt 3/4) - retrying in 5.0s
2026-09-14 11:09:39,329 INFO HTTP Request: GET http://api.brsapi.ir/Tsetmc/Nav.php?key=Bk7JvdJZBHJ9DMhzeuTfWjwqYy1wMsif&l18=%D9%BE%DB%8C%D8%B4%D8%B1%D9%81%D8%AA "HTTP/1.1 502 Bad Gateway"
2026-09-14 11:09:39,330 WARNING HTTP 502 – retry after 5.0s (attempt 4/4) - no retries left
2026-09-14 11:09:39,334 WARNING NAV sync failed for پیشرفت: All retries exhausted: HTTP 502 – retry after 5.0s
2026-09-14 11:10:12,104 INFO HTTP Request: GET http://api.brsapi.ir/Tsetmc/Nav.php?key=Bk7JvdJZBHJ9DMhzeuTfWjwqYy1wMsif&l18=%D9%BE%DB%8C%D8%B4%DA%AF%D8%A7%D9%85 "HTTP/1.1 502 Bad Gateway"
2026-09-14 11:10:12,106 WARNING HTTP 502 – retry after 5.0s (attempt 1/4) - retrying in 5.0s
2026-09-14 11:10:19,125 INFO HTTP Request: GET http://api.brsapi.ir/Tsetmc/Nav.php?key=Bk7JvdJZBHJ9DMhzeuTfWjwqYy1wMsif&l18=%D9%BE%DB%8C%D8%B4%DA%AF%D8%A7%D9%85 "HTTP/1.1 502 Bad Gateway"
2026-09-14 11:10:19,126 WARNING HTTP 502 – retry after 5.0s (attempt 2/4) - retrying in 5.0s
2026-09-14 11:10:25,135 INFO HTTP Request: GET http://api.brsapi.ir/Tsetmc/Nav.php?key=Bk7JvdJZBHJ9DMhzeuTfWjwqYy1wMsif&l18=%D9%BE%DB%8C%D8%B4%DA%AF%D8%A7%D9%85 "HTTP/1.1 502 Bad Gateway"
2026-09-14 11:10:25,136 WARNING HTTP 502 – retry after 5.0s (attempt 3/4) - retrying in 5.0s
2026-09-14 11:10:30,898 INFO HTTP Request: GET http://api.brsapi.ir/Tsetmc/Nav.php?key=Bk7JvdJZBHJ9DMhzeuTfWjwqYy1wMsif&l18=%D9%BE%DB%8C%D8%B4%DA%AF%D8%A7%D9%85 "HTTP/1.1 502 Bad Gateway"
2026-09-14 11:10:30,900 WARNING HTTP 502 – retry after 5.0s (attempt 4/4) - no retries left
2026-09-14 11:10:30,906 WARNING NAV sync failed for پیشگام: All retries exhausted: HTTP 502 – retry after 5.0s
2026-09-14 11:11:04,494 INFO HTTP Request: GET http://api.brsapi.ir/Tsetmc/Nav.php?key=Bk7JvdJZBHJ9DMhzeuTfWjwqYy1wMsif&l18=%D8%AA%D8%A7%D8%A8%D8%B4 "HTTP/1.1 200 OK"
2026-09-14 11:11:04,503 INFO Synced /Tsetmc/Nav.php → 1 records in 22579ms
2026-09-14 11:11:36,808 INFO HTTP Request: GET http://api.brsapi.ir/Tsetmc/Nav.php?key=Bk7JvdJZBHJ9DMhzeuTfWjwqYy1wMsif&l18=%D8%AA%D8%A7%D8%B1%D8%A7%D8%B2 "HTTP/1.1 200 OK"
2026-09-14 11:11:36,825 INFO Synced /Tsetmc/Nav.php → 1 records in 21191ms
2026-09-14 11:12:08,433 INFO HTTP Request: GET http://api.brsapi.ir/Tsetmc/Nav.php?key=Bk7JvdJZBHJ9DMhzeuTfWjwqYy1wMsif&l18=%D8%AA%D8%AE%D8%AA+%DA%AF%D8%A7%D8%B2 "HTTP/1.1 200 OK"
2026-09-14 11:12:08,448 INFO Synced /Tsetmc/Nav.php → 1 records in 20600ms
2026-09-14 11:12:41,777 INFO HTTP Request: GET http://api.brsapi.ir/Tsetmc/Nav.php?key=Bk7JvdJZBHJ9DMhzeuTfWjwqYy1wMsif&l18=%D8%AA%D8%AF%D8%A7%D9%88%D9%85 "HTTP/1.1 200 OK"
2026-09-14 11:12:41,789 INFO Synced /Tsetmc/Nav.php → 1 records in 22317ms
2026-09-14 11:12:41,790 INFO NAV sync progress: 110/344 symbols (101 ok, 9 fail)
2026-09-14 11:13:16,025 INFO HTTP Request: GET http://api.brsapi.ir/Tsetmc/Nav.php?key=Bk7JvdJZBHJ9DMhzeuTfWjwqYy1wMsif&l18=%D8%AA%D8%AF%D8%A8%DB%8C%D8%B1%DB%8C%DA%A9%D9%85 "HTTP/1.1 502 Bad Gateway"
2026-09-14 11:13:16,026 WARNING HTTP 502 – retry after 5.0s (attempt 1/4) - retrying in 5.0s
2026-09-14 11:13:21,907 INFO HTTP Request: GET http://api.brsapi.ir/Tsetmc/Nav.php?key=Bk7JvdJZBHJ9DMhzeuTfWjwqYy1wMsif&l18=%D8%AA%D8%AF%D8%A8%DB%8C%D8%B1%DB%8C%DA%A9%D9%85 "HTTP/1.1 502 Bad Gateway"
2026-09-14 11:13:21,908 WARNING HTTP 502 – retry after 5.0s (attempt 2/4) - retrying in 5.0s
2026-09-14 11:13:27,620 INFO HTTP Request: GET http://api.brsapi.ir/Tsetmc/Nav.php?key=Bk7JvdJZBHJ9DMhzeuTfWjwqYy1wMsif&l18=%D8%AA%D8%AF%D8%A8%DB%8C%D8%B1%DB%8C%DA%A9%D9%85 "HTTP/1.1 502 Bad Gateway"
2026-09-14 11:13:27,621 WARNING HTTP 502 – retry after 5.0s (attempt 3/4) - retrying in 5.0s
2026-09-14 11:13:33,471 INFO HTTP Request: GET http://api.brsapi.ir/Tsetmc/Nav.php?key=Bk7JvdJZBHJ9DMhzeuTfWjwqYy1wMsif&l18=%D8%AA%D8%AF%D8%A8%DB%8C%D8%B1%DB%8C%DA%A9%D9%85 "HTTP/1.1 502 Bad Gateway"
2026-09-14 11:13:33,472 WARNING HTTP 502 – retry after 5.0s (attempt 4/4) - no retries left
2026-09-14 11:13:33,477 WARNING NAV sync failed for تدبیریکم: All retries exhausted: HTTP 502 – retry after 5.0s
2026-09-14 11:14:07,281 INFO HTTP Request: GET http://api.brsapi.ir/Tsetmc/Nav.php?key=Bk7JvdJZBHJ9DMhzeuTfWjwqYy1wMsif&l18=%D8%AA%D8%B1%D8%A7%D8%B3%D8%AA "HTTP/1.1 200 OK"
2026-09-14 11:14:07,295 INFO Synced /Tsetmc/Nav.php → 1 records in 22793ms
2026-09-14 11:14:39,136 INFO HTTP Request: GET http://api.brsapi.ir/Tsetmc/Nav.php?key=Bk7JvdJZBHJ9DMhzeuTfWjwqYy1wMsif&l18=%D8%AA%D8%B1%D9%85%D9%87 "HTTP/1.1 200 OK"
2026-09-14 11:14:39,148 INFO Synced /Tsetmc/Nav.php → 1 records in 20824ms
2026-09-14 11:15:10,797 INFO HTTP Request: GET http://api.brsapi.ir/Tsetmc/Nav.php?key=Bk7JvdJZBHJ9DMhzeuTfWjwqYy1wMsif&l18=%D8%AA%D8%B1%D9%86%D8%AC+%D8%AB%D8%A7%D8%A8%D8%AA "HTTP/1.1 200 OK"
2026-09-14 11:15:10,810 INFO Synced /Tsetmc/Nav.php → 1 records in 20638ms
2026-09-14 11:15:42,404 INFO HTTP Request: GET http://api.brsapi.ir/Tsetmc/Nav.php?key=Bk7JvdJZBHJ9DMhzeuTfWjwqYy1wMsif&l18=%D8%AA%D8%B5%D9%85%DB%8C%D9%85 "HTTP/1.1 200 OK"
2026-09-14 11:15:42,418 INFO Synced /Tsetmc/Nav.php → 1 records in 20588ms
2026-09-14 11:16:14,389 INFO HTTP Request: GET http://api.brsapi.ir/Tsetmc/Nav.php?key=Bk7JvdJZBHJ9DMhzeuTfWjwqYy1wMsif&l18=%D8%AA%DA%A9%D9%BE%D8%A7%D8%AF "HTTP/1.1 200 OK"
2026-09-14 11:16:14,403 INFO Synced /Tsetmc/Nav.php → 1 records in 20960ms
2026-09-14 11:16:45,846 INFO HTTP Request: GET http://api.brsapi.ir/Tsetmc/Nav.php?key=Bk7JvdJZBHJ9DMhzeuTfWjwqYy1wMsif&l18=%D8%AA%D9%85%D8%B4%DA%A9 "HTTP/1.1 200 OK"
2026-09-14 11:16:45,867 INFO Synced /Tsetmc/Nav.php → 1 records in 20447ms
2026-09-14 11:17:17,414 INFO HTTP Request: GET http://api.brsapi.ir/Tsetmc/Nav.php?key=Bk7JvdJZBHJ9DMhzeuTfWjwqYy1wMsif&l18=%D8%AA%D9%88%D8%A7%D9%86 "HTTP/1.1 200 OK"
2026-09-14 11:17:17,422 INFO Synced /Tsetmc/Nav.php → 1 records in 20533ms
2026-09-14 11:17:51,206 INFO HTTP Request: GET http://api.brsapi.ir/Tsetmc/Nav.php?key=Bk7JvdJZBHJ9DMhzeuTfWjwqYy1wMsif&l18=%D8%AA%D9%88%D8%B3%DA%A9%D8%A7 "HTTP/1.1 200 OK"
2026-09-14 11:17:51,221 INFO Synced /Tsetmc/Nav.php → 1 records in 22782ms
2026-09-14 11:18:23,563 INFO HTTP Request: GET http://api.brsapi.ir/Tsetmc/Nav.php?key=Bk7JvdJZBHJ9DMhzeuTfWjwqYy1wMsif&l18=%D8%AA%DB%8C%D8%A7%D9%85 "HTTP/1.1 200 OK"
2026-09-14 11:18:23,571 INFO Synced /Tsetmc/Nav.php → 1 records in 21335ms
2026-09-14 11:18:23,573 INFO NAV sync progress: 120/344 symbols (110 ok, 10 fail)
2026-09-14 11:18:55,305 INFO HTTP Request: GET http://api.brsapi.ir/Tsetmc/Nav.php?key=Bk7JvdJZBHJ9DMhzeuTfWjwqYy1wMsif&l18=%D8%AB%D8%A7%D8%A8%D8%AA+%D8%A7%DA%A9%D8%B3%DB%8C%DA%98%D9%86 "HTTP/1.1 200 OK"
2026-09-14 11:18:55,352 INFO Synced /Tsetmc/Nav.php → 1 records in 20744ms
2026-09-14 11:19:27,243 INFO HTTP Request: GET http://api.brsapi.ir/Tsetmc/Nav.php?key=Bk7JvdJZBHJ9DMhzeuTfWjwqYy1wMsif&l18=%D8%AB%D8%A8%D8%A7%D8%AA "HTTP/1.1 200 OK"
2026-09-14 11:19:27,255 INFO Synced /Tsetmc/Nav.php → 1 records in 20812ms
2026-09-14 11:20:03,305 INFO HTTP Request: GET http://api.brsapi.ir/Tsetmc/Nav.php?key=Bk7JvdJZBHJ9DMhzeuTfWjwqYy1wMsif&l18=%D8%AB%D8%B1%D9%88%D8%AA "HTTP/1.1 502 Bad Gateway"
2026-09-14 11:20:03,306 WARNING HTTP 502 – retry after 5.0s (attempt 1/4) - retrying in 5.0s
2026-09-14 11:20:09,305 INFO HTTP Request: GET http://api.brsapi.ir/Tsetmc/Nav.php?key=Bk7JvdJZBHJ9DMhzeuTfWjwqYy1wMsif&l18=%D8%AB%D8%B1%D9%88%D8%AA "HTTP/1.1 502 Bad Gateway"
2026-09-14 11:20:09,307 WARNING HTTP 502 – retry after 5.0s (attempt 2/4) - retrying in 5.0s
2026-09-14 11:20:15,167 INFO HTTP Request: GET http://api.brsapi.ir/Tsetmc/Nav.php?key=Bk7JvdJZBHJ9DMhzeuTfWjwqYy1wMsif&l18=%D8%AB%D8%B1%D9%88%D8%AA "HTTP/1.1 502 Bad Gateway"
2026-09-14 11:20:15,173 WARNING HTTP 502 – retry after 5.0s (attempt 3/4) - retrying in 5.0s
2026-09-14 11:20:22,249 INFO HTTP Request: GET http://api.brsapi.ir/Tsetmc/Nav.php?key=Bk7JvdJZBHJ9DMhzeuTfWjwqYy1wMsif&l18=%D8%AB%D8%B1%D9%88%D8%AA "HTTP/1.1 502 Bad Gateway"
2026-09-14 11:20:22,250 WARNING HTTP 502 – retry after 5.0s (attempt 4/4) - no retries left
2026-09-14 11:20:22,253 WARNING NAV sync failed for ثروت: All retries exhausted: HTTP 502 – retry after 5.0s
2026-09-14 11:20:54,333 INFO HTTP Request: GET http://api.brsapi.ir/Tsetmc/Nav.php?key=Bk7JvdJZBHJ9DMhzeuTfWjwqYy1wMsif&l18=%D8%AB%D8%B1%D9%88%D8%AA+%D8%B3%D8%A7%D8%B2 "HTTP/1.1 200 OK"
2026-09-14 11:20:54,376 INFO Synced /Tsetmc/Nav.php → 1 records in 21095ms
2026-09-14 11:21:26,289 INFO HTTP Request: GET http://api.brsapi.ir/Tsetmc/Nav.php?key=Bk7JvdJZBHJ9DMhzeuTfWjwqYy1wMsif&l18=%D8%AB%D8%B1%D9%88%D8%AA%D9%85 "HTTP/1.1 200 OK"
2026-09-14 11:21:26,303 INFO Synced /Tsetmc/Nav.php → 1 records in 20913ms
2026-09-14 11:21:57,903 INFO HTTP Request: GET http://api.brsapi.ir/Tsetmc/Nav.php?key=Bk7JvdJZBHJ9DMhzeuTfWjwqYy1wMsif&l18=%D8%AB%D8%B1%D9%88%DB%8C%D9%86 "HTTP/1.1 200 OK"
2026-09-14 11:21:57,914 INFO Synced /Tsetmc/Nav.php → 1 records in 20570ms
2026-09-14 11:22:29,478 INFO HTTP Request: GET http://api.brsapi.ir/Tsetmc/Nav.php?key=Bk7JvdJZBHJ9DMhzeuTfWjwqYy1wMsif&l18=%D8%AB%D9%85%D8%B1 "HTTP/1.1 200 OK"
2026-09-14 11:22:29,493 INFO Synced /Tsetmc/Nav.php → 1 records in 20564ms
2026-09-14 11:23:01,192 INFO HTTP Request: GET http://api.brsapi.ir/Tsetmc/Nav.php?key=Bk7JvdJZBHJ9DMhzeuTfWjwqYy1wMsif&l18=%D8%AB%D9%85%DB%8C%D9%86 "HTTP/1.1 200 OK"
2026-09-14 11:23:01,207 INFO Synced /Tsetmc/Nav.php → 1 records in 20649ms
2026-09-14 11:23:32,657 INFO HTTP Request: GET http://api.brsapi.ir/Tsetmc/Nav.php?key=Bk7JvdJZBHJ9DMhzeuTfWjwqYy1wMsif&l18=%D8%AB%D9%86%D8%A7 "HTTP/1.1 200 OK"
2026-09-14 11:23:32,666 INFO Synced /Tsetmc/Nav.php → 1 records in 20446ms
2026-09-14 11:24:04,403 INFO HTTP Request: GET http://api.brsapi.ir/Tsetmc/Nav.php?key=Bk7JvdJZBHJ9DMhzeuTfWjwqYy1wMsif&l18=%D8%AB%D9%87%D8%A7%D9%85 "HTTP/1.1 200 OK"
2026-09-14 11:24:04,419 INFO Synced /Tsetmc/Nav.php → 1 records in 20737ms
2026-09-14 11:24:04,420 INFO NAV sync progress: 130/344 symbols (119 ok, 11 fail)
2026-09-14 11:24:35,944 INFO HTTP Request: GET http://api.brsapi.ir/Tsetmc/Nav.php?key=Bk7JvdJZBHJ9DMhzeuTfWjwqYy1wMsif&l18=%D8%AC%D8%A7%D9%85+%D8%B3%D9%87%D9%86%D8%AF "HTTP/1.1 200 OK"
2026-09-14 11:24:35,966 INFO Synced /Tsetmc/Nav.php → 1 records in 20519ms
2026-09-14 11:25:08,288 INFO HTTP Request: GET http://api.brsapi.ir/Tsetmc/Nav.php?key=Bk7JvdJZBHJ9DMhzeuTfWjwqYy1wMsif&l18=%D8%AC%D8%A7%D9%85+%D8%B7%D9%84%D8%A7 "HTTP/1.1 200 OK"
2026-09-14 11:25:08,302 INFO Synced /Tsetmc/Nav.php → 1 records in 21294ms
2026-09-14 11:25:41,633 INFO HTTP Request: GET http://api.brsapi.ir/Tsetmc/Nav.php?key=Bk7JvdJZBHJ9DMhzeuTfWjwqYy1wMsif&l18=%D8%AC%D8%A7%D9%88%D8%AF%D8%A7%D9%86 "HTTP/1.1 200 OK"
2026-09-14 11:25:41,644 INFO Synced /Tsetmc/Nav.php → 1 records in 22319ms
2026-09-14 11:26:13,952 INFO HTTP Request: GET http://api.brsapi.ir/Tsetmc/Nav.php?key=Bk7JvdJZBHJ9DMhzeuTfWjwqYy1wMsif&l18=%D8%AC%D9%87%D8%B4 "HTTP/1.1 200 OK"
2026-09-14 11:26:13,962 INFO Synced /Tsetmc/Nav.php → 1 records in 21307ms
2026-09-14 11:26:45,498 INFO HTTP Request: GET http://api.brsapi.ir/Tsetmc/Nav.php?key=Bk7JvdJZBHJ9DMhzeuTfWjwqYy1wMsif&l18=%D8%AC%D9%88%D8%A7%D9%86%D9%87+%DA%A9%D9%88%DA%86%DA%A9 "HTTP/1.1 200 OK"
2026-09-14 11:26:45,509 INFO Synced /Tsetmc/Nav.php → 1 records in 20523ms
2026-09-14 11:27:17,151 INFO HTTP Request: GET http://api.brsapi.ir/Tsetmc/Nav.php?key=Bk7JvdJZBHJ9DMhzeuTfWjwqYy1wMsif&l18=%D8%AC%D9%88%D8%A7%D9%87%D8%B1 "HTTP/1.1 200 OK"
2026-09-14 11:27:17,160 INFO Synced /Tsetmc/Nav.php → 1 records in 20634ms
2026-09-14 11:27:48,824 INFO HTTP Request: GET http://api.brsapi.ir/Tsetmc/Nav.php?key=Bk7JvdJZBHJ9DMhzeuTfWjwqYy1wMsif&l18=%DA%86%D8%A7%D8%B4%D9%86%DB%8C "HTTP/1.1 200 OK"
2026-09-14 11:27:48,841 INFO Synced /Tsetmc/Nav.php → 1 records in 20654ms
2026-09-14 11:28:20,427 INFO HTTP Request: GET http://api.brsapi.ir/Tsetmc/Nav.php?key=Bk7JvdJZBHJ9DMhzeuTfWjwqYy1wMsif&l18=%DA%86%D8%AA%D8%B1 "HTTP/1.1 200 OK"
2026-09-14 11:28:20,435 INFO Synced /Tsetmc/Nav.php → 1 records in 20559ms
2026-09-14 11:28:55,643 INFO HTTP Request: GET http://api.brsapi.ir/Tsetmc/Nav.php?key=Bk7JvdJZBHJ9DMhzeuTfWjwqYy1wMsif&l18=%D8%AD%D8%AF%DB%8C%D8%AF "HTTP/1.1 502 Bad Gateway"
2026-09-14 11:28:55,645 WARNING HTTP 502 – retry after 5.0s (attempt 1/4) - retrying in 5.0s
2026-09-14 11:29:01,675 INFO HTTP Request: GET http://api.brsapi.ir/Tsetmc/Nav.php?key=Bk7JvdJZBHJ9DMhzeuTfWjwqYy1wMsif&l18=%D8%AD%D8%AF%DB%8C%D8%AF "HTTP/1.1 502 Bad Gateway"
2026-09-14 11:29:01,677 WARNING HTTP 502 – retry after 5.0s (attempt 2/4) - retrying in 5.0s
2026-09-14 11:29:10,475 INFO HTTP Request: GET http://api.brsapi.ir/Tsetmc/Nav.php?key=Bk7JvdJZBHJ9DMhzeuTfWjwqYy1wMsif&l18=%D8%AD%D8%AF%DB%8C%D8%AF "HTTP/1.1 502 Bad Gateway"
2026-09-14 11:29:10,476 WARNING HTTP 502 – retry after 5.0s (attempt 3/4) - retrying in 5.0s
2026-09-14 11:29:16,596 INFO HTTP Request: GET http://api.brsapi.ir/Tsetmc/Nav.php?key=Bk7JvdJZBHJ9DMhzeuTfWjwqYy1wMsif&l18=%D8%AD%D8%AF%DB%8C%D8%AF "HTTP/1.1 502 Bad Gateway"
2026-09-14 11:29:16,599 WARNING HTTP 502 – retry after 5.0s (attempt 4/4) - no retries left
2026-09-14 11:29:16,607 WARNING NAV sync failed for حدید: All retries exhausted: HTTP 502 – retry after 5.0s
2026-09-14 11:29:50,281 INFO HTTP Request: GET http://api.brsapi.ir/Tsetmc/Nav.php?key=Bk7JvdJZBHJ9DMhzeuTfWjwqYy1wMsif&l18=%D8%AE%D8%A7%D8%AA%D9%85 "HTTP/1.1 200 OK"
2026-09-14 11:29:50,296 INFO Synced /Tsetmc/Nav.php → 1 records in 22669ms
2026-09-14 11:29:50,297 INFO NAV sync progress: 140/344 symbols (128 ok, 12 fail)
2026-09-14 11:30:23,757 INFO HTTP Request: GET http://api.brsapi.ir/Tsetmc/Nav.php?key=Bk7JvdJZBHJ9DMhzeuTfWjwqYy1wMsif&l18=%D8%AE%D8%A8%D8%B1%DA%AF%D8%A7%D9%86 "HTTP/1.1 200 OK"
2026-09-14 11:30:23,774 INFO Synced /Tsetmc/Nav.php → 1 records in 22452ms
2026-09-14 11:30:56,708 INFO HTTP Request: GET http://api.brsapi.ir/Tsetmc/Nav.php?key=Bk7JvdJZBHJ9DMhzeuTfWjwqYy1wMsif&l18=%D8%AE%D8%B2%D8%A7%D9%86%D9%87+%D9%85%D9%84%D8%AA "HTTP/1.1 200 OK"
2026-09-14 11:30:56,727 INFO Synced /Tsetmc/Nav.php → 1 records in 21932ms
2026-09-14 11:31:30,966 INFO HTTP Request: GET http://api.brsapi.ir/Tsetmc/Nav.php?key=Bk7JvdJZBHJ9DMhzeuTfWjwqYy1wMsif&l18=%D8%AE%D9%84%DB%8C%D8%AC "HTTP/1.1 200 OK"
2026-09-14 11:31:30,995 INFO Synced /Tsetmc/Nav.php → 1 records in 23230ms
2026-09-14 11:32:05,758 INFO HTTP Request: GET http://api.brsapi.ir/Tsetmc/Nav.php?key=Bk7JvdJZBHJ9DMhzeuTfWjwqYy1wMsif&l18=%D8%AE%D9%88%D8%AF%D8%B1%D8%A7%D9%86 "HTTP/1.1 200 OK"
2026-09-14 11:32:05,774 INFO Synced /Tsetmc/Nav.php → 1 records in 23759ms
2026-09-14 11:32:38,962 INFO HTTP Request: GET http://api.brsapi.ir/Tsetmc/Nav.php?key=Bk7JvdJZBHJ9DMhzeuTfWjwqYy1wMsif&l18=%D8%AE%D9%88%D8%B1%D8%B4%DB%8C%D8%AF "HTTP/1.1 200 OK"
2026-09-14 11:32:38,979 INFO Synced /Tsetmc/Nav.php → 1 records in 22175ms
2026-09-14 11:33:13,169 INFO HTTP Request: GET http://api.brsapi.ir/Tsetmc/Nav.php?key=Bk7JvdJZBHJ9DMhzeuTfWjwqYy1wMsif&l18=%D8%AE%D9%88%D8%B4%D9%87 "HTTP/1.1 200 OK"
2026-09-14 11:33:13,203 INFO Synced /Tsetmc/Nav.php → 1 records in 23201ms
2026-09-14 11:33:48,011 INFO HTTP Request: GET http://api.brsapi.ir/Tsetmc/Nav.php?key=Bk7JvdJZBHJ9DMhzeuTfWjwqYy1wMsif&l18=%D8%AF%D8%A7%D8%B1%D8%A7 "HTTP/1.1 200 OK"
2026-09-14 11:33:48,030 INFO Synced /Tsetmc/Nav.php → 1 records in 23806ms
2026-09-14 11:34:23,103 INFO HTTP Request: GET http://api.brsapi.ir/Tsetmc/Nav.php?key=Bk7JvdJZBHJ9DMhzeuTfWjwqYy1wMsif&l18=%D8%AF%D8%A7%D8%B1%D8%A7+%DB%8C%DA%A9%D9%85 "HTTP/1.1 200 OK"
2026-09-14 11:34:23,149 INFO Synced /Tsetmc/Nav.php → 1 records in 24076ms
2026-09-14 11:34:58,574 INFO HTTP Request: GET http://api.brsapi.ir/Tsetmc/Nav.php?key=Bk7JvdJZBHJ9DMhzeuTfWjwqYy1wMsif&l18=%D8%AF%D8%A7%D8%B1%D9%88%D9%86%D9%88 "HTTP/1.1 200 OK"
2026-09-14 11:34:58,620 INFO Synced /Tsetmc/Nav.php → 1 records in 24414ms
2026-09-14 11:35:32,355 INFO HTTP Request: GET http://api.brsapi.ir/Tsetmc/Nav.php?key=Bk7JvdJZBHJ9DMhzeuTfWjwqYy1wMsif&l18=%D8%AF%D8%A7%D8%B1%DB%8C%DA%A9 "HTTP/1.1 200 OK"
2026-09-14 11:35:32,398 INFO Synced /Tsetmc/Nav.php → 1 records in 22728ms
2026-09-14 11:35:32,399 INFO NAV sync progress: 150/344 symbols (138 ok, 12 fail)
2026-09-14 11:36:07,172 INFO HTTP Request: GET http://api.brsapi.ir/Tsetmc/Nav.php?key=Bk7JvdJZBHJ9DMhzeuTfWjwqYy1wMsif&l18=%D8%AF%D8%A7%D8%B1%DB%8C%D9%88%D8%B4 "HTTP/1.1 200 OK"
2026-09-14 11:36:07,188 INFO Synced /Tsetmc/Nav.php → 1 records in 23757ms
2026-09-14 11:36:41,080 INFO HTTP Request: GET http://api.brsapi.ir/Tsetmc/Nav.php?key=Bk7JvdJZBHJ9DMhzeuTfWjwqYy1wMsif&l18=%D8%AF%D8%A7%D9%85%D9%88%D9%86 "HTTP/1.1 200 OK"
2026-09-14 11:36:41,100 INFO Synced /Tsetmc/Nav.php → 1 records in 22888ms
2026-09-14 11:37:16,106 INFO HTTP Request: GET http://api.brsapi.ir/Tsetmc/Nav.php?key=Bk7JvdJZBHJ9DMhzeuTfWjwqYy1wMsif&l18=%D8%AF%D8%A7%D9%86%DB%8C%DA%A9 "HTTP/1.1 200 OK"
2026-09-14 11:37:16,159 INFO Synced /Tsetmc/Nav.php → 1 records in 24027ms
2026-09-14 11:37:50,566 INFO HTTP Request: GET http://api.brsapi.ir/Tsetmc/Nav.php?key=Bk7JvdJZBHJ9DMhzeuTfWjwqYy1wMsif&l18=%D8%AF%D8%B1%D8%AE%D8%B4%D8%A7%D9%86 "HTTP/1.1 200 OK"
2026-09-14 11:37:50,593 INFO Synced /Tsetmc/Nav.php → 1 records in 23393ms
2026-09-14 11:38:24,240 INFO HTTP Request: GET http://api.brsapi.ir/Tsetmc/Nav.php?key=Bk7JvdJZBHJ9DMhzeuTfWjwqYy1wMsif&l18=%D8%AF%D8%B1%D8%B3%D8%A7 "HTTP/1.1 200 OK"
2026-09-14 11:38:24,257 INFO Synced /Tsetmc/Nav.php → 1 records in 22644ms
2026-09-14 11:38:58,748 INFO HTTP Request: GET http://api.brsapi.ir/Tsetmc/Nav.php?key=Bk7JvdJZBHJ9DMhzeuTfWjwqYy1wMsif&l18=%D8%AF%D8%B1%D9%86%D8%A7 "HTTP/1.1 200 OK"
2026-09-14 11:38:58,764 INFO Synced /Tsetmc/Nav.php → 1 records in 23478ms
2026-09-14 11:39:33,460 INFO HTTP Request: GET http://api.brsapi.ir/Tsetmc/Nav.php?key=Bk7JvdJZBHJ9DMhzeuTfWjwqYy1wMsif&l18=%D8%AF%D8%B1%DB%8C%D8%A7 "HTTP/1.1 200 OK"
2026-09-14 11:39:33,487 INFO Synced /Tsetmc/Nav.php → 1 records in 23696ms
2026-09-14 11:40:05,307 INFO HTTP Request: GET http://api.brsapi.ir/Tsetmc/Nav.php?key=Bk7JvdJZBHJ9DMhzeuTfWjwqYy1wMsif&l18=%D8%AF%D8%B1%DB%8C%D9%86 "HTTP/1.1 200 OK"
2026-09-14 11:40:05,433 INFO Synced /Tsetmc/Nav.php → 1 records in 20836ms
2026-09-14 11:40:38,442 INFO HTTP Request: GET http://api.brsapi.ir/Tsetmc/Nav.php?key=Bk7JvdJZBHJ9DMhzeuTfWjwqYy1wMsif&l18=%D8%AF%D9%81%DB%8C%D9%86%D9%87 "HTTP/1.1 200 OK"
2026-09-14 11:40:38,551 INFO Synced /Tsetmc/Nav.php → 1 records in 22003ms
2026-09-14 11:41:12,584 INFO HTTP Request: GET http://api.brsapi.ir/Tsetmc/Nav.php?key=Bk7JvdJZBHJ9DMhzeuTfWjwqYy1wMsif&l18=%D8%AF%D9%84%D8%AA%D8%A7 "HTTP/1.1 200 OK"
2026-09-14 11:41:12,619 INFO Synced /Tsetmc/Nav.php → 1 records in 23010ms
2026-09-14 11:41:12,620 INFO NAV sync progress: 160/344 symbols (148 ok, 12 fail)
2026-09-14 11:41:47,450 INFO HTTP Request: GET http://api.brsapi.ir/Tsetmc/Nav.php?key=Bk7JvdJZBHJ9DMhzeuTfWjwqYy1wMsif&l18=%D8%AF%D9%88%D8%A7%D9%85 "HTTP/1.1 200 OK"
2026-09-14 11:41:47,481 INFO Synced /Tsetmc/Nav.php → 1 records in 23756ms
2026-09-14 11:42:20,030 INFO HTTP Request: GET http://api.brsapi.ir/Tsetmc/Nav.php?key=Bk7JvdJZBHJ9DMhzeuTfWjwqYy1wMsif&l18=%D8%AF%D9%88%D8%A7%DB%8C%DA%A9%D8%B3 "HTTP/1.1 200 OK"
2026-09-14 11:42:20,038 INFO Synced /Tsetmc/Nav.php → 1 records in 21508ms
2026-09-14 11:42:52,861 INFO HTTP Request: GET http://api.brsapi.ir/Tsetmc/Nav.php?key=Bk7JvdJZBHJ9DMhzeuTfWjwqYy1wMsif&l18=%D8%AF%DB%8C+%D8%B3%D9%87%D8%A7%D9%85 "HTTP/1.1 200 OK"
2026-09-14 11:42:53,035 INFO Synced /Tsetmc/Nav.php → 1 records in 20607ms
2026-09-14 11:43:24,783 INFO HTTP Request: GET http://api.brsapi.ir/Tsetmc/Nav.php?key=Bk7JvdJZBHJ9DMhzeuTfWjwqYy1wMsif&l18=%D8%AF%DB%8C%D8%A7%D8%B1 "HTTP/1.1 200 OK"
2026-09-14 11:43:24,859 INFO Synced /Tsetmc/Nav.php → 1 records in 20761ms
2026-09-14 11:43:56,536 INFO HTTP Request: GET http://api.brsapi.ir/Tsetmc/Nav.php?key=Bk7JvdJZBHJ9DMhzeuTfWjwqYy1wMsif&l18=%D8%AF%DB%8C%D8%A8%D8%A7 "HTTP/1.1 200 OK"
2026-09-14 11:43:56,545 INFO Synced /Tsetmc/Nav.php → 1 records in 20650ms
2026-09-14 11:44:28,655 INFO HTTP Request: GET http://api.brsapi.ir/Tsetmc/Nav.php?key=Bk7JvdJZBHJ9DMhzeuTfWjwqYy1wMsif&l18=%D8%AF%DB%8C%D8%AA%D8%A7 "HTTP/1.1 502 Bad Gateway"
2026-09-14 11:44:28,657 WARNING HTTP 502 – retry after 5.0s (attempt 1/4) - retrying in 5.0s
2026-09-14 11:44:34,419 INFO HTTP Request: GET http://api.brsapi.ir/Tsetmc/Nav.php?key=Bk7JvdJZBHJ9DMhzeuTfWjwqYy1wMsif&l18=%D8%AF%DB%8C%D8%AA%D8%A7 "HTTP/1.1 502 Bad Gateway"
2026-09-14 11:44:34,420 WARNING HTTP 502 – retry after 5.0s (attempt 2/4) - retrying in 5.0s
2026-09-14 11:44:40,422 INFO HTTP Request: GET http://api.brsapi.ir/Tsetmc/Nav.php?key=Bk7JvdJZBHJ9DMhzeuTfWjwqYy1wMsif&l18=%D8%AF%DB%8C%D8%AA%D8%A7 "HTTP/1.1 502 Bad Gateway"
2026-09-14 11:44:40,423 WARNING HTTP 502 – retry after 5.0s (attempt 3/4) - retrying in 5.0s
2026-09-14 11:44:45,962 INFO HTTP Request: GET http://api.brsapi.ir/Tsetmc/Nav.php?key=Bk7JvdJZBHJ9DMhzeuTfWjwqYy1wMsif&l18=%D8%AF%DB%8C%D8%AA%D8%A7 "HTTP/1.1 502 Bad Gateway"
2026-09-14 11:44:45,964 WARNING HTTP 502 – retry after 5.0s (attempt 4/4) - no retries left
2026-09-14 11:44:45,970 WARNING NAV sync failed for دیتا: All retries exhausted: HTTP 502 – retry after 5.0s
2026-09-14 11:45:17,517 INFO HTTP Request: GET http://api.brsapi.ir/Tsetmc/Nav.php?key=Bk7JvdJZBHJ9DMhzeuTfWjwqYy1wMsif&l18=%D8%AF%DB%8C%D9%88%D8%A7%D9%86 "HTTP/1.1 200 OK"
2026-09-14 11:45:49,152 INFO HTTP Request: GET http://api.brsapi.ir/Tsetmc/Nav.php?key=Bk7JvdJZBHJ9DMhzeuTfWjwqYy1wMsif&l18=%D8%B1%D8%A7%D8%A8%DB%8C%D9%86 "HTTP/1.1 200 OK"
2026-09-14 11:45:49,162 INFO Synced /Tsetmc/Nav.php → 1 records in 20592ms
2026-09-14 11:46:20,757 INFO HTTP Request: GET http://api.brsapi.ir/Tsetmc/Nav.php?key=Bk7JvdJZBHJ9DMhzeuTfWjwqYy1wMsif&l18=%D8%B1%D8%A7%D8%AF%D8%A7%D9%86 "HTTP/1.1 200 OK"
2026-09-14 11:46:20,785 INFO Synced /Tsetmc/Nav.php → 1 records in 20604ms
2026-09-14 11:46:52,744 INFO HTTP Request: GET http://api.brsapi.ir/Tsetmc/Nav.php?key=Bk7JvdJZBHJ9DMhzeuTfWjwqYy1wMsif&l18=%D8%B1%D8%A7%DB%8C%D8%A8%D8%AF "HTTP/1.1 200 OK"
2026-09-14 11:46:52,753 INFO Synced /Tsetmc/Nav.php → 1 records in 20791ms
2026-09-14 11:46:52,755 INFO NAV sync progress: 170/344 symbols (157 ok, 13 fail)
2026-09-14 11:47:24,563 INFO HTTP Request: GET http://api.brsapi.ir/Tsetmc/Nav.php?key=Bk7JvdJZBHJ9DMhzeuTfWjwqYy1wMsif&l18=%D8%B1%D8%A7%DB%8C%DA%A9%D8%A7 "HTTP/1.1 200 OK"
2026-09-14 11:47:24,578 INFO Synced /Tsetmc/Nav.php → 1 records in 20802ms
2026-09-14 11:47:56,122 INFO HTTP Request: GET http://api.brsapi.ir/Tsetmc/Nav.php?key=Bk7JvdJZBHJ9DMhzeuTfWjwqYy1wMsif&l18=%D8%B1%D8%AE%D8%B4 "HTTP/1.1 200 OK"
2026-09-14 11:47:56,133 INFO Synced /Tsetmc/Nav.php → 1 records in 20498ms
2026-09-14 11:48:27,828 INFO HTTP Request: GET http://api.brsapi.ir/Tsetmc/Nav.php?key=Bk7JvdJZBHJ9DMhzeuTfWjwqYy1wMsif&l18=%D8%B1%D8%B2+%D8%AA%D8%B1%D9%86%D8%AC "HTTP/1.1 200 OK"
2026-09-14 11:48:27,843 INFO Synced /Tsetmc/Nav.php → 1 records in 20686ms
2026-09-14 11:48:59,644 INFO HTTP Request: GET http://api.brsapi.ir/Tsetmc/Nav.php?key=Bk7JvdJZBHJ9DMhzeuTfWjwqYy1wMsif&l18=%D8%B1%D8%B2%DA%AF%D9%84%D8%AF "HTTP/1.1 200 OK"
2026-09-14 11:48:59,653 INFO Synced /Tsetmc/Nav.php → 1 records in 20791ms
2026-09-14 11:49:31,232 INFO HTTP Request: GET http://api.brsapi.ir/Tsetmc/Nav.php?key=Bk7JvdJZBHJ9DMhzeuTfWjwqYy1wMsif&l18=%D8%B1%D8%B3%D8%A7%D9%86%D8%A7 "HTTP/1.1 200 OK"
2026-09-14 11:49:31,244 INFO Synced /Tsetmc/Nav.php → 1 records in 20576ms
2026-09-14 11:50:04,041 INFO HTTP Request: GET http://api.brsapi.ir/Tsetmc/Nav.php?key=Bk7JvdJZBHJ9DMhzeuTfWjwqYy1wMsif&l18=%D8%B1%D8%B4%D8%AF "HTTP/1.1 200 OK"
2026-09-14 11:50:04,049 INFO Synced /Tsetmc/Nav.php → 1 records in 21780ms
2026-09-14 11:50:35,895 INFO HTTP Request: GET http://api.brsapi.ir/Tsetmc/Nav.php?key=Bk7JvdJZBHJ9DMhzeuTfWjwqYy1wMsif&l18=%D8%B1%D8%B4%D8%AF%DB%8C+%DA%A9%DB%8C%D8%A7%D9%86 "HTTP/1.1 200 OK"
2026-09-14 11:50:35,905 INFO Synced /Tsetmc/Nav.php → 1 records in 20833ms
2026-09-14 11:51:08,340 INFO HTTP Request: GET http://api.brsapi.ir/Tsetmc/Nav.php?key=Bk7JvdJZBHJ9DMhzeuTfWjwqYy1wMsif&l18=%D8%B1%D9%87%D9%86%D9%88 "HTTP/1.1 502 Bad Gateway"
2026-09-14 11:51:08,342 WARNING HTTP 502 – retry after 5.0s (attempt 1/4) - retrying in 5.0s
2026-09-14 11:51:14,175 INFO HTTP Request: GET http://api.brsapi.ir/Tsetmc/Nav.php?key=Bk7JvdJZBHJ9DMhzeuTfWjwqYy1wMsif&l18=%D8%B1%D9%87%D9%86%D9%88 "HTTP/1.1 502 Bad Gateway"
2026-09-14 11:51:14,178 WARNING HTTP 502 – retry after 5.0s (attempt 2/4) - retrying in 5.0s
2026-09-14 11:51:19,956 INFO HTTP Request: GET http://api.brsapi.ir/Tsetmc/Nav.php?key=Bk7JvdJZBHJ9DMhzeuTfWjwqYy1wMsif&l18=%D8%B1%D9%87%D9%86%D9%88 "HTTP/1.1 502 Bad Gateway"
2026-09-14 11:51:19,958 WARNING HTTP 502 – retry after 5.0s (attempt 3/4) - retrying in 5.0s
2026-09-14 11:51:25,693 INFO HTTP Request: GET http://api.brsapi.ir/Tsetmc/Nav.php?key=Bk7JvdJZBHJ9DMhzeuTfWjwqYy1wMsif&l18=%D8%B1%D9%87%D9%86%D9%88 "HTTP/1.1 502 Bad Gateway"
2026-09-14 11:51:25,695 WARNING HTTP 502 – retry after 5.0s (attempt 4/4) - no retries left
2026-09-14 11:51:25,706 WARNING NAV sync failed for رهنو: All retries exhausted: HTTP 502 – retry after 5.0s
2026-09-14 11:51:59,337 INFO HTTP Request: GET http://api.brsapi.ir/Tsetmc/Nav.php?key=Bk7JvdJZBHJ9DMhzeuTfWjwqYy1wMsif&l18=%D8%B1%D9%88%D9%86%D9%82 "HTTP/1.1 200 OK"
2026-09-14 11:51:59,375 INFO Synced /Tsetmc/Nav.php → 1 records in 22638ms
2026-09-14 11:52:31,851 INFO HTTP Request: GET http://api.brsapi.ir/Tsetmc/Nav.php?key=Bk7JvdJZBHJ9DMhzeuTfWjwqYy1wMsif&l18=%D8%B1%D9%88%DB%8C%D8%B4 "HTTP/1.1 502 Bad Gateway"
2026-09-14 11:52:31,853 WARNING HTTP 502 – retry after 5.0s (attempt 1/4) - retrying in 5.0s
2026-09-14 11:52:37,794 INFO HTTP Request: GET http://api.brsapi.ir/Tsetmc/Nav.php?key=Bk7JvdJZBHJ9DMhzeuTfWjwqYy1wMsif&l18=%D8%B1%D9%88%DB%8C%D8%B4 "HTTP/1.1 502 Bad Gateway"
2026-09-14 11:52:37,795 WARNING HTTP 502 – retry after 5.0s (attempt 2/4) - retrying in 5.0s
2026-09-14 11:52:43,853 INFO HTTP Request: GET http://api.brsapi.ir/Tsetmc/Nav.php?key=Bk7JvdJZBHJ9DMhzeuTfWjwqYy1wMsif&l18=%D8%B1%D9%88%DB%8C%D8%B4 "HTTP/1.1 502 Bad Gateway"
2026-09-14 11:52:43,855 WARNING HTTP 502 – retry after 5.0s (attempt 3/4) - retrying in 5.0s
2026-09-14 11:52:49,489 INFO HTTP Request: GET http://api.brsapi.ir/Tsetmc/Nav.php?key=Bk7JvdJZBHJ9DMhzeuTfWjwqYy1wMsif&l18=%D8%B1%D9%88%DB%8C%D8%B4 "HTTP/1.1 502 Bad Gateway"
2026-09-14 11:52:49,490 WARNING HTTP 502 – retry after 5.0s (attempt 4/4) - no retries left
2026-09-14 11:52:49,493 WARNING NAV sync failed for رویش: All retries exhausted: HTTP 502 – retry after 5.0s
2026-09-14 11:52:49,493 INFO NAV sync progress: 180/344 symbols (165 ok, 15 fail)
2026-09-14 11:53:21,234 INFO HTTP Request: GET http://api.brsapi.ir/Tsetmc/Nav.php?key=Bk7JvdJZBHJ9DMhzeuTfWjwqYy1wMsif&l18=%D8%B1%D9%88%DB%8C%D8%B4+%D9%87%D9%85%D8%B1%D8%A7%D9%87 "HTTP/1.1 200 OK"
2026-09-14 11:53:21,251 INFO Synced /Tsetmc/Nav.php → 1 records in 20734ms
2026-09-14 11:53:55,400 INFO HTTP Request: GET http://api.brsapi.ir/Tsetmc/Nav.php?key=Bk7JvdJZBHJ9DMhzeuTfWjwqYy1wMsif&l18=%D8%B1%D9%88%DB%8C%DB%8C%D9%86 "HTTP/1.1 200 OK"
2026-09-14 11:53:55,417 INFO Synced /Tsetmc/Nav.php → 1 records in 23143ms
2026-09-14 11:54:26,927 INFO HTTP Request: GET http://api.brsapi.ir/Tsetmc/Nav.php?key=Bk7JvdJZBHJ9DMhzeuTfWjwqYy1wMsif&l18=%D8%B1%DB%8C%D8%AA%D9%88%D9%86 "HTTP/1.1 200 OK"
2026-09-14 11:54:26,980 INFO Synced /Tsetmc/Nav.php → 1 records in 20522ms
2026-09-14 11:54:58,544 INFO HTTP Request: GET http://api.brsapi.ir/Tsetmc/Nav.php?key=Bk7JvdJZBHJ9DMhzeuTfWjwqYy1wMsif&l18=%D8%B2%D8%B1 "HTTP/1.1 200 OK"
2026-09-14 11:54:58,553 INFO Synced /Tsetmc/Nav.php → 1 records in 20540ms
2026-09-14 11:55:30,742 INFO HTTP Request: GET http://api.brsapi.ir/Tsetmc/Nav.php?key=Bk7JvdJZBHJ9DMhzeuTfWjwqYy1wMsif&l18=%D8%B2%D8%B1%D9%81%D8%A7%D9%85 "HTTP/1.1 200 OK"
2026-09-14 11:55:30,792 INFO Synced /Tsetmc/Nav.php → 1 records in 21200ms
2026-09-14 11:56:04,568 INFO HTTP Request: GET http://api.brsapi.ir/Tsetmc/Nav.php?key=Bk7JvdJZBHJ9DMhzeuTfWjwqYy1wMsif&l18=%D8%B2%D8%B1%DA%AF%D8%B1 "HTTP/1.1 200 OK"
2026-09-14 11:56:04,585 INFO Synced /Tsetmc/Nav.php → 1 records in 22769ms
2026-09-14 11:56:39,148 INFO HTTP Request: GET http://api.brsapi.ir/Tsetmc/Nav.php?key=Bk7JvdJZBHJ9DMhzeuTfWjwqYy1wMsif&l18=%D8%B2%D8%B1%D9%88%D8%A7%D9%86 "HTTP/1.1 200 OK"
2026-09-14 11:56:39,327 INFO Synced /Tsetmc/Nav.php → 1 records in 23711ms
2026-09-14 11:57:12,619 INFO HTTP Request: GET http://api.brsapi.ir/Tsetmc/Nav.php?key=Bk7JvdJZBHJ9DMhzeuTfWjwqYy1wMsif&l18=%D8%B2%D8%B1%DB%8C%D8%B1%D8%A7%D9%86 "HTTP/1.1 200 OK"
2026-09-14 11:57:14,594 INFO Synced /Tsetmc/Nav.php → 1 records in 24168ms
2026-09-14 11:57:48,619 INFO HTTP Request: GET http://api.brsapi.ir/Tsetmc/Nav.php?key=Bk7JvdJZBHJ9DMhzeuTfWjwqYy1wMsif&l18=%D8%B2%D8%B1%DB%8C%D9%86 "HTTP/1.1 200 OK"
2026-09-14 11:57:48,678 INFO Synced /Tsetmc/Nav.php → 1 records in 23023ms
2026-09-14 11:58:22,644 INFO HTTP Request: GET http://api.brsapi.ir/Tsetmc/Nav.php?key=Bk7JvdJZBHJ9DMhzeuTfWjwqYy1wMsif&l18=%D8%B2%D9%85%D8%B1%D8%AF "HTTP/1.1 200 OK"
2026-09-14 11:58:22,725 INFO Synced /Tsetmc/Nav.php → 1 records in 22953ms
2026-09-14 11:58:22,727 INFO NAV sync progress: 190/344 symbols (175 ok, 15 fail)
2026-09-14 11:58:57,151 INFO HTTP Request: GET http://api.brsapi.ir/Tsetmc/Nav.php?key=Bk7JvdJZBHJ9DMhzeuTfWjwqYy1wMsif&l18=%D8%B2%D9%85%D8%B1%D8%AF+%DA%A9%D9%88%D8%B1%D9%88%D8%B4 "HTTP/1.1 200 OK"
2026-09-14 11:58:57,161 INFO Synced /Tsetmc/Nav.php → 1 records in 23398ms
2026-09-14 11:59:28,819 INFO HTTP Request: GET http://api.brsapi.ir/Tsetmc/Nav.php?key=Bk7JvdJZBHJ9DMhzeuTfWjwqYy1wMsif&l18=%D8%B2%DB%8C%D8%AA%D9%88%D9%86 "HTTP/1.1 200 OK"
2026-09-14 11:59:29,344 INFO Synced /Tsetmc/Nav.php → 1 records in 21033ms
2026-09-14 12:00:01,002 INFO HTTP Request: GET http://api.brsapi.ir/Tsetmc/Nav.php?key=Bk7JvdJZBHJ9DMhzeuTfWjwqYy1wMsif&l18=%D8%B3%D8%A7%D8%AD%D9%84 "HTTP/1.1 200 OK"
2026-09-14 12:00:01,034 INFO Synced /Tsetmc/Nav.php → 1 records in 20607ms
2026-09-14 12:00:32,557 INFO HTTP Request: GET http://api.brsapi.ir/Tsetmc/Nav.php?key=Bk7JvdJZBHJ9DMhzeuTfWjwqYy1wMsif&l18=%D8%B3%D8%A7%D9%81%D8%B1%D9%88%D9%86 "HTTP/1.1 200 OK"
2026-09-14 12:00:32,568 INFO Synced /Tsetmc/Nav.php → 1 records in 20502ms
2026-09-14 12:01:04,222 INFO HTTP Request: GET http://api.brsapi.ir/Tsetmc/Nav.php?key=Bk7JvdJZBHJ9DMhzeuTfWjwqYy1wMsif&l18=%D8%B3%D8%A7%D9%85 "HTTP/1.1 200 OK"
2026-09-14 12:01:04,262 INFO Synced /Tsetmc/Nav.php → 1 records in 20678ms
2026-09-14 12:01:35,922 INFO HTTP Request: GET http://api.brsapi.ir/Tsetmc/Nav.php?key=Bk7JvdJZBHJ9DMhzeuTfWjwqYy1wMsif&l18=%D8%B3%D8%A8%D8%B2%D8%A2%D8%A8%D9%86%D9%88%D8%B3 "HTTP/1.1 200 OK"
2026-09-14 12:01:35,930 INFO Synced /Tsetmc/Nav.php → 1 records in 20617ms
2026-09-14 12:02:07,398 INFO HTTP Request: GET http://api.brsapi.ir/Tsetmc/Nav.php?key=Bk7JvdJZBHJ9DMhzeuTfWjwqYy1wMsif&l18=%D8%B3%D9%BE%D8%B1 "HTTP/1.1 200 OK"
2026-09-14 12:02:07,416 INFO Synced /Tsetmc/Nav.php → 1 records in 20459ms
2026-09-14 12:02:38,813 INFO HTTP Request: GET http://api.brsapi.ir/Tsetmc/Nav.php?key=Bk7JvdJZBHJ9DMhzeuTfWjwqYy1wMsif&l18=%D8%B3%D9%BE%D9%86%D8%AA%D8%A7%D8%B1%D9%88%D8%AF "HTTP/1.1 200 OK"
2026-09-14 12:02:38,824 INFO Synced /Tsetmc/Nav.php → 1 records in 20387ms
2026-09-14 12:03:10,296 INFO HTTP Request: GET http://api.brsapi.ir/Tsetmc/Nav.php?key=Bk7JvdJZBHJ9DMhzeuTfWjwqYy1wMsif&l18=%D8%B3%D9%BE%D9%87%D8%B1 "HTTP/1.1 200 OK"
2026-09-14 12:03:41,928 INFO HTTP Request: GET http://api.brsapi.ir/Tsetmc/Nav.php?key=Bk7JvdJZBHJ9DMhzeuTfWjwqYy1wMsif&l18=%D8%B3%D9%BE%DB%8C%D8%AF%D9%85%D8%A7 "HTTP/1.1 200 OK"
2026-09-14 12:03:41,943 INFO Synced /Tsetmc/Nav.php → 1 records in 20614ms
2026-09-14 12:03:41,943 INFO NAV sync progress: 200/344 symbols (185 ok, 15 fail)
2026-09-14 12:04:13,874 INFO HTTP Request: GET http://api.brsapi.ir/Tsetmc/Nav.php?key=Bk7JvdJZBHJ9DMhzeuTfWjwqYy1wMsif&l18=%D8%B3%D9%BE%DB%8C%D9%86%D9%88%D8%AF "HTTP/1.1 200 OK"
2026-09-14 12:04:13,884 INFO Synced /Tsetmc/Nav.php → 1 records in 20926ms
2026-09-14 12:04:45,648 INFO HTTP Request: GET http://api.brsapi.ir/Tsetmc/Nav.php?key=Bk7JvdJZBHJ9DMhzeuTfWjwqYy1wMsif&l18=%D8%B3%D8%AA%D8%A7%D8%B1%D9%87 "HTTP/1.1 200 OK"
2026-09-14 12:04:45,677 INFO Synced /Tsetmc/Nav.php → 1 records in 20759ms
2026-09-14 12:05:17,195 INFO HTTP Request: GET http://api.brsapi.ir/Tsetmc/Nav.php?key=Bk7JvdJZBHJ9DMhzeuTfWjwqYy1wMsif&l18=%D8%B3%D8%AE%D9%86%D8%AF "HTTP/1.1 200 OK"
2026-09-14 12:05:17,210 INFO Synced /Tsetmc/Nav.php → 1 records in 20508ms
2026-09-14 12:06:09,622 WARNING RequestError (attempt 1/4): All connection attempts failed – retrying in 1.5s
2026-09-14 12:06:32,174 WARNING RequestError (attempt 2/4): All connection attempts failed – retrying in 2.2s
2026-09-14 12:06:55,475 WARNING RequestError (attempt 3/4): All connection attempts failed – retrying in 3.4s
2026-09-14 12:06:59,349 INFO HTTP Request: GET http://api.brsapi.ir/Tsetmc/Nav.php?key=Bk7JvdJZBHJ9DMhzeuTfWjwqYy1wMsif&l18=%D8%B3%D8%B1%D9%88 "HTTP/1.1 200 OK"
2026-09-14 12:06:59,378 INFO Synced /Tsetmc/Nav.php → 1 records in 91133ms
2026-09-14 12:07:31,060 INFO HTTP Request: GET http://api.brsapi.ir/Tsetmc/Nav.php?key=Bk7JvdJZBHJ9DMhzeuTfWjwqYy1wMsif&l18=%D8%B3%D9%84%D8%A7%D9%85 "HTTP/1.1 200 OK"
2026-09-14 12:07:31,076 INFO Synced /Tsetmc/Nav.php → 1 records in 20685ms
2026-09-14 12:08:02,711 INFO HTTP Request: GET http://api.brsapi.ir/Tsetmc/Nav.php?key=Bk7JvdJZBHJ9DMhzeuTfWjwqYy1wMsif&l18=%D8%B3%D9%85%D8%A7%D9%86 "HTTP/1.1 200 OK"
2026-09-14 12:08:02,718 INFO Synced /Tsetmc/Nav.php → 1 records in 20622ms
2026-09-14 12:08:35,462 INFO HTTP Request: GET http://api.brsapi.ir/Tsetmc/Nav.php?key=Bk7JvdJZBHJ9DMhzeuTfWjwqYy1wMsif&l18=%D8%B3%D9%85%D9%86%D8%AA%D9%88%D8%AF%D8%A7%D8%B1%DB%8C%D9%88%D8%B4 "HTTP/1.1 502 Bad Gateway"
2026-09-14 12:08:35,465 WARNING HTTP 502 – retry after 5.0s (attempt 1/4) - retrying in 5.0s
2026-09-14 12:08:41,154 INFO HTTP Request: GET http://api.brsapi.ir/Tsetmc/Nav.php?key=Bk7JvdJZBHJ9DMhzeuTfWjwqYy1wMsif&l18=%D8%B3%D9%85%D9%86%D8%AA%D9%88%D8%AF%D8%A7%D8%B1%DB%8C%D9%88%D8%B4 "HTTP/1.1 502 Bad Gateway"
2026-09-14 12:08:41,155 WARNING HTTP 502 – retry after 5.0s (attempt 2/4) - retrying in 5.0s
2026-09-14 12:08:46,841 INFO HTTP Request: GET http://api.brsapi.ir/Tsetmc/Nav.php?key=Bk7JvdJZBHJ9DMhzeuTfWjwqYy1wMsif&l18=%D8%B3%D9%85%D9%86%D8%AA%D9%88%D8%AF%D8%A7%D8%B1%DB%8C%D9%88%D8%B4 "HTTP/1.1 502 Bad Gateway"
2026-09-14 12:08:46,841 WARNING HTTP 502 – retry after 5.0s (attempt 3/4) - retrying in 5.0s
2026-09-14 12:08:53,037 INFO HTTP Request: GET http://api.brsapi.ir/Tsetmc/Nav.php?key=Bk7JvdJZBHJ9DMhzeuTfWjwqYy1wMsif&l18=%D8%B3%D9%85%D9%86%D8%AA%D9%88%D8%AF%D8%A7%D8%B1%DB%8C%D9%88%D8%B4 "HTTP/1.1 502 Bad Gateway"
2026-09-14 12:08:53,038 WARNING HTTP 502 – retry after 5.0s (attempt 4/4) - no retries left
2026-09-14 12:08:53,041 WARNING NAV sync failed for سمنتوداریوش: All retries exhausted: HTTP 502 – retry after 5.0s
2026-09-14 12:09:24,581 INFO HTTP Request: GET http://api.brsapi.ir/Tsetmc/Nav.php?key=Bk7JvdJZBHJ9DMhzeuTfWjwqYy1wMsif&l18=%D8%B3%D9%87%D8%A7 "HTTP/1.1 200 OK"
2026-09-14 12:09:24,590 INFO Synced /Tsetmc/Nav.php → 1 records in 20512ms
2026-09-14 12:09:56,135 INFO HTTP Request: GET http://api.brsapi.ir/Tsetmc/Nav.php?key=Bk7JvdJZBHJ9DMhzeuTfWjwqYy1wMsif&l18=%D8%B3%D9%87%D8%A7%D9%85%D8%AF%D8%A7%D8%B1 "HTTP/1.1 200 OK"
2026-09-14 12:09:56,152 INFO Synced /Tsetmc/Nav.php → 1 records in 20548ms
2026-09-14 12:10:27,798 INFO HTTP Request: GET http://api.brsapi.ir/Tsetmc/Nav.php?key=Bk7JvdJZBHJ9DMhzeuTfWjwqYy1wMsif&l18=%D8%B3%D9%88%D8%B1%D9%86%D8%A7%D9%81%D9%88%D8%AF "HTTP/1.1 200 OK"
2026-09-14 12:10:27,811 INFO Synced /Tsetmc/Nav.php → 1 records in 20639ms
2026-09-14 12:10:27,812 INFO NAV sync progress: 210/344 symbols (194 ok, 16 fail)
2026-09-14 12:11:02,289 INFO HTTP Request: GET http://api.brsapi.ir/Tsetmc/Nav.php?key=Bk7JvdJZBHJ9DMhzeuTfWjwqYy1wMsif&l18=%D8%B3%D9%88%D9%84%D8%A7%D8%B1 "HTTP/1.1 200 OK"
2026-09-14 12:11:02,297 INFO Synced /Tsetmc/Nav.php → 1 records in 23468ms
2026-09-14 12:11:33,834 INFO HTTP Request: GET http://api.brsapi.ir/Tsetmc/Nav.php?key=Bk7JvdJZBHJ9DMhzeuTfWjwqYy1wMsif&l18=%D8%B3%DB%8C%D8%A7%D9%86 "HTTP/1.1 200 OK"
2026-09-14 12:11:33,842 INFO Synced /Tsetmc/Nav.php → 1 records in 20508ms
2026-09-14 12:12:05,357 INFO HTTP Request: GET http://api.brsapi.ir/Tsetmc/Nav.php?key=Bk7JvdJZBHJ9DMhzeuTfWjwqYy1wMsif&l18=%D8%B3%DB%8C%DA%AF%D9%84%D9%88 "HTTP/1.1 200 OK"
2026-09-14 12:12:05,367 INFO Synced /Tsetmc/Nav.php → 1 records in 20513ms
2026-09-14 12:12:37,129 INFO HTTP Request: GET http://api.brsapi.ir/Tsetmc/Nav.php?key=Bk7JvdJZBHJ9DMhzeuTfWjwqYy1wMsif&l18=%D8%B3%DB%8C%D9%84%D9%88%D8%A7 "HTTP/1.1 200 OK"
2026-09-14 12:12:37,139 INFO Synced /Tsetmc/Nav.php → 1 records in 20754ms
2026-09-14 12:13:08,682 INFO HTTP Request: GET http://api.brsapi.ir/Tsetmc/Nav.php?key=Bk7JvdJZBHJ9DMhzeuTfWjwqYy1wMsif&l18=%D8%B3%DB%8C%D9%84%D9%88%D8%B1 "HTTP/1.1 200 OK"
2026-09-14 12:13:08,691 INFO Synced /Tsetmc/Nav.php → 1 records in 20520ms
2026-09-14 12:13:40,498 INFO HTTP Request: GET http://api.brsapi.ir/Tsetmc/Nav.php?key=Bk7JvdJZBHJ9DMhzeuTfWjwqYy1wMsif&l18=%D8%B3%DB%8C%D9%85%D8%A7%D9%86 "HTTP/1.1 200 OK"
2026-09-14 12:13:40,507 INFO Synced /Tsetmc/Nav.php → 1 records in 20796ms
2026-09-14 12:14:11,947 INFO HTTP Request: GET http://api.brsapi.ir/Tsetmc/Nav.php?key=Bk7JvdJZBHJ9DMhzeuTfWjwqYy1wMsif&l18=%D8%B3%DB%8C%D9%85%D8%A7%D9%86%D8%A7 "HTTP/1.1 200 OK"
2026-09-14 12:14:11,969 INFO Synced /Tsetmc/Nav.php → 1 records in 20428ms
2026-09-14 12:14:43,515 INFO HTTP Request: GET http://api.brsapi.ir/Tsetmc/Nav.php?key=Bk7JvdJZBHJ9DMhzeuTfWjwqYy1wMsif&l18=%D8%B3%DB%8C%D9%85%D8%A7%D9%86%D9%88 "HTTP/1.1 200 OK"
2026-09-14 12:14:43,532 INFO Synced /Tsetmc/Nav.php → 1 records in 20539ms
2026-09-14 12:15:16,680 INFO HTTP Request: GET http://api.brsapi.ir/Tsetmc/Nav.php?key=Bk7JvdJZBHJ9DMhzeuTfWjwqYy1wMsif&l18=%D8%B3%DB%8C%D9%85%D8%A7%D9%86%DB%8C%D8%A7 "HTTP/1.1 200 OK"
2026-09-14 12:15:16,690 INFO Synced /Tsetmc/Nav.php → 1 records in 22131ms
2026-09-14 12:15:48,274 INFO HTTP Request: GET http://api.brsapi.ir/Tsetmc/Nav.php?key=Bk7JvdJZBHJ9DMhzeuTfWjwqYy1wMsif&l18=%D8%B3%DB%8C%D9%85%DB%8C%D9%86 "HTTP/1.1 200 OK"
2026-09-14 12:15:48,341 INFO Synced /Tsetmc/Nav.php → 1 records in 20604ms
2026-09-14 12:15:48,346 INFO NAV sync progress: 220/344 symbols (204 ok, 16 fail)
2026-09-14 12:16:19,989 INFO HTTP Request: GET http://api.brsapi.ir/Tsetmc/Nav.php?key=Bk7JvdJZBHJ9DMhzeuTfWjwqYy1wMsif&l18=%D8%B3%DB%8C%D9%86%D8%A7%D8%AF "HTTP/1.1 200 OK"
2026-09-14 12:16:20,023 INFO Synced /Tsetmc/Nav.php → 1 records in 20638ms
2026-09-14 12:16:51,685 INFO HTTP Request: GET http://api.brsapi.ir/Tsetmc/Nav.php?key=Bk7JvdJZBHJ9DMhzeuTfWjwqYy1wMsif&l18=%D8%B4%D8%AA%D8%A7%D8%A8 "HTTP/1.1 200 OK"
2026-09-14 12:16:51,719 INFO Synced /Tsetmc/Nav.php → 1 records in 20652ms
2026-09-14 12:17:23,617 INFO HTTP Request: GET http://api.brsapi.ir/Tsetmc/Nav.php?key=Bk7JvdJZBHJ9DMhzeuTfWjwqYy1wMsif&l18=%D8%B4%D9%85%DB%8C%D9%85 "HTTP/1.1 200 OK"
2026-09-14 12:17:23,659 INFO Synced /Tsetmc/Nav.php → 1 records in 20857ms
2026-09-14 12:17:55,540 INFO HTTP Request: GET http://api.brsapi.ir/Tsetmc/Nav.php?key=Bk7JvdJZBHJ9DMhzeuTfWjwqYy1wMsif&l18=%D8%B4%DB%8C%D9%84%D8%AF "HTTP/1.1 200 OK"
2026-09-14 12:17:55,551 INFO Synced /Tsetmc/Nav.php → 1 records in 20857ms
2026-09-14 12:18:27,036 INFO HTTP Request: GET http://api.brsapi.ir/Tsetmc/Nav.php?key=Bk7JvdJZBHJ9DMhzeuTfWjwqYy1wMsif&l18=%D8%B5%D8%A7%DB%8C%D9%86%D8%AF "HTTP/1.1 200 OK"
2026-09-14 12:18:27,046 INFO Synced /Tsetmc/Nav.php → 1 records in 20482ms
2026-09-14 12:18:59,517 INFO HTTP Request: GET http://api.brsapi.ir/Tsetmc/Nav.php?key=Bk7JvdJZBHJ9DMhzeuTfWjwqYy1wMsif&l18=%D8%B5%D8%AF%D9%81 "HTTP/1.1 200 OK"
2026-09-14 12:18:59,572 INFO Synced /Tsetmc/Nav.php → 1 records in 21485ms
2026-09-14 12:19:31,615 INFO HTTP Request: GET http://api.brsapi.ir/Tsetmc/Nav.php?key=Bk7JvdJZBHJ9DMhzeuTfWjwqYy1wMsif&l18=%D8%B5%D9%86%D9%85 "HTTP/1.1 200 OK"
2026-09-14 12:19:31,647 INFO Synced /Tsetmc/Nav.php → 1 records in 21059ms
2026-09-14 12:20:03,195 INFO HTTP Request: GET http://api.brsapi.ir/Tsetmc/Nav.php?key=Bk7JvdJZBHJ9DMhzeuTfWjwqYy1wMsif&l18=%D8%B5%D9%86%D9%87%D8%A7%D9%84 "HTTP/1.1 200 OK"
2026-09-14 12:20:03,575 INFO Synced /Tsetmc/Nav.php → 1 records in 20543ms
2026-09-14 12:20:35,566 INFO HTTP Request: GET http://api.brsapi.ir/Tsetmc/Nav.php?key=Bk7JvdJZBHJ9DMhzeuTfWjwqYy1wMsif&l18=%D8%B5%D9%86%D9%88%DB%8C%D9%86 "HTTP/1.1 200 OK"
2026-09-14 12:20:35,582 INFO Synced /Tsetmc/Nav.php → 1 records in 20965ms
2026-09-14 12:21:07,116 INFO HTTP Request: GET http://api.brsapi.ir/Tsetmc/Nav.php?key=Bk7JvdJZBHJ9DMhzeuTfWjwqYy1wMsif&l18=%D8%B6%D9%85%D8%A7%D9%86 "HTTP/1.1 200 OK"
2026-09-14 12:21:07,159 INFO Synced /Tsetmc/Nav.php → 1 records in 20559ms
2026-09-14 12:21:07,159 INFO NAV sync progress: 230/344 symbols (214 ok, 16 fail)
2026-09-14 12:21:38,711 INFO HTTP Request: GET http://api.brsapi.ir/Tsetmc/Nav.php?key=Bk7JvdJZBHJ9DMhzeuTfWjwqYy1wMsif&l18=%D8%B7%D8%B9%D8%A7%D9%85 "HTTP/1.1 200 OK"
2026-09-14 12:21:38,721 INFO Synced /Tsetmc/Nav.php → 1 records in 20551ms
2026-09-14 12:22:10,255 INFO HTTP Request: GET http://api.brsapi.ir/Tsetmc/Nav.php?key=Bk7JvdJZBHJ9DMhzeuTfWjwqYy1wMsif&l18=%D8%B7%D9%84%D8%A7 "HTTP/1.1 200 OK"
2026-09-14 12:22:10,270 INFO Synced /Tsetmc/Nav.php → 1 records in 20529ms
2026-09-14 12:22:41,962 INFO HTTP Request: GET http://api.brsapi.ir/Tsetmc/Nav.php?key=Bk7JvdJZBHJ9DMhzeuTfWjwqYy1wMsif&l18=%D8%B7%D9%84%D9%88%D8%B9 "HTTP/1.1 200 OK"
2026-09-14 12:22:41,990 INFO Synced /Tsetmc/Nav.php → 1 records in 20686ms
2026-09-14 12:23:13,513 INFO HTTP Request: GET http://api.brsapi.ir/Tsetmc/Nav.php?key=Bk7JvdJZBHJ9DMhzeuTfWjwqYy1wMsif&l18=%D8%B9%D8%B1%D8%B4 "HTTP/1.1 200 OK"
2026-09-14 12:23:13,529 INFO Synced /Tsetmc/Nav.php → 1 records in 20521ms
2026-09-14 12:23:44,959 INFO HTTP Request: GET http://api.brsapi.ir/Tsetmc/Nav.php?key=Bk7JvdJZBHJ9DMhzeuTfWjwqYy1wMsif&l18=%D8%B9%D9%82%DB%8C%D9%82 "HTTP/1.1 200 OK"
2026-09-14 12:23:44,972 INFO Synced /Tsetmc/Nav.php → 1 records in 20419ms
2026-09-14 12:24:16,461 INFO HTTP Request: GET http://api.brsapi.ir/Tsetmc/Nav.php?key=Bk7JvdJZBHJ9DMhzeuTfWjwqYy1wMsif&l18=%D8%B9%D9%85%D8%A7%D8%B1%D8%AA+%D8%AF%DB%8C "HTTP/1.1 200 OK"
2026-09-14 12:24:47,869 INFO HTTP Request: GET http://api.brsapi.ir/Tsetmc/Nav.php?key=Bk7JvdJZBHJ9DMhzeuTfWjwqYy1wMsif&l18=%D8%B9%DB%8C%D8%A7%D8%B1 "HTTP/1.1 200 OK"
2026-09-14 12:24:47,880 INFO Synced /Tsetmc/Nav.php → 1 records in 20389ms
2026-09-14 12:25:19,541 INFO HTTP Request: GET http://api.brsapi.ir/Tsetmc/Nav.php?key=Bk7JvdJZBHJ9DMhzeuTfWjwqYy1wMsif&l18=%D9%81%D8%A7%D8%AE%D8%B1 "HTTP/1.1 200 OK"
2026-09-14 12:25:19,550 INFO Synced /Tsetmc/Nav.php → 1 records in 20642ms
2026-09-14 12:25:51,055 INFO HTTP Request: GET http://api.brsapi.ir/Tsetmc/Nav.php?key=Bk7JvdJZBHJ9DMhzeuTfWjwqYy1wMsif&l18=%D9%81%D8%A7%D8%B1%D9%85%D8%A7+%DA%A9%DB%8C%D8%A7%D9%86 "HTTP/1.1 200 OK"
2026-09-14 12:25:51,065 INFO Synced /Tsetmc/Nav.php → 1 records in 20493ms
2026-09-14 12:26:22,489 INFO HTTP Request: GET http://api.brsapi.ir/Tsetmc/Nav.php?key=Bk7JvdJZBHJ9DMhzeuTfWjwqYy1wMsif&l18=%D9%81%D8%A7%D8%B1%D9%85%D8%A7%D9%86%DB%8C "HTTP/1.1 200 OK"
2026-09-14 12:26:22,503 INFO Synced /Tsetmc/Nav.php → 1 records in 20417ms
2026-09-14 12:26:22,503 INFO NAV sync progress: 240/344 symbols (224 ok, 16 fail)
2026-09-14 12:26:54,011 INFO HTTP Request: GET http://api.brsapi.ir/Tsetmc/Nav.php?key=Bk7JvdJZBHJ9DMhzeuTfWjwqYy1wMsif&l18=%D9%81%D8%B1%D8%A7+%D8%A7%D9%84%DA%AF%D9%88%D8%B1%DB%8C%D8%AA%D9%85 "HTTP/1.1 200 OK"
2026-09-14 12:26:54,019 INFO Synced /Tsetmc/Nav.php → 1 records in 20500ms
2026-09-14 12:27:25,492 INFO HTTP Request: GET http://api.brsapi.ir/Tsetmc/Nav.php?key=Bk7JvdJZBHJ9DMhzeuTfWjwqYy1wMsif&l18=%D9%81%D8%B1%D8%A7%D8%B2 "HTTP/1.1 200 OK"
2026-09-14 12:27:25,504 INFO Synced /Tsetmc/Nav.php → 1 records in 20467ms
2026-09-14 12:27:57,077 INFO HTTP Request: GET http://api.brsapi.ir/Tsetmc/Nav.php?key=Bk7JvdJZBHJ9DMhzeuTfWjwqYy1wMsif&l18=%D9%81%D8%B1%D8%AF%D8%A7 "HTTP/1.1 200 OK"
2026-09-14 12:27:57,084 INFO Synced /Tsetmc/Nav.php → 1 records in 20567ms
2026-09-14 12:28:28,552 INFO HTTP Request: GET http://api.brsapi.ir/Tsetmc/Nav.php?key=Bk7JvdJZBHJ9DMhzeuTfWjwqYy1wMsif&l18=%D9%81%D8%B1%D8%B5%D8%AA "HTTP/1.1 200 OK"
2026-09-14 12:28:28,563 INFO Synced /Tsetmc/Nav.php → 1 records in 20466ms
2026-09-14 12:29:00,451 INFO HTTP Request: GET http://api.brsapi.ir/Tsetmc/Nav.php?key=Bk7JvdJZBHJ9DMhzeuTfWjwqYy1wMsif&l18=%D9%81%D9%84%D8%B2%D8%A7 "HTTP/1.1 200 OK"
2026-09-14 12:29:00,458 INFO Synced /Tsetmc/Nav.php → 1 records in 20876ms
2026-09-14 12:29:31,988 INFO HTTP Request: GET http://api.brsapi.ir/Tsetmc/Nav.php?key=Bk7JvdJZBHJ9DMhzeuTfWjwqYy1wMsif&l18=%D9%81%D9%84%D8%B2%D9%81%D8%A7%D8%B1%D8%A7%D8%A8%DB%8C "HTTP/1.1 200 OK"
2026-09-14 12:29:31,996 INFO Synced /Tsetmc/Nav.php → 1 records in 20524ms
2026-09-14 12:30:03,510 INFO HTTP Request: GET http://api.brsapi.ir/Tsetmc/Nav.php?key=Bk7JvdJZBHJ9DMhzeuTfWjwqYy1wMsif&l18=%D9%81%DB%8C%D8%B1%D9%88%D8%B2%D8%A7 "HTTP/1.1 200 OK"
2026-09-14 12:30:03,519 INFO Synced /Tsetmc/Nav.php → 1 records in 20503ms
2026-09-14 12:30:35,125 INFO HTTP Request: GET http://api.brsapi.ir/Tsetmc/Nav.php?key=Bk7JvdJZBHJ9DMhzeuTfWjwqYy1wMsif&l18=%D9%81%DB%8C%D8%B1%D9%88%D8%B2%D9%87 "HTTP/1.1 200 OK"
2026-09-14 12:30:35,134 INFO Synced /Tsetmc/Nav.php → 1 records in 20593ms
2026-09-14 12:31:06,646 INFO HTTP Request: GET http://api.brsapi.ir/Tsetmc/Nav.php?key=Bk7JvdJZBHJ9DMhzeuTfWjwqYy1wMsif&l18=%D9%82%D9%84%DA%A9+%DA%AF%D9%84%D8%AF "HTTP/1.1 200 OK"
2026-09-14 12:31:06,658 INFO Synced /Tsetmc/Nav.php → 1 records in 20497ms
2026-09-14 12:31:38,155 INFO HTTP Request: GET http://api.brsapi.ir/Tsetmc/Nav.php?key=Bk7JvdJZBHJ9DMhzeuTfWjwqYy1wMsif&l18=%D9%82%DB%8C%D8%B1%D8%A7%D8%B7 "HTTP/1.1 200 OK"
2026-09-14 12:31:38,165 INFO Synced /Tsetmc/Nav.php → 1 records in 20487ms
2026-09-14 12:31:38,166 INFO NAV sync progress: 250/344 symbols (234 ok, 16 fail)
2026-09-14 12:32:10,002 INFO HTTP Request: GET http://api.brsapi.ir/Tsetmc/Nav.php?key=Bk7JvdJZBHJ9DMhzeuTfWjwqYy1wMsif&l18=%DA%A9%D8%A7%D8%AC "HTTP/1.1 200 OK"
2026-09-14 12:32:10,012 INFO Synced /Tsetmc/Nav.php → 1 records in 20835ms
2026-09-14 12:32:41,645 INFO HTTP Request: GET http://api.brsapi.ir/Tsetmc/Nav.php?key=Bk7JvdJZBHJ9DMhzeuTfWjwqYy1wMsif&l18=%DA%A9%D8%A7%D8%AE "HTTP/1.1 200 OK"
2026-09-14 12:32:41,652 INFO Synced /Tsetmc/Nav.php → 1 records in 20618ms
2026-09-14 12:33:13,053 INFO HTTP Request: GET http://api.brsapi.ir/Tsetmc/Nav.php?key=Bk7JvdJZBHJ9DMhzeuTfWjwqYy1wMsif&l18=%DA%A9%D8%A7%D8%B1%D8%A7 "HTTP/1.1 200 OK"
2026-09-14 12:33:13,063 INFO Synced /Tsetmc/Nav.php → 1 records in 20396ms
2026-09-14 12:33:44,577 INFO HTTP Request: GET http://api.brsapi.ir/Tsetmc/Nav.php?key=Bk7JvdJZBHJ9DMhzeuTfWjwqYy1wMsif&l18=%DA%A9%D8%A7%D8%B1%D8%A2%D9%85%D8%AF "HTTP/1.1 200 OK"
2026-09-14 12:33:44,586 INFO Synced /Tsetmc/Nav.php → 1 records in 20506ms
2026-09-14 12:34:16,000 INFO HTTP Request: GET http://api.brsapi.ir/Tsetmc/Nav.php?key=Bk7JvdJZBHJ9DMhzeuTfWjwqYy1wMsif&l18=%DA%A9%D8%A7%D8%B1%D8%AF%D8%A7%D9%86 "HTTP/1.1 200 OK"
2026-09-14 12:34:16,009 INFO Synced /Tsetmc/Nav.php → 1 records in 20408ms
2026-09-14 12:34:47,427 INFO HTTP Request: GET http://api.brsapi.ir/Tsetmc/Nav.php?key=Bk7JvdJZBHJ9DMhzeuTfWjwqYy1wMsif&l18=%DA%A9%D8%A7%D8%B1%D9%85%D8%A7 "HTTP/1.1 200 OK"
2026-09-14 12:34:47,436 INFO Synced /Tsetmc/Nav.php → 1 records in 20401ms
2026-09-14 12:35:18,963 INFO HTTP Request: GET http://api.brsapi.ir/Tsetmc/Nav.php?key=Bk7JvdJZBHJ9DMhzeuTfWjwqYy1wMsif&l18=%DA%A9%D8%A7%D8%B1%DB%8C%D8%B3 "HTTP/1.1 200 OK"
2026-09-14 12:35:18,975 INFO Synced /Tsetmc/Nav.php → 1 records in 20519ms
2026-09-14 12:35:50,482 INFO HTTP Request: GET http://api.brsapi.ir/Tsetmc/Nav.php?key=Bk7JvdJZBHJ9DMhzeuTfWjwqYy1wMsif&l18=%DA%A9%D8%A7%D8%B1%DB%8C%D9%86 "HTTP/1.1 200 OK"
2026-09-14 12:35:50,490 INFO Synced /Tsetmc/Nav.php → 1 records in 20502ms
2026-09-14 12:36:21,942 INFO HTTP Request: GET http://api.brsapi.ir/Tsetmc/Nav.php?key=Bk7JvdJZBHJ9DMhzeuTfWjwqYy1wMsif&l18=%DA%A9%D8%A7%D8%B4%D8%A7%D9%86%D9%87 "HTTP/1.1 200 OK"
2026-09-14 12:36:21,952 INFO Synced /Tsetmc/Nav.php → 1 records in 20442ms
2026-09-14 12:36:53,507 INFO HTTP Request: GET http://api.brsapi.ir/Tsetmc/Nav.php?key=Bk7JvdJZBHJ9DMhzeuTfWjwqYy1wMsif&l18=%DA%A9%D8%A7%D9%85%DB%8C%D8%A7%D8%A8 "HTTP/1.1 200 OK"
2026-09-14 12:36:53,516 INFO Synced /Tsetmc/Nav.php → 1 records in 20541ms
2026-09-14 12:36:53,516 INFO NAV sync progress: 260/344 symbols (244 ok, 16 fail)
2026-09-14 12:37:25,411 INFO HTTP Request: GET http://api.brsapi.ir/Tsetmc/Nav.php?key=Bk7JvdJZBHJ9DMhzeuTfWjwqYy1wMsif&l18=%DA%A9%D9%84%DB%8C%D8%AF "HTTP/1.1 200 OK"
2026-09-14 12:37:25,420 INFO Synced /Tsetmc/Nav.php → 1 records in 20878ms
2026-09-14 12:37:57,589 INFO HTTP Request: GET http://api.brsapi.ir/Tsetmc/Nav.php?key=Bk7JvdJZBHJ9DMhzeuTfWjwqYy1wMsif&l18=%DA%A9%D9%85%D8%A7%D9%86 "HTTP/1.1 502 Bad Gateway"
2026-09-14 12:37:57,590 WARNING HTTP 502 – retry after 5.0s (attempt 1/4) - retrying in 5.0s
2026-09-14 12:38:03,552 INFO HTTP Request: GET http://api.brsapi.ir/Tsetmc/Nav.php?key=Bk7JvdJZBHJ9DMhzeuTfWjwqYy1wMsif&l18=%DA%A9%D9%85%D8%A7%D9%86 "HTTP/1.1 502 Bad Gateway"
2026-09-14 12:38:03,553 WARNING HTTP 502 – retry after 5.0s (attempt 2/4) - retrying in 5.0s
2026-09-14 12:38:11,077 INFO HTTP Request: GET http://api.brsapi.ir/Tsetmc/Nav.php?key=Bk7JvdJZBHJ9DMhzeuTfWjwqYy1wMsif&l18=%DA%A9%D9%85%D8%A7%D9%86 "HTTP/1.1 502 Bad Gateway"
2026-09-14 12:38:11,078 WARNING HTTP 502 – retry after 5.0s (attempt 3/4) - retrying in 5.0s
2026-09-14 12:38:18,090 INFO HTTP Request: GET http://api.brsapi.ir/Tsetmc/Nav.php?key=Bk7JvdJZBHJ9DMhzeuTfWjwqYy1wMsif&l18=%DA%A9%D9%85%D8%A7%D9%86 "HTTP/1.1 502 Bad Gateway"
2026-09-14 12:38:18,091 WARNING HTTP 502 – retry after 5.0s (attempt 4/4) - no retries left
2026-09-14 12:38:18,093 WARNING NAV sync failed for کمان: All retries exhausted: HTTP 502 – retry after 5.0s
2026-09-14 12:38:49,494 INFO HTTP Request: GET http://api.brsapi.ir/Tsetmc/Nav.php?key=Bk7JvdJZBHJ9DMhzeuTfWjwqYy1wMsif&l18=%DA%A9%D9%85%D9%86%D8%AF "HTTP/1.1 200 OK"
2026-09-14 12:38:49,501 INFO Synced /Tsetmc/Nav.php → 1 records in 20400ms
2026-09-14 12:39:21,119 INFO HTTP Request: GET http://api.brsapi.ir/Tsetmc/Nav.php?key=Bk7JvdJZBHJ9DMhzeuTfWjwqYy1wMsif&l18=%DA%A9%D9%87%D8%B1%D8%A8%D8%A7 "HTTP/1.1 200 OK"
2026-09-14 12:39:21,132 INFO Synced /Tsetmc/Nav.php → 1 records in 20610ms
2026-09-14 12:39:52,557 INFO HTTP Request: GET http://api.brsapi.ir/Tsetmc/Nav.php?key=Bk7JvdJZBHJ9DMhzeuTfWjwqYy1wMsif&l18=%DA%A9%D9%88%D8%A7%D9%86%D8%AA%D9%88%D9%85 "HTTP/1.1 200 OK"
2026-09-14 12:39:52,565 INFO Synced /Tsetmc/Nav.php → 1 records in 20419ms
2026-09-14 12:40:24,037 INFO HTTP Request: GET http://api.brsapi.ir/Tsetmc/Nav.php?key=Bk7JvdJZBHJ9DMhzeuTfWjwqYy1wMsif&l18=%DA%A9%DB%8C%D8%A7%D9%86 "HTTP/1.1 200 OK"
2026-09-14 12:40:24,045 INFO Synced /Tsetmc/Nav.php → 1 records in 20469ms
2026-09-14 12:40:55,719 INFO HTTP Request: GET http://api.brsapi.ir/Tsetmc/Nav.php?key=Bk7JvdJZBHJ9DMhzeuTfWjwqYy1wMsif&l18=%DA%AF%D8%A7%D8%B1%D8%A7%D9%86%D8%AA%DB%8C "HTTP/1.1 200 OK"
2026-09-14 12:40:55,727 INFO Synced /Tsetmc/Nav.php → 1 records in 20660ms
2026-09-14 12:41:27,849 INFO HTTP Request: GET http://api.brsapi.ir/Tsetmc/Nav.php?key=Bk7JvdJZBHJ9DMhzeuTfWjwqYy1wMsif&l18=%DA%AF%D9%84%D8%AF%D8%A7 "HTTP/1.1 200 OK"
2026-09-14 12:41:27,857 INFO Synced /Tsetmc/Nav.php → 1 records in 21113ms
2026-09-14 12:41:59,409 INFO HTTP Request: GET http://api.brsapi.ir/Tsetmc/Nav.php?key=Bk7JvdJZBHJ9DMhzeuTfWjwqYy1wMsif&l18=%DA%AF%D9%84%D8%AF%DB%8C%D8%B3 "HTTP/1.1 200 OK"
2026-09-14 12:41:59,417 INFO Synced /Tsetmc/Nav.php → 1 records in 20540ms
2026-09-14 12:42:30,997 INFO HTTP Request: GET http://api.brsapi.ir/Tsetmc/Nav.php?key=Bk7JvdJZBHJ9DMhzeuTfWjwqYy1wMsif&l18=%DA%AF%D9%86%D8%AC "HTTP/1.1 200 OK"
2026-09-14 12:42:31,005 INFO Synced /Tsetmc/Nav.php → 1 records in 20564ms
2026-09-14 12:42:31,005 INFO NAV sync progress: 270/344 symbols (253 ok, 17 fail)
2026-09-14 12:43:02,826 INFO HTTP Request: GET http://api.brsapi.ir/Tsetmc/Nav.php?key=Bk7JvdJZBHJ9DMhzeuTfWjwqYy1wMsif&l18=%DA%AF%D9%86%D8%AC%DB%8C%D9%86 "HTTP/1.1 200 OK"
2026-09-14 12:43:02,893 INFO Synced /Tsetmc/Nav.php → 1 records in 20449ms
2026-09-14 12:43:34,428 INFO HTTP Request: GET http://api.brsapi.ir/Tsetmc/Nav.php?key=Bk7JvdJZBHJ9DMhzeuTfWjwqYy1wMsif&l18=%DA%AF%D9%86%D8%AC%DB%8C%D9%86%D9%87 "HTTP/1.1 200 OK"
2026-09-14 12:43:34,440 INFO Synced /Tsetmc/Nav.php → 1 records in 20526ms
2026-09-14 12:44:05,885 INFO HTTP Request: GET http://api.brsapi.ir/Tsetmc/Nav.php?key=Bk7JvdJZBHJ9DMhzeuTfWjwqYy1wMsif&l18=%DA%AF%D9%88%D9%87%D8%B1 "HTTP/1.1 200 OK"
2026-09-14 12:44:05,894 INFO Synced /Tsetmc/Nav.php → 1 records in 20438ms
2026-09-14 12:44:37,329 INFO HTTP Request: GET http://api.brsapi.ir/Tsetmc/Nav.php?key=Bk7JvdJZBHJ9DMhzeuTfWjwqYy1wMsif&l18=%D9%84%D8%A8%D8%AE%D9%86%D8%AF "HTTP/1.1 200 OK"
2026-09-14 12:44:37,337 INFO Synced /Tsetmc/Nav.php → 1 records in 20420ms
2026-09-14 12:45:08,764 INFO HTTP Request: GET http://api.brsapi.ir/Tsetmc/Nav.php?key=Bk7JvdJZBHJ9DMhzeuTfWjwqYy1wMsif&l18=%D9%84%D8%B0%DB%8C%D8%B0 "HTTP/1.1 200 OK"
2026-09-14 12:45:08,772 INFO Synced /Tsetmc/Nav.php → 1 records in 20416ms
2026-09-14 12:45:40,208 INFO HTTP Request: GET http://api.brsapi.ir/Tsetmc/Nav.php?key=Bk7JvdJZBHJ9DMhzeuTfWjwqYy1wMsif&l18=%D9%84%DB%8C%D8%A7%D9%86 "HTTP/1.1 200 OK"
2026-09-14 12:45:40,216 INFO Synced /Tsetmc/Nav.php → 1 records in 20430ms
2026-09-14 12:46:11,912 INFO HTTP Request: GET http://api.brsapi.ir/Tsetmc/Nav.php?key=Bk7JvdJZBHJ9DMhzeuTfWjwqYy1wMsif&l18=%D9%85%D8%A7%DA%A9%D8%A7%D9%86 "HTTP/1.1 200 OK"
2026-09-14 12:46:11,922 INFO Synced /Tsetmc/Nav.php → 1 records in 20687ms
2026-09-14 12:46:43,436 INFO HTTP Request: GET http://api.brsapi.ir/Tsetmc/Nav.php?key=Bk7JvdJZBHJ9DMhzeuTfWjwqYy1wMsif&l18=%D9%85%D8%A7%D9%84%DA%A9+%D8%A2%D8%AA%DB%8C%D9%87 "HTTP/1.1 200 OK"
2026-09-14 12:47:15,366 INFO HTTP Request: GET http://api.brsapi.ir/Tsetmc/Nav.php?key=Bk7JvdJZBHJ9DMhzeuTfWjwqYy1wMsif&l18=%D9%85%D8%A7%D9%86%D8%A7 "HTTP/1.1 200 OK"
2026-09-14 12:47:15,372 INFO Synced /Tsetmc/Nav.php → 1 records in 20920ms
2026-09-14 12:47:46,925 INFO HTTP Request: GET http://api.brsapi.ir/Tsetmc/Nav.php?key=Bk7JvdJZBHJ9DMhzeuTfWjwqYy1wMsif&l18=%D9%85%D8%A7%D9%86%DB%8C "HTTP/1.1 200 OK"
2026-09-14 12:47:46,933 INFO Synced /Tsetmc/Nav.php → 1 records in 20548ms
2026-09-14 12:47:46,933 INFO NAV sync progress: 280/344 symbols (263 ok, 17 fail)
2026-09-14 12:48:18,574 INFO HTTP Request: GET http://api.brsapi.ir/Tsetmc/Nav.php?key=Bk7JvdJZBHJ9DMhzeuTfWjwqYy1wMsif&l18=%D9%85%D8%A7%D9%87%D9%88%D8%B1 "HTTP/1.1 200 OK"
2026-09-14 12:48:18,583 INFO Synced /Tsetmc/Nav.php → 1 records in 20630ms
2026-09-14 12:48:50,039 INFO HTTP Request: GET http://api.brsapi.ir/Tsetmc/Nav.php?key=Bk7JvdJZBHJ9DMhzeuTfWjwqYy1wMsif&l18=%D9%85%D8%AA%D8%A7%D9%84 "HTTP/1.1 200 OK"
2026-09-14 12:48:50,048 INFO Synced /Tsetmc/Nav.php → 1 records in 20452ms
2026-09-14 12:49:21,473 INFO HTTP Request: GET http://api.brsapi.ir/Tsetmc/Nav.php?key=Bk7JvdJZBHJ9DMhzeuTfWjwqYy1wMsif&l18=%D9%85%D8%AB%D9%82%D8%A7%D9%84 "HTTP/1.1 200 OK"
2026-09-14 12:49:21,483 INFO Synced /Tsetmc/Nav.php → 1 records in 20416ms
2026-09-14 12:49:52,888 INFO HTTP Request: GET http://api.brsapi.ir/Tsetmc/Nav.php?key=Bk7JvdJZBHJ9DMhzeuTfWjwqYy1wMsif&l18=%D9%85%D8%AE%D8%AA%D9%84%D8%B7 "HTTP/1.1 200 OK"
2026-09-14 12:49:52,897 INFO Synced /Tsetmc/Nav.php → 1 records in 20397ms
2026-09-14 12:50:24,409 INFO HTTP Request: GET http://api.brsapi.ir/Tsetmc/Nav.php?key=Bk7JvdJZBHJ9DMhzeuTfWjwqYy1wMsif&l18=%D9%85%D8%AF%DB%8C%D8%B1 "HTTP/1.1 200 OK"
2026-09-14 12:50:24,418 INFO Synced /Tsetmc/Nav.php → 1 records in 20486ms
2026-09-14 12:50:56,064 INFO HTTP Request: GET http://api.brsapi.ir/Tsetmc/Nav.php?key=Bk7JvdJZBHJ9DMhzeuTfWjwqYy1wMsif&l18=%D9%85%D8%B1%D9%88%D8%A7%D8%B1%DB%8C%D8%AF "HTTP/1.1 200 OK"
2026-09-14 12:50:56,090 INFO Synced /Tsetmc/Nav.php → 1 records in 20631ms
2026-09-14 12:51:28,291 INFO HTTP Request: GET http://api.brsapi.ir/Tsetmc/Nav.php?key=Bk7JvdJZBHJ9DMhzeuTfWjwqYy1wMsif&l18=%D9%85%D8%B2%D9%87 "HTTP/1.1 200 OK"
2026-09-14 12:51:28,347 INFO Synced /Tsetmc/Nav.php → 1 records in 21226ms
2026-09-14 12:52:01,196 INFO HTTP Request: GET http://api.brsapi.ir/Tsetmc/Nav.php?key=Bk7JvdJZBHJ9DMhzeuTfWjwqYy1wMsif&l18=%D9%85%D8%B3%DA%AF%D9%88%D9%86 "HTTP/1.1 200 OK"
2026-09-14 12:52:01,268 INFO Synced /Tsetmc/Nav.php → 1 records in 21860ms
2026-09-14 12:52:32,698 INFO HTTP Request: GET http://api.brsapi.ir/Tsetmc/Nav.php?key=Bk7JvdJZBHJ9DMhzeuTfWjwqYy1wMsif&l18=%D9%85%D8%B9%D8%AF%D9%86 "HTTP/1.1 200 OK"
2026-09-14 12:52:32,705 INFO Synced /Tsetmc/Nav.php → 1 records in 20427ms
2026-09-14 12:53:06,244 INFO HTTP Request: GET http://api.brsapi.ir/Tsetmc/Nav.php?key=Bk7JvdJZBHJ9DMhzeuTfWjwqYy1wMsif&l18=%D9%85%D9%87%D8%B1%DA%AF%D9%84%D8%AF "HTTP/1.1 200 OK"
2026-09-14 12:53:06,258 INFO Synced /Tsetmc/Nav.php → 1 records in 22533ms
2026-09-14 12:53:06,258 INFO NAV sync progress: 290/344 symbols (273 ok, 17 fail)
2026-09-14 12:53:37,755 INFO HTTP Request: GET http://api.brsapi.ir/Tsetmc/Nav.php?key=Bk7JvdJZBHJ9DMhzeuTfWjwqYy1wMsif&l18=%D9%85%D9%88%D8%AC "HTTP/1.1 200 OK"
2026-09-14 12:53:37,765 INFO Synced /Tsetmc/Nav.php → 1 records in 20478ms
2026-09-14 12:54:09,621 INFO HTTP Request: GET http://api.brsapi.ir/Tsetmc/Nav.php?key=Bk7JvdJZBHJ9DMhzeuTfWjwqYy1wMsif&l18=%D9%85%DB%8C%D8%B1%D8%A7%D8%AB "HTTP/1.1 200 OK"
2026-09-14 12:54:09,634 INFO Synced /Tsetmc/Nav.php → 1 records in 20846ms
2026-09-14 12:54:41,271 INFO HTTP Request: GET http://api.brsapi.ir/Tsetmc/Nav.php?key=Bk7JvdJZBHJ9DMhzeuTfWjwqYy1wMsif&l18=%D9%86%D8%A7%D8%A8 "HTTP/1.1 200 OK"
2026-09-14 12:54:41,283 INFO Synced /Tsetmc/Nav.php → 1 records in 20612ms
2026-09-14 12:55:12,834 INFO HTTP Request: GET http://api.brsapi.ir/Tsetmc/Nav.php?key=Bk7JvdJZBHJ9DMhzeuTfWjwqYy1wMsif&l18=%D9%86%D8%A7%D8%B1%D9%86%D8%AC+%D8%A7%D9%87%D8%B1%D9%85 "HTTP/1.1 200 OK"
2026-09-14 12:55:12,842 INFO Synced /Tsetmc/Nav.php → 1 records in 20543ms
2026-09-14 12:55:44,342 INFO HTTP Request: GET http://api.brsapi.ir/Tsetmc/Nav.php?key=Bk7JvdJZBHJ9DMhzeuTfWjwqYy1wMsif&l18=%D9%86%D8%A7%D8%B1%DB%8C%D9%86 "HTTP/1.1 200 OK"
2026-09-14 12:55:44,350 INFO Synced /Tsetmc/Nav.php → 1 records in 20490ms
2026-09-14 12:56:17,445 INFO HTTP Request: GET http://api.brsapi.ir/Tsetmc/Nav.php?key=Bk7JvdJZBHJ9DMhzeuTfWjwqYy1wMsif&l18=%D9%86%D8%A7%D9%88%DA%AF%D8%A7%D9%86 "HTTP/1.1 200 OK"
2026-09-14 12:56:17,460 INFO Synced /Tsetmc/Nav.php → 1 records in 22095ms
2026-09-14 12:56:49,614 INFO HTTP Request: GET http://api.brsapi.ir/Tsetmc/Nav.php?key=Bk7JvdJZBHJ9DMhzeuTfWjwqYy1wMsif&l18=%D9%86%D8%A8%D8%A7%D8%AA "HTTP/1.1 200 OK"
2026-09-14 12:56:49,626 INFO Synced /Tsetmc/Nav.php → 1 records in 21140ms
2026-09-14 12:57:21,269 INFO HTTP Request: GET http://api.brsapi.ir/Tsetmc/Nav.php?key=Bk7JvdJZBHJ9DMhzeuTfWjwqYy1wMsif&l18=%D9%86%D8%AE%D9%84 "HTTP/1.1 200 OK"
2026-09-14 12:57:21,281 INFO Synced /Tsetmc/Nav.php → 1 records in 20635ms
2026-09-14 12:57:52,769 INFO HTTP Request: GET http://api.brsapi.ir/Tsetmc/Nav.php?key=Bk7JvdJZBHJ9DMhzeuTfWjwqYy1wMsif&l18=%D9%86%D8%B4%D8%A7%D9%86 "HTTP/1.1 200 OK"
2026-09-14 12:57:52,785 INFO Synced /Tsetmc/Nav.php → 1 records in 20483ms
2026-09-14 12:58:24,611 INFO HTTP Request: GET http://api.brsapi.ir/Tsetmc/Nav.php?key=Bk7JvdJZBHJ9DMhzeuTfWjwqYy1wMsif&l18=%D9%86%D9%81%D8%AA%D9%88%D8%AF%D8%A7%D8%B1%DB%8C%D9%88%D8%B4 "HTTP/1.1 200 OK"
2026-09-14 12:58:24,635 INFO Synced /Tsetmc/Nav.php → 1 records in 20826ms
2026-09-14 12:58:24,638 INFO NAV sync progress: 300/344 symbols (283 ok, 17 fail)
2026-09-14 12:58:56,152 INFO HTTP Request: GET http://api.brsapi.ir/Tsetmc/Nav.php?key=Bk7JvdJZBHJ9DMhzeuTfWjwqYy1wMsif&l18=%D9%86%D9%81%DB%8C%D8%B3 "HTTP/1.1 200 OK"
2026-09-14 12:58:56,179 INFO Synced /Tsetmc/Nav.php → 1 records in 20514ms
2026-09-14 12:59:28,866 INFO HTTP Request: GET http://api.brsapi.ir/Tsetmc/Nav.php?key=Bk7JvdJZBHJ9DMhzeuTfWjwqYy1wMsif&l18=%D9%86%D9%82%D8%B1%D8%A7 "HTTP/1.1 502 Bad Gateway"
2026-09-14 12:59:28,882 WARNING HTTP 502 – retry after 5.0s (attempt 1/4) - retrying in 5.0s
2026-09-14 12:59:34,749 INFO HTTP Request: GET http://api.brsapi.ir/Tsetmc/Nav.php?key=Bk7JvdJZBHJ9DMhzeuTfWjwqYy1wMsif&l18=%D9%86%D9%82%D8%B1%D8%A7 "HTTP/1.1 502 Bad Gateway"
2026-09-14 12:59:34,781 WARNING HTTP 502 – retry after 5.0s (attempt 2/4) - retrying in 5.0s
2026-09-14 12:59:40,693 INFO HTTP Request: GET http://api.brsapi.ir/Tsetmc/Nav.php?key=Bk7JvdJZBHJ9DMhzeuTfWjwqYy1wMsif&l18=%D9%86%D9%82%D8%B1%D8%A7 "HTTP/1.1 502 Bad Gateway"
2026-09-14 12:59:40,699 WARNING HTTP 502 – retry after 5.0s (attempt 3/4) - retrying in 5.0s
2026-09-14 12:59:46,601 INFO HTTP Request: GET http://api.brsapi.ir/Tsetmc/Nav.php?key=Bk7JvdJZBHJ9DMhzeuTfWjwqYy1wMsif&l18=%D9%86%D9%82%D8%B1%D8%A7 "HTTP/1.1 502 Bad Gateway"
2026-09-14 12:59:46,615 WARNING HTTP 502 – retry after 5.0s (attempt 4/4) - no retries left
2026-09-14 12:59:46,705 WARNING NAV sync failed for نقرا: All retries exhausted: HTTP 502 – retry after 5.0s
2026-09-14 13:00:18,635 INFO HTTP Request: GET http://api.brsapi.ir/Tsetmc/Nav.php?key=Bk7JvdJZBHJ9DMhzeuTfWjwqYy1wMsif&l18=%D9%86%D9%82%D8%B1%D8%A7%D8%A8%DB%8C "HTTP/1.1 200 OK"
2026-09-14 13:00:18,674 INFO Synced /Tsetmc/Nav.php → 1 records in 20925ms
2026-09-14 13:00:50,381 INFO HTTP Request: GET http://api.brsapi.ir/Tsetmc/Nav.php?key=Bk7JvdJZBHJ9DMhzeuTfWjwqYy1wMsif&l18=%D9%86%D9%82%D8%B1%D8%A7%D8%B7 "HTTP/1.1 200 OK"
2026-09-14 13:00:50,390 INFO Synced /Tsetmc/Nav.php → 1 records in 20691ms
2026-09-14 13:01:21,918 INFO HTTP Request: GET http://api.brsapi.ir/Tsetmc/Nav.php?key=Bk7JvdJZBHJ9DMhzeuTfWjwqYy1wMsif&l18=%D9%86%D9%82%D8%B1%D8%A2%D9%85%D8%AF "HTTP/1.1 200 OK"
2026-09-14 13:01:21,941 INFO Synced /Tsetmc/Nav.php → 1 records in 20492ms
2026-09-14 13:01:53,760 INFO HTTP Request: GET http://api.brsapi.ir/Tsetmc/Nav.php?key=Bk7JvdJZBHJ9DMhzeuTfWjwqYy1wMsif&l18=%D9%86%D9%82%D8%B1%D8%A7%D9%86 "HTTP/1.1 200 OK"
2026-09-14 13:01:53,787 INFO Synced /Tsetmc/Nav.php → 1 records in 20799ms
2026-09-14 13:02:25,298 INFO HTTP Request: GET http://api.brsapi.ir/Tsetmc/Nav.php?key=Bk7JvdJZBHJ9DMhzeuTfWjwqYy1wMsif&l18=%D9%86%D9%82%D8%B1%D8%B3%D8%A7 "HTTP/1.1 200 OK"
2026-09-14 13:02:25,326 INFO Synced /Tsetmc/Nav.php → 1 records in 20501ms
2026-09-14 13:02:56,999 INFO HTTP Request: GET http://api.brsapi.ir/Tsetmc/Nav.php?key=Bk7JvdJZBHJ9DMhzeuTfWjwqYy1wMsif&l18=%D9%86%D9%82%D8%B1%D9%81%D8%A7%D9%85 "HTTP/1.1 200 OK"
2026-09-14 13:02:57,030 INFO Synced /Tsetmc/Nav.php → 1 records in 20673ms
2026-09-14 13:03:28,853 INFO HTTP Request: GET http://api.brsapi.ir/Tsetmc/Nav.php?key=Bk7JvdJZBHJ9DMhzeuTfWjwqYy1wMsif&l18=%D9%86%D9%82%D8%B1%DB%8C%D9%86 "HTTP/1.1 200 OK"
2026-09-14 13:03:28,871 INFO Synced /Tsetmc/Nav.php → 1 records in 20822ms
2026-09-14 13:04:00,552 INFO HTTP Request: GET http://api.brsapi.ir/Tsetmc/Nav.php?key=Bk7JvdJZBHJ9DMhzeuTfWjwqYy1wMsif&l18=%D9%86%DA%AF%DB%8C%D9%86+%D9%81%D8%A7%D8%B1%D8%B3 "HTTP/1.1 200 OK"
2026-09-14 13:04:00,580 INFO Synced /Tsetmc/Nav.php → 1 records in 20687ms
2026-09-14 13:04:00,581 INFO NAV sync progress: 310/344 symbols (292 ok, 18 fail)
2026-09-14 13:04:36,377 INFO HTTP Request: GET http://api.brsapi.ir/Tsetmc/Nav.php?key=Bk7JvdJZBHJ9DMhzeuTfWjwqYy1wMsif&l18=%D9%86%D9%85%DA%A9 "HTTP/1.1 200 OK"
2026-09-14 13:04:37,569 INFO Synced /Tsetmc/Nav.php → 1 records in 25417ms
2026-09-14 13:05:10,152 INFO HTTP Request: GET http://api.brsapi.ir/Tsetmc/Nav.php?key=Bk7JvdJZBHJ9DMhzeuTfWjwqYy1wMsif&l18=%D9%86%D9%87%D8%A7%D9%84 "HTTP/1.1 200 OK"
2026-09-14 13:05:10,361 INFO Synced /Tsetmc/Nav.php → 1 records in 21534ms
2026-09-14 13:05:45,659 INFO HTTP Request: GET http://api.brsapi.ir/Tsetmc/Nav.php?key=Bk7JvdJZBHJ9DMhzeuTfWjwqYy1wMsif&l18=%D9%86%D9%88%D8%A2%D9%88%D8%B1 "HTTP/1.1 502 Bad Gateway"
2026-09-14 13:05:45,661 WARNING HTTP 502 – retry after 5.0s (attempt 1/4) - retrying in 5.0s
2026-09-14 13:05:51,831 INFO HTTP Request: GET http://api.brsapi.ir/Tsetmc/Nav.php?key=Bk7JvdJZBHJ9DMhzeuTfWjwqYy1wMsif&l18=%D9%86%D9%88%D8%A2%D9%88%D8%B1 "HTTP/1.1 502 Bad Gateway"
2026-09-14 13:05:51,833 WARNING HTTP 502 – retry after 5.0s (attempt 2/4) - retrying in 5.0s
2026-09-14 13:05:58,373 INFO HTTP Request: GET http://api.brsapi.ir/Tsetmc/Nav.php?key=Bk7JvdJZBHJ9DMhzeuTfWjwqYy1wMsif&l18=%D9%86%D9%88%D8%A2%D9%88%D8%B1 "HTTP/1.1 502 Bad Gateway"
2026-09-14 13:05:58,375 WARNING HTTP 502 – retry after 5.0s (attempt 3/4) - retrying in 5.0s
2026-09-14 13:06:06,251 INFO HTTP Request: GET http://api.brsapi.ir/Tsetmc/Nav.php?key=Bk7JvdJZBHJ9DMhzeuTfWjwqYy1wMsif&l18=%D9%86%D9%88%D8%A2%D9%88%D8%B1 "HTTP/1.1 502 Bad Gateway"
2026-09-14 13:06:06,426 WARNING HTTP 502 – retry after 5.0s (attempt 4/4) - no retries left
2026-09-14 13:06:07,206 WARNING NAV sync failed for نوآور: All retries exhausted: HTTP 502 – retry after 5.0s
2026-09-14 13:06:40,763 INFO HTTP Request: GET http://api.brsapi.ir/Tsetmc/Nav.php?key=Bk7JvdJZBHJ9DMhzeuTfWjwqYy1wMsif&l18=%D9%86%D9%88%DB%8C%D8%AF "HTTP/1.1 502 Bad Gateway"
2026-09-14 13:06:40,782 WARNING HTTP 502 – retry after 5.0s (attempt 1/4) - retrying in 5.0s
2026-09-14 13:06:47,195 INFO HTTP Request: GET http://api.brsapi.ir/Tsetmc/Nav.php?key=Bk7JvdJZBHJ9DMhzeuTfWjwqYy1wMsif&l18=%D9%86%D9%88%DB%8C%D8%AF "HTTP/1.1 502 Bad Gateway"
2026-09-14 13:06:47,211 WARNING HTTP 502 – retry after 5.0s (attempt 2/4) - retrying in 5.0s
2026-09-14 13:06:53,938 INFO HTTP Request: GET http://api.brsapi.ir/Tsetmc/Nav.php?key=Bk7JvdJZBHJ9DMhzeuTfWjwqYy1wMsif&l18=%D9%86%D9%88%DB%8C%D8%AF "HTTP/1.1 502 Bad Gateway"
2026-09-14 13:06:53,969 WARNING HTTP 502 – retry after 5.0s (attempt 3/4) - retrying in 5.0s
2026-09-14 13:07:00,321 INFO HTTP Request: GET http://api.brsapi.ir/Tsetmc/Nav.php?key=Bk7JvdJZBHJ9DMhzeuTfWjwqYy1wMsif&l18=%D9%86%D9%88%DB%8C%D8%AF "HTTP/1.1 502 Bad Gateway"
2026-09-14 13:07:00,330 WARNING HTTP 502 – retry after 5.0s (attempt 4/4) - no retries left
2026-09-14 13:07:03,399 WARNING NAV sync failed for نوید: All retries exhausted: HTTP 502 – retry after 5.0s
2026-09-14 13:07:36,660 INFO HTTP Request: GET http://api.brsapi.ir/Tsetmc/Nav.php?key=Bk7JvdJZBHJ9DMhzeuTfWjwqYy1wMsif&l18=%D9%86%DB%8C%D8%B1%D9%88%D8%A7%D9%86%D8%A7 "HTTP/1.1 200 OK"
2026-09-14 13:07:37,359 INFO Synced /Tsetmc/Nav.php → 1 records in 21906ms
2026-09-14 13:08:09,555 INFO HTTP Request: GET http://api.brsapi.ir/Tsetmc/Nav.php?key=Bk7JvdJZBHJ9DMhzeuTfWjwqYy1wMsif&l18=%D9%86%DB%8C%DA%A9+%DA%AF%D8%B3%D8%AA%D8%B1 "HTTP/1.1 200 OK"
2026-09-14 13:08:09,791 INFO Synced /Tsetmc/Nav.php → 1 records in 21179ms
2026-09-14 13:08:41,431 INFO HTTP Request: GET http://api.brsapi.ir/Tsetmc/Nav.php?key=Bk7JvdJZBHJ9DMhzeuTfWjwqYy1wMsif&l18=%D9%86%DB%8C%D9%84%DB%8C "HTTP/1.1 200 OK"
2026-09-14 13:08:41,602 INFO Synced /Tsetmc/Nav.php → 1 records in 20682ms
2026-09-14 13:09:13,300 INFO HTTP Request: GET http://api.brsapi.ir/Tsetmc/Nav.php?key=Bk7JvdJZBHJ9DMhzeuTfWjwqYy1wMsif&l18=%D9%87%D8%A7%D9%85%D8%B1%D8%B2 "HTTP/1.1 200 OK"
2026-09-14 13:09:13,415 INFO Synced /Tsetmc/Nav.php → 1 records in 20677ms
2026-09-14 13:09:45,185 INFO HTTP Request: GET http://api.brsapi.ir/Tsetmc/Nav.php?key=Bk7JvdJZBHJ9DMhzeuTfWjwqYy1wMsif&l18=%D9%87%D8%A7%D9%85%D9%88%D9%86 "HTTP/1.1 200 OK"
2026-09-14 13:09:45,652 ERROR Parse error for /Tsetmc/Nav.php
Traceback (most recent call last):
  File "C:\Users\Iran\AppData\Roaming\Python\Python314\site-packages\sqlalchemy\dialects\postgresql\asyncpg.py", line 550, in _prepare_and_execute
    self._rows = deque(await prepared_stmt.fetch(*parameters))
                             ~~~~~~~~~~~~~~~~~~~^^^^^^^^^^^^^
  File "C:\Users\Iran\AppData\Roaming\Python\Python314\site-packages\asyncpg\connresource.py", line 19, in _check
    self._check_conn_validity(meth.__name__)
    ~~~~~~~~~~~~~~~~~~~~~~~~~^^^^^^^^^^^^^^^
  File "C:\Users\Iran\AppData\Roaming\Python\Python314\site-packages\asyncpg\prepared_stmt.py", line 282, in _check_conn_validity
    super()._check_conn_validity(meth_name)
    ~~~~~~~~~~~~~~~~~~~~~~~~~~~~^^^^^^^^^^^
  File "C:\Users\Iran\AppData\Roaming\Python\Python314\site-packages\asyncpg\connresource.py", line 41, in _check_conn_validity
    raise exceptions.InterfaceError(
    ...<2 lines>...
            self.__class__.__name__, meth_name))
asyncpg.exceptions._base.InterfaceError: cannot call PreparedStatement.fetch(): the underlying connection is closed

The above exception was the direct cause of the following exception:

Traceback (most recent call last):
  File "C:\Users\Iran\AppData\Roaming\Python\Python314\site-packages\sqlalchemy\engine\base.py", line 1969, in _exec_single_context
    self.dialect.do_execute(
    ~~~~~~~~~~~~~~~~~~~~~~~^
        cursor, str_statement, effective_parameters, context
        ^^^^^^^^^^^^^^^^^^^^^^^^^^^^^^^^^^^^^^^^^^^^^^^^^^^^
    )
    ^
  File "C:\Users\Iran\AppData\Roaming\Python\Python314\site-packages\sqlalchemy\engine\default.py", line 952, in do_execute
    cursor.execute(statement, parameters)
    ~~~~~~~~~~~~~~^^^^^^^^^^^^^^^^^^^^^^^
  File "C:\Users\Iran\AppData\Roaming\Python\Python314\site-packages\sqlalchemy\dialects\postgresql\asyncpg.py", line 585, in execute
    self._adapt_connection.await_(
    ~~~~~~~~~~~~~~~~~~~~~~~~~~~~~^
        self._prepare_and_execute(operation, parameters)
        ^^^^^^^^^^^^^^^^^^^^^^^^^^^^^^^^^^^^^^^^^^^^^^^^
    )
    ^
  File "C:\Users\Iran\AppData\Roaming\Python\Python314\site-packages\sqlalchemy\util\_concurrency_py3k.py", line 132, in await_only
    return current.parent.switch(awaitable)  # type: ignore[no-any-return,attr-defined] # noqa: E501
           ~~~~~~~~~~~~~~~~~~~~~^^^^^^^^^^^
  File "C:\Users\Iran\AppData\Roaming\Python\Python314\site-packages\sqlalchemy\util\_concurrency_py3k.py", line 196, in greenlet_spawn
    value = await result
            ^^^^^^^^^^^^
  File "C:\Users\Iran\AppData\Roaming\Python\Python314\site-packages\sqlalchemy\dialects\postgresql\asyncpg.py", line 563, in _prepare_and_execute
    self._handle_exception(error)
    ~~~~~~~~~~~~~~~~~~~~~~^^^^^^^
  File "C:\Users\Iran\AppData\Roaming\Python\Python314\site-packages\sqlalchemy\dialects\postgresql\asyncpg.py", line 513, in _handle_exception
    self._adapt_connection._handle_exception(error)
    ~~~~~~~~~~~~~~~~~~~~~~~~~~~~~~~~~~~~~~~~^^^^^^^
  File "C:\Users\Iran\AppData\Roaming\Python\Python314\site-packages\sqlalchemy\dialects\postgresql\asyncpg.py", line 797, in _handle_exception
    raise translated_error from error
sqlalchemy.dialects.postgresql.asyncpg.AsyncAdapt_asyncpg_dbapi.InterfaceError: <class 'asyncpg.exceptions._base.InterfaceError'>: cannot call PreparedStatement.fetch(): the underlying connection is closed

The above exception was the direct cause of the following exception:

Traceback (most recent call last):
  File "C:\Users\Iran\Desktop\temce\brsapi\services\sync_service.py", line 407, in sync
    parsed = await parsed
             ^^^^^^^^^^^^
  File "C:\Users\Iran\Desktop\temce\brsapi\services\sync_service.py", line 637, in _parse_with_ins_id
    await session.execute(
    ...<6 lines>...
    )
  File "C:\Users\Iran\AppData\Roaming\Python\Python314\site-packages\sqlalchemy\ext\asyncio\session.py", line 448, in execute
    result = await greenlet_spawn(
             ^^^^^^^^^^^^^^^^^^^^^
    ...<6 lines>...
    )
    ^
  File "C:\Users\Iran\AppData\Roaming\Python\Python314\site-packages\sqlalchemy\util\_concurrency_py3k.py", line 203, in greenlet_spawn
    result = context.switch(value)
  File "C:\Users\Iran\AppData\Roaming\Python\Python314\site-packages\sqlalchemy\orm\session.py", line 2373, in execute
    return self._execute_internal(
           ~~~~~~~~~~~~~~~~~~~~~~^
        statement,
        ^^^^^^^^^^
    ...<4 lines>...
        _add_event=_add_event,
        ^^^^^^^^^^^^^^^^^^^^^^
    )
    ^
  File "C:\Users\Iran\AppData\Roaming\Python\Python314\site-packages\sqlalchemy\orm\session.py", line 2271, in _execute_internal
    result: Result[Any] = compile_state_cls.orm_execute_statement(
                          ~~~~~~~~~~~~~~~~~~~~~~~~~~~~~~~~~~~~~~~^
        self,
        ^^^^^
    ...<4 lines>...
        conn,
        ^^^^^
    )
    ^
  File "C:\Users\Iran\AppData\Roaming\Python\Python314\site-packages\sqlalchemy\orm\context.py", line 306, in orm_execute_statement
    result = conn.execute(
        statement, params or {}, execution_options=execution_options
    )
  File "C:\Users\Iran\AppData\Roaming\Python\Python314\site-packages\sqlalchemy\engine\base.py", line 1421, in execute
    return meth(
        self,
        distilled_parameters,
        execution_options or NO_OPTIONS,
    )
  File "C:\Users\Iran\AppData\Roaming\Python\Python314\site-packages\sqlalchemy\sql\elements.py", line 526, in _execute_on_connection
    return connection._execute_clauseelement(
           ~~~~~~~~~~~~~~~~~~~~~~~~~~~~~~~~~^
        self, distilled_params, execution_options
        ^^^^^^^^^^^^^^^^^^^^^^^^^^^^^^^^^^^^^^^^^
    )
    ^
  File "C:\Users\Iran\AppData\Roaming\Python\Python314\site-packages\sqlalchemy\engine\base.py", line 1643, in _execute_clauseelement
    ret = self._execute_context(
        dialect,
    ...<8 lines>...
        cache_hit=cache_hit,
    )
  File "C:\Users\Iran\AppData\Roaming\Python\Python314\site-packages\sqlalchemy\engine\base.py", line 1848, in _execute_context
    return self._exec_single_context(
           ~~~~~~~~~~~~~~~~~~~~~~~~~^
        dialect, context, statement, parameters
        ^^^^^^^^^^^^^^^^^^^^^^^^^^^^^^^^^^^^^^^
    )
    ^
  File "C:\Users\Iran\AppData\Roaming\Python\Python314\site-packages\sqlalchemy\engine\base.py", line 1988, in _exec_single_context
    self._handle_dbapi_exception(
    ~~~~~~~~~~~~~~~~~~~~~~~~~~~~^
        e, str_statement, effective_parameters, cursor, context
        ^^^^^^^^^^^^^^^^^^^^^^^^^^^^^^^^^^^^^^^^^^^^^^^^^^^^^^^
    )
    ^
  File "C:\Users\Iran\AppData\Roaming\Python\Python314\site-packages\sqlalchemy\engine\base.py", line 2365, in _handle_dbapi_exception
    raise sqlalchemy_exception.with_traceback(exc_info[2]) from e
  File "C:\Users\Iran\AppData\Roaming\Python\Python314\site-packages\sqlalchemy\engine\base.py", line 1969, in _exec_single_context
    self.dialect.do_execute(
    ~~~~~~~~~~~~~~~~~~~~~~~^
        cursor, str_statement, effective_parameters, context
        ^^^^^^^^^^^^^^^^^^^^^^^^^^^^^^^^^^^^^^^^^^^^^^^^^^^^
    )
    ^
  File "C:\Users\Iran\AppData\Roaming\Python\Python314\site-packages\sqlalchemy\engine\default.py", line 952, in do_execute
    cursor.execute(statement, parameters)
    ~~~~~~~~~~~~~~^^^^^^^^^^^^^^^^^^^^^^^
  File "C:\Users\Iran\AppData\Roaming\Python\Python314\site-packages\sqlalchemy\dialects\postgresql\asyncpg.py", line 585, in execute
    self._adapt_connection.await_(
    ~~~~~~~~~~~~~~~~~~~~~~~~~~~~~^
        self._prepare_and_execute(operation, parameters)
        ^^^^^^^^^^^^^^^^^^^^^^^^^^^^^^^^^^^^^^^^^^^^^^^^
    )
    ^
  File "C:\Users\Iran\AppData\Roaming\Python\Python314\site-packages\sqlalchemy\util\_concurrency_py3k.py", line 132, in await_only
    return current.parent.switch(awaitable)  # type: ignore[no-any-return,attr-defined] # noqa: E501
           ~~~~~~~~~~~~~~~~~~~~~^^^^^^^^^^^
  File "C:\Users\Iran\AppData\Roaming\Python\Python314\site-packages\sqlalchemy\util\_concurrency_py3k.py", line 196, in greenlet_spawn
    value = await result
            ^^^^^^^^^^^^
  File "C:\Users\Iran\AppData\Roaming\Python\Python314\site-packages\sqlalchemy\dialects\postgresql\asyncpg.py", line 563, in _prepare_and_execute
    self._handle_exception(error)
    ~~~~~~~~~~~~~~~~~~~~~~^^^^^^^
  File "C:\Users\Iran\AppData\Roaming\Python\Python314\site-packages\sqlalchemy\dialects\postgresql\asyncpg.py", line 513, in _handle_exception
    self._adapt_connection._handle_exception(error)
    ~~~~~~~~~~~~~~~~~~~~~~~~~~~~~~~~~~~~~~~~^^^^^^^
  File "C:\Users\Iran\AppData\Roaming\Python\Python314\site-packages\sqlalchemy\dialects\postgresql\asyncpg.py", line 797, in _handle_exception
    raise translated_error from error
sqlalchemy.exc.InterfaceError: (sqlalchemy.dialects.postgresql.asyncpg.InterfaceError) <class 'asyncpg.exceptions._base.InterfaceError'>: cannot call PreparedStatement.fetch(): the underlying connection is closed
[SQL: SELECT brsapi_nav_records.id 
FROM brsapi_nav_records 
WHERE brsapi_nav_records.symbol = $1::VARCHAR AND brsapi_nav_records.date = $2::VARCHAR 
 LIMIT $3::INTEGER]
[parameters: ('هامون', '1405-06-23', 1)]
(Background on this error at: https://sqlalche.me/e/20/rvf5)
2026-09-14 13:09:48,382 ERROR NAV sync exception for هامون
Traceback (most recent call last):
  File "C:\Users\Iran\Desktop\temce\brsapi\services\sync_service.py", line 781, in sync_nav_all
    report = await asyncio.wait_for(
             ^^^^^^^^^^^^^^^^^^^^^^^
        self.sync_nav(session, symbol), timeout=150
        ^^^^^^^^^^^^^^^^^^^^^^^^^^^^^^^^^^^^^^^^^^^
    )
    ^
  File "C:\Python314\Lib\asyncio\tasks.py", line 488, in wait_for
    return await fut
           ^^^^^^^^^
  File "C:\Users\Iran\Desktop\temce\brsapi\services\sync_service.py", line 650, in sync_nav
    return await self.sync(
           ^^^^^^^^^^^^^^^^
    ...<5 lines>...
    )
    ^
  File "C:\Users\Iran\Desktop\temce\brsapi\services\sync_service.py", line 411, in sync
    await sync_log.record(
    ...<6 lines>...
    )
  File "C:\Users\Iran\Desktop\temce\brsapi\repositories\base.py", line 87, in record
    await self.session.flush()
  File "C:\Users\Iran\AppData\Roaming\Python\Python314\site-packages\sqlalchemy\ext\asyncio\session.py", line 786, in flush
    await greenlet_spawn(self.sync_session.flush, objects=objects)
  File "C:\Users\Iran\AppData\Roaming\Python\Python314\site-packages\sqlalchemy\util\_concurrency_py3k.py", line 190, in greenlet_spawn
    result = context.switch(*args, **kwargs)
  File "C:\Users\Iran\AppData\Roaming\Python\Python314\site-packages\sqlalchemy\orm\session.py", line 4353, in flush
    self._flush(objects)
    ~~~~~~~~~~~^^^^^^^^^
  File "C:\Users\Iran\AppData\Roaming\Python\Python314\site-packages\sqlalchemy\orm\session.py", line 4488, in _flush
    with util.safe_reraise():
         ~~~~~~~~~~~~~~~~~^^
  File "C:\Users\Iran\AppData\Roaming\Python\Python314\site-packages\sqlalchemy\util\langhelpers.py", line 122, in __exit__
    raise exc_value.with_traceback(exc_tb)
  File "C:\Users\Iran\AppData\Roaming\Python\Python314\site-packages\sqlalchemy\orm\session.py", line 4449, in _flush
    flush_context.execute()
    ~~~~~~~~~~~~~~~~~~~~~^^
  File "C:\Users\Iran\AppData\Roaming\Python\Python314\site-packages\sqlalchemy\orm\unitofwork.py", line 465, in execute
    rec.execute(self)
    ~~~~~~~~~~~^^^^^^
  File "C:\Users\Iran\AppData\Roaming\Python\Python314\site-packages\sqlalchemy\orm\unitofwork.py", line 641, in execute
    util.preloaded.orm_persistence.save_obj(
    ~~~~~~~~~~~~~~~~~~~~~~~~~~~~~~~~~~~~~~~^
        self.mapper,
        ^^^^^^^^^^^^
        uow.states_for_mapper_hierarchy(self.mapper, False, False),
        ^^^^^^^^^^^^^^^^^^^^^^^^^^^^^^^^^^^^^^^^^^^^^^^^^^^^^^^^^^^
        uow,
        ^^^^
    )
    ^
  File "C:\Users\Iran\AppData\Roaming\Python\Python314\site-packages\sqlalchemy\orm\persistence.py", line 94, in save_obj
    _emit_insert_statements(
    ~~~~~~~~~~~~~~~~~~~~~~~^
        base_mapper,
        ^^^^^^^^^^^^
    ...<3 lines>...
        insert,
        ^^^^^^^
    )
    ^
  File "C:\Users\Iran\AppData\Roaming\Python\Python314\site-packages\sqlalchemy\orm\persistence.py", line 1234, in _emit_insert_statements
    result = connection.execute(
        statement,
        params,
        execution_options=execution_options,
    )
  File "C:\Users\Iran\AppData\Roaming\Python\Python314\site-packages\sqlalchemy\engine\base.py", line 1421, in execute
    return meth(
        self,
        distilled_parameters,
        execution_options or NO_OPTIONS,
    )
  File "C:\Users\Iran\AppData\Roaming\Python\Python314\site-packages\sqlalchemy\sql\elements.py", line 526, in _execute_on_connection
    return connection._execute_clauseelement(
           ~~~~~~~~~~~~~~~~~~~~~~~~~~~~~~~~~^
        self, distilled_params, execution_options
        ^^^^^^^^^^^^^^^^^^^^^^^^^^^^^^^^^^^^^^^^^
    )
    ^
  File "C:\Users\Iran\AppData\Roaming\Python\Python314\site-packages\sqlalchemy\engine\base.py", line 1643, in _execute_clauseelement
    ret = self._execute_context(
        dialect,
    ...<8 lines>...
        cache_hit=cache_hit,
    )
  File "C:\Users\Iran\AppData\Roaming\Python\Python314\site-packages\sqlalchemy\engine\base.py", line 1815, in _execute_context
    conn = self._revalidate_connection()
  File "C:\Users\Iran\AppData\Roaming\Python\Python314\site-packages\sqlalchemy\engine\base.py", line 674, in _revalidate_connection
    self._invalid_transaction()
    ~~~~~~~~~~~~~~~~~~~~~~~~~^^
  File "C:\Users\Iran\AppData\Roaming\Python\Python314\site-packages\sqlalchemy\engine\base.py", line 664, in _invalid_transaction
    raise exc.PendingRollbackError(
    ...<4 lines>...
    )
sqlalchemy.exc.PendingRollbackError: Can't reconnect until invalid transaction is rolled back.  Please rollback() fully before proceeding (Background on this error at: https://sqlalche.me/e/20/8s2b)
2026-09-14 13:09:59,806 ERROR NAV sync exception for هدف
Traceback (most recent call last):
  File "C:\Users\Iran\Desktop\temce\brsapi\services\sync_service.py", line 781, in sync_nav_all
    report = await asyncio.wait_for(
             ^^^^^^^^^^^^^^^^^^^^^^^
        self.sync_nav(session, symbol), timeout=150
        ^^^^^^^^^^^^^^^^^^^^^^^^^^^^^^^^^^^^^^^^^^^
    )
    ^
  File "C:\Python314\Lib\asyncio\tasks.py", line 488, in wait_for
    return await fut
           ^^^^^^^^^
  File "C:\Users\Iran\Desktop\temce\brsapi\services\sync_service.py", line 620, in sync_nav
    ins_id = await self._lookup_ins_id(session, symbol)
             ^^^^^^^^^^^^^^^^^^^^^^^^^^^^^^^^^^^^^^^^^^
  File "C:\Users\Iran\Desktop\temce\brsapi\services\sync_service.py", line 960, in _lookup_ins_id
    result = await session.execute(stmt)
             ^^^^^^^^^^^^^^^^^^^^^^^^^^^
  File "C:\Users\Iran\AppData\Roaming\Python\Python314\site-packages\sqlalchemy\ext\asyncio\session.py", line 448, in execute
    result = await greenlet_spawn(
             ^^^^^^^^^^^^^^^^^^^^^
    ...<6 lines>...
    )
    ^
  File "C:\Users\Iran\AppData\Roaming\Python\Python314\site-packages\sqlalchemy\util\_concurrency_py3k.py", line 190, in greenlet_spawn
    result = context.switch(*args, **kwargs)
  File "C:\Users\Iran\AppData\Roaming\Python\Python314\site-packages\sqlalchemy\orm\session.py", line 2373, in execute
    return self._execute_internal(
           ~~~~~~~~~~~~~~~~~~~~~~^
        statement,
        ^^^^^^^^^^
    ...<4 lines>...
        _add_event=_add_event,
        ^^^^^^^^^^^^^^^^^^^^^^
    )
    ^
  File "C:\Users\Iran\AppData\Roaming\Python\Python314\site-packages\sqlalchemy\orm\session.py", line 2261, in _execute_internal
    conn = self._connection_for_bind(bind)
  File "C:\Users\Iran\AppData\Roaming\Python\Python314\site-packages\sqlalchemy\orm\session.py", line 2113, in _connection_for_bind
    return trans._connection_for_bind(engine, execution_options)
           ~~~~~~~~~~~~~~~~~~~~~~~~~~^^^^^^^^^^^^^^^^^^^^^^^^^^^
  File "<string>", line 2, in _connection_for_bind
  File "C:\Users\Iran\AppData\Roaming\Python\Python314\site-packages\sqlalchemy\orm\state_changes.py", line 101, in _go
    self._raise_for_prerequisite_state(fn.__name__, current_state)
    ~~~~~~~~~~~~~~~~~~~~~~~~~~~~~~~~~~^^^^^^^^^^^^^^^^^^^^^^^^^^^^
  File "C:\Users\Iran\AppData\Roaming\Python\Python314\site-packages\sqlalchemy\orm\session.py", line 975, in _raise_for_prerequisite_state
    raise sa_exc.PendingRollbackError(
    ...<6 lines>...
    )
sqlalchemy.exc.PendingRollbackError: This Session's transaction has been rolled back due to a previous exception during flush. To begin a new transaction with this Session, first issue Session.rollback(). Original exception was: Can't reconnect until invalid transaction is rolled back.  Please rollback() fully before proceeding (Background on this error at: https://sqlalche.me/e/20/8s2b) (Background on this error at: https://sqlalche.me/e/20/7s2a)
2026-09-14 13:09:59,859 INFO NAV sync progress: 320/344 symbols (298 ok, 22 fail)
2026-09-14 13:10:10,881 ERROR NAV sync exception for هم ارز
Traceback (most recent call last):
  File "C:\Users\Iran\Desktop\temce\brsapi\services\sync_service.py", line 781, in sync_nav_all
    report = await asyncio.wait_for(
             ^^^^^^^^^^^^^^^^^^^^^^^
        self.sync_nav(session, symbol), timeout=150
        ^^^^^^^^^^^^^^^^^^^^^^^^^^^^^^^^^^^^^^^^^^^
    )
    ^
  File "C:\Python314\Lib\asyncio\tasks.py", line 488, in wait_for
    return await fut
           ^^^^^^^^^
  File "C:\Users\Iran\Desktop\temce\brsapi\services\sync_service.py", line 620, in sync_nav
    ins_id = await self._lookup_ins_id(session, symbol)
             ^^^^^^^^^^^^^^^^^^^^^^^^^^^^^^^^^^^^^^^^^^
  File "C:\Users\Iran\Desktop\temce\brsapi\services\sync_service.py", line 960, in _lookup_ins_id
    result = await session.execute(stmt)
             ^^^^^^^^^^^^^^^^^^^^^^^^^^^
  File "C:\Users\Iran\AppData\Roaming\Python\Python314\site-packages\sqlalchemy\ext\asyncio\session.py", line 448, in execute
    result = await greenlet_spawn(
             ^^^^^^^^^^^^^^^^^^^^^
    ...<6 lines>...
    )
    ^
  File "C:\Users\Iran\AppData\Roaming\Python\Python314\site-packages\sqlalchemy\util\_concurrency_py3k.py", line 190, in greenlet_spawn
    result = context.switch(*args, **kwargs)
  File "C:\Users\Iran\AppData\Roaming\Python\Python314\site-packages\sqlalchemy\orm\session.py", line 2373, in execute
    return self._execute_internal(
           ~~~~~~~~~~~~~~~~~~~~~~^
        statement,
        ^^^^^^^^^^
    ...<4 lines>...
        _add_event=_add_event,
        ^^^^^^^^^^^^^^^^^^^^^^
    )
    ^
  File "C:\Users\Iran\AppData\Roaming\Python\Python314\site-packages\sqlalchemy\orm\session.py", line 2261, in _execute_internal
    conn = self._connection_for_bind(bind)
  File "C:\Users\Iran\AppData\Roaming\Python\Python314\site-packages\sqlalchemy\orm\session.py", line 2113, in _connection_for_bind
    return trans._connection_for_bind(engine, execution_options)
           ~~~~~~~~~~~~~~~~~~~~~~~~~~^^^^^^^^^^^^^^^^^^^^^^^^^^^
  File "<string>", line 2, in _connection_for_bind
  File "C:\Users\Iran\AppData\Roaming\Python\Python314\site-packages\sqlalchemy\orm\state_changes.py", line 101, in _go
    self._raise_for_prerequisite_state(fn.__name__, current_state)
    ~~~~~~~~~~~~~~~~~~~~~~~~~~~~~~~~~~^^^^^^^^^^^^^^^^^^^^^^^^^^^^
  File "C:\Users\Iran\AppData\Roaming\Python\Python314\site-packages\sqlalchemy\orm\session.py", line 975, in _raise_for_prerequisite_state
    raise sa_exc.PendingRollbackError(
    ...<6 lines>...
    )
sqlalchemy.exc.PendingRollbackError: This Session's transaction has been rolled back due to a previous exception during flush. To begin a new transaction with this Session, first issue Session.rollback(). Original exception was: Can't reconnect until invalid transaction is rolled back.  Please rollback() fully before proceeding (Background on this error at: https://sqlalche.me/e/20/8s2b) (Background on this error at: https://sqlalche.me/e/20/7s2a)
2026-09-14 13:10:24,789 ERROR NAV sync exception for هم تراز
Traceback (most recent call last):
  File "C:\Users\Iran\Desktop\temce\brsapi\services\sync_service.py", line 781, in sync_nav_all
    report = await asyncio.wait_for(
             ^^^^^^^^^^^^^^^^^^^^^^^
        self.sync_nav(session, symbol), timeout=150
        ^^^^^^^^^^^^^^^^^^^^^^^^^^^^^^^^^^^^^^^^^^^
    )
    ^
  File "C:\Python314\Lib\asyncio\tasks.py", line 488, in wait_for
    return await fut
           ^^^^^^^^^
  File "C:\Users\Iran\Desktop\temce\brsapi\services\sync_service.py", line 620, in sync_nav
    ins_id = await self._lookup_ins_id(session, symbol)
             ^^^^^^^^^^^^^^^^^^^^^^^^^^^^^^^^^^^^^^^^^^
  File "C:\Users\Iran\Desktop\temce\brsapi\services\sync_service.py", line 960, in _lookup_ins_id
    result = await session.execute(stmt)
             ^^^^^^^^^^^^^^^^^^^^^^^^^^^
  File "C:\Users\Iran\AppData\Roaming\Python\Python314\site-packages\sqlalchemy\ext\asyncio\session.py", line 448, in execute
    result = await greenlet_spawn(
             ^^^^^^^^^^^^^^^^^^^^^
    ...<6 lines>...
    )
    ^
  File "C:\Users\Iran\AppData\Roaming\Python\Python314\site-packages\sqlalchemy\util\_concurrency_py3k.py", line 190, in greenlet_spawn
    result = context.switch(*args, **kwargs)
  File "C:\Users\Iran\AppData\Roaming\Python\Python314\site-packages\sqlalchemy\orm\session.py", line 2373, in execute
    return self._execute_internal(
           ~~~~~~~~~~~~~~~~~~~~~~^
        statement,
        ^^^^^^^^^^
    ...<4 lines>...
        _add_event=_add_event,
        ^^^^^^^^^^^^^^^^^^^^^^
    )
    ^
  File "C:\Users\Iran\AppData\Roaming\Python\Python314\site-packages\sqlalchemy\orm\session.py", line 2261, in _execute_internal
    conn = self._connection_for_bind(bind)
  File "C:\Users\Iran\AppData\Roaming\Python\Python314\site-packages\sqlalchemy\orm\session.py", line 2113, in _connection_for_bind
    return trans._connection_for_bind(engine, execution_options)
           ~~~~~~~~~~~~~~~~~~~~~~~~~~^^^^^^^^^^^^^^^^^^^^^^^^^^^
  File "<string>", line 2, in _connection_for_bind
  File "C:\Users\Iran\AppData\Roaming\Python\Python314\site-packages\sqlalchemy\orm\state_changes.py", line 101, in _go
    self._raise_for_prerequisite_state(fn.__name__, current_state)
    ~~~~~~~~~~~~~~~~~~~~~~~~~~~~~~~~~~^^^^^^^^^^^^^^^^^^^^^^^^^^^^
  File "C:\Users\Iran\AppData\Roaming\Python\Python314\site-packages\sqlalchemy\orm\session.py", line 975, in _raise_for_prerequisite_state
    raise sa_exc.PendingRollbackError(
    ...<6 lines>...
    )
sqlalchemy.exc.PendingRollbackError: This Session's transaction has been rolled back due to a previous exception during flush. To begin a new transaction with this Session, first issue Session.rollback(). Original exception was: Can't reconnect until invalid transaction is rolled back.  Please rollback() fully before proceeding (Background on this error at: https://sqlalche.me/e/20/8s2b) (Background on this error at: https://sqlalche.me/e/20/7s2a)
2026-09-14 13:10:35,924 ERROR NAV sync exception for هم وزن
Traceback (most recent call last):
  File "C:\Users\Iran\Desktop\temce\brsapi\services\sync_service.py", line 781, in sync_nav_all
    report = await asyncio.wait_for(
             ^^^^^^^^^^^^^^^^^^^^^^^
        self.sync_nav(session, symbol), timeout=150
        ^^^^^^^^^^^^^^^^^^^^^^^^^^^^^^^^^^^^^^^^^^^
    )
    ^
  File "C:\Python314\Lib\asyncio\tasks.py", line 488, in wait_for
    return await fut
           ^^^^^^^^^
  File "C:\Users\Iran\Desktop\temce\brsapi\services\sync_service.py", line 620, in sync_nav
    ins_id = await self._lookup_ins_id(session, symbol)
             ^^^^^^^^^^^^^^^^^^^^^^^^^^^^^^^^^^^^^^^^^^
  File "C:\Users\Iran\Desktop\temce\brsapi\services\sync_service.py", line 960, in _lookup_ins_id
    result = await session.execute(stmt)
             ^^^^^^^^^^^^^^^^^^^^^^^^^^^
  File "C:\Users\Iran\AppData\Roaming\Python\Python314\site-packages\sqlalchemy\ext\asyncio\session.py", line 448, in execute
    result = await greenlet_spawn(
             ^^^^^^^^^^^^^^^^^^^^^
    ...<6 lines>...
    )
    ^
  File "C:\Users\Iran\AppData\Roaming\Python\Python314\site-packages\sqlalchemy\util\_concurrency_py3k.py", line 190, in greenlet_spawn
    result = context.switch(*args, **kwargs)
  File "C:\Users\Iran\AppData\Roaming\Python\Python314\site-packages\sqlalchemy\orm\session.py", line 2373, in execute
    return self._execute_internal(
           ~~~~~~~~~~~~~~~~~~~~~~^
        statement,
        ^^^^^^^^^^
    ...<4 lines>...
        _add_event=_add_event,
        ^^^^^^^^^^^^^^^^^^^^^^
    )
    ^
  File "C:\Users\Iran\AppData\Roaming\Python\Python314\site-packages\sqlalchemy\orm\session.py", line 2261, in _execute_internal
    conn = self._connection_for_bind(bind)
  File "C:\Users\Iran\AppData\Roaming\Python\Python314\site-packages\sqlalchemy\orm\session.py", line 2113, in _connection_for_bind
    return trans._connection_for_bind(engine, execution_options)
           ~~~~~~~~~~~~~~~~~~~~~~~~~~^^^^^^^^^^^^^^^^^^^^^^^^^^^
  File "<string>", line 2, in _connection_for_bind
  File "C:\Users\Iran\AppData\Roaming\Python\Python314\site-packages\sqlalchemy\orm\state_changes.py", line 101, in _go
    self._raise_for_prerequisite_state(fn.__name__, current_state)
    ~~~~~~~~~~~~~~~~~~~~~~~~~~~~~~~~~~^^^^^^^^^^^^^^^^^^^^^^^^^^^^
  File "C:\Users\Iran\AppData\Roaming\Python\Python314\site-packages\sqlalchemy\orm\session.py", line 975, in _raise_for_prerequisite_state
    raise sa_exc.PendingRollbackError(
    ...<6 lines>...
    )
sqlalchemy.exc.PendingRollbackError: This Session's transaction has been rolled back due to a previous exception during flush. To begin a new transaction with this Session, first issue Session.rollback(). Original exception was: Can't reconnect until invalid transaction is rolled back.  Please rollback() fully before proceeding (Background on this error at: https://sqlalche.me/e/20/8s2b) (Background on this error at: https://sqlalche.me/e/20/7s2a)
2026-09-14 13:10:47,055 ERROR NAV sync exception for همای
Traceback (most recent call last):
  File "C:\Users\Iran\Desktop\temce\brsapi\services\sync_service.py", line 781, in sync_nav_all
    report = await asyncio.wait_for(
             ^^^^^^^^^^^^^^^^^^^^^^^
        self.sync_nav(session, symbol), timeout=150
        ^^^^^^^^^^^^^^^^^^^^^^^^^^^^^^^^^^^^^^^^^^^
    )
    ^
  File "C:\Python314\Lib\asyncio\tasks.py", line 488, in wait_for
    return await fut
           ^^^^^^^^^
  File "C:\Users\Iran\Desktop\temce\brsapi\services\sync_service.py", line 620, in sync_nav
    ins_id = await self._lookup_ins_id(session, symbol)
             ^^^^^^^^^^^^^^^^^^^^^^^^^^^^^^^^^^^^^^^^^^
  File "C:\Users\Iran\Desktop\temce\brsapi\services\sync_service.py", line 960, in _lookup_ins_id
    result = await session.execute(stmt)
             ^^^^^^^^^^^^^^^^^^^^^^^^^^^
  File "C:\Users\Iran\AppData\Roaming\Python\Python314\site-packages\sqlalchemy\ext\asyncio\session.py", line 448, in execute
    result = await greenlet_spawn(
             ^^^^^^^^^^^^^^^^^^^^^
    ...<6 lines>...
    )
    ^
  File "C:\Users\Iran\AppData\Roaming\Python\Python314\site-packages\sqlalchemy\util\_concurrency_py3k.py", line 190, in greenlet_spawn
    result = context.switch(*args, **kwargs)
  File "C:\Users\Iran\AppData\Roaming\Python\Python314\site-packages\sqlalchemy\orm\session.py", line 2373, in execute
    return self._execute_internal(
           ~~~~~~~~~~~~~~~~~~~~~~^
        statement,
        ^^^^^^^^^^
    ...<4 lines>...
        _add_event=_add_event,
        ^^^^^^^^^^^^^^^^^^^^^^
    )
    ^
  File "C:\Users\Iran\AppData\Roaming\Python\Python314\site-packages\sqlalchemy\orm\session.py", line 2261, in _execute_internal
    conn = self._connection_for_bind(bind)
  File "C:\Users\Iran\AppData\Roaming\Python\Python314\site-packages\sqlalchemy\orm\session.py", line 2113, in _connection_for_bind
    return trans._connection_for_bind(engine, execution_options)
           ~~~~~~~~~~~~~~~~~~~~~~~~~~^^^^^^^^^^^^^^^^^^^^^^^^^^^
  File "<string>", line 2, in _connection_for_bind
  File "C:\Users\Iran\AppData\Roaming\Python\Python314\site-packages\sqlalchemy\orm\state_changes.py", line 101, in _go
    self._raise_for_prerequisite_state(fn.__name__, current_state)
    ~~~~~~~~~~~~~~~~~~~~~~~~~~~~~~~~~~^^^^^^^^^^^^^^^^^^^^^^^^^^^^
  File "C:\Users\Iran\AppData\Roaming\Python\Python314\site-packages\sqlalchemy\orm\session.py", line 975, in _raise_for_prerequisite_state
    raise sa_exc.PendingRollbackError(
    ...<6 lines>...
    )
sqlalchemy.exc.PendingRollbackError: This Session's transaction has been rolled back due to a previous exception during flush. To begin a new transaction with this Session, first issue Session.rollback(). Original exception was: Can't reconnect until invalid transaction is rolled back.  Please rollback() fully before proceeding (Background on this error at: https://sqlalche.me/e/20/8s2b) (Background on this error at: https://sqlalche.me/e/20/7s2a)
2026-09-14 13:10:58,184 ERROR NAV sync exception for همتا
Traceback (most recent call last):
  File "C:\Users\Iran\Desktop\temce\brsapi\services\sync_service.py", line 781, in sync_nav_all
    report = await asyncio.wait_for(
             ^^^^^^^^^^^^^^^^^^^^^^^
        self.sync_nav(session, symbol), timeout=150
        ^^^^^^^^^^^^^^^^^^^^^^^^^^^^^^^^^^^^^^^^^^^
    )
    ^
  File "C:\Python314\Lib\asyncio\tasks.py", line 488, in wait_for
    return await fut
           ^^^^^^^^^
  File "C:\Users\Iran\Desktop\temce\brsapi\services\sync_service.py", line 620, in sync_nav
    ins_id = await self._lookup_ins_id(session, symbol)
             ^^^^^^^^^^^^^^^^^^^^^^^^^^^^^^^^^^^^^^^^^^
  File "C:\Users\Iran\Desktop\temce\brsapi\services\sync_service.py", line 960, in _lookup_ins_id
    result = await session.execute(stmt)
             ^^^^^^^^^^^^^^^^^^^^^^^^^^^
  File "C:\Users\Iran\AppData\Roaming\Python\Python314\site-packages\sqlalchemy\ext\asyncio\session.py", line 448, in execute
    result = await greenlet_spawn(
             ^^^^^^^^^^^^^^^^^^^^^
    ...<6 lines>...
    )
    ^
  File "C:\Users\Iran\AppData\Roaming\Python\Python314\site-packages\sqlalchemy\util\_concurrency_py3k.py", line 190, in greenlet_spawn
    result = context.switch(*args, **kwargs)
  File "C:\Users\Iran\AppData\Roaming\Python\Python314\site-packages\sqlalchemy\orm\session.py", line 2373, in execute
    return self._execute_internal(
           ~~~~~~~~~~~~~~~~~~~~~~^
        statement,
        ^^^^^^^^^^
    ...<4 lines>...
        _add_event=_add_event,
        ^^^^^^^^^^^^^^^^^^^^^^
    )
    ^
  File "C:\Users\Iran\AppData\Roaming\Python\Python314\site-packages\sqlalchemy\orm\session.py", line 2261, in _execute_internal
    conn = self._connection_for_bind(bind)
  File "C:\Users\Iran\AppData\Roaming\Python\Python314\site-packages\sqlalchemy\orm\session.py", line 2113, in _connection_for_bind
    return trans._connection_for_bind(engine, execution_options)
           ~~~~~~~~~~~~~~~~~~~~~~~~~~^^^^^^^^^^^^^^^^^^^^^^^^^^^
  File "<string>", line 2, in _connection_for_bind
  File "C:\Users\Iran\AppData\Roaming\Python\Python314\site-packages\sqlalchemy\orm\state_changes.py", line 101, in _go
    self._raise_for_prerequisite_state(fn.__name__, current_state)
    ~~~~~~~~~~~~~~~~~~~~~~~~~~~~~~~~~~^^^^^^^^^^^^^^^^^^^^^^^^^^^^
  File "C:\Users\Iran\AppData\Roaming\Python\Python314\site-packages\sqlalchemy\orm\session.py", line 975, in _raise_for_prerequisite_state
    raise sa_exc.PendingRollbackError(
    ...<6 lines>...
    )
sqlalchemy.exc.PendingRollbackError: This Session's transaction has been rolled back due to a previous exception during flush. To begin a new transaction with this Session, first issue Session.rollback(). Original exception was: Can't reconnect until invalid transaction is rolled back.  Please rollback() fully before proceeding (Background on this error at: https://sqlalche.me/e/20/8s2b) (Background on this error at: https://sqlalche.me/e/20/7s2a)
2026-09-14 13:11:09,363 ERROR NAV sync exception for همسنگ
Traceback (most recent call last):
  File "C:\Users\Iran\Desktop\temce\brsapi\services\sync_service.py", line 781, in sync_nav_all
    report = await asyncio.wait_for(
             ^^^^^^^^^^^^^^^^^^^^^^^
        self.sync_nav(session, symbol), timeout=150
        ^^^^^^^^^^^^^^^^^^^^^^^^^^^^^^^^^^^^^^^^^^^
    )
    ^
  File "C:\Python314\Lib\asyncio\tasks.py", line 488, in wait_for
    return await fut
           ^^^^^^^^^
  File "C:\Users\Iran\Desktop\temce\brsapi\services\sync_service.py", line 620, in sync_nav
    ins_id = await self._lookup_ins_id(session, symbol)
             ^^^^^^^^^^^^^^^^^^^^^^^^^^^^^^^^^^^^^^^^^^
  File "C:\Users\Iran\Desktop\temce\brsapi\services\sync_service.py", line 960, in _lookup_ins_id
    result = await session.execute(stmt)
             ^^^^^^^^^^^^^^^^^^^^^^^^^^^
  File "C:\Users\Iran\AppData\Roaming\Python\Python314\site-packages\sqlalchemy\ext\asyncio\session.py", line 448, in execute
    result = await greenlet_spawn(
             ^^^^^^^^^^^^^^^^^^^^^
    ...<6 lines>...
    )
    ^
  File "C:\Users\Iran\AppData\Roaming\Python\Python314\site-packages\sqlalchemy\util\_concurrency_py3k.py", line 190, in greenlet_spawn
    result = context.switch(*args, **kwargs)
  File "C:\Users\Iran\AppData\Roaming\Python\Python314\site-packages\sqlalchemy\orm\session.py", line 2373, in execute
    return self._execute_internal(
           ~~~~~~~~~~~~~~~~~~~~~~^
        statement,
        ^^^^^^^^^^
    ...<4 lines>...
        _add_event=_add_event,
        ^^^^^^^^^^^^^^^^^^^^^^
    )
    ^
  File "C:\Users\Iran\AppData\Roaming\Python\Python314\site-packages\sqlalchemy\orm\session.py", line 2261, in _execute_internal
    conn = self._connection_for_bind(bind)
  File "C:\Users\Iran\AppData\Roaming\Python\Python314\site-packages\sqlalchemy\orm\session.py", line 2113, in _connection_for_bind
    return trans._connection_for_bind(engine, execution_options)
           ~~~~~~~~~~~~~~~~~~~~~~~~~~^^^^^^^^^^^^^^^^^^^^^^^^^^^
  File "<string>", line 2, in _connection_for_bind
  File "C:\Users\Iran\AppData\Roaming\Python\Python314\site-packages\sqlalchemy\orm\state_changes.py", line 101, in _go
    self._raise_for_prerequisite_state(fn.__name__, current_state)
    ~~~~~~~~~~~~~~~~~~~~~~~~~~~~~~~~~~^^^^^^^^^^^^^^^^^^^^^^^^^^^^
  File "C:\Users\Iran\AppData\Roaming\Python\Python314\site-packages\sqlalchemy\orm\session.py", line 975, in _raise_for_prerequisite_state
    raise sa_exc.PendingRollbackError(
    ...<6 lines>...
    )
sqlalchemy.exc.PendingRollbackError: This Session's transaction has been rolled back due to a previous exception during flush. To begin a new transaction with this Session, first issue Session.rollback(). Original exception was: Can't reconnect until invalid transaction is rolled back.  Please rollback() fully before proceeding (Background on this error at: https://sqlalche.me/e/20/8s2b) (Background on this error at: https://sqlalche.me/e/20/7s2a)
2026-09-14 13:11:20,396 ERROR NAV sync exception for همگام
Traceback (most recent call last):
  File "C:\Users\Iran\Desktop\temce\brsapi\services\sync_service.py", line 781, in sync_nav_all
    report = await asyncio.wait_for(
             ^^^^^^^^^^^^^^^^^^^^^^^
        self.sync_nav(session, symbol), timeout=150
        ^^^^^^^^^^^^^^^^^^^^^^^^^^^^^^^^^^^^^^^^^^^
    )
    ^
  File "C:\Python314\Lib\asyncio\tasks.py", line 488, in wait_for
    return await fut
           ^^^^^^^^^
  File "C:\Users\Iran\Desktop\temce\brsapi\services\sync_service.py", line 620, in sync_nav
    ins_id = await self._lookup_ins_id(session, symbol)
             ^^^^^^^^^^^^^^^^^^^^^^^^^^^^^^^^^^^^^^^^^^
  File "C:\Users\Iran\Desktop\temce\brsapi\services\sync_service.py", line 960, in _lookup_ins_id
    result = await session.execute(stmt)
             ^^^^^^^^^^^^^^^^^^^^^^^^^^^
  File "C:\Users\Iran\AppData\Roaming\Python\Python314\site-packages\sqlalchemy\ext\asyncio\session.py", line 448, in execute
    result = await greenlet_spawn(
             ^^^^^^^^^^^^^^^^^^^^^
    ...<6 lines>...
    )
    ^
  File "C:\Users\Iran\AppData\Roaming\Python\Python314\site-packages\sqlalchemy\util\_concurrency_py3k.py", line 190, in greenlet_spawn
    result = context.switch(*args, **kwargs)
  File "C:\Users\Iran\AppData\Roaming\Python\Python314\site-packages\sqlalchemy\orm\session.py", line 2373, in execute
    return self._execute_internal(
           ~~~~~~~~~~~~~~~~~~~~~~^
        statement,
        ^^^^^^^^^^
    ...<4 lines>...
        _add_event=_add_event,
        ^^^^^^^^^^^^^^^^^^^^^^
    )
    ^
  File "C:\Users\Iran\AppData\Roaming\Python\Python314\site-packages\sqlalchemy\orm\session.py", line 2261, in _execute_internal
    conn = self._connection_for_bind(bind)
  File "C:\Users\Iran\AppData\Roaming\Python\Python314\site-packages\sqlalchemy\orm\session.py", line 2113, in _connection_for_bind
    return trans._connection_for_bind(engine, execution_options)
           ~~~~~~~~~~~~~~~~~~~~~~~~~~^^^^^^^^^^^^^^^^^^^^^^^^^^^
  File "<string>", line 2, in _connection_for_bind
  File "C:\Users\Iran\AppData\Roaming\Python\Python314\site-packages\sqlalchemy\orm\state_changes.py", line 101, in _go
    self._raise_for_prerequisite_state(fn.__name__, current_state)
    ~~~~~~~~~~~~~~~~~~~~~~~~~~~~~~~~~~^^^^^^^^^^^^^^^^^^^^^^^^^^^^
  File "C:\Users\Iran\AppData\Roaming\Python\Python314\site-packages\sqlalchemy\orm\session.py", line 975, in _raise_for_prerequisite_state
    raise sa_exc.PendingRollbackError(
    ...<6 lines>...
    )
sqlalchemy.exc.PendingRollbackError: This Session's transaction has been rolled back due to a previous exception during flush. To begin a new transaction with this Session, first issue Session.rollback(). Original exception was: Can't reconnect until invalid transaction is rolled back.  Please rollback() fully before proceeding (Background on this error at: https://sqlalche.me/e/20/8s2b) (Background on this error at: https://sqlalche.me/e/20/7s2a)
2026-09-14 13:11:31,421 ERROR NAV sync exception for همیان
Traceback (most recent call last):
  File "C:\Users\Iran\Desktop\temce\brsapi\services\sync_service.py", line 781, in sync_nav_all
    report = await asyncio.wait_for(
             ^^^^^^^^^^^^^^^^^^^^^^^
        self.sync_nav(session, symbol), timeout=150
        ^^^^^^^^^^^^^^^^^^^^^^^^^^^^^^^^^^^^^^^^^^^
    )
    ^
  File "C:\Python314\Lib\asyncio\tasks.py", line 488, in wait_for
    return await fut
           ^^^^^^^^^
  File "C:\Users\Iran\Desktop\temce\brsapi\services\sync_service.py", line 620, in sync_nav
    ins_id = await self._lookup_ins_id(session, symbol)
             ^^^^^^^^^^^^^^^^^^^^^^^^^^^^^^^^^^^^^^^^^^
  File "C:\Users\Iran\Desktop\temce\brsapi\services\sync_service.py", line 960, in _lookup_ins_id
    result = await session.execute(stmt)
             ^^^^^^^^^^^^^^^^^^^^^^^^^^^
  File "C:\Users\Iran\AppData\Roaming\Python\Python314\site-packages\sqlalchemy\ext\asyncio\session.py", line 448, in execute
    result = await greenlet_spawn(
             ^^^^^^^^^^^^^^^^^^^^^
    ...<6 lines>...
    )
    ^
  File "C:\Users\Iran\AppData\Roaming\Python\Python314\site-packages\sqlalchemy\util\_concurrency_py3k.py", line 190, in greenlet_spawn
    result = context.switch(*args, **kwargs)
  File "C:\Users\Iran\AppData\Roaming\Python\Python314\site-packages\sqlalchemy\orm\session.py", line 2373, in execute
    return self._execute_internal(
           ~~~~~~~~~~~~~~~~~~~~~~^
        statement,
        ^^^^^^^^^^
    ...<4 lines>...
        _add_event=_add_event,
        ^^^^^^^^^^^^^^^^^^^^^^
    )
    ^
  File "C:\Users\Iran\AppData\Roaming\Python\Python314\site-packages\sqlalchemy\orm\session.py", line 2261, in _execute_internal
    conn = self._connection_for_bind(bind)
  File "C:\Users\Iran\AppData\Roaming\Python\Python314\site-packages\sqlalchemy\orm\session.py", line 2113, in _connection_for_bind
    return trans._connection_for_bind(engine, execution_options)
           ~~~~~~~~~~~~~~~~~~~~~~~~~~^^^^^^^^^^^^^^^^^^^^^^^^^^^
  File "<string>", line 2, in _connection_for_bind
  File "C:\Users\Iran\AppData\Roaming\Python\Python314\site-packages\sqlalchemy\orm\state_changes.py", line 101, in _go
    self._raise_for_prerequisite_state(fn.__name__, current_state)
    ~~~~~~~~~~~~~~~~~~~~~~~~~~~~~~~~~~^^^^^^^^^^^^^^^^^^^^^^^^^^^^
  File "C:\Users\Iran\AppData\Roaming\Python\Python314\site-packages\sqlalchemy\orm\session.py", line 975, in _raise_for_prerequisite_state
    raise sa_exc.PendingRollbackError(
    ...<6 lines>...
    )
sqlalchemy.exc.PendingRollbackError: This Session's transaction has been rolled back due to a previous exception during flush. To begin a new transaction with this Session, first issue Session.rollback(). Original exception was: Can't reconnect until invalid transaction is rolled back.  Please rollback() fully before proceeding (Background on this error at: https://sqlalche.me/e/20/8s2b) (Background on this error at: https://sqlalche.me/e/20/7s2a)
2026-09-14 13:11:42,449 ERROR NAV sync exception for هوشمند
Traceback (most recent call last):
  File "C:\Users\Iran\Desktop\temce\brsapi\services\sync_service.py", line 781, in sync_nav_all
    report = await asyncio.wait_for(
             ^^^^^^^^^^^^^^^^^^^^^^^
        self.sync_nav(session, symbol), timeout=150
        ^^^^^^^^^^^^^^^^^^^^^^^^^^^^^^^^^^^^^^^^^^^
    )
    ^
  File "C:\Python314\Lib\asyncio\tasks.py", line 488, in wait_for
    return await fut
           ^^^^^^^^^
  File "C:\Users\Iran\Desktop\temce\brsapi\services\sync_service.py", line 620, in sync_nav
    ins_id = await self._lookup_ins_id(session, symbol)
             ^^^^^^^^^^^^^^^^^^^^^^^^^^^^^^^^^^^^^^^^^^
  File "C:\Users\Iran\Desktop\temce\brsapi\services\sync_service.py", line 960, in _lookup_ins_id
    result = await session.execute(stmt)
             ^^^^^^^^^^^^^^^^^^^^^^^^^^^
  File "C:\Users\Iran\AppData\Roaming\Python\Python314\site-packages\sqlalchemy\ext\asyncio\session.py", line 448, in execute
    result = await greenlet_spawn(
             ^^^^^^^^^^^^^^^^^^^^^
    ...<6 lines>...
    )
    ^
  File "C:\Users\Iran\AppData\Roaming\Python\Python314\site-packages\sqlalchemy\util\_concurrency_py3k.py", line 190, in greenlet_spawn
    result = context.switch(*args, **kwargs)
  File "C:\Users\Iran\AppData\Roaming\Python\Python314\site-packages\sqlalchemy\orm\session.py", line 2373, in execute
    return self._execute_internal(
           ~~~~~~~~~~~~~~~~~~~~~~^
        statement,
        ^^^^^^^^^^
    ...<4 lines>...
        _add_event=_add_event,
        ^^^^^^^^^^^^^^^^^^^^^^
    )
    ^
  File "C:\Users\Iran\AppData\Roaming\Python\Python314\site-packages\sqlalchemy\orm\session.py", line 2261, in _execute_internal
    conn = self._connection_for_bind(bind)
  File "C:\Users\Iran\AppData\Roaming\Python\Python314\site-packages\sqlalchemy\orm\session.py", line 2113, in _connection_for_bind
    return trans._connection_for_bind(engine, execution_options)
           ~~~~~~~~~~~~~~~~~~~~~~~~~~^^^^^^^^^^^^^^^^^^^^^^^^^^^
  File "<string>", line 2, in _connection_for_bind
  File "C:\Users\Iran\AppData\Roaming\Python\Python314\site-packages\sqlalchemy\orm\state_changes.py", line 101, in _go
    self._raise_for_prerequisite_state(fn.__name__, current_state)
    ~~~~~~~~~~~~~~~~~~~~~~~~~~~~~~~~~~^^^^^^^^^^^^^^^^^^^^^^^^^^^^
  File "C:\Users\Iran\AppData\Roaming\Python\Python314\site-packages\sqlalchemy\orm\session.py", line 975, in _raise_for_prerequisite_state
    raise sa_exc.PendingRollbackError(
    ...<6 lines>...
    )
sqlalchemy.exc.PendingRollbackError: This Session's transaction has been rolled back due to a previous exception during flush. To begin a new transaction with this Session, first issue Session.rollback(). Original exception was: Can't reconnect until invalid transaction is rolled back.  Please rollback() fully before proceeding (Background on this error at: https://sqlalche.me/e/20/8s2b) (Background on this error at: https://sqlalche.me/e/20/7s2a)
2026-09-14 13:11:53,469 ERROR NAV sync exception for هوشیار
Traceback (most recent call last):
  File "C:\Users\Iran\Desktop\temce\brsapi\services\sync_service.py", line 781, in sync_nav_all
    report = await asyncio.wait_for(
             ^^^^^^^^^^^^^^^^^^^^^^^
        self.sync_nav(session, symbol), timeout=150
        ^^^^^^^^^^^^^^^^^^^^^^^^^^^^^^^^^^^^^^^^^^^
    )
    ^
  File "C:\Python314\Lib\asyncio\tasks.py", line 488, in wait_for
    return await fut
           ^^^^^^^^^
  File "C:\Users\Iran\Desktop\temce\brsapi\services\sync_service.py", line 620, in sync_nav
    ins_id = await self._lookup_ins_id(session, symbol)
             ^^^^^^^^^^^^^^^^^^^^^^^^^^^^^^^^^^^^^^^^^^
  File "C:\Users\Iran\Desktop\temce\brsapi\services\sync_service.py", line 960, in _lookup_ins_id
    result = await session.execute(stmt)
             ^^^^^^^^^^^^^^^^^^^^^^^^^^^
  File "C:\Users\Iran\AppData\Roaming\Python\Python314\site-packages\sqlalchemy\ext\asyncio\session.py", line 448, in execute
    result = await greenlet_spawn(
             ^^^^^^^^^^^^^^^^^^^^^
    ...<6 lines>...
    )
    ^
  File "C:\Users\Iran\AppData\Roaming\Python\Python314\site-packages\sqlalchemy\util\_concurrency_py3k.py", line 190, in greenlet_spawn
    result = context.switch(*args, **kwargs)
  File "C:\Users\Iran\AppData\Roaming\Python\Python314\site-packages\sqlalchemy\orm\session.py", line 2373, in execute
    return self._execute_internal(
           ~~~~~~~~~~~~~~~~~~~~~~^
        statement,
        ^^^^^^^^^^
    ...<4 lines>...
        _add_event=_add_event,
        ^^^^^^^^^^^^^^^^^^^^^^
    )
    ^
  File "C:\Users\Iran\AppData\Roaming\Python\Python314\site-packages\sqlalchemy\orm\session.py", line 2261, in _execute_internal
    conn = self._connection_for_bind(bind)
  File "C:\Users\Iran\AppData\Roaming\Python\Python314\site-packages\sqlalchemy\orm\session.py", line 2113, in _connection_for_bind
    return trans._connection_for_bind(engine, execution_options)
           ~~~~~~~~~~~~~~~~~~~~~~~~~~^^^^^^^^^^^^^^^^^^^^^^^^^^^
  File "<string>", line 2, in _connection_for_bind
  File "C:\Users\Iran\AppData\Roaming\Python\Python314\site-packages\sqlalchemy\orm\state_changes.py", line 101, in _go
    self._raise_for_prerequisite_state(fn.__name__, current_state)
    ~~~~~~~~~~~~~~~~~~~~~~~~~~~~~~~~~~^^^^^^^^^^^^^^^^^^^^^^^^^^^^
  File "C:\Users\Iran\AppData\Roaming\Python\Python314\site-packages\sqlalchemy\orm\session.py", line 975, in _raise_for_prerequisite_state
    raise sa_exc.PendingRollbackError(
    ...<6 lines>...
    )
sqlalchemy.exc.PendingRollbackError: This Session's transaction has been rolled back due to a previous exception during flush. To begin a new transaction with this Session, first issue Session.rollback(). Original exception was: Can't reconnect until invalid transaction is rolled back.  Please rollback() fully before proceeding (Background on this error at: https://sqlalche.me/e/20/8s2b) (Background on this error at: https://sqlalche.me/e/20/7s2a)
2026-09-14 13:11:53,483 INFO NAV sync progress: 330/344 symbols (298 ok, 32 fail)
2026-09-14 13:12:04,497 ERROR NAV sync exception for هومان
Traceback (most recent call last):
  File "C:\Users\Iran\Desktop\temce\brsapi\services\sync_service.py", line 781, in sync_nav_all
    report = await asyncio.wait_for(
             ^^^^^^^^^^^^^^^^^^^^^^^
        self.sync_nav(session, symbol), timeout=150
        ^^^^^^^^^^^^^^^^^^^^^^^^^^^^^^^^^^^^^^^^^^^
    )
    ^
  File "C:\Python314\Lib\asyncio\tasks.py", line 488, in wait_for
    return await fut
           ^^^^^^^^^
  File "C:\Users\Iran\Desktop\temce\brsapi\services\sync_service.py", line 620, in sync_nav
    ins_id = await self._lookup_ins_id(session, symbol)
             ^^^^^^^^^^^^^^^^^^^^^^^^^^^^^^^^^^^^^^^^^^
  File "C:\Users\Iran\Desktop\temce\brsapi\services\sync_service.py", line 960, in _lookup_ins_id
    result = await session.execute(stmt)
             ^^^^^^^^^^^^^^^^^^^^^^^^^^^
  File "C:\Users\Iran\AppData\Roaming\Python\Python314\site-packages\sqlalchemy\ext\asyncio\session.py", line 448, in execute
    result = await greenlet_spawn(
             ^^^^^^^^^^^^^^^^^^^^^
    ...<6 lines>...
    )
    ^
  File "C:\Users\Iran\AppData\Roaming\Python\Python314\site-packages\sqlalchemy\util\_concurrency_py3k.py", line 190, in greenlet_spawn
    result = context.switch(*args, **kwargs)
  File "C:\Users\Iran\AppData\Roaming\Python\Python314\site-packages\sqlalchemy\orm\session.py", line 2373, in execute
    return self._execute_internal(
           ~~~~~~~~~~~~~~~~~~~~~~^
        statement,
        ^^^^^^^^^^
    ...<4 lines>...
        _add_event=_add_event,
        ^^^^^^^^^^^^^^^^^^^^^^
    )
    ^
  File "C:\Users\Iran\AppData\Roaming\Python\Python314\site-packages\sqlalchemy\orm\session.py", line 2261, in _execute_internal
    conn = self._connection_for_bind(bind)
  File "C:\Users\Iran\AppData\Roaming\Python\Python314\site-packages\sqlalchemy\orm\session.py", line 2113, in _connection_for_bind
    return trans._connection_for_bind(engine, execution_options)
           ~~~~~~~~~~~~~~~~~~~~~~~~~~^^^^^^^^^^^^^^^^^^^^^^^^^^^
  File "<string>", line 2, in _connection_for_bind
  File "C:\Users\Iran\AppData\Roaming\Python\Python314\site-packages\sqlalchemy\orm\state_changes.py", line 101, in _go
    self._raise_for_prerequisite_state(fn.__name__, current_state)
    ~~~~~~~~~~~~~~~~~~~~~~~~~~~~~~~~~~^^^^^^^^^^^^^^^^^^^^^^^^^^^^
  File "C:\Users\Iran\AppData\Roaming\Python\Python314\site-packages\sqlalchemy\orm\session.py", line 975, in _raise_for_prerequisite_state
    raise sa_exc.PendingRollbackError(
    ...<6 lines>...
    )
sqlalchemy.exc.PendingRollbackError: This Session's transaction has been rolled back due to a previous exception during flush. To begin a new transaction with this Session, first issue Session.rollback(). Original exception was: Can't reconnect until invalid transaction is rolled back.  Please rollback() fully before proceeding (Background on this error at: https://sqlalche.me/e/20/8s2b) (Background on this error at: https://sqlalche.me/e/20/7s2a)
2026-09-14 13:12:15,527 ERROR NAV sync exception for هیبرید
Traceback (most recent call last):
  File "C:\Users\Iran\Desktop\temce\brsapi\services\sync_service.py", line 781, in sync_nav_all
    report = await asyncio.wait_for(
             ^^^^^^^^^^^^^^^^^^^^^^^
        self.sync_nav(session, symbol), timeout=150
        ^^^^^^^^^^^^^^^^^^^^^^^^^^^^^^^^^^^^^^^^^^^
    )
    ^
  File "C:\Python314\Lib\asyncio\tasks.py", line 488, in wait_for
    return await fut
           ^^^^^^^^^
  File "C:\Users\Iran\Desktop\temce\brsapi\services\sync_service.py", line 620, in sync_nav
    ins_id = await self._lookup_ins_id(session, symbol)
             ^^^^^^^^^^^^^^^^^^^^^^^^^^^^^^^^^^^^^^^^^^
  File "C:\Users\Iran\Desktop\temce\brsapi\services\sync_service.py", line 960, in _lookup_ins_id
    result = await session.execute(stmt)
             ^^^^^^^^^^^^^^^^^^^^^^^^^^^
  File "C:\Users\Iran\AppData\Roaming\Python\Python314\site-packages\sqlalchemy\ext\asyncio\session.py", line 448, in execute
    result = await greenlet_spawn(
             ^^^^^^^^^^^^^^^^^^^^^
    ...<6 lines>...
    )
    ^
  File "C:\Users\Iran\AppData\Roaming\Python\Python314\site-packages\sqlalchemy\util\_concurrency_py3k.py", line 190, in greenlet_spawn
    result = context.switch(*args, **kwargs)
  File "C:\Users\Iran\AppData\Roaming\Python\Python314\site-packages\sqlalchemy\orm\session.py", line 2373, in execute
    return self._execute_internal(
           ~~~~~~~~~~~~~~~~~~~~~~^
        statement,
        ^^^^^^^^^^
    ...<4 lines>...
        _add_event=_add_event,
        ^^^^^^^^^^^^^^^^^^^^^^
    )
    ^
  File "C:\Users\Iran\AppData\Roaming\Python\Python314\site-packages\sqlalchemy\orm\session.py", line 2261, in _execute_internal
    conn = self._connection_for_bind(bind)
  File "C:\Users\Iran\AppData\Roaming\Python\Python314\site-packages\sqlalchemy\orm\session.py", line 2113, in _connection_for_bind
    return trans._connection_for_bind(engine, execution_options)
           ~~~~~~~~~~~~~~~~~~~~~~~~~~^^^^^^^^^^^^^^^^^^^^^^^^^^^
  File "<string>", line 2, in _connection_for_bind
  File "C:\Users\Iran\AppData\Roaming\Python\Python314\site-packages\sqlalchemy\orm\state_changes.py", line 101, in _go
    self._raise_for_prerequisite_state(fn.__name__, current_state)
    ~~~~~~~~~~~~~~~~~~~~~~~~~~~~~~~~~~^^^^^^^^^^^^^^^^^^^^^^^^^^^^
  File "C:\Users\Iran\AppData\Roaming\Python\Python314\site-packages\sqlalchemy\orm\session.py", line 975, in _raise_for_prerequisite_state
    raise sa_exc.PendingRollbackError(
    ...<6 lines>...
    )
sqlalchemy.exc.PendingRollbackError: This Session's transaction has been rolled back due to a previous exception during flush. To begin a new transaction with this Session, first issue Session.rollback(). Original exception was: Can't reconnect until invalid transaction is rolled back.  Please rollback() fully before proceeding (Background on this error at: https://sqlalche.me/e/20/8s2b) (Background on this error at: https://sqlalche.me/e/20/7s2a)
2026-09-14 13:12:26,580 ERROR NAV sync exception for هیوا
Traceback (most recent call last):
  File "C:\Users\Iran\Desktop\temce\brsapi\services\sync_service.py", line 781, in sync_nav_all
    report = await asyncio.wait_for(
             ^^^^^^^^^^^^^^^^^^^^^^^
        self.sync_nav(session, symbol), timeout=150
        ^^^^^^^^^^^^^^^^^^^^^^^^^^^^^^^^^^^^^^^^^^^
    )
    ^
  File "C:\Python314\Lib\asyncio\tasks.py", line 488, in wait_for
    return await fut
           ^^^^^^^^^
  File "C:\Users\Iran\Desktop\temce\brsapi\services\sync_service.py", line 620, in sync_nav
    ins_id = await self._lookup_ins_id(session, symbol)
             ^^^^^^^^^^^^^^^^^^^^^^^^^^^^^^^^^^^^^^^^^^
  File "C:\Users\Iran\Desktop\temce\brsapi\services\sync_service.py", line 960, in _lookup_ins_id
    result = await session.execute(stmt)
             ^^^^^^^^^^^^^^^^^^^^^^^^^^^
  File "C:\Users\Iran\AppData\Roaming\Python\Python314\site-packages\sqlalchemy\ext\asyncio\session.py", line 448, in execute
    result = await greenlet_spawn(
             ^^^^^^^^^^^^^^^^^^^^^
    ...<6 lines>...
    )
    ^
  File "C:\Users\Iran\AppData\Roaming\Python\Python314\site-packages\sqlalchemy\util\_concurrency_py3k.py", line 190, in greenlet_spawn
    result = context.switch(*args, **kwargs)
  File "C:\Users\Iran\AppData\Roaming\Python\Python314\site-packages\sqlalchemy\orm\session.py", line 2373, in execute
    return self._execute_internal(
           ~~~~~~~~~~~~~~~~~~~~~~^
        statement,
        ^^^^^^^^^^
    ...<4 lines>...
        _add_event=_add_event,
        ^^^^^^^^^^^^^^^^^^^^^^
    )
    ^
  File "C:\Users\Iran\AppData\Roaming\Python\Python314\site-packages\sqlalchemy\orm\session.py", line 2261, in _execute_internal
    conn = self._connection_for_bind(bind)
  File "C:\Users\Iran\AppData\Roaming\Python\Python314\site-packages\sqlalchemy\orm\session.py", line 2113, in _connection_for_bind
    return trans._connection_for_bind(engine, execution_options)
           ~~~~~~~~~~~~~~~~~~~~~~~~~~^^^^^^^^^^^^^^^^^^^^^^^^^^^
  File "<string>", line 2, in _connection_for_bind
  File "C:\Users\Iran\AppData\Roaming\Python\Python314\site-packages\sqlalchemy\orm\state_changes.py", line 101, in _go
    self._raise_for_prerequisite_state(fn.__name__, current_state)
    ~~~~~~~~~~~~~~~~~~~~~~~~~~~~~~~~~~^^^^^^^^^^^^^^^^^^^^^^^^^^^^
  File "C:\Users\Iran\AppData\Roaming\Python\Python314\site-packages\sqlalchemy\orm\session.py", line 975, in _raise_for_prerequisite_state
    raise sa_exc.PendingRollbackError(
    ...<6 lines>...
    )
sqlalchemy.exc.PendingRollbackError: This Session's transaction has been rolled back due to a previous exception during flush. To begin a new transaction with this Session, first issue Session.rollback(). Original exception was: Can't reconnect until invalid transaction is rolled back.  Please rollback() fully before proceeding (Background on this error at: https://sqlalche.me/e/20/8s2b) (Background on this error at: https://sqlalche.me/e/20/7s2a)
2026-09-14 13:12:37,613 ERROR NAV sync exception for وبازار
Traceback (most recent call last):
  File "C:\Users\Iran\Desktop\temce\brsapi\services\sync_service.py", line 781, in sync_nav_all
    report = await asyncio.wait_for(
             ^^^^^^^^^^^^^^^^^^^^^^^
        self.sync_nav(session, symbol), timeout=150
        ^^^^^^^^^^^^^^^^^^^^^^^^^^^^^^^^^^^^^^^^^^^
    )
    ^
  File "C:\Python314\Lib\asyncio\tasks.py", line 488, in wait_for
    return await fut
           ^^^^^^^^^
  File "C:\Users\Iran\Desktop\temce\brsapi\services\sync_service.py", line 620, in sync_nav
    ins_id = await self._lookup_ins_id(session, symbol)
             ^^^^^^^^^^^^^^^^^^^^^^^^^^^^^^^^^^^^^^^^^^
  File "C:\Users\Iran\Desktop\temce\brsapi\services\sync_service.py", line 960, in _lookup_ins_id
    result = await session.execute(stmt)
             ^^^^^^^^^^^^^^^^^^^^^^^^^^^
  File "C:\Users\Iran\AppData\Roaming\Python\Python314\site-packages\sqlalchemy\ext\asyncio\session.py", line 448, in execute
    result = await greenlet_spawn(
             ^^^^^^^^^^^^^^^^^^^^^
    ...<6 lines>...
    )
    ^
  File "C:\Users\Iran\AppData\Roaming\Python\Python314\site-packages\sqlalchemy\util\_concurrency_py3k.py", line 190, in greenlet_spawn
    result = context.switch(*args, **kwargs)
  File "C:\Users\Iran\AppData\Roaming\Python\Python314\site-packages\sqlalchemy\orm\session.py", line 2373, in execute
    return self._execute_internal(
           ~~~~~~~~~~~~~~~~~~~~~~^
        statement,
        ^^^^^^^^^^
    ...<4 lines>...
        _add_event=_add_event,
        ^^^^^^^^^^^^^^^^^^^^^^
    )
    ^
  File "C:\Users\Iran\AppData\Roaming\Python\Python314\site-packages\sqlalchemy\orm\session.py", line 2261, in _execute_internal
    conn = self._connection_for_bind(bind)
  File "C:\Users\Iran\AppData\Roaming\Python\Python314\site-packages\sqlalchemy\orm\session.py", line 2113, in _connection_for_bind
    return trans._connection_for_bind(engine, execution_options)
           ~~~~~~~~~~~~~~~~~~~~~~~~~~^^^^^^^^^^^^^^^^^^^^^^^^^^^
  File "<string>", line 2, in _connection_for_bind
  File "C:\Users\Iran\AppData\Roaming\Python\Python314\site-packages\sqlalchemy\orm\state_changes.py", line 101, in _go
    self._raise_for_prerequisite_state(fn.__name__, current_state)
    ~~~~~~~~~~~~~~~~~~~~~~~~~~~~~~~~~~^^^^^^^^^^^^^^^^^^^^^^^^^^^^
  File "C:\Users\Iran\AppData\Roaming\Python\Python314\site-packages\sqlalchemy\orm\session.py", line 975, in _raise_for_prerequisite_state
    raise sa_exc.PendingRollbackError(
    ...<6 lines>...
    )
sqlalchemy.exc.PendingRollbackError: This Session's transaction has been rolled back due to a previous exception during flush. To begin a new transaction with this Session, first issue Session.rollback(). Original exception was: Can't reconnect until invalid transaction is rolled back.  Please rollback() fully before proceeding (Background on this error at: https://sqlalche.me/e/20/8s2b) (Background on this error at: https://sqlalche.me/e/20/7s2a)
2026-09-14 13:12:48,627 ERROR NAV sync exception for ولتاژ
Traceback (most recent call last):
  File "C:\Users\Iran\Desktop\temce\brsapi\services\sync_service.py", line 781, in sync_nav_all
    report = await asyncio.wait_for(
             ^^^^^^^^^^^^^^^^^^^^^^^
        self.sync_nav(session, symbol), timeout=150
        ^^^^^^^^^^^^^^^^^^^^^^^^^^^^^^^^^^^^^^^^^^^
    )
    ^
  File "C:\Python314\Lib\asyncio\tasks.py", line 488, in wait_for
    return await fut
           ^^^^^^^^^
  File "C:\Users\Iran\Desktop\temce\brsapi\services\sync_service.py", line 620, in sync_nav
    ins_id = await self._lookup_ins_id(session, symbol)
             ^^^^^^^^^^^^^^^^^^^^^^^^^^^^^^^^^^^^^^^^^^
  File "C:\Users\Iran\Desktop\temce\brsapi\services\sync_service.py", line 960, in _lookup_ins_id
    result = await session.execute(stmt)
             ^^^^^^^^^^^^^^^^^^^^^^^^^^^
  File "C:\Users\Iran\AppData\Roaming\Python\Python314\site-packages\sqlalchemy\ext\asyncio\session.py", line 448, in execute
    result = await greenlet_spawn(
             ^^^^^^^^^^^^^^^^^^^^^
    ...<6 lines>...
    )
    ^
  File "C:\Users\Iran\AppData\Roaming\Python\Python314\site-packages\sqlalchemy\util\_concurrency_py3k.py", line 190, in greenlet_spawn
    result = context.switch(*args, **kwargs)
  File "C:\Users\Iran\AppData\Roaming\Python\Python314\site-packages\sqlalchemy\orm\session.py", line 2373, in execute
    return self._execute_internal(
           ~~~~~~~~~~~~~~~~~~~~~~^
        statement,
        ^^^^^^^^^^
    ...<4 lines>...
        _add_event=_add_event,
        ^^^^^^^^^^^^^^^^^^^^^^
    )
    ^
  File "C:\Users\Iran\AppData\Roaming\Python\Python314\site-packages\sqlalchemy\orm\session.py", line 2261, in _execute_internal
    conn = self._connection_for_bind(bind)
  File "C:\Users\Iran\AppData\Roaming\Python\Python314\site-packages\sqlalchemy\orm\session.py", line 2113, in _connection_for_bind
    return trans._connection_for_bind(engine, execution_options)
           ~~~~~~~~~~~~~~~~~~~~~~~~~~^^^^^^^^^^^^^^^^^^^^^^^^^^^
  File "<string>", line 2, in _connection_for_bind
  File "C:\Users\Iran\AppData\Roaming\Python\Python314\site-packages\sqlalchemy\orm\state_changes.py", line 101, in _go
    self._raise_for_prerequisite_state(fn.__name__, current_state)
    ~~~~~~~~~~~~~~~~~~~~~~~~~~~~~~~~~~^^^^^^^^^^^^^^^^^^^^^^^^^^^^
  File "C:\Users\Iran\AppData\Roaming\Python\Python314\site-packages\sqlalchemy\orm\session.py", line 975, in _raise_for_prerequisite_state
    raise sa_exc.PendingRollbackError(
    ...<6 lines>...
    )
sqlalchemy.exc.PendingRollbackError: This Session's transaction has been rolled back due to a previous exception during flush. To begin a new transaction with this Session, first issue Session.rollback(). Original exception was: Can't reconnect until invalid transaction is rolled back.  Please rollback() fully before proceeding (Background on this error at: https://sqlalche.me/e/20/8s2b) (Background on this error at: https://sqlalche.me/e/20/7s2a)
2026-09-14 13:12:59,658 ERROR NAV sync exception for ونچر
Traceback (most recent call last):
  File "C:\Users\Iran\Desktop\temce\brsapi\services\sync_service.py", line 781, in sync_nav_all
    report = await asyncio.wait_for(
             ^^^^^^^^^^^^^^^^^^^^^^^
        self.sync_nav(session, symbol), timeout=150
        ^^^^^^^^^^^^^^^^^^^^^^^^^^^^^^^^^^^^^^^^^^^
    )
    ^
  File "C:\Python314\Lib\asyncio\tasks.py", line 488, in wait_for
    return await fut
           ^^^^^^^^^
  File "C:\Users\Iran\Desktop\temce\brsapi\services\sync_service.py", line 620, in sync_nav
    ins_id = await self._lookup_ins_id(session, symbol)
             ^^^^^^^^^^^^^^^^^^^^^^^^^^^^^^^^^^^^^^^^^^
  File "C:\Users\Iran\Desktop\temce\brsapi\services\sync_service.py", line 960, in _lookup_ins_id
    result = await session.execute(stmt)
             ^^^^^^^^^^^^^^^^^^^^^^^^^^^
  File "C:\Users\Iran\AppData\Roaming\Python\Python314\site-packages\sqlalchemy\ext\asyncio\session.py", line 448, in execute
    result = await greenlet_spawn(
             ^^^^^^^^^^^^^^^^^^^^^
    ...<6 lines>...
    )
    ^
  File "C:\Users\Iran\AppData\Roaming\Python\Python314\site-packages\sqlalchemy\util\_concurrency_py3k.py", line 190, in greenlet_spawn
    result = context.switch(*args, **kwargs)
  File "C:\Users\Iran\AppData\Roaming\Python\Python314\site-packages\sqlalchemy\orm\session.py", line 2373, in execute
    return self._execute_internal(
           ~~~~~~~~~~~~~~~~~~~~~~^
        statement,
        ^^^^^^^^^^
    ...<4 lines>...
        _add_event=_add_event,
        ^^^^^^^^^^^^^^^^^^^^^^
    )
    ^
  File "C:\Users\Iran\AppData\Roaming\Python\Python314\site-packages\sqlalchemy\orm\session.py", line 2261, in _execute_internal
    conn = self._connection_for_bind(bind)
  File "C:\Users\Iran\AppData\Roaming\Python\Python314\site-packages\sqlalchemy\orm\session.py", line 2113, in _connection_for_bind
    return trans._connection_for_bind(engine, execution_options)
           ~~~~~~~~~~~~~~~~~~~~~~~~~~^^^^^^^^^^^^^^^^^^^^^^^^^^^
  File "<string>", line 2, in _connection_for_bind
  File "C:\Users\Iran\AppData\Roaming\Python\Python314\site-packages\sqlalchemy\orm\state_changes.py", line 101, in _go
    self._raise_for_prerequisite_state(fn.__name__, current_state)
    ~~~~~~~~~~~~~~~~~~~~~~~~~~~~~~~~~~^^^^^^^^^^^^^^^^^^^^^^^^^^^^
  File "C:\Users\Iran\AppData\Roaming\Python\Python314\site-packages\sqlalchemy\orm\session.py", line 975, in _raise_for_prerequisite_state
    raise sa_exc.PendingRollbackError(
    ...<6 lines>...
    )
sqlalchemy.exc.PendingRollbackError: This Session's transaction has been rolled back due to a previous exception during flush. To begin a new transaction with this Session, first issue Session.rollback(). Original exception was: Can't reconnect until invalid transaction is rolled back.  Please rollback() fully before proceeding (Background on this error at: https://sqlalche.me/e/20/8s2b) (Background on this error at: https://sqlalche.me/e/20/7s2a)
2026-09-14 13:13:10,689 ERROR NAV sync exception for ویستا
Traceback (most recent call last):
  File "C:\Users\Iran\Desktop\temce\brsapi\services\sync_service.py", line 781, in sync_nav_all
    report = await asyncio.wait_for(
             ^^^^^^^^^^^^^^^^^^^^^^^
        self.sync_nav(session, symbol), timeout=150
        ^^^^^^^^^^^^^^^^^^^^^^^^^^^^^^^^^^^^^^^^^^^
    )
    ^
  File "C:\Python314\Lib\asyncio\tasks.py", line 488, in wait_for
    return await fut
           ^^^^^^^^^
  File "C:\Users\Iran\Desktop\temce\brsapi\services\sync_service.py", line 620, in sync_nav
    ins_id = await self._lookup_ins_id(session, symbol)
             ^^^^^^^^^^^^^^^^^^^^^^^^^^^^^^^^^^^^^^^^^^
  File "C:\Users\Iran\Desktop\temce\brsapi\services\sync_service.py", line 960, in _lookup_ins_id
    result = await session.execute(stmt)
             ^^^^^^^^^^^^^^^^^^^^^^^^^^^
  File "C:\Users\Iran\AppData\Roaming\Python\Python314\site-packages\sqlalchemy\ext\asyncio\session.py", line 448, in execute
    result = await greenlet_spawn(
             ^^^^^^^^^^^^^^^^^^^^^
    ...<6 lines>...
    )
    ^
  File "C:\Users\Iran\AppData\Roaming\Python\Python314\site-packages\sqlalchemy\util\_concurrency_py3k.py", line 190, in greenlet_spawn
    result = context.switch(*args, **kwargs)
  File "C:\Users\Iran\AppData\Roaming\Python\Python314\site-packages\sqlalchemy\orm\session.py", line 2373, in execute
    return self._execute_internal(
           ~~~~~~~~~~~~~~~~~~~~~~^
        statement,
        ^^^^^^^^^^
    ...<4 lines>...
        _add_event=_add_event,
        ^^^^^^^^^^^^^^^^^^^^^^
    )
    ^
  File "C:\Users\Iran\AppData\Roaming\Python\Python314\site-packages\sqlalchemy\orm\session.py", line 2261, in _execute_internal
    conn = self._connection_for_bind(bind)
  File "C:\Users\Iran\AppData\Roaming\Python\Python314\site-packages\sqlalchemy\orm\session.py", line 2113, in _connection_for_bind
    return trans._connection_for_bind(engine, execution_options)
           ~~~~~~~~~~~~~~~~~~~~~~~~~~^^^^^^^^^^^^^^^^^^^^^^^^^^^
  File "<string>", line 2, in _connection_for_bind
  File "C:\Users\Iran\AppData\Roaming\Python\Python314\site-packages\sqlalchemy\orm\state_changes.py", line 101, in _go
    self._raise_for_prerequisite_state(fn.__name__, current_state)
    ~~~~~~~~~~~~~~~~~~~~~~~~~~~~~~~~~~^^^^^^^^^^^^^^^^^^^^^^^^^^^^
  File "C:\Users\Iran\AppData\Roaming\Python\Python314\site-packages\sqlalchemy\orm\session.py", line 975, in _raise_for_prerequisite_state
    raise sa_exc.PendingRollbackError(
    ...<6 lines>...
    )
sqlalchemy.exc.PendingRollbackError: This Session's transaction has been rolled back due to a previous exception during flush. To begin a new transaction with this Session, first issue Session.rollback(). Original exception was: Can't reconnect until invalid transaction is rolled back.  Please rollback() fully before proceeding (Background on this error at: https://sqlalche.me/e/20/8s2b) (Background on this error at: https://sqlalche.me/e/20/7s2a)
2026-09-14 13:13:21,705 ERROR NAV sync exception for ویسرو
Traceback (most recent call last):
  File "C:\Users\Iran\Desktop\temce\brsapi\services\sync_service.py", line 781, in sync_nav_all
    report = await asyncio.wait_for(
             ^^^^^^^^^^^^^^^^^^^^^^^
        self.sync_nav(session, symbol), timeout=150
        ^^^^^^^^^^^^^^^^^^^^^^^^^^^^^^^^^^^^^^^^^^^
    )
    ^
  File "C:\Python314\Lib\asyncio\tasks.py", line 488, in wait_for
    return await fut
           ^^^^^^^^^
  File "C:\Users\Iran\Desktop\temce\brsapi\services\sync_service.py", line 620, in sync_nav
    ins_id = await self._lookup_ins_id(session, symbol)
             ^^^^^^^^^^^^^^^^^^^^^^^^^^^^^^^^^^^^^^^^^^
  File "C:\Users\Iran\Desktop\temce\brsapi\services\sync_service.py", line 960, in _lookup_ins_id
    result = await session.execute(stmt)
             ^^^^^^^^^^^^^^^^^^^^^^^^^^^
  File "C:\Users\Iran\AppData\Roaming\Python\Python314\site-packages\sqlalchemy\ext\asyncio\session.py", line 448, in execute
    result = await greenlet_spawn(
             ^^^^^^^^^^^^^^^^^^^^^
    ...<6 lines>...
    )
    ^
  File "C:\Users\Iran\AppData\Roaming\Python\Python314\site-packages\sqlalchemy\util\_concurrency_py3k.py", line 190, in greenlet_spawn
    result = context.switch(*args, **kwargs)
  File "C:\Users\Iran\AppData\Roaming\Python\Python314\site-packages\sqlalchemy\orm\session.py", line 2373, in execute
    return self._execute_internal(
           ~~~~~~~~~~~~~~~~~~~~~~^
        statement,
        ^^^^^^^^^^
    ...<4 lines>...
        _add_event=_add_event,
        ^^^^^^^^^^^^^^^^^^^^^^
    )
    ^
  File "C:\Users\Iran\AppData\Roaming\Python\Python314\site-packages\sqlalchemy\orm\session.py", line 2261, in _execute_internal
    conn = self._connection_for_bind(bind)
  File "C:\Users\Iran\AppData\Roaming\Python\Python314\site-packages\sqlalchemy\orm\session.py", line 2113, in _connection_for_bind
    return trans._connection_for_bind(engine, execution_options)
           ~~~~~~~~~~~~~~~~~~~~~~~~~~^^^^^^^^^^^^^^^^^^^^^^^^^^^
  File "<string>", line 2, in _connection_for_bind
  File "C:\Users\Iran\AppData\Roaming\Python\Python314\site-packages\sqlalchemy\orm\state_changes.py", line 101, in _go
    self._raise_for_prerequisite_state(fn.__name__, current_state)
    ~~~~~~~~~~~~~~~~~~~~~~~~~~~~~~~~~~^^^^^^^^^^^^^^^^^^^^^^^^^^^^
  File "C:\Users\Iran\AppData\Roaming\Python\Python314\site-packages\sqlalchemy\orm\session.py", line 975, in _raise_for_prerequisite_state
    raise sa_exc.PendingRollbackError(
    ...<6 lines>...
    )
sqlalchemy.exc.PendingRollbackError: This Session's transaction has been rolled back due to a previous exception during flush. To begin a new transaction with this Session, first issue Session.rollback(). Original exception was: Can't reconnect until invalid transaction is rolled back.  Please rollback() fully before proceeding (Background on this error at: https://sqlalche.me/e/20/8s2b) (Background on this error at: https://sqlalche.me/e/20/7s2a)
2026-09-14 13:13:32,724 ERROR NAV sync exception for یارا
Traceback (most recent call last):
  File "C:\Users\Iran\Desktop\temce\brsapi\services\sync_service.py", line 781, in sync_nav_all
    report = await asyncio.wait_for(
             ^^^^^^^^^^^^^^^^^^^^^^^
        self.sync_nav(session, symbol), timeout=150
        ^^^^^^^^^^^^^^^^^^^^^^^^^^^^^^^^^^^^^^^^^^^
    )
    ^
  File "C:\Python314\Lib\asyncio\tasks.py", line 488, in wait_for
    return await fut
           ^^^^^^^^^
  File "C:\Users\Iran\Desktop\temce\brsapi\services\sync_service.py", line 620, in sync_nav
    ins_id = await self._lookup_ins_id(session, symbol)
             ^^^^^^^^^^^^^^^^^^^^^^^^^^^^^^^^^^^^^^^^^^
  File "C:\Users\Iran\Desktop\temce\brsapi\services\sync_service.py", line 960, in _lookup_ins_id
    result = await session.execute(stmt)
             ^^^^^^^^^^^^^^^^^^^^^^^^^^^
  File "C:\Users\Iran\AppData\Roaming\Python\Python314\site-packages\sqlalchemy\ext\asyncio\session.py", line 448, in execute
    result = await greenlet_spawn(
             ^^^^^^^^^^^^^^^^^^^^^
    ...<6 lines>...
    )
    ^
  File "C:\Users\Iran\AppData\Roaming\Python\Python314\site-packages\sqlalchemy\util\_concurrency_py3k.py", line 190, in greenlet_spawn
    result = context.switch(*args, **kwargs)
  File "C:\Users\Iran\AppData\Roaming\Python\Python314\site-packages\sqlalchemy\orm\session.py", line 2373, in execute
    return self._execute_internal(
           ~~~~~~~~~~~~~~~~~~~~~~^
        statement,
        ^^^^^^^^^^
    ...<4 lines>...
        _add_event=_add_event,
        ^^^^^^^^^^^^^^^^^^^^^^
    )
    ^
  File "C:\Users\Iran\AppData\Roaming\Python\Python314\site-packages\sqlalchemy\orm\session.py", line 2261, in _execute_internal
    conn = self._connection_for_bind(bind)
  File "C:\Users\Iran\AppData\Roaming\Python\Python314\site-packages\sqlalchemy\orm\session.py", line 2113, in _connection_for_bind
    return trans._connection_for_bind(engine, execution_options)
           ~~~~~~~~~~~~~~~~~~~~~~~~~~^^^^^^^^^^^^^^^^^^^^^^^^^^^
  File "<string>", line 2, in _connection_for_bind
  File "C:\Users\Iran\AppData\Roaming\Python\Python314\site-packages\sqlalchemy\orm\state_changes.py", line 101, in _go
    self._raise_for_prerequisite_state(fn.__name__, current_state)
    ~~~~~~~~~~~~~~~~~~~~~~~~~~~~~~~~~~^^^^^^^^^^^^^^^^^^^^^^^^^^^^
  File "C:\Users\Iran\AppData\Roaming\Python\Python314\site-packages\sqlalchemy\orm\session.py", line 975, in _raise_for_prerequisite_state
    raise sa_exc.PendingRollbackError(
    ...<6 lines>...
    )
sqlalchemy.exc.PendingRollbackError: This Session's transaction has been rolled back due to a previous exception during flush. To begin a new transaction with this Session, first issue Session.rollback(). Original exception was: Can't reconnect until invalid transaction is rolled back.  Please rollback() fully before proceeding (Background on this error at: https://sqlalche.me/e/20/8s2b) (Background on this error at: https://sqlalche.me/e/20/7s2a)
2026-09-14 13:13:43,745 ERROR NAV sync exception for یاس
Traceback (most recent call last):
  File "C:\Users\Iran\Desktop\temce\brsapi\services\sync_service.py", line 781, in sync_nav_all
    report = await asyncio.wait_for(
             ^^^^^^^^^^^^^^^^^^^^^^^
        self.sync_nav(session, symbol), timeout=150
        ^^^^^^^^^^^^^^^^^^^^^^^^^^^^^^^^^^^^^^^^^^^
    )
    ^
  File "C:\Python314\Lib\asyncio\tasks.py", line 488, in wait_for
    return await fut
           ^^^^^^^^^
  File "C:\Users\Iran\Desktop\temce\brsapi\services\sync_service.py", line 620, in sync_nav
    ins_id = await self._lookup_ins_id(session, symbol)
             ^^^^^^^^^^^^^^^^^^^^^^^^^^^^^^^^^^^^^^^^^^
  File "C:\Users\Iran\Desktop\temce\brsapi\services\sync_service.py", line 960, in _lookup_ins_id
    result = await session.execute(stmt)
             ^^^^^^^^^^^^^^^^^^^^^^^^^^^
  File "C:\Users\Iran\AppData\Roaming\Python\Python314\site-packages\sqlalchemy\ext\asyncio\session.py", line 448, in execute
    result = await greenlet_spawn(
             ^^^^^^^^^^^^^^^^^^^^^
    ...<6 lines>...
    )
    ^
  File "C:\Users\Iran\AppData\Roaming\Python\Python314\site-packages\sqlalchemy\util\_concurrency_py3k.py", line 190, in greenlet_spawn
    result = context.switch(*args, **kwargs)
  File "C:\Users\Iran\AppData\Roaming\Python\Python314\site-packages\sqlalchemy\orm\session.py", line 2373, in execute
    return self._execute_internal(
           ~~~~~~~~~~~~~~~~~~~~~~^
        statement,
        ^^^^^^^^^^
    ...<4 lines>...
        _add_event=_add_event,
        ^^^^^^^^^^^^^^^^^^^^^^
    )
    ^
  File "C:\Users\Iran\AppData\Roaming\Python\Python314\site-packages\sqlalchemy\orm\session.py", line 2261, in _execute_internal
    conn = self._connection_for_bind(bind)
  File "C:\Users\Iran\AppData\Roaming\Python\Python314\site-packages\sqlalchemy\orm\session.py", line 2113, in _connection_for_bind
    return trans._connection_for_bind(engine, execution_options)
           ~~~~~~~~~~~~~~~~~~~~~~~~~~^^^^^^^^^^^^^^^^^^^^^^^^^^^
  File "<string>", line 2, in _connection_for_bind
  File "C:\Users\Iran\AppData\Roaming\Python\Python314\site-packages\sqlalchemy\orm\state_changes.py", line 101, in _go
    self._raise_for_prerequisite_state(fn.__name__, current_state)
    ~~~~~~~~~~~~~~~~~~~~~~~~~~~~~~~~~~^^^^^^^^^^^^^^^^^^^^^^^^^^^^
  File "C:\Users\Iran\AppData\Roaming\Python\Python314\site-packages\sqlalchemy\orm\session.py", line 975, in _raise_for_prerequisite_state
    raise sa_exc.PendingRollbackError(
    ...<6 lines>...
    )
sqlalchemy.exc.PendingRollbackError: This Session's transaction has been rolled back due to a previous exception during flush. To begin a new transaction with this Session, first issue Session.rollback(). Original exception was: Can't reconnect until invalid transaction is rolled back.  Please rollback() fully before proceeding (Background on this error at: https://sqlalche.me/e/20/8s2b) (Background on this error at: https://sqlalche.me/e/20/7s2a)
2026-09-14 13:13:43,761 INFO NAV sync progress: 340/344 symbols (298 ok, 42 fail)
2026-09-14 13:13:54,764 ERROR NAV sync exception for یاقوت
Traceback (most recent call last):
  File "C:\Users\Iran\Desktop\temce\brsapi\services\sync_service.py", line 781, in sync_nav_all
    report = await asyncio.wait_for(
             ^^^^^^^^^^^^^^^^^^^^^^^
        self.sync_nav(session, symbol), timeout=150
        ^^^^^^^^^^^^^^^^^^^^^^^^^^^^^^^^^^^^^^^^^^^
    )
    ^
  File "C:\Python314\Lib\asyncio\tasks.py", line 488, in wait_for
    return await fut
           ^^^^^^^^^
  File "C:\Users\Iran\Desktop\temce\brsapi\services\sync_service.py", line 620, in sync_nav
    ins_id = await self._lookup_ins_id(session, symbol)
             ^^^^^^^^^^^^^^^^^^^^^^^^^^^^^^^^^^^^^^^^^^
  File "C:\Users\Iran\Desktop\temce\brsapi\services\sync_service.py", line 960, in _lookup_ins_id
    result = await session.execute(stmt)
             ^^^^^^^^^^^^^^^^^^^^^^^^^^^
  File "C:\Users\Iran\AppData\Roaming\Python\Python314\site-packages\sqlalchemy\ext\asyncio\session.py", line 448, in execute
    result = await greenlet_spawn(
             ^^^^^^^^^^^^^^^^^^^^^
    ...<6 lines>...
    )
    ^
  File "C:\Users\Iran\AppData\Roaming\Python\Python314\site-packages\sqlalchemy\util\_concurrency_py3k.py", line 190, in greenlet_spawn
    result = context.switch(*args, **kwargs)
  File "C:\Users\Iran\AppData\Roaming\Python\Python314\site-packages\sqlalchemy\orm\session.py", line 2373, in execute
    return self._execute_internal(
           ~~~~~~~~~~~~~~~~~~~~~~^
        statement,
        ^^^^^^^^^^
    ...<4 lines>...
        _add_event=_add_event,
        ^^^^^^^^^^^^^^^^^^^^^^
    )
    ^
  File "C:\Users\Iran\AppData\Roaming\Python\Python314\site-packages\sqlalchemy\orm\session.py", line 2261, in _execute_internal
    conn = self._connection_for_bind(bind)
  File "C:\Users\Iran\AppData\Roaming\Python\Python314\site-packages\sqlalchemy\orm\session.py", line 2113, in _connection_for_bind
    return trans._connection_for_bind(engine, execution_options)
           ~~~~~~~~~~~~~~~~~~~~~~~~~~^^^^^^^^^^^^^^^^^^^^^^^^^^^
  File "<string>", line 2, in _connection_for_bind
  File "C:\Users\Iran\AppData\Roaming\Python\Python314\site-packages\sqlalchemy\orm\state_changes.py", line 101, in _go
    self._raise_for_prerequisite_state(fn.__name__, current_state)
    ~~~~~~~~~~~~~~~~~~~~~~~~~~~~~~~~~~^^^^^^^^^^^^^^^^^^^^^^^^^^^^
  File "C:\Users\Iran\AppData\Roaming\Python\Python314\site-packages\sqlalchemy\orm\session.py", line 975, in _raise_for_prerequisite_state
    raise sa_exc.PendingRollbackError(
    ...<6 lines>...
    )
sqlalchemy.exc.PendingRollbackError: This Session's transaction has been rolled back due to a previous exception during flush. To begin a new transaction with this Session, first issue Session.rollback(). Original exception was: Can't reconnect until invalid transaction is rolled back.  Please rollback() fully before proceeding (Background on this error at: https://sqlalche.me/e/20/8s2b) (Background on this error at: https://sqlalche.me/e/20/7s2a)
2026-09-14 13:14:05,799 ERROR NAV sync exception for یکم
Traceback (most recent call last):
  File "C:\Users\Iran\Desktop\temce\brsapi\services\sync_service.py", line 781, in sync_nav_all
    report = await asyncio.wait_for(
             ^^^^^^^^^^^^^^^^^^^^^^^
        self.sync_nav(session, symbol), timeout=150
        ^^^^^^^^^^^^^^^^^^^^^^^^^^^^^^^^^^^^^^^^^^^
    )
    ^
  File "C:\Python314\Lib\asyncio\tasks.py", line 488, in wait_for
    return await fut
           ^^^^^^^^^
  File "C:\Users\Iran\Desktop\temce\brsapi\services\sync_service.py", line 620, in sync_nav
    ins_id = await self._lookup_ins_id(session, symbol)
             ^^^^^^^^^^^^^^^^^^^^^^^^^^^^^^^^^^^^^^^^^^
  File "C:\Users\Iran\Desktop\temce\brsapi\services\sync_service.py", line 960, in _lookup_ins_id
    result = await session.execute(stmt)
             ^^^^^^^^^^^^^^^^^^^^^^^^^^^
  File "C:\Users\Iran\AppData\Roaming\Python\Python314\site-packages\sqlalchemy\ext\asyncio\session.py", line 448, in execute
    result = await greenlet_spawn(
             ^^^^^^^^^^^^^^^^^^^^^
    ...<6 lines>...
    )
    ^
  File "C:\Users\Iran\AppData\Roaming\Python\Python314\site-packages\sqlalchemy\util\_concurrency_py3k.py", line 190, in greenlet_spawn
    result = context.switch(*args, **kwargs)
  File "C:\Users\Iran\AppData\Roaming\Python\Python314\site-packages\sqlalchemy\orm\session.py", line 2373, in execute
    return self._execute_internal(
           ~~~~~~~~~~~~~~~~~~~~~~^
        statement,
        ^^^^^^^^^^
    ...<4 lines>...
        _add_event=_add_event,
        ^^^^^^^^^^^^^^^^^^^^^^
    )
    ^
  File "C:\Users\Iran\AppData\Roaming\Python\Python314\site-packages\sqlalchemy\orm\session.py", line 2261, in _execute_internal
    conn = self._connection_for_bind(bind)
  File "C:\Users\Iran\AppData\Roaming\Python\Python314\site-packages\sqlalchemy\orm\session.py", line 2113, in _connection_for_bind
    return trans._connection_for_bind(engine, execution_options)
           ~~~~~~~~~~~~~~~~~~~~~~~~~~^^^^^^^^^^^^^^^^^^^^^^^^^^^
  File "<string>", line 2, in _connection_for_bind
  File "C:\Users\Iran\AppData\Roaming\Python\Python314\site-packages\sqlalchemy\orm\state_changes.py", line 101, in _go
    self._raise_for_prerequisite_state(fn.__name__, current_state)
    ~~~~~~~~~~~~~~~~~~~~~~~~~~~~~~~~~~^^^^^^^^^^^^^^^^^^^^^^^^^^^^
  File "C:\Users\Iran\AppData\Roaming\Python\Python314\site-packages\sqlalchemy\orm\session.py", line 975, in _raise_for_prerequisite_state
    raise sa_exc.PendingRollbackError(
    ...<6 lines>...
    )
sqlalchemy.exc.PendingRollbackError: This Session's transaction has been rolled back due to a previous exception during flush. To begin a new transaction with this Session, first issue Session.rollback(). Original exception was: Can't reconnect until invalid transaction is rolled back.  Please rollback() fully before proceeding (Background on this error at: https://sqlalche.me/e/20/8s2b) (Background on this error at: https://sqlalche.me/e/20/7s2a)
2026-09-14 13:14:16,817 ERROR NAV sync exception for یلدا
Traceback (most recent call last):
  File "C:\Users\Iran\Desktop\temce\brsapi\services\sync_service.py", line 781, in sync_nav_all
    report = await asyncio.wait_for(
             ^^^^^^^^^^^^^^^^^^^^^^^
        self.sync_nav(session, symbol), timeout=150
        ^^^^^^^^^^^^^^^^^^^^^^^^^^^^^^^^^^^^^^^^^^^
    )
    ^
  File "C:\Python314\Lib\asyncio\tasks.py", line 488, in wait_for
    return await fut
           ^^^^^^^^^
  File "C:\Users\Iran\Desktop\temce\brsapi\services\sync_service.py", line 620, in sync_nav
    ins_id = await self._lookup_ins_id(session, symbol)
             ^^^^^^^^^^^^^^^^^^^^^^^^^^^^^^^^^^^^^^^^^^
  File "C:\Users\Iran\Desktop\temce\brsapi\services\sync_service.py", line 960, in _lookup_ins_id
    result = await session.execute(stmt)
             ^^^^^^^^^^^^^^^^^^^^^^^^^^^
  File "C:\Users\Iran\AppData\Roaming\Python\Python314\site-packages\sqlalchemy\ext\asyncio\session.py", line 448, in execute
    result = await greenlet_spawn(
             ^^^^^^^^^^^^^^^^^^^^^
    ...<6 lines>...
    )
    ^
  File "C:\Users\Iran\AppData\Roaming\Python\Python314\site-packages\sqlalchemy\util\_concurrency_py3k.py", line 190, in greenlet_spawn
    result = context.switch(*args, **kwargs)
  File "C:\Users\Iran\AppData\Roaming\Python\Python314\site-packages\sqlalchemy\orm\session.py", line 2373, in execute
    return self._execute_internal(
           ~~~~~~~~~~~~~~~~~~~~~~^
        statement,
        ^^^^^^^^^^
    ...<4 lines>...
        _add_event=_add_event,
        ^^^^^^^^^^^^^^^^^^^^^^
    )
    ^
  File "C:\Users\Iran\AppData\Roaming\Python\Python314\site-packages\sqlalchemy\orm\session.py", line 2261, in _execute_internal
    conn = self._connection_for_bind(bind)
  File "C:\Users\Iran\AppData\Roaming\Python\Python314\site-packages\sqlalchemy\orm\session.py", line 2113, in _connection_for_bind
    return trans._connection_for_bind(engine, execution_options)
           ~~~~~~~~~~~~~~~~~~~~~~~~~~^^^^^^^^^^^^^^^^^^^^^^^^^^^
  File "<string>", line 2, in _connection_for_bind
  File "C:\Users\Iran\AppData\Roaming\Python\Python314\site-packages\sqlalchemy\orm\state_changes.py", line 101, in _go
    self._raise_for_prerequisite_state(fn.__name__, current_state)
    ~~~~~~~~~~~~~~~~~~~~~~~~~~~~~~~~~~^^^^^^^^^^^^^^^^^^^^^^^^^^^^
  File "C:\Users\Iran\AppData\Roaming\Python\Python314\site-packages\sqlalchemy\orm\session.py", line 975, in _raise_for_prerequisite_state
    raise sa_exc.PendingRollbackError(
    ...<6 lines>...
    )
sqlalchemy.exc.PendingRollbackError: This Session's transaction has been rolled back due to a previous exception during flush. To begin a new transaction with this Session, first issue Session.rollback(). Original exception was: Can't reconnect until invalid transaction is rolled back.  Please rollback() fully before proceeding (Background on this error at: https://sqlalche.me/e/20/8s2b) (Background on this error at: https://sqlalche.me/e/20/7s2a)
2026-09-14 13:14:27,845 ERROR NAV sync exception for یوتیلیتی
Traceback (most recent call last):
  File "C:\Users\Iran\Desktop\temce\brsapi\services\sync_service.py", line 781, in sync_nav_all
    report = await asyncio.wait_for(
             ^^^^^^^^^^^^^^^^^^^^^^^
        self.sync_nav(session, symbol), timeout=150
        ^^^^^^^^^^^^^^^^^^^^^^^^^^^^^^^^^^^^^^^^^^^
    )
    ^
  File "C:\Python314\Lib\asyncio\tasks.py", line 488, in wait_for
    return await fut
           ^^^^^^^^^
  File "C:\Users\Iran\Desktop\temce\brsapi\services\sync_service.py", line 620, in sync_nav
    ins_id = await self._lookup_ins_id(session, symbol)
             ^^^^^^^^^^^^^^^^^^^^^^^^^^^^^^^^^^^^^^^^^^
  File "C:\Users\Iran\Desktop\temce\brsapi\services\sync_service.py", line 960, in _lookup_ins_id
    result = await session.execute(stmt)
             ^^^^^^^^^^^^^^^^^^^^^^^^^^^
  File "C:\Users\Iran\AppData\Roaming\Python\Python314\site-packages\sqlalchemy\ext\asyncio\session.py", line 448, in execute
    result = await greenlet_spawn(
             ^^^^^^^^^^^^^^^^^^^^^
    ...<6 lines>...
    )
    ^
  File "C:\Users\Iran\AppData\Roaming\Python\Python314\site-packages\sqlalchemy\util\_concurrency_py3k.py", line 190, in greenlet_spawn
    result = context.switch(*args, **kwargs)
  File "C:\Users\Iran\AppData\Roaming\Python\Python314\site-packages\sqlalchemy\orm\session.py", line 2373, in execute
    return self._execute_internal(
           ~~~~~~~~~~~~~~~~~~~~~~^
        statement,
        ^^^^^^^^^^
    ...<4 lines>...
        _add_event=_add_event,
        ^^^^^^^^^^^^^^^^^^^^^^
    )
    ^
  File "C:\Users\Iran\AppData\Roaming\Python\Python314\site-packages\sqlalchemy\orm\session.py", line 2261, in _execute_internal
    conn = self._connection_for_bind(bind)
  File "C:\Users\Iran\AppData\Roaming\Python\Python314\site-packages\sqlalchemy\orm\session.py", line 2113, in _connection_for_bind
    return trans._connection_for_bind(engine, execution_options)
           ~~~~~~~~~~~~~~~~~~~~~~~~~~^^^^^^^^^^^^^^^^^^^^^^^^^^^
  File "<string>", line 2, in _connection_for_bind
  File "C:\Users\Iran\AppData\Roaming\Python\Python314\site-packages\sqlalchemy\orm\state_changes.py", line 101, in _go
    self._raise_for_prerequisite_state(fn.__name__, current_state)
    ~~~~~~~~~~~~~~~~~~~~~~~~~~~~~~~~~~^^^^^^^^^^^^^^^^^^^^^^^^^^^^
  File "C:\Users\Iran\AppData\Roaming\Python\Python314\site-packages\sqlalchemy\orm\session.py", line 975, in _raise_for_prerequisite_state
    raise sa_exc.PendingRollbackError(
    ...<6 lines>...
    )
sqlalchemy.exc.PendingRollbackError: This Session's transaction has been rolled back due to a previous exception during flush. To begin a new transaction with this Session, first issue Session.rollback(). Original exception was: Can't reconnect until invalid transaction is rolled back.  Please rollback() fully before proceeding (Background on this error at: https://sqlalche.me/e/20/8s2b) (Background on this error at: https://sqlalche.me/e/20/7s2a)
2026-09-14 13:14:27,885 INFO NAV sync done: 292 new rows (292 symbols stored, 6 no-data, 2 skipped, 46 failed)
Traceback (most recent call last):
  File "C:\Users\Iran\Desktop\temce\_nav_full_run.py", line 41, in <module>
    asyncio.run(main())
    ~~~~~~~~~~~^^^^^^^^
  File "C:\Python314\Lib\asyncio\runners.py", line 205, in run
    return runner.run(main)
           ~~~~~~~~~~^^^^^^
  File "C:\Python314\Lib\asyncio\runners.py", line 128, in run
    return self._loop.run_until_complete(task)
           ~~~~~~~~~~~~~~~~~~~~~~~~~~~~~^^^^^^
  File "C:\Python314\Lib\asyncio\base_events.py", line 719, in run_until_complete
    return future.result()
           ~~~~~~~~~~~~~^^
  File "C:\Users\Iran\Desktop\temce\_nav_full_run.py", line 21, in main
    async for session in get_session():
        svc = BrsApiSyncService(client=client)
        report = await svc.sync_nav_all(session)
  File "C:\Users\Iran\Desktop\temce\core\database.py", line 166, in get_session
    await session.commit()
  File "C:\Users\Iran\AppData\Roaming\Python\Python314\site-packages\sqlalchemy\ext\asyncio\session.py", line 999, in commit
    await greenlet_spawn(self.sync_session.commit)
  File "C:\Users\Iran\AppData\Roaming\Python\Python314\site-packages\sqlalchemy\util\_concurrency_py3k.py", line 190, in greenlet_spawn
    result = context.switch(*args, **kwargs)
  File "C:\Users\Iran\AppData\Roaming\Python\Python314\site-packages\sqlalchemy\orm\session.py", line 2035, in commit
    trans.commit(_to_root=True)
    ~~~~~~~~~~~~^^^^^^^^^^^^^^^
  File "<string>", line 2, in commit
  File "C:\Users\Iran\AppData\Roaming\Python\Python314\site-packages\sqlalchemy\orm\state_changes.py", line 101, in _go
    self._raise_for_prerequisite_state(fn.__name__, current_state)
    ~~~~~~~~~~~~~~~~~~~~~~~~~~~~~~~~~~^^^^^^^^^^^^^^^^^^^^^^^^^^^^
  File "C:\Users\Iran\AppData\Roaming\Python\Python314\site-packages\sqlalchemy\orm\session.py", line 975, in _raise_for_prerequisite_state
    raise sa_exc.PendingRollbackError(
    ...<6 lines>...
    )
sqlalchemy.exc.PendingRollbackError: This Session's transaction has been rolled back due to a previous exception during flush. To begin a new transaction with this Session, first issue Session.rollback(). Original exception was: Can't reconnect until invalid transaction is rolled back.  Please rollback() fully before proceeding (Background on this error at: https://sqlalche.me/e/20/8s2b) (Background on this error at: https://sqlalche.me/e/20/7s2a)
