symbol,adjusted_score,created_at,current_price,decision,entry_price,exit_price,exit_reason,final_score,generated_at,gregorian_date,id,institutional_ratio,liquidity_pct,live_pe,negative_filters_count,nima_free_spread,outcome_correct,outcome_set_at,pe_ratio,percentile_score,pnl_pct,position_size,rank_in_industry,rank_in_market,raw_score,raw_scores,risk_ok,rule_50_30,score_farabourse,score_feedstock,score_fundamental,score_gov_support,score_growth,score_institutional,score_liquidity,score_macro,score_momentum,score_quality,score_sentiment,score_technical,score_total,score_valuation,score_value,shamsi_date,stop_loss_price,symbol,trade_date,volume_spike
ADA,,,,,,,,,,,,,,,,,,,,,,,,,,,,,,,,,,,,,,,,,,,,,,,,
AED,,,,,,,,,,,,,,,,,,,,,,,,,,,,,,,,,,,,,,,,,,,,,,,,
AFN,,,,,,,,,,,,,,,,,,,,,,,,,,,,,,,,,,,,,,,,,,,,,,,,
AMD,,,,,,,,,,,,,,,,,,,,,,,,,,,,,,,,,,,,,,,,,,,,,,,,
ATOM,,,,,,,,,,,,,,,,,,,,,,,,,,,,,,,,,,,,,,,,,,,,,,,,
AUD,,,,,,,,,,,,,,,,,,,,,,,,,,,,,,,,,,,,,,,,,,,,,,,,
AVAX,,,,,,,,,,,,,,,,,,,,,,,,,,,,,,,,,,,,,,,,,,,,,,,,
AZN,,,,,,,,,,,,,,,,,,,,,,,,,,,,,,,,,,,,,,,,,,,,,,,,
BHD,,,,,,,,,,,,,,,,,,,,,,,,,,,,,,,,,,,,,,,,,,,,,,,,
BNB,,,,,,,,,,,,,,,,,,,,,,,,,,,,,,,,,,,,,,,,,,,,,,,,
BTC,,,,,,,,,,,,,,,,,,,,,,,,,,,,,,,,,,,,,,,,,,,,,,,,
CAD,,,,,,,,,,,,,,,,,,,,,,,,,,,,,,,,,,,,,,,,,,,,,,,,
CHF,,,,,,,,,,,,,,,,,,,,,,,,,,,,,,,,,,,,,,,,,,,,,,,,
CNY,,,,,,,,,,,,,,,,,,,,,,,,,,,,,,,,,,,,,,,,,,,,,,,,
DOGE,,,,,,,,,,,,,,,,,,,,,,,,,,,,,,,,,,,,,,,,,,,,,,,,
DOT,,,,,,,,,,,,,,,,,,,,,,,,,,,,,,,,,,,,,,,,,,,,,,,,
ETH,,,,,,,,,,,,,,,,,,,,,,,,,,,,,,,,,,,,,,,,,,,,,,,,
EUR,,,,,,,,,,,,,,,,,,,,,,,,,,,,,,,,,,,,,,,,,,,,,,,,
FIL,,,,,,,,,,,,,,,,,,,,,,,,,,,,,,,,,,,,,,,,,,,,,,,,
GBP,,,,,,,,,,,,,,,,,,,,,,,,,,,,,,,,,,,,,,,,,,,,,,,,
GEL,,,,,,,,,,,,,,,,,,,,,,,,,,,,,,,,,,,,,,,,,,,,,,,,
INR,,,,,,,,,,,,,,,,,,,,,,,,,,,,,,,,,,,,,,,,,,,,,,,,
IQD,,,,,,,,,,,,,,,,,,,,,,,,,,,,,,,,,,,,,,,,,,,,,,,,
IR_COIN_1G,,,,,,,,,,,,,,,,,,,,,,,,,,,,,,,,,,,,,,,,,,,,,,,,
IR_COIN_BAHAR,,,,,,,,,,,,,,,,,,,,,,,,,,,,,,,,,,,,,,,,,,,,,,,,
IR_COIN_EMAMI,,,,,,,,,,,,,,,,,,,,,,,,,,,,,,,,,,,,,,,,,,,,,,,,
IR_COIN_HALF,,,,,,,,,,,,,,,,,,,,,,,,,,,,,,,,,,,,,,,,,,,,,,,,
IR_COIN_QUARTER,,,,,,,,,,,,,,,,,,,,,,,,,,,,,,,,,,,,,,,,,,,,,,,,
IR_GOLD_18K,,,,,,,,,,,,,,,,,,,,,,,,,,,,,,,,,,,,,,,,,,,,,,,,
IR_GOLD_24K,,,,,,,,,,,,,,,,,,,,,,,,,,,,,,,,,,,,,,,,,,,,,,,,
IR_GOLD_MELTED,,,,,,,,,,,,,,,,,,,,,,,,,,,,,,,,,,,,,,,,,,,,,,,,
IR_PCOIN_1-1G,,,,,,,,,,,,,,,,,,,,,,,,,,,,,,,,,,,,,,,,,,,,,,,,
IR_PCOIN_1-2G,,,,,,,,,,,,,,,,,,,,,,,,,,,,,,,,,,,,,,,,,,,,,,,,
IR_PCOIN_1-3G,,,,,,,,,,,,,,,,,,,,,,,,,,,,,,,,,,,,,,,,,,,,,,,,
IR_PCOIN_1-4G,,,,,,,,,,,,,,,,,,,,,,,,,,,,,,,,,,,,,,,,,,,,,,,,
IR_PCOIN_1-5G,,,,,,,,,,,,,,,,,,,,,,,,,,,,,,,,,,,,,,,,,,,,,,,,
IR_PCOIN_100MG,,,,,,,,,,,,,,,,,,,,,,,,,,,,,,,,,,,,,,,,,,,,,,,,
IR_PCOIN_1G,,,,,,,,,,,,,,,,,,,,,,,,,,,,,,,,,,,,,,,,,,,,,,,,
IR_PCOIN_200MG,,,,,,,,,,,,,,,,,,,,,,,,,,,,,,,,,,,,,,,,,,,,,,,,
IR_PCOIN_300MG,,,,,,,,,,,,,,,,,,,,,,,,,,,,,,,,,,,,,,,,,,,,,,,,
IR_PCOIN_400MG,,,,,,,,,,,,,,,,,,,,,,,,,,,,,,,,,,,,,,,,,,,,,,,,
IR_PCOIN_500MG,,,,,,,,,,,,,,,,,,,,,,,,,,,,,,,,,,,,,,,,,,,,,,,,
IR_PCOIN_600MG,,,,,,,,,,,,,,,,,,,,,,,,,,,,,,,,,,,,,,,,,,,,,,,,
IR_PCOIN_700MG,,,,,,,,,,,,,,,,,,,,,,,,,,,,,,,,,,,,,,,,,,,,,,,,
IR_PCOIN_800MG,,,,,,,,,,,,,,,,,,,,,,,,,,,,,,,,,,,,,,,,,,,,,,,,
IR_PCOIN_900MG,,,,,,,,,,,,,,,,,,,,,,,,,,,,,,,,,,,,,,,,,,,,,,,,
JPY,,,,,,,,,,,,,,,,,,,,,,,,,,,,,,,,,,,,,,,,,,,,,,,,
KWD,,,,,,,,,,,,,,,,,,,,,,,,,,,,,,,,,,,,,,,,,,,,,,,,
LINK,,,,,,,,,,,,,,,,,,,,,,,,,,,,,,,,,,,,,,,,,,,,,,,,
LTC,,,,,,,,,,,,,,,,,,,,,,,,,,,,,,,,,,,,,,,,,,,,,,,,
MYR,,,,,,,,,,,,,,,,,,,,,,,,,,,,,,,,,,,,,,,,,,,,,,,,
NIMA_AED,,,,,,,,,,,,,,,,,,,,,,,,,,,,,,,,,,,,,,,,,,,,,,,,
NIMA_AUD,,,,,,,,,,,,,,,,,,,,,,,,,,,,,,,,,,,,,,,,,,,,,,,,
NIMA_BHD,,,,,,,,,,,,,,,,,,,,,,,,,,,,,,,,,,,,,,,,,,,,,,,,
NIMA_CAD,,,,,,,,,,,,,,,,,,,,,,,,,,,,,,,,,,,,,,,,,,,,,,,,
NIMA_CHF,,,,,,,,,,,,,,,,,,,,,,,,,,,,,,,,,,,,,,,,,,,,,,,,
NIMA_CNY,,,,,,,,,,,,,,,,,,,,,,,,,,,,,,,,,,,,,,,,,,,,,,,,
NIMA_DKK,,,,,,,,,,,,,,,,,,,,,,,,,,,,,,,,,,,,,,,,,,,,,,,,
NIMA_EUR,,,,,,,,,,,,,,,,,,,,,,,,,,,,,,,,,,,,,,,,,,,,,,,,
NIMA_GBP,,,,,,,,,,,,,,,,,,,,,,,,,,,,,,,,,,,,,,,,,,,,,,,,
NIMA_INR,,,,,,,,,,,,,,,,,,,,,,,,,,,,,,,,,,,,,,,,,,,,,,,,
NIMA_JPY,,,,,,,,,,,,,,,,,,,,,,,,,,,,,,,,,,,,,,,,,,,,,,,,
NIMA_KRW,,,,,,,,,,,,,,,,,,,,,,,,,,,,,,,,,,,,,,,,,,,,,,,,
NIMA_KWD,,,,,,,,,,,,,,,,,,,,,,,,,,,,,,,,,,,,,,,,,,,,,,,,
NIMA_NOK,,,,,,,,,,,,,,,,,,,,,,,,,,,,,,,,,,,,,,,,,,,,,,,,
NIMA_OMR,,,,,,,,,,,,,,,,,,,,,,,,,,,,,,,,,,,,,,,,,,,,,,,,
NIMA_PKR,,,,,,,,,,,,,,,,,,,,,,,,,,,,,,,,,,,,,,,,,,,,,,,,
NIMA_QAR,,,,,,,,,,,,,,,,,,,,,,,,,,,,,,,,,,,,,,,,,,,,,,,,
NIMA_RUB,,,,,,,,,,,,,,,,,,,,,,,,,,,,,,,,,,,,,,,,,,,,,,,,
NIMA_SAR,,,,,,,,,,,,,,,,,,,,,,,,,,,,,,,,,,,,,,,,,,,,,,,,
NIMA_SEK,,,,,,,,,,,,,,,,,,,,,,,,,,,,,,,,,,,,,,,,,,,,,,,,
NIMA_TRY,,,,,,,,,,,,,,,,,,,,,,,,,,,,,,,,,,,,,,,,,,,,,,,,
NIMA_USD,,,,,,,,,,,,,,,,,,,,,,,,,,,,,,,,,,,,,,,,,,,,,,,,
OMR,,,,,,,,,,,,,,,,,,,,,,,,,,,,,,,,,,,,,,,,,,,,,,,,
PKR,,,,,,,,,,,,,,,,,,,,,,,,,,,,,,,,,,,,,,,,,,,,,,,,
QAR,,,,,,,,,,,,,,,,,,,,,,,,,,,,,,,,,,,,,,,,,,,,,,,,
RUB,,,,,,,,,,,,,,,,,,,,,,,,,,,,,,,,,,,,,,,,,,,,,,,,
SANA_AED,,,,,,,,,,,,,,,,,,,,,,,,,,,,,,,,,,,,,,,,,,,,,,,,
SANA_AUD,,,,,,,,,,,,,,,,,,,,,,,,,,,,,,,,,,,,,,,,,,,,,,,,
SANA_BHD,,,,,,,,,,,,,,,,,,,,,,,,,,,,,,,,,,,,,,,,,,,,,,,,
SANA_CAD,,,,,,,,,,,,,,,,,,,,,,,,,,,,,,,,,,,,,,,,,,,,,,,,
SANA_CHF,,,,,,,,,,,,,,,,,,,,,,,,,,,,,,,,,,,,,,,,,,,,,,,,
SANA_CNY,,,,,,,,,,,,,,,,,,,,,,,,,,,,,,,,,,,,,,,,,,,,,,,,
SANA_DKK,,,,,,,,,,,,,,,,,,,,,,,,,,,,,,,,,,,,,,,,,,,,,,,,
SANA_EUR,,,,,,,,,,,,,,,,,,,,,,,,,,,,,,,,,,,,,,,,,,,,,,,,
SANA_GBP,,,,,,,,,,,,,,,,,,,,,,,,,,,,,,,,,,,,,,,,,,,,,,,,
SANA_INR,,,,,,,,,,,,,,,,,,,,,,,,,,,,,,,,,,,,,,,,,,,,,,,,
SANA_JPY,,,,,,,,,,,,,,,,,,,,,,,,,,,,,,,,,,,,,,,,,,,,,,,,
SANA_KRW,,,,,,,,,,,,,,,,,,,,,,,,,,,,,,,,,,,,,,,,,,,,,,,,
SANA_KWD,,,,,,,,,,,,,,,,,,,,,,,,,,,,,,,,,,,,,,,,,,,,,,,,
SANA_NOK,,,,,,,,,,,,,,,,,,,,,,,,,,,,,,,,,,,,,,,,,,,,,,,,
SANA_OMR,,,,,,,,,,,,,,,,,,,,,,,,,,,,,,,,,,,,,,,,,,,,,,,,
SANA_PKR,,,,,,,,,,,,,,,,,,,,,,,,,,,,,,,,,,,,,,,,,,,,,,,,
SANA_QAR,,,,,,,,,,,,,,,,,,,,,,,,,,,,,,,,,,,,,,,,,,,,,,,,
SANA_RUB,,,,,,,,,,,,,,,,,,,,,,,,,,,,,,,,,,,,,,,,,,,,,,,,
SANA_SAR,,,,,,,,,,,,,,,,,,,,,,,,,,,,,,,,,,,,,,,,,,,,,,,,
SANA_SEK,,,,,,,,,,,,,,,,,,,,,,,,,,,,,,,,,,,,,,,,,,,,,,,,
SANA_TRY,,,,,,,,,,,,,,,,,,,,,,,,,,,,,,,,,,,,,,,,,,,,,,,,
SANA_USD,,,,,,,,,,,,,,,,,,,,,,,,,,,,,,,,,,,,,,,,,,,,,,,,
SAR,,,,,,,,,,,,,,,,,,,,,,,,,,,,,,,,,,,,,,,,,,,,,,,,
SEK,,,,,,,,,,,,,,,,,,,,,,,,,,,,,,,,,,,,,,,,,,,,,,,,
SHIB,,,,,,,,,,,,,,,,,,,,,,,,,,,,,,,,,,,,,,,,,,,,,,,,
SOL,,,,,,,,,,,,,,,,,,,,,,,,,,,,,,,,,,,,,,,,,,,,,,,,
SYP,,,,,,,,,,,,,,,,,,,,,,,,,,,,,,,,,,,,,,,,,,,,,,,,
THB,,,,,,,,,,,,,,,,,,,,,,,,,,,,,,,,,,,,,,,,,,,,,,,,
TRX,,,,,,,,,,,,,,,,,,,,,,,,,,,,,,,,,,,,,,,,,,,,,,,,
TRY,,,,,,,,,,,,,,,,,,,,,,,,,,,,,,,,,,,,,,,,,,,,,,,,
UNI,,,,,,,,,,,,,,,,,,,,,,,,,,,,,,,,,,,,,,,,,,,,,,,,
USD,,,,,,,,,,,,,,,,,,,,,,,,,,,,,,,,,,,,,,,,,,,,,,,,
USDC,,,,,,,,,,,,,,,,,,,,,,,,,,,,,,,,,,,,,,,,,,,,,,,,
USDT,,,,,,,,,,,,,,,,,,,,,,,,,,,,,,,,,,,,,,,,,,,,,,,,
XAUUSD,,,,,,,,,,,,,,,,,,,,,,,,,,,,,,,,,,,,,,,,,,,,,,,,
XLM,,,,,,,,,,,,,,,,,,,,,,,,,,,,,,,,,,,,,,,,,,,,,,,,
XRP,,,,,,,,,,,,,,,,,,,,,,,,,,,,,,,,,,,,,,,,,,,,,,,,
آ س پ,,,,,,,,,,,,,,,,,,,,,,,,,,,,,,,,,,,,,,,,,,,,,,,,
آ س پ3,,,,,,,,,,,,,,,,,,,,,,,,,,,,,,,,,,,,,,,,,,,,,,,,
آب,,,,,,,,,,,,,,,,,,,,,,,,,,,,,,,,,,,,,,,,,,,,,,,,
آب منطقه ای استان بوشهر,,,,,,,,,,,,,,,,,,,,,,,,,,,,,,,,,,,,,,,,,,,,,,,,
آب منطقه ای استان فارس,,,,,,,,,,,,,,,,,,,,,,,,,,,,,,,,,,,,,,,,,,,,,,,,
آب منطقه ای استان قزوین,,,,,,,,,,,,,,,,,,,,,,,,,,,,,,,,,,,,,,,,,,,,,,,,
آب منطقه ای استان کردستان,,,,,,,,,,,,,,,,,,,,,,,,,,,,,,,,,,,,,,,,,,,,,,,,
آب منطقه ای خراسان جنوبی,,,,,,,,,,,,,,,,,,,,,,,,,,,,,,,,,,,,,,,,,,,,,,,,
آب منطقه ای خراسان رضوی,,,,,,,,,,,,,,,,,,,,,,,,,,,,,,,,,,,,,,,,,,,,,,,,
آب منطقه ای سیستان و بلوچستان,,,,,,,,,,,,,,,,,,,,,,,,,,,,,,,,,,,,,,,,,,,,,,,,
آب منطقه ای مرکزی,,,,,,,,,,,,,,,,,,,,,,,,,,,,,,,,,,,,,,,,,,,,,,,,
آب منطقه ای کرمان,,,,,,,,,,,,,,,,,,,,,,,,,,,,,,,,,,,,,,,,,,,,,,,,
آب منطقه ای گیلان,,,,,,,,,,,,,,,,,,,,,,,,,,,,,,,,,,,,,,,,,,,,,,,,
آب و فاضلاب استان آذربایجان شرقی,,,,,,,,,,,,,,,,,,,,,,,,,,,,,,,,,,,,,,,,,,,,,,,,
آب و فاضلاب استان اردبیل,,,,,,,,,,,,,,,,,,,,,,,,,,,,,,,,,,,,,,,,,,,,,,,,
آب و فاضلاب استان ایلام,,,,,,,,,,,,,,,,,,,,,,,,,,,,,,,,,,,,,,,,,,,,,,,,
آب و فاضلاب استان بوشهر,,,,,,,,,,,,,,,,,,,,,,,,,,,,,,,,,,,,,,,,,,,,,,,,
آب و فاضلاب استان خوزستان,,,,,,,,,,,,,,,,,,,,,,,,,,,,,,,,,,,,,,,,,,,,,,,,
آب و فاضلاب استان زنجان,,,,,,,,,,,,,,,,,,,,,,,,,,,,,,,,,,,,,,,,,,,,,,,,
آب و فاضلاب استان سیستان و بلوچستان,,,,,,,,,,,,,,,,,,,,,,,,,,,,,,,,,,,,,,,,,,,,,,,,
آب و فاضلاب استان فارس,,,,,,,,,,,,,,,,,,,,,,,,,,,,,,,,,,,,,,,,,,,,,,,,
آب و فاضلاب استان قزوین,,,,,,,,,,,,,,,,,,,,,,,,,,,,,,,,,,,,,,,,,,,,,,,,
آب و فاضلاب استان لرستان,,,,,,,,,,,,,,,,,,,,,,,,,,,,,,,,,,,,,,,,,,,,,,,,
آب و فاضلاب استان مازندران,,,,,,,,,,,,,,,,,,,,,,,,,,,,,,,,,,,,,,,,,,,,,,,,
آب و فاضلاب استان مرکزی,,,,,,,,,,,,,,,,,,,,,,,,,,,,,,,,,,,,,,,,,,,,,,,,
آب و فاضلاب استان هرمزگان,,,,,,,,,,,,,,,,,,,,,,,,,,,,,,,,,,,,,,,,,,,,,,,,
آب و فاضلاب استان چهارمحال و بختیاری,,,,,,,,,,,,,,,,,,,,,,,,,,,,,,,,,,,,,,,,,,,,,,,,
آب و فاضلاب استان کرمان,,,,,,,,,,,,,,,,,,,,,,,,,,,,,,,,,,,,,,,,,,,,,,,,
آب و فاضلاب استان گلستان,,,,,,,,,,,,,,,,,,,,,,,,,,,,,,,,,,,,,,,,,,,,,,,,
آب و فاضلاب استان گیلان,,,,,,,,,,,,,,,,,,,,,,,,,,,,,,,,,,,,,,,,,,,,,,,,
آب و فاضلاب استان یزد,,,,,,,,,,,,,,,,,,,,,,,,,,,,,,,,,,,,,,,,,,,,,,,,
آب و فاضلاب بروجرد,,,,,,,,,,,,,,,,,,,,,,,,,,,,,,,,,,,,,,,,,,,,,,,,
آب و فاضلاب شهر اهواز,,,,,,,,,,,,,,,,,,,,,,,,,,,,,,,,,,,,,,,,,,,,,,,,
آب و فاضلاب شهر کاشان,,,,,,,,,,,,,,,,,,,,,,,,,,,,,,,,,,,,,,,,,,,,,,,,
آب و فاضلاب شیراز,,,,,,,,,,,,,,,,,,,,,,,,,,,,,,,,,,,,,,,,,,,,,,,,
آباد,,,,,,,,,,,,,,,,,,,,,,,,,,,,,,,,,,,,,,,,,,,,,,,,
آباد3,,,,,,,,,,,,,,,,,,,,,,,,,,,,,,,,,,,,,,,,,,,,,,,,
آبادا,0.0,2026-08-09 18:36:44.149365,9040.0,رد_نمره,,,,2.9,2026-08-09 15:06:44.146146,2026-08-09,1,0.0,10698939170.0,8.3,0,6.523,,,1.31,96.5,,15797,2,19,2.9,"{""atr_14"": 1889.0, ""symbol"": ""آبادا"", ""live_pe"": 0.9, ""risk_ok"": true, ""decision"": ""رد_نمره"", ""industry"": ""عرضه برق، گاز، بخاروآب گرم"", ""pe_ratio"": 0.14, ""raw_score"": 5.65, ""trend_20d"": ""down"", ""rule_50_30"": ""رد"", ""final_score"": 5.7, ""score_macro"": 10.0, ""volume_spike"": 0.0, ""current_price"": 1000.0, ""liquidity_pct"": 155664045000.66666, ""position_size"": 0, ""adjusted_score"": 0.0, ""rank_in_market"": 19, ""score_feedstock"": 0.0, ""score_liquidity"": 5.0, ""score_technical"": 0.0, ""score_valuation"": 20.0, ""stop_loss_price"": -2779.0, ""nima_free_spread"": 6.523, ""percentile_score"": 96.5, ""price_change_pct"": 0.0, ""rank_in_industry"": 2, ""score_farabourse"": 0.0, ""score_fundamental"": 7.5, ""score_gov_support"": 5.0, ""institutional_ratio"": 0.0, ""score_institutional"": 0.0, ""negative_filters_count"": 0}",True,رد,0.0,0.0,7.5,0.0,7.5,0.0,5.0,0.0,0.0,0.0,5.0,0.0,5.7,10.0,20.0,1405-05-18,8407.0,آبادا,2026-09-08,1.0
آبادا3,,,,,,,,,,,,,,,,,,,,,,,,,,,,,,,,,,,,,,,,,,,,,,,,
آبادیس سنگ تجارت,,,,,,,,,,,,,,,,,,,,,,,,,,,,,,,,,,,,,,,,,,,,,,,,
آبان بازار,,,,,,,,,,,,,,,,,,,,,,,,,,,,,,,,,,,,,,,,,,,,,,,,
آبان بسپار توسعه,,,,,,,,,,,,,,,,,,,,,,,,,,,,,,,,,,,,,,,,,,,,,,,,
آبان ثابت,,,,,,,,,,,,,,,,,,,,,,,,,,,,,,,,,,,,,,,,,,,,,,,,
آبفا,,,,,,,,,,,,,,,,,,,,,,,,,,,,,,,,,,,,,,,,,,,,,,,,
آبفا اصفهان,,,,,,,,,,,,,,,,,,,,,,,,,,,,,,,,,,,,,,,,,,,,,,,,
آبفامشهد,,,,,,,,,,,,,,,,,,,,,,,,,,,,,,,,,,,,,,,,,,,,,,,,
آبنوس,,,,,,,,,,,,,,,,,,,,,,,,,,,,,,,,,,,,,,,,,,,,,,,,
آبی,,,,,,,,,,,,,,,,,,,,,,,,,,,,,,,,,,,,,,,,,,,,,,,,
آبین,,,,,,,,,,,,,,,,,,,,,,,,,,,,,,,,,,,,,,,,,,,,,,,,
آتش,,,,,,,,,,,,,,,,,,,,,,,,,,,,,,,,,,,,,,,,,,,,,,,,
آتی جسورانه,,,,,,,,,,,,,,,,,,,,,,,,,,,,,,,,,,,,,,,,,,,,,,,,
آتی1,,,,,,,,,,,,,,,,,,,,,,,,,,,,,,,,,,,,,,,,,,,,,,,,
آتیمس,,,,,,,,,,,,,,,,,,,,,,,,,,,,,,,,,,,,,,,,,,,,,,,,
آتیمس2,,,,,,,,,,,,,,,,,,,,,,,,,,,,,,,,,,,,,,,,,,,,,,,,
آتیه,,,,,,,,,,,,,,,,,,,,,,,,,,,,,,,,,,,,,,,,,,,,,,,,
آتیه بازار,,,,,,,,,,,,,,,,,,,,,,,,,,,,,,,,,,,,,,,,,,,,,,,,
آتیه بازنشستگی,,,,,,,,,,,,,,,,,,,,,,,,,,,,,,,,,,,,,,,,,,,,,,,,
آتیه سازان حافظ,,,,,,,,,,,,,,,,,,,,,,,,,,,,,,,,,,,,,,,,,,,,,,,,
آتیه سازان صنعت و معدن,,,,,,,,,,,,,,,,,,,,,,,,,,,,,,,,,,,,,,,,,,,,,,,,
آتیه ملت,,,,,,,,,,,,,,,,,,,,,,,,,,,,,,,,,,,,,,,,,,,,,,,,
آتیه ملت4,,,,,,,,,,,,,,,,,,,,,,,,,,,,,,,,,,,,,,,,,,,,,,,,
آتیه نوین ثابت,,,,,,,,,,,,,,,,,,,,,,,,,,,,,,,,,,,,,,,,,,,,,,,,
آتیه نیکو,,,,,,,,,,,,,,,,,,,,,,,,,,,,,,,,,,,,,,,,,,,,,,,,
آذر پاد قشم,,,,,,,,,,,,,,,,,,,,,,,,,,,,,,,,,,,,,,,,,,,,,,,,
آذرنگ فولاد اصفهان,,,,,,,,,,,,,,,,,,,,,,,,,,,,,,,,,,,,,,,,,,,,,,,,
آذرین,,,,,,,,,,,,,,,,,,,,,,,,,,,,,,,,,,,,,,,,,,,,,,,,
آرام,,,,,,,,,,,,,,,,,,,,,,,,,,,,,,,,,,,,,,,,,,,,,,,,
آرامش,,,,,,,,,,,,,,,,,,,,,,,,,,,,,,,,,,,,,,,,,,,,,,,,
آرامش4,,,,,,,,,,,,,,,,,,,,,,,,,,,,,,,,,,,,,,,,,,,,,,,,
آرتان بازار,,,,,,,,,,,,,,,,,,,,,,,,,,,,,,,,,,,,,,,,,,,,,,,,
آردینه,,,,,,,,,,,,,,,,,,,,,,,,,,,,,,,,,,,,,,,,,,,,,,,,
آردینه2,,,,,,,,,,,,,,,,,,,,,,,,,,,,,,,,,,,,,,,,,,,,,,,,
آردینه3,,,,,,,,,,,,,,,,,,,,,,,,,,,,,,,,,,,,,,,,,,,,,,,,
آرسیس,,,,,,,,,,,,,,,,,,,,,,,,,,,,,,,,,,,,,,,,,,,,,,,,
آرمان,,,,,,,,,,,,,,,,,,,,,,,,,,,,,,,,,,,,,,,,,,,,,,,,
آرمان اندیش بازار,,,,,,,,,,,,,,,,,,,,,,,,,,,,,,,,,,,,,,,,,,,,,,,,
آرمان بار مبارکه,,,,,,,,,,,,,,,,,,,,,,,,,,,,,,,,,,,,,,,,,,,,,,,,
آرمان ثابت,,,,,,,,,,,,,,,,,,,,,,,,,,,,,,,,,,,,,,,,,,,,,,,,
آرمان پخت,,,,,,,,,,,,,,,,,,,,,,,,,,,,,,,,,,,,,,,,,,,,,,,,
آرمان2,,,,,,,,,,,,,,,,,,,,,,,,,,,,,,,,,,,,,,,,,,,,,,,,
آرمانح,,,,,,,,,,,,,,,,,,,,,,,,,,,,,,,,,,,,,,,,,,,,,,,,
آرمانی,,,,,,,,,,,,,,,,,,,,,,,,,,,,,,,,,,,,,,,,,,,,,,,,
آرمانی ثابت,,,,,,,,,,,,,,,,,,,,,,,,,,,,,,,,,,,,,,,,,,,,,,,,
آروین بازار,,,,,,,,,,,,,,,,,,,,,,,,,,,,,,,,,,,,,,,,,,,,,,,,
آریا,,,,,,,,,,,,,,,,,,,,,,,,,,,,,,,,,,,,,,,,,,,,,,,,
آریا2,,,,,,,,,,,,,,,,,,,,,,,,,,,,,,,,,,,,,,,,,,,,,,,,
آریا3,,,,,,,,,,,,,,,,,,,,,,,,,,,,,,,,,,,,,,,,,,,,,,,,
آریان,,,,,,,,,,,,,,,,,,,,,,,,,,,,,,,,,,,,,,,,,,,,,,,,
آریان2,,,,,,,,,,,,,,,,,,,,,,,,,,,,,,,,,,,,,,,,,,,,,,,,
آریان3,,,,,,,,,,,,,,,,,,,,,,,,,,,,,,,,,,,,,,,,,,,,,,,,
آریاناران سرچشمه,,,,,,,,,,,,,,,,,,,,,,,,,,,,,,,,,,,,,,,,,,,,,,,,
آزاد راه باغچه - مشهد,,,,,,,,,,,,,,,,,,,,,,,,,,,,,,,,,,,,,,,,,,,,,,,,
آزاد راه بندرعباس کرمان,,,,,,,,,,,,,,,,,,,,,,,,,,,,,,,,,,,,,,,,,,,,,,,,
آزاد راه تهران پردیس,,,,,,,,,,,,,,,,,,,,,,,,,,,,,,,,,,,,,,,,,,,,,,,,
آزمایشگاه فنی و مکانیک خاک,,,,,,,,,,,,,,,,,,,,,,,,,,,,,,,,,,,,,,,,,,,,,,,,
آس,,,,,,,,,,,,,,,,,,,,,,,,,,,,,,,,,,,,,,,,,,,,,,,,
آسا,,,,,,,,,,,,,,,,,,,,,,,,,,,,,,,,,,,,,,,,,,,,,,,,
آسا2,,,,,,,,,,,,,,,,,,,,,,,,,,,,,,,,,,,,,,,,,,,,,,,,
آسا4,,,,,,,,,,,,,,,,,,,,,,,,,,,,,,,,,,,,,,,,,,,,,,,,
آساس,,,,,,,,,,,,,,,,,,,,,,,,,,,,,,,,,,,,,,,,,,,,,,,,
آسال,,,,,,,,,,,,,,,,,,,,,,,,,,,,,,,,,,,,,,,,,,,,,,,,
آسال بازار,,,,,,,,,,,,,,,,,,,,,,,,,,,,,,,,,,,,,,,,,,,,,,,,
آسال2,,,,,,,,,,,,,,,,,,,,,,,,,,,,,,,,,,,,,,,,,,,,,,,,
آسام,,,,,,,,,,,,,,,,,,,,,,,,,,,,,,,,,,,,,,,,,,,,,,,,
آسامید,,,,,,,,,,,,,,,,,,,,,,,,,,,,,,,,,,,,,,,,,,,,,,,,
آسان,,,,,,,,,,,,,,,,,,,,,,,,,,,,,,,,,,,,,,,,,,,,,,,,
آسان سرمایه گستر ایرانیان,,,,,,,,,,,,,,,,,,,,,,,,,,,,,,,,,,,,,,,,,,,,,,,,
آسایشگاه معلولین و سالمندان کهریزک,,,,,,,,,,,,,,,,,,,,,,,,,,,,,,,,,,,,,,,,,,,,,,,,
آسمان بازار,,,,,,,,,,,,,,,,,,,,,,,,,,,,,,,,,,,,,,,,,,,,,,,,
آسمان ثابت,,,,,,,,,,,,,,,,,,,,,,,,,,,,,,,,,,,,,,,,,,,,,,,,
آسمان مختلط,,,,,,,,,,,,,,,,,,,,,,,,,,,,,,,,,,,,,,,,,,,,,,,,
آسمان یکم سهام,,,,,,,,,,,,,,,,,,,,,,,,,,,,,,,,,,,,,,,,,,,,,,,,
آسود,,,,,,,,,,,,,,,,,,,,,,,,,,,,,,,,,,,,,,,,,,,,,,,,
آسود2,,,,,,,,,,,,,,,,,,,,,,,,,,,,,,,,,,,,,,,,,,,,,,,,
آسیا,0.0,2026-08-09 18:36:44.149365,0.0,رد_نمره,,,,2.6,2026-08-09 15:06:44.146146,2026-08-09,8,0.0,0.0,0.0,0,6.523,,,0.0,64.5,,0,5,182,2.6,"{""atr_14"": 0.0, ""symbol"": ""آسيا"", ""live_pe"": 0.0, ""risk_ok"": true, ""decision"": ""رد_نمره"", ""industry"": ""بيمه وصندوق بازنشستگي به جزتامين اجتماعي"", ""pe_ratio"": 0.0, ""raw_score"": 2.6, ""trend_20d"": ""flat"", ""rule_50_30"": ""رد"", ""final_score"": 2.6, ""score_macro"": 0.0, ""volume_spike"": 0.0, ""current_price"": 0.0, ""liquidity_pct"": 0.0, ""position_size"": 0, ""adjusted_score"": 0.0, ""rank_in_market"": 182, ""score_feedstock"": 0.0, ""score_liquidity"": 0.0, ""score_technical"": 0.0, ""score_valuation"": 20.0, ""stop_loss_price"": 0, ""nima_free_spread"": 6.523, ""percentile_score"": 64.5, ""price_change_pct"": 0.0, ""rank_in_industry"": 5, ""score_farabourse"": 0.0, ""score_fundamental"": 0.0, ""score_gov_support"": 0.0, ""institutional_ratio"": 0.0, ""score_institutional"": 0.0, ""negative_filters_count"": 0}",True,رد,0.0,0.0,0.0,0.0,0.0,0.0,0.0,0.0,0.0,0.0,0.0,0.0,2.6,20.0,20.0,1405-05-18,0.0,آسيا,2026-09-08,0.0
آسیا بافت بیستون,,,,,,,,,,,,,,,,,,,,,,,,,,,,,,,,,,,,,,,,,,,,,,,,
آسیا3,,,,,,,,,,,,,,,,,,,,,,,,,,,,,,,,,,,,,,,,,,,,,,,,
آشنا ثابت,,,,,,,,,,,,,,,,,,,,,,,,,,,,,,,,,,,,,,,,,,,,,,,,
آشنا صندوق,,,,,,,,,,,,,,,,,,,,,,,,,,,,,,,,,,,,,,,,,,,,,,,,
آشنای دی ثابت,,,,,,,,,,,,,,,,,,,,,,,,,,,,,,,,,,,,,,,,,,,,,,,,
آفاق,,,,,,,,,,,,,,,,,,,,,,,,,,,,,,,,,,,,,,,,,,,,,,,,
آفرین,,,,,,,,,,,,,,,,,,,,,,,,,,,,,,,,,,,,,,,,,,,,,,,,
آفرین2,,,,,,,,,,,,,,,,,,,,,,,,,,,,,,,,,,,,,,,,,,,,,,,,
آلا,,,,,,,,,,,,,,,,,,,,,,,,,,,,,,,,,,,,,,,,,,,,,,,,
آلا2,,,,,,,,,,,,,,,,,,,,,,,,,,,,,,,,,,,,,,,,,,,,,,,,
آلتون,,,,,,,,,,,,,,,,,,,,,,,,,,,,,,,,,,,,,,,,,,,,,,,,
آلومینا,0.0,2026-08-09 18:36:44.149365,0.0,رد_نمره,,,,2.6,2026-08-09 15:06:44.146146,2026-08-09,16,0.0,0.0,0.0,0,6.523,,,0.0,63.5,,0,16,187,2.6,"{""atr_14"": 0.0, ""symbol"": ""آلومينا"", ""live_pe"": 0.0, ""risk_ok"": true, ""decision"": ""رد_نمره"", ""industry"": ""فلزات اساسي"", ""pe_ratio"": 0.0, ""raw_score"": 2.6, ""trend_20d"": ""flat"", ""rule_50_30"": ""رد"", ""final_score"": 2.6, ""score_macro"": 0.0, ""volume_spike"": 0.0, ""current_price"": 0.0, ""liquidity_pct"": 0.0, ""position_size"": 0, ""adjusted_score"": 0.0, ""rank_in_market"": 187, ""score_feedstock"": 0.0, ""score_liquidity"": 0.0, ""score_technical"": 0.0, ""score_valuation"": 20.0, ""stop_loss_price"": 0, ""nima_free_spread"": 6.523, ""percentile_score"": 63.5, ""price_change_pct"": 0.0, ""rank_in_industry"": 16, ""score_farabourse"": 0.0, ""score_fundamental"": 0.0, ""score_gov_support"": 0.0, ""institutional_ratio"": 0.0, ""score_institutional"": 0.0, ""negative_filters_count"": 0}",True,رد,0.0,0.0,0.0,0.0,0.0,0.0,0.0,0.0,0.0,0.0,0.0,0.0,2.6,20.0,20.0,1405-05-18,0.0,آلومينا,2026-09-08,0.0
آلومینا3,,,,,,,,,,,,,,,,,,,,,,,,,,,,,,,,,,,,,,,,,,,,,,,,
آلومینای ایران,,,,,,,,,,,,,,,,,,,,,,,,,,,,,,,,,,,,,,,,,,,,,,,,
آلپاکو,,,,,,,,,,,,,,,,,,,,,,,,,,,,,,,,,,,,,,,,,,,,,,,,
آلکان,,,,,,,,,,,,,,,,,,,,,,,,,,,,,,,,,,,,,,,,,,,,,,,,
آلی شیمی قم,,,,,,,,,,,,,,,,,,,,,,,,,,,,,,,,,,,,,,,,,,,,,,,,
آلیاژ,,,,,,,,,,,,,,,,,,,,,,,,,,,,,,,,,,,,,,,,,,,,,,,,
آلیاژ2,,,,,,,,,,,,,,,,,,,,,,,,,,,,,,,,,,,,,,,,,,,,,,,,
آمیتیس,,,,,,,,,,,,,,,,,,,,,,,,,,,,,,,,,,,,,,,,,,,,,,,,
آمیتیس ثابت,,,,,,,,,,,,,,,,,,,,,,,,,,,,,,,,,,,,,,,,,,,,,,,,
آمیتیس2,,,,,,,,,,,,,,,,,,,,,,,,,,,,,,,,,,,,,,,,,,,,,,,,
آهن ریل کاران,,,,,,,,,,,,,,,,,,,,,,,,,,,,,,,,,,,,,,,,,,,,,,,,
آهنگ آتیه,,,,,,,,,,,,,,,,,,,,,,,,,,,,,,,,,,,,,,,,,,,,,,,,
آوا,,,,,,,,,,,,,,,,,,,,,,,,,,,,,,,,,,,,,,,,,,,,,,,,
آوا نوین ثابت,,,,,,,,,,,,,,,,,,,,,,,,,,,,,,,,,,,,,,,,,,,,,,,,
آوا2,,,,,,,,,,,,,,,,,,,,,,,,,,,,,,,,,,,,,,,,,,,,,,,,
آوان,,,,,,,,,,,,,,,,,,,,,,,,,,,,,,,,,,,,,,,,,,,,,,,,
آوان2,,,,,,,,,,,,,,,,,,,,,,,,,,,,,,,,,,,,,,,,,,,,,,,,
آواپارس,,,,,,,,,,,,,,,,,,,,,,,,,,,,,,,,,,,,,,,,,,,,,,,,
آواک,,,,,,,,,,,,,,,,,,,,,,,,,,,,,,,,,,,,,,,,,,,,,,,,
آوای پردیس سلامت,,,,,,,,,,,,,,,,,,,,,,,,,,,,,,,,,,,,,,,,,,,,,,,,
آوند,0.0,2026-08-09 18:36:44.149365,0.0,رد_نمره,,,,2.6,2026-08-09 15:06:44.146146,2026-08-09,23,0.0,0.0,0.0,0,6.523,,,0.0,4.5,,0,3,488,2.6,"{""atr_14"": 5718.0, ""symbol"": ""آوند"", ""live_pe"": 250000.0, ""risk_ok"": true, ""decision"": ""رد_نمره"", ""industry"": """", ""pe_ratio"": 365.44, ""raw_score"": 0.9, ""trend_20d"": ""flat"", ""rule_50_30"": ""رد"", ""final_score"": 0.9, ""score_macro"": 0.0, ""volume_spike"": 0.0, ""current_price"": 10000.0, ""liquidity_pct"": 299042746771.93335, ""position_size"": 0, ""adjusted_score"": 0.0, ""rank_in_market"": 488, ""score_feedstock"": 0.0, ""score_liquidity"": 5.0, ""score_technical"": 0.0, ""score_valuation"": 0.0, ""stop_loss_price"": -1435.0, ""nima_free_spread"": 6.523, ""percentile_score"": 4.5, ""price_change_pct"": 0.0, ""rank_in_industry"": 3, ""score_farabourse"": 0.0, ""score_fundamental"": 0.0, ""score_gov_support"": 5.0, ""institutional_ratio"": 0.0, ""score_institutional"": 0.0, ""negative_filters_count"": 0}",True,رد,0.0,0.0,0.0,0.0,0.0,0.0,5.0,0.0,0.0,0.0,5.0,0.0,0.9,20.0,0.0,1405-05-18,0.0,آوند,2026-09-08,0.0
آوند4,,,,,,,,,,,,,,,,,,,,,,,,,,,,,,,,,,,,,,,,,,,,,,,,
آوید,,,,,,,,,,,,,,,,,,,,,,,,,,,,,,,,,,,,,,,,,,,,,,,,
آوید سهام,,,,,,,,,,,,,,,,,,,,,,,,,,,,,,,,,,,,,,,,,,,,,,,,
آپ,0.0,2026-08-09 18:36:44.149365,0.0,رد_نمره,,,,4.8,2026-08-09 15:06:44.146146,2026-08-09,2,0.0,0.0,0.0,0,6.523,,,0.0,96.3,,0,1,20,4.75,"{""atr_14"": 1465.0, ""symbol"": ""آپ"", ""live_pe"": 2.4, ""risk_ok"": true, ""decision"": ""رد_نمره"", ""industry"": ""رايانه و فعاليت‌هاي وابسته به آن"", ""pe_ratio"": 0.13, ""raw_score"": 5.65, ""trend_20d"": ""down"", ""rule_50_30"": ""رد"", ""final_score"": 5.7, ""score_macro"": 10.0, ""volume_spike"": 0.0, ""current_price"": 1000.0, ""liquidity_pct"": 83400350172.46666, ""position_size"": 0, ""adjusted_score"": 0.0, ""rank_in_market"": 20, ""score_feedstock"": 0.0, ""score_liquidity"": 5.0, ""score_technical"": 0.0, ""score_valuation"": 20.0, ""stop_loss_price"": -1931.0, ""nima_free_spread"": 6.523, ""percentile_score"": 96.3, ""price_change_pct"": 0.0, ""rank_in_industry"": 1, ""score_farabourse"": 0.0, ""score_fundamental"": 7.5, ""score_gov_support"": 5.0, ""institutional_ratio"": 0.0, ""score_institutional"": 0.0, ""negative_filters_count"": 0}",True,رد,0.0,0.0,7.5,0.0,7.5,0.0,5.0,10.0,0.0,0.0,5.0,0.0,5.7,20.0,20.0,1405-05-18,0.0,آپ,2026-09-08,0.0
آپ3,,,,,,,,,,,,,,,,,,,,,,,,,,,,,,,,,,,,,,,,,,,,,,,,
آپادانا پترو بازرگان,,,,,,,,,,,,,,,,,,,,,,,,,,,,,,,,,,,,,,,,,,,,,,,,
آپح,,,,,,,,,,,,,,,,,,,,,,,,,,,,,,,,,,,,,,,,,,,,,,,,
آکام,,,,,,,,,,,,,,,,,,,,,,,,,,,,,,,,,,,,,,,,,,,,,,,,
آکام2,,,,,,,,,,,,,,,,,,,,,,,,,,,,,,,,,,,,,,,,,,,,,,,,
آکنتور,0.0,2026-08-09 18:36:44.149365,0.0,رد_نمره,,,,2.6,2026-08-09 15:06:44.146146,2026-08-09,14,0.0,0.0,0.0,0,6.523,,,0.0,63.7,,0,1,186,2.6,"{""atr_14"": 0.0, ""symbol"": ""آكنتور"", ""live_pe"": 0.0, ""risk_ok"": true, ""decision"": ""رد_نمره"", ""industry"": ""ابزارپزشکي، اپتيکي و اندازه‌گيري"", ""pe_ratio"": 0.0, ""raw_score"": 2.6, ""trend_20d"": ""flat"", ""rule_50_30"": ""رد"", ""final_score"": 2.6, ""score_macro"": 0.0, ""volume_spike"": 0.0, ""current_price"": 0.0, ""liquidity_pct"": 0.0, ""position_size"": 0, ""adjusted_score"": 0.0, ""rank_in_market"": 186, ""score_feedstock"": 0.0, ""score_liquidity"": 0.0, ""score_technical"": 0.0, ""score_valuation"": 20.0, ""stop_loss_price"": 0, ""nima_free_spread"": 6.523, ""percentile_score"": 63.7, ""price_change_pct"": 0.0, ""rank_in_industry"": 1, ""score_farabourse"": 0.0, ""score_fundamental"": 0.0, ""score_gov_support"": 0.0, ""institutional_ratio"": 0.0, ""score_institutional"": 0.0, ""negative_filters_count"": 0}",True,رد,0.0,0.0,0.0,0.0,0.0,0.0,0.0,0.0,0.0,0.0,0.0,0.0,2.6,20.0,20.0,1405-05-18,0.0,آكنتور,2026-09-08,0.0
آکو,,,,,,,,,,,,,,,,,,,,,,,,,,,,,,,,,,,,,,,,,,,,,,,,
آکو3,,,,,,,,,,,,,,,,,,,,,,,,,,,,,,,,,,,,,,,,,,,,,,,,
آکورد,,,,,,,,,,,,,,,,,,,,,,,,,,,,,,,,,,,,,,,,,,,,,,,,
آکورد2,,,,,,,,,,,,,,,,,,,,,,,,,,,,,,,,,,,,,,,,,,,,,,,,
آکورد4,,,,,,,,,,,,,,,,,,,,,,,,,,,,,,,,,,,,,,,,,,,,,,,,
آگاس,,,,,,,,,,,,,,,,,,,,,,,,,,,,,,,,,,,,,,,,,,,,,,,,
آگاس2,,,,,,,,,,,,,,,,,,,,,,,,,,,,,,,,,,,,,,,,,,,,,,,,
آگاه بازار,,,,,,,,,,,,,,,,,,,,,,,,,,,,,,,,,,,,,,,,,,,,,,,,
آگاه بازنشستگی,,,,,,,,,,,,,,,,,,,,,,,,,,,,,,,,,,,,,,,,,,,,,,,,
آگاه ثابت,,,,,,,,,,,,,,,,,,,,,,,,,,,,,,,,,,,,,,,,,,,,,,,,
آگاه سهام,,,,,,,,,,,,,,,,,,,,,,,,,,,,,,,,,,,,,,,,,,,,,,,,
آگاه نیکو,,,,,,,,,,,,,,,,,,,,,,,,,,,,,,,,,,,,,,,,,,,,,,,,
آینده,,,,,,,,,,,,,,,,,,,,,,,,,,,,,,,,,,,,,,,,,,,,,,,,
آینده اندیش نگر,,,,,,,,,,,,,,,,,,,,,,,,,,,,,,,,,,,,,,,,,,,,,,,,
آینده گستر ,,,,,,,,,,,,,,,,,,,,,,,,,,,,,,,,,,,,,,,,,,,,,,,,
اب و برق کیش,,,,,,,,,,,,,,,,,,,,,,,,,,,,,,,,,,,,,,,,,,,,,,,,
ابتکار,,,,,,,,,,,,,,,,,,,,,,,,,,,,,,,,,,,,,,,,,,,,,,,,
ابتکار آفرینان افق اندیشه,,,,,,,,,,,,,,,,,,,,,,,,,,,,,,,,,,,,,,,,,,,,,,,,
ابتکار2,,,,,,,,,,,,,,,,,,,,,,,,,,,,,,,,,,,,,,,,,,,,,,,,
ابنیه,,,,,,,,,,,,,,,,,,,,,,,,,,,,,,,,,,,,,,,,,,,,,,,,
اتاپ,,,,,,,,,,,,,,,,,,,,,,,,,,,,,,,,,,,,,,,,,,,,,,,,
اتحاد بازار,,,,,,,,,,,,,,,,,,,,,,,,,,,,,,,,,,,,,,,,,,,,,,,,
اتحاد ثابت,,,,,,,,,,,,,,,,,,,,,,,,,,,,,,,,,,,,,,,,,,,,,,,,
اتوآگاه,,,,,,,,,,,,,,,,,,,,,,,,,,,,,,,,,,,,,,,,,,,,,,,,
اتوآگاه2,,,,,,,,,,,,,,,,,,,,,,,,,,,,,,,,,,,,,,,,,,,,,,,,
اتوبوسرانی اصفهان,,,,,,,,,,,,,,,,,,,,,,,,,,,,,,,,,,,,,,,,,,,,,,,,
اتوبوسرانی تهران,,,,,,,,,,,,,,,,,,,,,,,,,,,,,,,,,,,,,,,,,,,,,,,,
اتوداریوش,,,,,,,,,,,,,,,,,,,,,,,,,,,,,,,,,,,,,,,,,,,,,,,,
اتوداریوش2,,,,,,,,,,,,,,,,,,,,,,,,,,,,,,,,,,,,,,,,,,,,,,,,
اتوکار,,,,,,,,,,,,,,,,,,,,,,,,,,,,,,,,,,,,,,,,,,,,,,,,
اتکاسا,,,,,,,,,,,,,,,,,,,,,,,,,,,,,,,,,,,,,,,,,,,,,,,,
اتکاسا3,,,,,,,,,,,,,,,,,,,,,,,,,,,,,,,,,,,,,,,,,,,,,,,,
اتکام,0.0,2026-08-09 18:36:44.149365,0.0,رد_نمره,,,,2.6,2026-08-09 15:06:44.146146,2026-08-09,4,0.0,0.0,0.0,0,6.523,,,0.0,64.7,,0,4,181,2.6,"{""atr_14"": 0.0, ""symbol"": ""اتكام"", ""live_pe"": 0.0, ""risk_ok"": true, ""decision"": ""رد_نمره"", ""industry"": ""بيمه وصندوق بازنشستگي به جزتامين اجتماعي"", ""pe_ratio"": 0.0, ""raw_score"": 2.6, ""trend_20d"": ""flat"", ""rule_50_30"": ""رد"", ""final_score"": 2.6, ""score_macro"": 0.0, ""volume_spike"": 0.0, ""current_price"": 0.0, ""liquidity_pct"": 0.0, ""position_size"": 0, ""adjusted_score"": 0.0, ""rank_in_market"": 181, ""score_feedstock"": 0.0, ""score_liquidity"": 0.0, ""score_technical"": 0.0, ""score_valuation"": 20.0, ""stop_loss_price"": 0, ""nima_free_spread"": 6.523, ""percentile_score"": 64.7, ""price_change_pct"": 0.0, ""rank_in_industry"": 4, ""score_farabourse"": 0.0, ""score_fundamental"": 0.0, ""score_gov_support"": 0.0, ""institutional_ratio"": 0.0, ""score_institutional"": 0.0, ""negative_filters_count"": 0}",True,رد,0.0,0.0,0.0,0.0,0.0,0.0,0.0,0.0,0.0,0.0,0.0,0.0,2.6,20.0,20.0,1405-05-18,0.0,اتكام,2026-09-08,0.0
اتکام2,,,,,,,,,,,,,,,,,,,,,,,,,,,,,,,,,,,,,,,,,,,,,,,,
اتکام3,,,,,,,,,,,,,,,,,,,,,,,,,,,,,,,,,,,,,,,,,,,,,,,,
اتکای,,,,,,,,,,,,,,,,,,,,,,,,,,,,,,,,,,,,,,,,,,,,,,,,
اتکای2,,,,,,,,,,,,,,,,,,,,,,,,,,,,,,,,,,,,,,,,,,,,,,,,
اتکای3,,,,,,,,,,,,,,,,,,,,,,,,,,,,,,,,,,,,,,,,,,,,,,,,
احداث,,,,,,,,,,,,,,,,,,,,,,,,,,,,,,,,,,,,,,,,,,,,,,,,
احداث نگهداری و بهره برداری آزاد راه اصفهان شیراز,,,,,,,,,,,,,,,,,,,,,,,,,,,,,,,,,,,,,,,,,,,,,,,,
احداث نگهداری و بهره برداری از آزاد راه کنار گذر قائم شهر ساری,,,,,,,,,,,,,,,,,,,,,,,,,,,,,,,,,,,,,,,,,,,,,,,,
احداث،نگهداری،بهره برداری و انتقال کنار گذر شمالی کرج,,,,,,,,,,,,,,,,,,,,,,,,,,,,,,,,,,,,,,,,,,,,,,,,
احیا,,,,,,,,,,,,,,,,,,,,,,,,,,,,,,,,,,,,,,,,,,,,,,,,
احیا3,,,,,,,,,,,,,,,,,,,,,,,,,,,,,,,,,,,,,,,,,,,,,,,,
احیا4,,,,,,,,,,,,,,,,,,,,,,,,,,,,,,,,,,,,,,,,,,,,,,,,
اخابر,0.0,2026-08-09 18:36:44.149365,732.0,رد_نمره,,,,5.7,2026-08-09 15:06:44.146146,2026-08-09,5,0.0,700902210759.1333,1.5,0,6.523,,,0.23,98.6,,217391,1,8,5.65,"{""atr_14"": 45.0, ""symbol"": ""اخابر"", ""live_pe"": 3.0, ""risk_ok"": true, ""decision"": ""رد_نمره"", ""industry"": ""مخابرات"", ""pe_ratio"": 0.47, ""raw_score"": 6.85, ""trend_20d"": ""down"", ""rule_50_30"": ""رد"", ""final_score"": 6.9, ""score_macro"": 10.0, ""volume_spike"": 9.09, ""current_price"": 1500.0, ""liquidity_pct"": 150759720703.03333, ""position_size"": 0, ""adjusted_score"": 0.0, ""rank_in_market"": 8, ""score_feedstock"": 0.0, ""score_liquidity"": 5.0, ""score_technical"": 15.0, ""score_valuation"": 20.0, ""stop_loss_price"": 1395.0, ""nima_free_spread"": 6.523, ""percentile_score"": 98.6, ""price_change_pct"": 0.0, ""rank_in_industry"": 1, ""score_farabourse"": 0.0, ""score_fundamental"": 7.5, ""score_gov_support"": 5.0, ""institutional_ratio"": 0.0, ""score_institutional"": 0.0, ""negative_filters_count"": 0}",True,رد,0.0,0.0,7.5,5.0,7.5,0.0,5.0,10.0,15.0,0.0,5.0,0.0,6.9,20.0,20.0,1405-05-18,686.0,اخابر,2026-09-08,1.11
اخابر3,,,,,,,,,,,,,,,,,,,,,,,,,,,,,,,,,,,,,,,,,,,,,,,,
اخشان,,,,,,,,,,,,,,,,,,,,,,,,,,,,,,,,,,,,,,,,,,,,,,,,
اخشان3,,,,,,,,,,,,,,,,,,,,,,,,,,,,,,,,,,,,,,,,,,,,,,,,
اداری شهر,,,,,,,,,,,,,,,,,,,,,,,,,,,,,,,,,,,,,,,,,,,,,,,,
ارتباط مشترک شهر,,,,,,,,,,,,,,,,,,,,,,,,,,,,,,,,,,,,,,,,,,,,,,,,
ارتباطات مبین نت,,,,,,,,,,,,,,,,,,,,,,,,,,,,,,,,,,,,,,,,,,,,,,,,
ارجان صنعت,,,,,,,,,,,,,,,,,,,,,,,,,,,,,,,,,,,,,,,,,,,,,,,,
اردستان,0.0,2026-08-09 18:36:44.149365,30030.0,رد_نمره,,,,5.7,2026-08-09 15:06:44.146146,2026-08-09,6,0.0,202884965426.66666,1.5,0,6.523,,,0.21,73.1,,4757,15,138,5.65,"{""atr_14"": 1000.0, ""symbol"": ""اردستان"", ""live_pe"": 0.0, ""risk_ok"": true, ""decision"": ""رد_نمره"", ""industry"": ""سيمان، آهك و گچ"", ""pe_ratio"": 0.01, ""raw_score"": 4.75, ""trend_20d"": ""flat"", ""rule_50_30"": ""رد"", ""final_score"": 4.8, ""score_macro"": 10.0, ""volume_spike"": 0.0, ""current_price"": 1000.0, ""liquidity_pct"": 0.0, ""position_size"": 0, ""adjusted_score"": 0.0, ""rank_in_market"": 138, ""score_feedstock"": 0.0, ""score_liquidity"": 0.0, ""score_technical"": 0.0, ""score_valuation"": 20.0, ""stop_loss_price"": -1000.0, ""nima_free_spread"": 6.523, ""percentile_score"": 73.1, ""price_change_pct"": 0.0, ""rank_in_industry"": 15, ""score_farabourse"": 0.0, ""score_fundamental"": 7.5, ""score_gov_support"": 0.0, ""institutional_ratio"": 0.0, ""score_institutional"": 0.0, ""negative_filters_count"": 0}",True,رد,0.0,0.0,7.5,5.0,7.5,0.0,0.0,10.0,0.0,0.0,0.0,0.0,4.8,20.0,20.0,1405-05-18,27928.0,اردستان,2026-09-08,0.88
اردستان2,,,,,,,,,,,,,,,,,,,,,,,,,,,,,,,,,,,,,,,,,,,,,,,,
اردستان3,,,,,,,,,,,,,,,,,,,,,,,,,,,,,,,,,,,,,,,,,,,,,,,,
ارزش,,,,,,,,,,,,,,,,,,,,,,,,,,,,,,,,,,,,,,,,,,,,,,,,
ارزش آفرین بازار,,,,,,,,,,,,,,,,,,,,,,,,,,,,,,,,,,,,,,,,,,,,,,,,
ارزش آفرینان ثابت,,,,,,,,,,,,,,,,,,,,,,,,,,,,,,,,,,,,,,,,,,,,,,,,
ارزش صبا,,,,,,,,,,,,,,,,,,,,,,,,,,,,,,,,,,,,,,,,,,,,,,,,
ارزش مسکن,,,,,,,,,,,,,,,,,,,,,,,,,,,,,,,,,,,,,,,,,,,,,,,,
ارزش کاوان ثابت,,,,,,,,,,,,,,,,,,,,,,,,,,,,,,,,,,,,,,,,,,,,,,,,
ارزش2,,,,,,,,,,,,,,,,,,,,,,,,,,,,,,,,,,,,,,,,,,,,,,,,
ارغوان,,,,,,,,,,,,,,,,,,,,,,,,,,,,,,,,,,,,,,,,,,,,,,,,
ارفع,,,,,,,,,,,,,,,,,,,,,,,,,,,,,,,,,,,,,,,,,,,,,,,,
ارفع کرمان,,,,,,,,,,,,,,,,,,,,,,,,,,,,,,,,,,,,,,,,,,,,,,,,
ارفع3,,,,,,,,,,,,,,,,,,,,,,,,,,,,,,,,,,,,,,,,,,,,,,,,
ارفعح,,,,,,,,,,,,,,,,,,,,,,,,,,,,,,,,,,,,,,,,,,,,,,,,
ارمغان,,,,,,,,,,,,,,,,,,,,,,,,,,,,,,,,,,,,,,,,,,,,,,,,
ارمغان الماس سهام,,,,,,,,,,,,,,,,,,,,,,,,,,,,,,,,,,,,,,,,,,,,,,,,
ارمغان ثابت,,,,,,,,,,,,,,,,,,,,,,,,,,,,,,,,,,,,,,,,,,,,,,,,
ارمغان2,,,,,,,,,,,,,,,,,,,,,,,,,,,,,,,,,,,,,,,,,,,,,,,,
اروند,0.0,2026-08-09 18:36:44.149365,58010.0,رد_نمره,,,,4.9,2026-08-09 15:06:44.146146,2026-08-09,7,0.0,4151134960646.0,4.4,0,6.523,,,0.68,72.9,,2462,12,139,4.85,"{""atr_14"": 1000.0, ""symbol"": ""اروند"", ""live_pe"": 0.1, ""risk_ok"": true, ""decision"": ""رد_نمره"", ""industry"": ""محصولات شيميايي"", ""pe_ratio"": 0.01, ""raw_score"": 4.75, ""trend_20d"": ""flat"", ""rule_50_30"": ""رد"", ""final_score"": 4.8, ""score_macro"": 10.0, ""volume_spike"": 0.0, ""current_price"": 1000.0, ""liquidity_pct"": 0.0, ""position_size"": 0, ""adjusted_score"": 0.0, ""rank_in_market"": 139, ""score_feedstock"": 0.0, ""score_liquidity"": 0.0, ""score_technical"": 0.0, ""score_valuation"": 20.0, ""stop_loss_price"": -1000.0, ""nima_free_spread"": 6.523, ""percentile_score"": 72.9, ""price_change_pct"": 0.0, ""rank_in_industry"": 12, ""score_farabourse"": 0.0, ""score_fundamental"": 7.5, ""score_gov_support"": 0.0, ""institutional_ratio"": 0.0, ""score_institutional"": 0.0, ""negative_filters_count"": 0}",True,رد,0.0,0.0,7.5,5.0,7.5,0.0,0.0,0.0,0.0,0.0,0.0,0.0,4.8,20.0,20.0,1405-05-18,53949.0,اروند,2026-09-08,0.88
اروند3,,,,,,,,,,,,,,,,,,,,,,,,,,,,,,,,,,,,,,,,,,,,,,,,
ارکیده,,,,,,,,,,,,,,,,,,,,,,,,,,,,,,,,,,,,,,,,,,,,,,,,
ارکیده2,,,,,,,,,,,,,,,,,,,,,,,,,,,,,,,,,,,,,,,,,,,,,,,,
ارکیده4,,,,,,,,,,,,,,,,,,,,,,,,,,,,,,,,,,,,,,,,,,,,,,,,
ازمحاسب,,,,,,,,,,,,,,,,,,,,,,,,,,,,,,,,,,,,,,,,,,,,,,,,
اس سی تی بانکرز کیش,,,,,,,,,,,,,,,,,,,,,,,,,,,,,,,,,,,,,,,,,,,,,,,,
استارز,,,,,,,,,,,,,,,,,,,,,,,,,,,,,,,,,,,,,,,,,,,,,,,,
استقلال,,,,,,,,,,,,,,,,,,,,,,,,,,,,,,,,,,,,,,,,,,,,,,,,
استقلال4,,,,,,,,,,,,,,,,,,,,,,,,,,,,,,,,,,,,,,,,,,,,,,,,
استیل,,,,,,,,,,,,,,,,,,,,,,,,,,,,,,,,,,,,,,,,,,,,,,,,
اسیاتک,0.0,2026-08-09 18:36:44.149365,0.0,رد_نمره,,,,2.6,2026-08-09 15:06:44.146146,2026-08-09,9,0.0,0.0,0.0,0,6.523,,,0.0,64.3,,0,1,183,2.6,"{""atr_14"": 0.0, ""symbol"": ""اسياتك"", ""live_pe"": 0.0, ""risk_ok"": true, ""decision"": ""رد_نمره"", ""industry"": ""اطلاعات و ارتباطات"", ""pe_ratio"": 0.0, ""raw_score"": 2.6, ""trend_20d"": ""flat"", ""rule_50_30"": ""رد"", ""final_score"": 2.6, ""score_macro"": 0.0, ""volume_spike"": 0.0, ""current_price"": 0.0, ""liquidity_pct"": 0.0, ""position_size"": 0, ""adjusted_score"": 0.0, ""rank_in_market"": 183, ""score_feedstock"": 0.0, ""score_liquidity"": 0.0, ""score_technical"": 0.0, ""score_valuation"": 20.0, ""stop_loss_price"": 0, ""nima_free_spread"": 6.523, ""percentile_score"": 64.3, ""price_change_pct"": 0.0, ""rank_in_industry"": 1, ""score_farabourse"": 0.0, ""score_fundamental"": 0.0, ""score_gov_support"": 0.0, ""institutional_ratio"": 0.0, ""score_institutional"": 0.0, ""negative_filters_count"": 0}",True,رد,0.0,0.0,0.0,0.0,0.0,0.0,0.0,0.0,0.0,0.0,0.0,0.0,2.6,20.0,20.0,1405-05-18,0.0,اسياتك,2026-09-08,0.0
اسیاتک2,,,,,,,,,,,,,,,,,,,,,,,,,,,,,,,,,,,,,,,,,,,,,,,,
اسیاتک3,,,,,,,,,,,,,,,,,,,,,,,,,,,,,,,,,,,,,,,,,,,,,,,,
اصیل,,,,,,,,,,,,,,,,,,,,,,,,,,,,,,,,,,,,,,,,,,,,,,,,
اصیل2,,,,,,,,,,,,,,,,,,,,,,,,,,,,,,,,,,,,,,,,,,,,,,,,
اصیل4,,,,,,,,,,,,,,,,,,,,,,,,,,,,,,,,,,,,,,,,,,,,,,,,
اطداتک,,,,,,,,,,,,,,,,,,,,,,,,,,,,,,,,,,,,,,,,,,,,,,,,
اطلس,,,,,,,,,,,,,,,,,,,,,,,,,,,,,,,,,,,,,,,,,,,,,,,,
اطلس بازار,,,,,,,,,,,,,,,,,,,,,,,,,,,,,,,,,,,,,,,,,,,,,,,,
اطلس مس,,,,,,,,,,,,,,,,,,,,,,,,,,,,,,,,,,,,,,,,,,,,,,,,
اطلس پالایش نفت جی اورند,,,,,,,,,,,,,,,,,,,,,,,,,,,,,,,,,,,,,,,,,,,,,,,,
اطلس4,,,,,,,,,,,,,,,,,,,,,,,,,,,,,,,,,,,,,,,,,,,,,,,,
اطمینان,,,,,,,,,,,,,,,,,,,,,,,,,,,,,,,,,,,,,,,,,,,,,,,,
اعتبار,,,,,,,,,,,,,,,,,,,,,,,,,,,,,,,,,,,,,,,,,,,,,,,,
اعتبار بازار,,,,,,,,,,,,,,,,,,,,,,,,,,,,,,,,,,,,,,,,,,,,,,,,
اعتبار ثابت,,,,,,,,,,,,,,,,,,,,,,,,,,,,,,,,,,,,,,,,,,,,,,,,
اعتبار خصوصی,,,,,,,,,,,,,,,,,,,,,,,,,,,,,,,,,,,,,,,,,,,,,,,,
اعتبار سهام,,,,,,,,,,,,,,,,,,,,,,,,,,,,,,,,,,,,,,,,,,,,,,,,
اعتبار2,,,,,,,,,,,,,,,,,,,,,,,,,,,,,,,,,,,,,,,,,,,,,,,,
اعتبارسهام,,,,,,,,,,,,,,,,,,,,,,,,,,,,,,,,,,,,,,,,,,,,,,,,
اعتبارسهام2,,,,,,,,,,,,,,,,,,,,,,,,,,,,,,,,,,,,,,,,,,,,,,,,
اعتلا,,,,,,,,,,,,,,,,,,,,,,,,,,,,,,,,,,,,,,,,,,,,,,,,
اعتلا3,,,,,,,,,,,,,,,,,,,,,,,,,,,,,,,,,,,,,,,,,,,,,,,,
اعتلاح,,,,,,,,,,,,,,,,,,,,,,,,,,,,,,,,,,,,,,,,,,,,,,,,
اعتماد,,,,,,,,,,,,,,,,,,,,,,,,,,,,,,,,,,,,,,,,,,,,,,,,
اعتماد بازار,,,,,,,,,,,,,,,,,,,,,,,,,,,,,,,,,,,,,,,,,,,,,,,,
اعتماد ملی ثابت,,,,,,,,,,,,,,,,,,,,,,,,,,,,,,,,,,,,,,,,,,,,,,,,
اعتماد2,,,,,,,,,,,,,,,,,,,,,,,,,,,,,,,,,,,,,,,,,,,,,,,,
اعتماد4,,,,,,,,,,,,,,,,,,,,,,,,,,,,,,,,,,,,,,,,,,,,,,,,
افتخار بازار,,,,,,,,,,,,,,,,,,,,,,,,,,,,,,,,,,,,,,,,,,,,,,,,
افرا,,,,,,,,,,,,,,,,,,,,,,,,,,,,,,,,,,,,,,,,,,,,,,,,
افرا ثابت,,,,,,,,,,,,,,,,,,,,,,,,,,,,,,,,,,,,,,,,,,,,,,,,
افرا3,,,,,,,,,,,,,,,,,,,,,,,,,,,,,,,,,,,,,,,,,,,,,,,,
افران,0.0,2026-08-09 18:36:44.149365,0.0,رد_نمره,,,,2.6,2026-08-09 15:06:44.146146,2026-08-09,10,0.0,0.0,0.0,0,6.523,,,0.0,2.7,,0,10,497,2.6,"{""atr_14"": 7857.0, ""symbol"": ""افران"", ""live_pe"": 250000.0, ""risk_ok"": true, ""decision"": ""رد_نمره"", ""industry"": """", ""pe_ratio"": 38461.54, ""raw_score"": 0.25, ""trend_20d"": ""flat"", ""rule_50_30"": ""رد"", ""final_score"": 0.2, ""score_macro"": 0.0, ""volume_spike"": 0.0, ""current_price"": 10000.0, ""liquidity_pct"": 14657175025.0, ""position_size"": 0, ""adjusted_score"": 0.0, ""rank_in_market"": 497, ""score_feedstock"": 0.0, ""score_liquidity"": 5.0, ""score_technical"": 0.0, ""score_valuation"": 0.0, ""stop_loss_price"": -5714.0, ""nima_free_spread"": 6.523, ""percentile_score"": 2.7, ""price_change_pct"": 0.0, ""rank_in_industry"": 10, ""score_farabourse"": 0.0, ""score_fundamental"": 0.0, ""score_gov_support"": 0.0, ""institutional_ratio"": 0.0, ""score_institutional"": 0.0, ""negative_filters_count"": 0}",True,رد,0.0,0.0,0.0,0.0,0.0,0.0,5.0,0.0,0.0,0.0,0.0,0.0,0.2,20.0,0.0,1405-05-18,0.0,افران,2026-09-08,0.0
افران2,,,,,,,,,,,,,,,,,,,,,,,,,,,,,,,,,,,,,,,,,,,,,,,,
افران4,,,,,,,,,,,,,,,,,,,,,,,,,,,,,,,,,,,,,,,,,,,,,,,,
افق,0.0,2026-08-09 18:36:44.149365,0.0,رد_نمره,,,,4.8,2026-08-09 15:06:44.146146,2026-08-09,11,0.0,0.0,0.0,0,6.523,,,0.0,72.7,,0,1,140,4.75,"{""atr_14"": 1000.0, ""symbol"": ""افق"", ""live_pe"": 0.0, ""risk_ok"": true, ""decision"": ""رد_نمره"", ""industry"": ""خرده فروشي،باستثناي وسايل نقليه موتوري"", ""pe_ratio"": 0.0, ""raw_score"": 4.75, ""trend_20d"": ""flat"", ""rule_50_30"": ""رد"", ""final_score"": 4.8, ""score_macro"": 10.0, ""volume_spike"": 0.0, ""current_price"": 1000.0, ""liquidity_pct"": 0.0, ""position_size"": 0, ""adjusted_score"": 0.0, ""rank_in_market"": 140, ""score_feedstock"": 0.0, ""score_liquidity"": 0.0, ""score_technical"": 0.0, ""score_valuation"": 20.0, ""stop_loss_price"": -1000.0, ""nima_free_spread"": 6.523, ""percentile_score"": 72.7, ""price_change_pct"": 0.0, ""rank_in_industry"": 1, ""score_farabourse"": 0.0, ""score_fundamental"": 7.5, ""score_gov_support"": 0.0, ""institutional_ratio"": 0.0, ""score_institutional"": 0.0, ""negative_filters_count"": 0}",True,رد,0.0,0.0,7.5,0.0,7.5,0.0,0.0,10.0,0.0,0.0,0.0,0.0,4.8,20.0,20.0,1405-05-18,0.0,افق,2026-09-08,0.0
افق تامین انرژی سبز,,,,,,,,,,,,,,,,,,,,,,,,,,,,,,,,,,,,,,,,,,,,,,,,
افق سهام,,,,,,,,,,,,,,,,,,,,,,,,,,,,,,,,,,,,,,,,,,,,,,,,
افق ملت,,,,,,,,,,,,,,,,,,,,,,,,,,,,,,,,,,,,,,,,,,,,,,,,
افق نگر,,,,,,,,,,,,,,,,,,,,,,,,,,,,,,,,,,,,,,,,,,,,,,,,
افق2,,,,,,,,,,,,,,,,,,,,,,,,,,,,,,,,,,,,,,,,,,,,,,,,
افق3,,,,,,,,,,,,,,,,,,,,,,,,,,,,,,,,,,,,,,,,,,,,,,,,
اقتصاد بیدار بازار,,,,,,,,,,,,,,,,,,,,,,,,,,,,,,,,,,,,,,,,,,,,,,,,
اقتصاد نوین سهام,,,,,,,,,,,,,,,,,,,,,,,,,,,,,,,,,,,,,,,,,,,,,,,,
اقتصاد و رفاه فرهنگیان,,,,,,,,,,,,,,,,,,,,,,,,,,,,,,,,,,,,,,,,,,,,,,,,
اكالا,0.0,2026-08-09 18:36:44.149365,0.0,رد_نمره,,,,2.6,2026-08-09 15:06:44.146146,2026-08-09,12,0.0,0.0,0.0,0,6.523,,,0.0,64.1,,0,3,184,2.6,"{""atr_14"": 0.0, ""symbol"": ""اكالا"", ""live_pe"": 0.0, ""risk_ok"": true, ""decision"": ""رد_نمره"", ""industry"": ""فعاليتهاي كمكي به نهادهاي مالي واسط"", ""pe_ratio"": 0.0, ""raw_score"": 2.6, ""trend_20d"": ""flat"", ""rule_50_30"": ""رد"", ""final_score"": 2.6, ""score_macro"": 0.0, ""volume_spike"": 0.0, ""current_price"": 0.0, ""liquidity_pct"": 0.0, ""position_size"": 0, ""adjusted_score"": 0.0, ""rank_in_market"": 184, ""score_feedstock"": 0.0, ""score_liquidity"": 0.0, ""score_technical"": 0.0, ""score_valuation"": 20.0, ""stop_loss_price"": 0, ""nima_free_spread"": 6.523, ""percentile_score"": 64.1, ""price_change_pct"": 0.0, ""rank_in_industry"": 3, ""score_farabourse"": 0.0, ""score_fundamental"": 0.0, ""score_gov_support"": 0.0, ""institutional_ratio"": 0.0, ""score_institutional"": 0.0, ""negative_filters_count"": 0}",True,رد,0.0,0.0,0.0,0.0,0.0,0.0,0.0,0.0,0.0,0.0,0.0,0.0,2.6,20.0,20.0,1405-05-18,0.0,اكالا,2026-09-08,0.0
اكتيو,0.0,2026-08-09 18:36:44.149365,0.0,رد_نمره,,,,2.6,2026-08-09 15:06:44.146146,2026-08-09,13,0.0,0.0,0.0,0,6.523,,,0.0,63.9,,0,17,185,2.6,"{""atr_14"": 0.0, ""symbol"": ""اكتيو"", ""live_pe"": 0.0, ""risk_ok"": true, ""decision"": ""رد_نمره"", ""industry"": ""محصولات شيميايي"", ""pe_ratio"": 0.0, ""raw_score"": 2.6, ""trend_20d"": ""flat"", ""rule_50_30"": ""رد"", ""final_score"": 2.6, ""score_macro"": 0.0, ""volume_spike"": 0.0, ""current_price"": 0.0, ""liquidity_pct"": 0.0, ""position_size"": 0, ""adjusted_score"": 0.0, ""rank_in_market"": 185, ""score_feedstock"": 0.0, ""score_liquidity"": 0.0, ""score_technical"": 0.0, ""score_valuation"": 20.0, ""stop_loss_price"": 0, ""nima_free_spread"": 6.523, ""percentile_score"": 63.9, ""price_change_pct"": 0.0, ""rank_in_industry"": 17, ""score_farabourse"": 0.0, ""score_fundamental"": 0.0, ""score_gov_support"": 0.0, ""institutional_ratio"": 0.0, ""score_institutional"": 0.0, ""negative_filters_count"": 0}",True,رد,0.0,0.0,0.0,0.0,0.0,0.0,0.0,0.0,0.0,0.0,0.0,0.0,2.6,20.0,20.0,1405-05-18,0.0,اكتيو,2026-09-08,0.0
البرز,0.0,2026-08-09 18:36:44.149365,0.0,رد_نمره,,,,4.8,2026-08-09 15:06:44.146146,2026-08-09,15,0.0,0.0,0.0,0,6.523,,,0.0,96.1,,0,1,21,4.75,"{""atr_14"": 888.0, ""symbol"": ""البرز"", ""live_pe"": 0.3, ""risk_ok"": true, ""decision"": ""رد_نمره"", ""industry"": ""بيمه وصندوق بازنشستگي به جزتامين اجتماعي"", ""pe_ratio"": 0.11, ""raw_score"": 5.65, ""trend_20d"": ""down"", ""rule_50_30"": ""رد"", ""final_score"": 5.7, ""score_macro"": 10.0, ""volume_spike"": 0.0, ""current_price"": 1000.0, ""liquidity_pct"": 41618122614.23333, ""position_size"": 0, ""adjusted_score"": 0.0, ""rank_in_market"": 21, ""score_feedstock"": 0.0, ""score_liquidity"": 5.0, ""score_technical"": 0.0, ""score_valuation"": 20.0, ""stop_loss_price"": -776.0, ""nima_free_spread"": 6.523, ""percentile_score"": 96.1, ""price_change_pct"": 0.0, ""rank_in_industry"": 1, ""score_farabourse"": 0.0, ""score_fundamental"": 7.5, ""score_gov_support"": 5.0, ""institutional_ratio"": 0.0, ""score_institutional"": 0.0, ""negative_filters_count"": 0}",True,رد,0.0,0.0,7.5,0.0,7.5,0.0,5.0,10.0,0.0,0.0,5.0,0.0,5.7,20.0,20.0,1405-05-18,0.0,البرز,2026-09-08,0.0
البرز سهام,,,,,,,,,,,,,,,,,,,,,,,,,,,,,,,,,,,,,,,,,,,,,,,,
البرز3,,,,,,,,,,,,,,,,,,,,,,,,,,,,,,,,,,,,,,,,,,,,,,,,
الزهرا نیکو,,,,,,,,,,,,,,,,,,,,,,,,,,,,,,,,,,,,,,,,,,,,,,,,
الماس,,,,,,,,,,,,,,,,,,,,,,,,,,,,,,,,,,,,,,,,,,,,,,,,
الماس پایدار ثابت,,,,,,,,,,,,,,,,,,,,,,,,,,,,,,,,,,,,,,,,,,,,,,,,
الماس2,,,,,,,,,,,,,,,,,,,,,,,,,,,,,,,,,,,,,,,,,,,,,,,,
الماسه ساز,,,,,,,,,,,,,,,,,,,,,,,,,,,,,,,,,,,,,,,,,,,,,,,,
الکتروماد,,,,,,,,,,,,,,,,,,,,,,,,,,,,,,,,,,,,,,,,,,,,,,,,
الکتروماد3,,,,,,,,,,,,,,,,,,,,,,,,,,,,,,,,,,,,,,,,,,,,,,,,
الکترومادح,,,,,,,,,,,,,,,,,,,,,,,,,,,,,,,,,,,,,,,,,,,,,,,,
الکل,,,,,,,,,,,,,,,,,,,,,,,,,,,,,,,,,,,,,,,,,,,,,,,,
الگوریتم بازار,,,,,,,,,,,,,,,,,,,,,,,,,,,,,,,,,,,,,,,,,,,,,,,,
الگوریتم ثابت,,,,,,,,,,,,,,,,,,,,,,,,,,,,,,,,,,,,,,,,,,,,,,,,
امتیاز,,,,,,,,,,,,,,,,,,,,,,,,,,,,,,,,,,,,,,,,,,,,,,,,
امتیاز2,,,,,,,,,,,,,,,,,,,,,,,,,,,,,,,,,,,,,,,,,,,,,,,,
امتیاز4,,,,,,,,,,,,,,,,,,,,,,,,,,,,,,,,,,,,,,,,,,,,,,,,
امرالد,,,,,,,,,,,,,,,,,,,,,,,,,,,,,,,,,,,,,,,,,,,,,,,,
اموزش شهر,,,,,,,,,,,,,,,,,,,,,,,,,,,,,,,,,,,,,,,,,,,,,,,,
امگا,,,,,,,,,,,,,,,,,,,,,,,,,,,,,,,,,,,,,,,,,,,,,,,,
امید,0.0,2026-08-09 18:36:44.149365,0.0,رد_نمره,,,,2.6,2026-08-09 15:06:44.146146,2026-08-09,17,0.0,0.0,0.0,0,6.523,,,0.0,63.3,,0,4,188,2.6,"{""atr_14"": 0.0, ""symbol"": ""اميد"", ""live_pe"": 0.0, ""risk_ok"": true, ""decision"": ""رد_نمره"", ""industry"": ""فعاليتهاي كمكي به نهادهاي مالي واسط"", ""pe_ratio"": 0.0, ""raw_score"": 2.6, ""trend_20d"": ""flat"", ""rule_50_30"": ""رد"", ""final_score"": 2.6, ""score_macro"": 0.0, ""volume_spike"": 0.0, ""current_price"": 0.0, ""liquidity_pct"": 0.0, ""position_size"": 0, ""adjusted_score"": 0.0, ""rank_in_market"": 188, ""score_feedstock"": 0.0, ""score_liquidity"": 0.0, ""score_technical"": 0.0, ""score_valuation"": 20.0, ""stop_loss_price"": 0, ""nima_free_spread"": 6.523, ""percentile_score"": 63.3, ""price_change_pct"": 0.0, ""rank_in_industry"": 4, ""score_farabourse"": 0.0, ""score_fundamental"": 0.0, ""score_gov_support"": 0.0, ""institutional_ratio"": 0.0, ""score_institutional"": 0.0, ""negative_filters_count"": 0}",True,رد,0.0,0.0,0.0,0.0,0.0,0.0,0.0,0.0,0.0,0.0,0.0,0.0,2.6,20.0,20.0,1405-05-18,0.0,اميد,2026-09-08,0.0
امید انصار ثابت,,,,,,,,,,,,,,,,,,,,,,,,,,,,,,,,,,,,,,,,,,,,,,,,
امید بازار,,,,,,,,,,,,,,,,,,,,,,,,,,,,,,,,,,,,,,,,,,,,,,,,
امید تابان خلیج فارس,,,,,,,,,,,,,,,,,,,,,,,,,,,,,,,,,,,,,,,,,,,,,,,,
امید توسعه سهام,,,,,,,,,,,,,,,,,,,,,,,,,,,,,,,,,,,,,,,,,,,,,,,,
امید نیکو,,,,,,,,,,,,,,,,,,,,,,,,,,,,,,,,,,,,,,,,,,,,,,,,
امید گاز,,,,,,,,,,,,,,,,,,,,,,,,,,,,,,,,,,,,,,,,,,,,,,,,
امید3,,,,,,,,,,,,,,,,,,,,,,,,,,,,,,,,,,,,,,,,,,,,,,,,
امیران,,,,,,,,,,,,,,,,,,,,,,,,,,,,,,,,,,,,,,,,,,,,,,,,
امین,0.0,2026-08-09 18:36:44.149365,0.0,رد_نمره,,,,2.6,2026-08-09 15:06:44.146146,2026-08-09,18,0.0,0.0,0.0,0,6.523,,,0.0,63.1,,0,5,189,2.6,"{""atr_14"": 0.0, ""symbol"": ""امين"", ""live_pe"": 0.0, ""risk_ok"": true, ""decision"": ""رد_نمره"", ""industry"": ""فعاليتهاي كمكي به نهادهاي مالي واسط"", ""pe_ratio"": 0.0, ""raw_score"": 2.6, ""trend_20d"": ""flat"", ""rule_50_30"": ""رد"", ""final_score"": 2.6, ""score_macro"": 0.0, ""volume_spike"": 0.0, ""current_price"": 0.0, ""liquidity_pct"": 0.0, ""position_size"": 0, ""adjusted_score"": 0.0, ""rank_in_market"": 189, ""score_feedstock"": 0.0, ""score_liquidity"": 0.0, ""score_technical"": 0.0, ""score_valuation"": 20.0, ""stop_loss_price"": 0, ""nima_free_spread"": 6.523, ""percentile_score"": 63.1, ""price_change_pct"": 0.0, ""rank_in_industry"": 5, ""score_farabourse"": 0.0, ""score_fundamental"": 0.0, ""score_gov_support"": 0.0, ""institutional_ratio"": 0.0, ""score_institutional"": 0.0, ""negative_filters_count"": 0}",True,رد,0.0,0.0,0.0,0.0,0.0,0.0,0.0,0.0,0.0,0.0,0.0,0.0,2.6,20.0,20.0,1405-05-18,0.0,امين,2026-09-08,0.0
امین انصار ثابت,,,,,,,,,,,,,,,,,,,,,,,,,,,,,,,,,,,,,,,,,,,,,,,,
امین بازار,,,,,,,,,,,,,,,,,,,,,,,,,,,,,,,,,,,,,,,,,,,,,,,,
امین سامان ثابت,,,,,,,,,,,,,,,,,,,,,,,,,,,,,,,,,,,,,,,,,,,,,,,,
امین شهر,,,,,,,,,,,,,,,,,,,,,,,,,,,,,,,,,,,,,,,,,,,,,,,,
امین ملت ثابت,,,,,,,,,,,,,,,,,,,,,,,,,,,,,,,,,,,,,,,,,,,,,,,,
امین یکم,,,,,,,,,,,,,,,,,,,,,,,,,,,,,,,,,,,,,,,,,,,,,,,,
امین3,,,,,,,,,,,,,,,,,,,,,,,,,,,,,,,,,,,,,,,,,,,,,,,,
امینح,,,,,,,,,,,,,,,,,,,,,,,,,,,,,,,,,,,,,,,,,,,,,,,,
انار,,,,,,,,,,,,,,,,,,,,,,,,,,,,,,,,,,,,,,,,,,,,,,,,
انار2,,,,,,,,,,,,,,,,,,,,,,,,,,,,,,,,,,,,,,,,,,,,,,,,
انبار های عمومی و خدمات گمرکی بازرگاه منطقه آزاد ماکو,,,,,,,,,,,,,,,,,,,,,,,,,,,,,,,,,,,,,,,,,,,,,,,,
انبار های عمومی و خدمات گمرکی فرودگاه امام خمینی,,,,,,,,,,,,,,,,,,,,,,,,,,,,,,,,,,,,,,,,,,,,,,,,
انتخاب,,,,,,,,,,,,,,,,,,,,,,,,,,,,,,,,,,,,,,,,,,,,,,,,
انتخاب2,,,,,,,,,,,,,,,,,,,,,,,,,,,,,,,,,,,,,,,,,,,,,,,,
انتخاب3,,,,,,,,,,,,,,,,,,,,,,,,,,,,,,,,,,,,,,,,,,,,,,,,
انتشارعلمی فرهنگی,,,,,,,,,,,,,,,,,,,,,,,,,,,,,,,,,,,,,,,,,,,,,,,,
انجمن خیریه اتیسم ایران,,,,,,,,,,,,,,,,,,,,,,,,,,,,,,,,,,,,,,,,,,,,,,,,
انجمن خیریه احمدآباد اصفهان,,,,,,,,,,,,,,,,,,,,,,,,,,,,,,,,,,,,,,,,,,,,,,,,
انجمن خیریه حمایت از بیماران خاص امام علی (ع) شهرستان قدس,,,,,,,,,,,,,,,,,,,,,,,,,,,,,,,,,,,,,,,,,,,,,,,,
انجمن خیریه حمایت از بیماران سرطانی مشهد,,,,,,,,,,,,,,,,,,,,,,,,,,,,,,,,,,,,,,,,,,,,,,,,
انجمن خیریه حمایت از بیماران مبتلا به سرطان مهرانه استان زنجان,,,,,,,,,,,,,,,,,,,,,,,,,,,,,,,,,,,,,,,,,,,,,,,,
انجمن خیریه حمایت از بیماران مبتلا به سرطان یاس کرمان,,,,,,,,,,,,,,,,,,,,,,,,,,,,,,,,,,,,,,,,,,,,,,,,
انجمن خیریه محبان الحسین ع,,,,,,,,,,,,,,,,,,,,,,,,,,,,,,,,,,,,,,,,,,,,,,,,
اندوخته ثابت,,,,,,,,,,,,,,,,,,,,,,,,,,,,,,,,,,,,,,,,,,,,,,,,
اندوخته داریوش,,,,,,,,,,,,,,,,,,,,,,,,,,,,,,,,,,,,,,,,,,,,,,,,
اندوخته پایدار ثابت,,,,,,,,,,,,,,,,,,,,,,,,,,,,,,,,,,,,,,,,,,,,,,,,
اندیشه ثابت,,,,,,,,,,,,,,,,,,,,,,,,,,,,,,,,,,,,,,,,,,,,,,,,
اندیشه زرین بازار,,,,,,,,,,,,,,,,,,,,,,,,,,,,,,,,,,,,,,,,,,,,,,,,
انرژي1,0.0,2026-08-09 18:36:44.149365,0.0,رد_نمره,,,,2.6,2026-08-09 15:06:44.146146,2026-08-09,19,0.0,0.0,0.0,0,6.523,,,0.0,62.9,,0,6,190,2.6,"{""atr_14"": 0.0, ""symbol"": ""انرژي1"", ""live_pe"": 0.0, ""risk_ok"": true, ""decision"": ""رد_نمره"", ""industry"": ""فعاليتهاي كمكي به نهادهاي مالي واسط"", ""pe_ratio"": 0.0, ""raw_score"": 2.6, ""trend_20d"": ""flat"", ""rule_50_30"": ""رد"", ""final_score"": 2.6, ""score_macro"": 0.0, ""volume_spike"": 0.0, ""current_price"": 0.0, ""liquidity_pct"": 0.0, ""position_size"": 0, ""adjusted_score"": 0.0, ""rank_in_market"": 190, ""score_feedstock"": 0.0, ""score_liquidity"": 0.0, ""score_technical"": 0.0, ""score_valuation"": 20.0, ""stop_loss_price"": 0, ""nima_free_spread"": 6.523, ""percentile_score"": 62.9, ""price_change_pct"": 0.0, ""rank_in_industry"": 6, ""score_farabourse"": 0.0, ""score_fundamental"": 0.0, ""score_gov_support"": 0.0, ""institutional_ratio"": 0.0, ""score_institutional"": 0.0, ""negative_filters_count"": 0}",True,رد,0.0,0.0,0.0,0.0,0.0,0.0,0.0,0.0,0.0,0.0,0.0,0.0,2.6,20.0,20.0,1405-05-18,0.0,انرژي1,2026-09-08,0.0
انرژي2,0.0,2026-08-09 18:36:44.149365,0.0,رد_نمره,,,,2.6,2026-08-09 15:06:44.146146,2026-08-09,20,0.0,0.0,0.0,0,6.523,,,0.0,62.7,,0,7,191,2.6,"{""atr_14"": 0.0, ""symbol"": ""انرژي2"", ""live_pe"": 0.0, ""risk_ok"": true, ""decision"": ""رد_نمره"", ""industry"": ""فعاليتهاي كمكي به نهادهاي مالي واسط"", ""pe_ratio"": 0.0, ""raw_score"": 2.6, ""trend_20d"": ""flat"", ""rule_50_30"": ""رد"", ""final_score"": 2.6, ""score_macro"": 0.0, ""volume_spike"": 0.0, ""current_price"": 0.0, ""liquidity_pct"": 0.0, ""position_size"": 0, ""adjusted_score"": 0.0, ""rank_in_market"": 191, ""score_feedstock"": 0.0, ""score_liquidity"": 0.0, ""score_technical"": 0.0, ""score_valuation"": 20.0, ""stop_loss_price"": 0, ""nima_free_spread"": 6.523, ""percentile_score"": 62.7, ""price_change_pct"": 0.0, ""rank_in_industry"": 7, ""score_farabourse"": 0.0, ""score_fundamental"": 0.0, ""score_gov_support"": 0.0, ""institutional_ratio"": 0.0, ""score_institutional"": 0.0, ""negative_filters_count"": 0}",True,رد,0.0,0.0,0.0,0.0,0.0,0.0,0.0,0.0,0.0,0.0,0.0,0.0,2.6,20.0,20.0,1405-05-18,0.0,انرژي2,2026-09-08,0.0
انرژی,,,,,,,,,,,,,,,,,,,,,,,,,,,,,,,,,,,,,,,,,,,,,,,,
انرژی سبز گستر صبا,,,,,,,,,,,,,,,,,,,,,,,,,,,,,,,,,,,,,,,,,,,,,,,,
انرژی سپهر,,,,,,,,,,,,,,,,,,,,,,,,,,,,,,,,,,,,,,,,,,,,,,,,
انرژی3,0.0,2026-08-09 18:36:44.149365,0.0,رد_نمره,,,,2.6,2026-08-09 15:06:44.146146,2026-08-09,21,0.0,0.0,0.0,0,6.523,,,0.0,62.5,,0,8,192,2.6,"{""atr_14"": 0.0, ""symbol"": ""انرژي3"", ""live_pe"": 0.0, ""risk_ok"": true, ""decision"": ""رد_نمره"", ""industry"": ""فعاليتهاي كمكي به نهادهاي مالي واسط"", ""pe_ratio"": 0.0, ""raw_score"": 2.6, ""trend_20d"": ""flat"", ""rule_50_30"": ""رد"", ""final_score"": 2.6, ""score_macro"": 0.0, ""volume_spike"": 0.0, ""current_price"": 0.0, ""liquidity_pct"": 0.0, ""position_size"": 0, ""adjusted_score"": 0.0, ""rank_in_market"": 192, ""score_feedstock"": 0.0, ""score_liquidity"": 0.0, ""score_technical"": 0.0, ""score_valuation"": 20.0, ""stop_loss_price"": 0, ""nima_free_spread"": 6.523, ""percentile_score"": 62.5, ""price_change_pct"": 0.0, ""rank_in_industry"": 8, ""score_farabourse"": 0.0, ""score_fundamental"": 0.0, ""score_gov_support"": 0.0, ""institutional_ratio"": 0.0, ""score_institutional"": 0.0, ""negative_filters_count"": 0}",True,رد,0.0,0.0,0.0,0.0,0.0,0.0,0.0,0.0,0.0,0.0,0.0,0.0,2.6,20.0,20.0,1405-05-18,0.0,انرژي3,2026-09-08,0.0
اهرم,0.0,2026-08-09 18:36:44.149365,0.0,رد_نمره,,,,2.6,2026-08-09 15:06:44.146146,2026-08-09,22,0.0,0.0,0.0,0,6.523,,,0.0,9.0,,0,1,465,2.6,"{""atr_14"": 2195.0, ""symbol"": ""اهرم"", ""live_pe"": 250000.0, ""risk_ok"": true, ""decision"": ""رد_نمره"", ""industry"": """", ""pe_ratio"": 38461.54, ""raw_score"": 2.1, ""trend_20d"": ""flat"", ""rule_50_30"": ""رد"", ""final_score"": 2.1, ""score_macro"": 0.0, ""volume_spike"": 11.54, ""current_price"": 10000.0, ""liquidity_pct"": 438059337054.1667, ""position_size"": 0, ""adjusted_score"": 0.0, ""rank_in_market"": 465, ""score_feedstock"": 0.0, ""score_liquidity"": 5.0, ""score_technical"": 15.0, ""score_valuation"": 0.0, ""stop_loss_price"": 5610.0, ""nima_free_spread"": 6.523, ""percentile_score"": 9.0, ""price_change_pct"": 0.0, ""rank_in_industry"": 1, ""score_farabourse"": 0.0, ""score_fundamental"": 0.0, ""score_gov_support"": 5.0, ""institutional_ratio"": 0.0, ""score_institutional"": 0.0, ""negative_filters_count"": 0}",True,رد,0.0,0.0,0.0,0.0,0.0,0.0,5.0,0.0,15.0,0.0,5.0,0.0,2.1,20.0,0.0,1405-05-18,0.0,اهرم,2026-09-08,0.0
اوان,,,,,,,,,,,,,,,,,,,,,,,,,,,,,,,,,,,,,,,,,,,,,,,,
اوان2,,,,,,,,,,,,,,,,,,,,,,,,,,,,,,,,,,,,,,,,,,,,,,,,
اوان3,,,,,,,,,,,,,,,,,,,,,,,,,,,,,,,,,,,,,,,,,,,,,,,,
اوانح,,,,,,,,,,,,,,,,,,,,,,,,,,,,,,,,,,,,,,,,,,,,,,,,
اوج,,,,,,,,,,,,,,,,,,,,,,,,,,,,,,,,,,,,,,,,,,,,,,,,
اوج ثابت,,,,,,,,,,,,,,,,,,,,,,,,,,,,,,,,,,,,,,,,,,,,,,,,
اوج2,,,,,,,,,,,,,,,,,,,,,,,,,,,,,,,,,,,,,,,,,,,,,,,,
اوج4,,,,,,,,,,,,,,,,,,,,,,,,,,,,,,,,,,,,,,,,,,,,,,,,
اوزان,,,,,,,,,,,,,,,,,,,,,,,,,,,,,,,,,,,,,,,,,,,,,,,,
اوصتا,,,,,,,,,,,,,,,,,,,,,,,,,,,,,,,,,,,,,,,,,,,,,,,,
اوصتا2,,,,,,,,,,,,,,,,,,,,,,,,,,,,,,,,,,,,,,,,,,,,,,,,
اوصتا4,,,,,,,,,,,,,,,,,,,,,,,,,,,,,,,,,,,,,,,,,,,,,,,,
اونیکس,,,,,,,,,,,,,,,,,,,,,,,,,,,,,,,,,,,,,,,,,,,,,,,,
اونیکس4,,,,,,,,,,,,,,,,,,,,,,,,,,,,,,,,,,,,,,,,,,,,,,,,
اپال,0.0,2026-08-09 18:36:44.149365,10580.0,رد_نمره,,,,5.7,2026-08-09 15:06:44.146146,2026-08-09,3,0.0,153575030376.0,1.7,0,6.523,,,0.21,73.3,,13495,2,137,5.65,"{""atr_14"": 1000.0, ""symbol"": ""اپال"", ""live_pe"": 0.2, ""risk_ok"": true, ""decision"": ""رد_نمره"", ""industry"": ""استخراج کانه هاي فلزي"", ""pe_ratio"": 0.02, ""raw_score"": 4.75, ""trend_20d"": ""flat"", ""rule_50_30"": ""رد"", ""final_score"": 4.8, ""score_macro"": 10.0, ""volume_spike"": 0.0, ""current_price"": 1000.0, ""liquidity_pct"": 0.0, ""position_size"": 0, ""adjusted_score"": 0.0, ""rank_in_market"": 137, ""score_feedstock"": 0.0, ""score_liquidity"": 0.0, ""score_technical"": 0.0, ""score_valuation"": 20.0, ""stop_loss_price"": -1000.0, ""nima_free_spread"": 6.523, ""percentile_score"": 73.3, ""price_change_pct"": 0.0, ""rank_in_industry"": 2, ""score_farabourse"": 0.0, ""score_fundamental"": 7.5, ""score_gov_support"": 0.0, ""institutional_ratio"": 0.0, ""score_institutional"": 0.0, ""negative_filters_count"": 0}",True,رد,0.0,0.0,7.5,5.0,7.5,0.0,0.0,10.0,0.0,0.0,0.0,0.0,4.8,20.0,20.0,1405-05-18,9839.0,اپال,2026-09-08,0.15
اپال3,,,,,,,,,,,,,,,,,,,,,,,,,,,,,,,,,,,,,,,,,,,,,,,,
اپرداز,,,,,,,,,,,,,,,,,,,,,,,,,,,,,,,,,,,,,,,,,,,,,,,,
اپرداز3,,,,,,,,,,,,,,,,,,,,,,,,,,,,,,,,,,,,,,,,,,,,,,,,
اکتان,,,,,,,,,,,,,,,,,,,,,,,,,,,,,,,,,,,,,,,,,,,,,,,,
اکتشاف,,,,,,,,,,,,,,,,,,,,,,,,,,,,,,,,,,,,,,,,,,,,,,,,
اکستریم,,,,,,,,,,,,,,,,,,,,,,,,,,,,,,,,,,,,,,,,,,,,,,,,
اکسیر,,,,,,,,,,,,,,,,,,,,,,,,,,,,,,,,,,,,,,,,,,,,,,,,
اکسیر بازار,,,,,,,,,,,,,,,,,,,,,,,,,,,,,,,,,,,,,,,,,,,,,,,,
اکسیژن,,,,,,,,,,,,,,,,,,,,,,,,,,,,,,,,,,,,,,,,,,,,,,,,
اکسیژن2,,,,,,,,,,,,,,,,,,,,,,,,,,,,,,,,,,,,,,,,,,,,,,,,
ایده جسورانه,,,,,,,,,,,,,,,,,,,,,,,,,,,,,,,,,,,,,,,,,,,,,,,,
ایده های تجارت هوشمند سیمرغ,,,,,,,,,,,,,,,,,,,,,,,,,,,,,,,,,,,,,,,,,,,,,,,,
ایران اکسیکو,,,,,,,,,,,,,,,,,,,,,,,,,,,,,,,,,,,,,,,,,,,,,,,,
ایران خودرو کرمانشاه,,,,,,,,,,,,,,,,,,,,,,,,,,,,,,,,,,,,,,,,,,,,,,,,
ایران زمین ثابت,,,,,,,,,,,,,,,,,,,,,,,,,,,,,,,,,,,,,,,,,,,,,,,,
ایرانسازه,,,,,,,,,,,,,,,,,,,,,,,,,,,,,,,,,,,,,,,,,,,,,,,,
ایرانیان بازار,,,,,,,,,,,,,,,,,,,,,,,,,,,,,,,,,,,,,,,,,,,,,,,,
ایساتیس بازار,,,,,,,,,,,,,,,,,,,,,,,,,,,,,,,,,,,,,,,,,,,,,,,,
ایساتیس سهام,,,,,,,,,,,,,,,,,,,,,,,,,,,,,,,,,,,,,,,,,,,,,,,,
ایمن ترابر نیشکر,,,,,,,,,,,,,,,,,,,,,,,,,,,,,,,,,,,,,,,,,,,,,,,,
باختر,0.0,2026-08-09 18:36:44.149365,0.0,رد_نمره,,,,2.6,2026-08-09 15:06:44.146146,2026-08-09,24,0.0,0.0,0.0,0,6.523,,,0.0,62.4,,0,4,193,2.6,"{""atr_14"": 0.0, ""symbol"": ""باختر"", ""live_pe"": 0.0, ""risk_ok"": true, ""decision"": ""رد_نمره"", ""industry"": ""ماشين آلات و دستگاه‌هاي برقي"", ""pe_ratio"": 0.0, ""raw_score"": 2.6, ""trend_20d"": ""flat"", ""rule_50_30"": ""رد"", ""final_score"": 2.6, ""score_macro"": 0.0, ""volume_spike"": 0.0, ""current_price"": 0.0, ""liquidity_pct"": 0.0, ""position_size"": 0, ""adjusted_score"": 0.0, ""rank_in_market"": 193, ""score_feedstock"": 0.0, ""score_liquidity"": 0.0, ""score_technical"": 0.0, ""score_valuation"": 20.0, ""stop_loss_price"": 0, ""nima_free_spread"": 6.523, ""percentile_score"": 62.4, ""price_change_pct"": 0.0, ""rank_in_industry"": 4, ""score_farabourse"": 0.0, ""score_fundamental"": 0.0, ""score_gov_support"": 0.0, ""institutional_ratio"": 0.0, ""score_institutional"": 0.0, ""negative_filters_count"": 0}",True,رد,0.0,0.0,0.0,0.0,0.0,0.0,0.0,0.0,0.0,0.0,0.0,0.0,2.6,20.0,20.0,1405-05-18,0.0,باختر,2026-09-08,0.0
باران,,,,,,,,,,,,,,,,,,,,,,,,,,,,,,,,,,,,,,,,,,,,,,,,
باران بازار,,,,,,,,,,,,,,,,,,,,,,,,,,,,,,,,,,,,,,,,,,,,,,,,
بارز کردستان,,,,,,,,,,,,,,,,,,,,,,,,,,,,,,,,,,,,,,,,,,,,,,,,
باز زنده سازی بافت فرسوده مهربین,,,,,,,,,,,,,,,,,,,,,,,,,,,,,,,,,,,,,,,,,,,,,,,,
بازآفرینی شهری ایران (مادر تخصصی عمران و بهسازی شهری ایران),,,,,,,,,,,,,,,,,,,,,,,,,,,,,,,,,,,,,,,,,,,,,,,,
بازبیمه,,,,,,,,,,,,,,,,,,,,,,,,,,,,,,,,,,,,,,,,,,,,,,,,
بازبیمه2,,,,,,,,,,,,,,,,,,,,,,,,,,,,,,,,,,,,,,,,,,,,,,,,
بازده,,,,,,,,,,,,,,,,,,,,,,,,,,,,,,,,,,,,,,,,,,,,,,,,
بازده سهام,,,,,,,,,,,,,,,,,,,,,,,,,,,,,,,,,,,,,,,,,,,,,,,,
بازده2,,,,,,,,,,,,,,,,,,,,,,,,,,,,,,,,,,,,,,,,,,,,,,,,
بازرگام,,,,,,,,,,,,,,,,,,,,,,,,,,,,,,,,,,,,,,,,,,,,,,,,
بازرگام2,,,,,,,,,,,,,,,,,,,,,,,,,,,,,,,,,,,,,,,,,,,,,,,,
بازرگان پیشرو,,,,,,,,,,,,,,,,,,,,,,,,,,,,,,,,,,,,,,,,,,,,,,,,
بازرگانی بین الملل به پخش,,,,,,,,,,,,,,,,,,,,,,,,,,,,,,,,,,,,,,,,,,,,,,,,
بازرگانی توسعه نیشکروصنایع جانبی,,,,,,,,,,,,,,,,,,,,,,,,,,,,,,,,,,,,,,,,,,,,,,,,
بازرگانی توسعه پایدار آسمان کیش,,,,,,,,,,,,,,,,,,,,,,,,,,,,,,,,,,,,,,,,,,,,,,,,
بازرگانی سایپا یدک,,,,,,,,,,,,,,,,,,,,,,,,,,,,,,,,,,,,,,,,,,,,,,,,
بازرگانی شیر ایران,,,,,,,,,,,,,,,,,,,,,,,,,,,,,,,,,,,,,,,,,,,,,,,,
بازرگانی صبا بیمه ایرانیان,,,,,,,,,,,,,,,,,,,,,,,,,,,,,,,,,,,,,,,,,,,,,,,,
بازرگانی فلزات غیر آهنی,,,,,,,,,,,,,,,,,,,,,,,,,,,,,,,,,,,,,,,,,,,,,,,,
بازرگانی مهر مینای کیش,,,,,,,,,,,,,,,,,,,,,,,,,,,,,,,,,,,,,,,,,,,,,,,,
بازرگانی نیک نفت,,,,,,,,,,,,,,,,,,,,,,,,,,,,,,,,,,,,,,,,,,,,,,,,
بازرگانی نیکان,,,,,,,,,,,,,,,,,,,,,,,,,,,,,,,,,,,,,,,,,,,,,,,,
بازرگانی و خدمات بندری ایران,,,,,,,,,,,,,,,,,,,,,,,,,,,,,,,,,,,,,,,,,,,,,,,,
بازرگانی پاساد دانا ایرانیان,,,,,,,,,,,,,,,,,,,,,,,,,,,,,,,,,,,,,,,,,,,,,,,,
بازرگانی پترو اکسیر کیش,,,,,,,,,,,,,,,,,,,,,,,,,,,,,,,,,,,,,,,,,,,,,,,,
بازرگانی کتاب گستر,,,,,,,,,,,,,,,,,,,,,,,,,,,,,,,,,,,,,,,,,,,,,,,,
بازنشستگی جسورانه,,,,,,,,,,,,,,,,,,,,,,,,,,,,,,,,,,,,,,,,,,,,,,,,
باشگاه فرهنگی ورزشی استقلال خوزستان,,,,,,,,,,,,,,,,,,,,,,,,,,,,,,,,,,,,,,,,,,,,,,,,
باشگاه فرهنگی ورزشی صنعت مس,,,,,,,,,,,,,,,,,,,,,,,,,,,,,,,,,,,,,,,,,,,,,,,,
باشگاه فرهنگی ورزشی صنعت مس شهربابک,,,,,,,,,,,,,,,,,,,,,,,,,,,,,,,,,,,,,,,,,,,,,,,,
بالاس,,,,,,,,,,,,,,,,,,,,,,,,,,,,,,,,,,,,,,,,,,,,,,,,
بالاس3,,,,,,,,,,,,,,,,,,,,,,,,,,,,,,,,,,,,,,,,,,,,,,,,
بالبر,0.0,2026-08-09 18:36:44.149365,24680.0,رد_نمره,,,,0.9,2026-08-09 15:06:44.146146,2026-08-09,25,0.0,47817617950.0,20.0,0,6.523,,,3.89,2.5,,5787,12,498,0.9,"{""atr_14"": 352.0, ""symbol"": ""بالبر"", ""live_pe"": 12.2, ""risk_ok"": true, ""decision"": ""رد_نمره"", ""industry"": ""ماشين آلات و دستگاه‌هاي برقي"", ""pe_ratio"": 2.38, ""raw_score"": 0.25, ""trend_20d"": ""down"", ""rule_50_30"": ""رد"", ""final_score"": 0.2, ""score_macro"": 0.0, ""volume_spike"": 0.12, ""current_price"": 15106.0, ""liquidity_pct"": 188140941.233333, ""position_size"": 0, ""adjusted_score"": 0.0, ""rank_in_market"": 498, ""score_feedstock"": 0.0, ""score_liquidity"": 5.0, ""score_technical"": 0.0, ""score_valuation"": 0.0, ""stop_loss_price"": 14049.0, ""nima_free_spread"": 6.523, ""percentile_score"": 2.5, ""price_change_pct"": 0.0, ""rank_in_industry"": 12, ""score_farabourse"": 0.0, ""score_fundamental"": 0.0, ""score_gov_support"": 0.0, ""institutional_ratio"": 0.0, ""score_institutional"": 0.0, ""negative_filters_count"": 0}",True,رد,0.0,0.0,0.0,5.0,0.0,0.0,5.0,0.0,0.0,0.0,0.0,0.0,0.2,0.0,0.0,1405-05-18,22952.0,بالبر,2026-09-08,1.91
بالبر3,,,,,,,,,,,,,,,,,,,,,,,,,,,,,,,,,,,,,,,,,,,,,,,,
بامداد,,,,,,,,,,,,,,,,,,,,,,,,,,,,,,,,,,,,,,,,,,,,,,,,
بانک توسعه تعاون,,,,,,,,,,,,,,,,,,,,,,,,,,,,,,,,,,,,,,,,,,,,,,,,
بانک توسعه صادرات ایران,,,,,,,,,,,,,,,,,,,,,,,,,,,,,,,,,,,,,,,,,,,,,,,,
بانک صنعت و معدن,,,,,,,,,,,,,,,,,,,,,,,,,,,,,,,,,,,,,,,,,,,,,,,,
بانک قرض الحسنه مهر ایران,,,,,,,,,,,,,,,,,,,,,,,,,,,,,,,,,,,,,,,,,,,,,,,,
بانک مسکن,,,,,,,,,,,,,,,,,,,,,,,,,,,,,,,,,,,,,,,,,,,,,,,,
بانک مسکن ثابت,,,,,,,,,,,,,,,,,,,,,,,,,,,,,,,,,,,,,,,,,,,,,,,,
بانک مشترک ایران و ونزویلا,,,,,,,,,,,,,,,,,,,,,,,,,,,,,,,,,,,,,,,,,,,,,,,,
بانک ملی,,,,,,,,,,,,,,,,,,,,,,,,,,,,,,,,,,,,,,,,,,,,,,,,
بانک کشاورزی,,,,,,,,,,,,,,,,,,,,,,,,,,,,,,,,,,,,,,,,,,,,,,,,
بانک کشاورزی سهام,,,,,,,,,,,,,,,,,,,,,,,,,,,,,,,,,,,,,,,,,,,,,,,,
بانکا,,,,,,,,,,,,,,,,,,,,,,,,,,,,,,,,,,,,,,,,,,,,,,,,
بانکا2,,,,,,,,,,,,,,,,,,,,,,,,,,,,,,,,,,,,,,,,,,,,,,,,
بانکدار,,,,,,,,,,,,,,,,,,,,,,,,,,,,,,,,,,,,,,,,,,,,,,,,
بانکدار2,,,,,,,,,,,,,,,,,,,,,,,,,,,,,,,,,,,,,,,,,,,,,,,,
بانکو,,,,,,,,,,,,,,,,,,,,,,,,,,,,,,,,,,,,,,,,,,,,,,,,
بانکپاد,,,,,,,,,,,,,,,,,,,,,,,,,,,,,,,,,,,,,,,,,,,,,,,,
بانکیا,,,,,,,,,,,,,,,,,,,,,,,,,,,,,,,,,,,,,,,,,,,,,,,,
بانکیا2,,,,,,,,,,,,,,,,,,,,,,,,,,,,,,,,,,,,,,,,,,,,,,,,
بانیان,,,,,,,,,,,,,,,,,,,,,,,,,,,,,,,,,,,,,,,,,,,,,,,,
بانیان3,,,,,,,,,,,,,,,,,,,,,,,,,,,,,,,,,,,,,,,,,,,,,,,,
بایکا,0.0,2026-08-09 18:36:44.149365,0.0,رد_نمره,,,,2.6,2026-08-09 15:06:44.146146,2026-08-09,26,0.0,0.0,0.0,0,6.523,,,0.0,62.2,,0,5,194,2.6,"{""atr_14"": 0.0, ""symbol"": ""بايكا"", ""live_pe"": 0.0, ""risk_ok"": true, ""decision"": ""رد_نمره"", ""industry"": ""ماشين آلات و دستگاه‌هاي برقي"", ""pe_ratio"": 0.0, ""raw_score"": 2.6, ""trend_20d"": ""flat"", ""rule_50_30"": ""رد"", ""final_score"": 2.6, ""score_macro"": 0.0, ""volume_spike"": 0.0, ""current_price"": 0.0, ""liquidity_pct"": 0.0, ""position_size"": 0, ""adjusted_score"": 0.0, ""rank_in_market"": 194, ""score_feedstock"": 0.0, ""score_liquidity"": 0.0, ""score_technical"": 0.0, ""score_valuation"": 20.0, ""stop_loss_price"": 0, ""nima_free_spread"": 6.523, ""percentile_score"": 62.2, ""price_change_pct"": 0.0, ""rank_in_industry"": 5, ""score_farabourse"": 0.0, ""score_fundamental"": 0.0, ""score_gov_support"": 0.0, ""institutional_ratio"": 0.0, ""score_institutional"": 0.0, ""negative_filters_count"": 0}",True,رد,0.0,0.0,0.0,0.0,0.0,0.0,0.0,0.0,0.0,0.0,0.0,0.0,2.6,20.0,20.0,1405-05-18,0.0,بايكا,2026-09-08,0.0
بترانس,0.0,2026-08-09 18:36:44.149365,3132.0,رد_نمره,,,,5.7,2026-08-09 15:06:44.146146,2026-08-09,27,0.0,488476857817.0,1.0,0,6.523,,,0.2,69.4,,45662,3,157,5.65,"{""atr_14"": 353.0, ""symbol"": ""بترانس"", ""live_pe"": 5.8, ""risk_ok"": true, ""decision"": ""رد_نمره"", ""industry"": ""ماشين آلات و دستگاه‌هاي برقي"", ""pe_ratio"": 1.14, ""raw_score"": 4.2, ""trend_20d"": ""up"", ""rule_50_30"": ""رد"", ""final_score"": 4.2, ""score_macro"": 0.0, ""volume_spike"": 0.01, ""current_price"": 17447.0, ""liquidity_pct"": 130196985.166667, ""position_size"": 0, ""adjusted_score"": 0.0, ""rank_in_market"": 157, ""score_feedstock"": 0.0, ""score_liquidity"": 5.0, ""score_technical"": 0.0, ""score_valuation"": 20.0, ""stop_loss_price"": 16226.0, ""nima_free_spread"": 6.523, ""percentile_score"": 69.4, ""price_change_pct"": 0.02, ""rank_in_industry"": 3, ""score_farabourse"": 0.0, ""score_fundamental"": 7.5, ""score_gov_support"": 0.0, ""institutional_ratio"": 0.0, ""score_institutional"": 0.0, ""negative_filters_count"": 0}",True,رد,0.0,0.0,7.5,5.0,7.5,0.0,5.0,10.0,0.0,0.0,0.0,0.0,4.2,20.0,20.0,1405-05-18,2913.0,بترانس,2026-09-08,0.33
بترانس2,,,,,,,,,,,,,,,,,,,,,,,,,,,,,,,,,,,,,,,,,,,,,,,,
بترانس3,,,,,,,,,,,,,,,,,,,,,,,,,,,,,,,,,,,,,,,,,,,,,,,,
بتهران,,,,,,,,,,,,,,,,,,,,,,,,,,,,,,,,,,,,,,,,,,,,,,,,
بتهران2,,,,,,,,,,,,,,,,,,,,,,,,,,,,,,,,,,,,,,,,,,,,,,,,
بتهران3,,,,,,,,,,,,,,,,,,,,,,,,,,,,,,,,,,,,,,,,,,,,,,,,
بتون همدانیان,,,,,,,,,,,,,,,,,,,,,,,,,,,,,,,,,,,,,,,,,,,,,,,,
بتپی ریز,,,,,,,,,,,,,,,,,,,,,,,,,,,,,,,,,,,,,,,,,,,,,,,,
بتک,0.0,2026-08-09 18:36:44.149365,0.0,رد_نمره,,,,2.6,2026-08-09 15:06:44.146146,2026-08-09,28,0.0,0.0,0.0,0,6.523,,,0.0,62.0,,0,6,195,2.6,"{""atr_14"": 0.0, ""symbol"": ""بتك"", ""live_pe"": 0.0, ""risk_ok"": true, ""decision"": ""رد_نمره"", ""industry"": ""ماشين آلات و دستگاه‌هاي برقي"", ""pe_ratio"": 0.0, ""raw_score"": 2.6, ""trend_20d"": ""flat"", ""rule_50_30"": ""رد"", ""final_score"": 2.6, ""score_macro"": 0.0, ""volume_spike"": 0.0, ""current_price"": 0.0, ""liquidity_pct"": 0.0, ""position_size"": 0, ""adjusted_score"": 0.0, ""rank_in_market"": 195, ""score_feedstock"": 0.0, ""score_liquidity"": 0.0, ""score_technical"": 0.0, ""score_valuation"": 20.0, ""stop_loss_price"": 0, ""nima_free_spread"": 6.523, ""percentile_score"": 62.0, ""price_change_pct"": 0.0, ""rank_in_industry"": 6, ""score_farabourse"": 0.0, ""score_fundamental"": 0.0, ""score_gov_support"": 0.0, ""institutional_ratio"": 0.0, ""score_institutional"": 0.0, ""negative_filters_count"": 0}",True,رد,0.0,0.0,0.0,0.0,0.0,0.0,0.0,0.0,0.0,0.0,0.0,0.0,2.6,20.0,20.0,1405-05-18,0.0,بتك,2026-09-08,0.0
بتیس,,,,,,,,,,,,,,,,,,,,,,,,,,,,,,,,,,,,,,,,,,,,,,,,
بتیس2,,,,,,,,,,,,,,,,,,,,,,,,,,,,,,,,,,,,,,,,,,,,,,,,
بجهرم,0.0,2026-08-09 18:36:44.149365,2466.0,رد_نمره,,,,7.0,2026-08-09 15:06:44.146146,2026-08-09,29,0.0,330782124231.6,1.8,0,6.523,,,0.26,99.0,,59171,1,6,7.0,"{""atr_14"": 1000.0, ""symbol"": ""بجهرم"", ""live_pe"": 0.7, ""risk_ok"": true, ""decision"": ""رد_نمره"", ""industry"": ""عرضه برق، گاز، بخاروآب گرم"", ""pe_ratio"": 0.1, ""raw_score"": 7.0, ""trend_20d"": ""down"", ""rule_50_30"": ""رد"", ""final_score"": 7.0, ""score_macro"": 10.0, ""volume_spike"": 0.0, ""current_price"": 1000.0, ""liquidity_pct"": 77576575485.4, ""position_size"": 0, ""adjusted_score"": 0.0, ""rank_in_market"": 6, ""score_feedstock"": 0.0, ""score_liquidity"": 5.0, ""score_technical"": 0.0, ""score_valuation"": 20.0, ""stop_loss_price"": -1000.0, ""nima_free_spread"": 6.523, ""percentile_score"": 99.0, ""price_change_pct"": 0.0, ""rank_in_industry"": 1, ""score_farabourse"": 0.0, ""score_fundamental"": 15.0, ""score_gov_support"": 5.0, ""institutional_ratio"": 0.0, ""score_institutional"": 0.0, ""negative_filters_count"": 0}",True,رد,0.0,0.0,15.0,5.0,15.0,0.0,5.0,10.0,0.0,0.0,5.0,0.0,7.0,20.0,20.0,1405-05-18,2297.0,بجهرم,2026-09-08,1.28
بجهرم3,,,,,,,,,,,,,,,,,,,,,,,,,,,,,,,,,,,,,,,,,,,,,,,,
بخاور,,,,,,,,,,,,,,,,,,,,,,,,,,,,,,,,,,,,,,,,,,,,,,,,
بخاور3,,,,,,,,,,,,,,,,,,,,,,,,,,,,,,,,,,,,,,,,,,,,,,,,
بدکو,,,,,,,,,,,,,,,,,,,,,,,,,,,,,,,,,,,,,,,,,,,,,,,,
بذر,,,,,,,,,,,,,,,,,,,,,,,,,,,,,,,,,,,,,,,,,,,,,,,,
بذر سهام,,,,,,,,,,,,,,,,,,,,,,,,,,,,,,,,,,,,,,,,,,,,,,,,
برانسفو,0.0,2026-08-09 18:36:44.149365,0.0,رد_نمره,,,,2.6,2026-08-09 15:06:44.146146,2026-08-09,30,0.0,0.0,0.0,0,6.523,,,0.0,61.8,,0,7,196,2.6,"{""atr_14"": 0.0, ""symbol"": ""برانسفو"", ""live_pe"": 0.0, ""risk_ok"": true, ""decision"": ""رد_نمره"", ""industry"": ""ماشين آلات و دستگاه‌هاي برقي"", ""pe_ratio"": 0.0, ""raw_score"": 2.6, ""trend_20d"": ""flat"", ""rule_50_30"": ""رد"", ""final_score"": 2.6, ""score_macro"": 0.0, ""volume_spike"": 0.0, ""current_price"": 0.0, ""liquidity_pct"": 0.0, ""position_size"": 0, ""adjusted_score"": 0.0, ""rank_in_market"": 196, ""score_feedstock"": 0.0, ""score_liquidity"": 0.0, ""score_technical"": 0.0, ""score_valuation"": 20.0, ""stop_loss_price"": 0, ""nima_free_spread"": 6.523, ""percentile_score"": 61.8, ""price_change_pct"": 0.0, ""rank_in_industry"": 7, ""score_farabourse"": 0.0, ""score_fundamental"": 0.0, ""score_gov_support"": 0.0, ""institutional_ratio"": 0.0, ""score_institutional"": 0.0, ""negative_filters_count"": 0}",True,رد,0.0,0.0,0.0,0.0,0.0,0.0,0.0,0.0,0.0,0.0,0.0,0.0,2.6,20.0,20.0,1405-05-18,0.0,برانسفو,2026-09-08,0.0
برج میلاد تهران,,,,,,,,,,,,,,,,,,,,,,,,,,,,,,,,,,,,,,,,,,,,,,,,
برق منطقه ای  هرمزگان,,,,,,,,,,,,,,,,,,,,,,,,,,,,,,,,,,,,,,,,,,,,,,,,
برق منطقه ای آذربایجان,,,,,,,,,,,,,,,,,,,,,,,,,,,,,,,,,,,,,,,,,,,,,,,,
برق منطقه ای اصفهان,,,,,,,,,,,,,,,,,,,,,,,,,,,,,,,,,,,,,,,,,,,,,,,,
برق منطقه ای باختر,,,,,,,,,,,,,,,,,,,,,,,,,,,,,,,,,,,,,,,,,,,,,,,,
برق منطقه ای تهران,,,,,,,,,,,,,,,,,,,,,,,,,,,,,,,,,,,,,,,,,,,,,,,,
برق منطقه ای خراسان,,,,,,,,,,,,,,,,,,,,,,,,,,,,,,,,,,,,,,,,,,,,,,,,
برق منطقه ای خوزستان,,,,,,,,,,,,,,,,,,,,,,,,,,,,,,,,,,,,,,,,,,,,,,,,
برق منطقه ای زنجان,,,,,,,,,,,,,,,,,,,,,,,,,,,,,,,,,,,,,,,,,,,,,,,,
برق منطقه ای سمنان,,,,,,,,,,,,,,,,,,,,,,,,,,,,,,,,,,,,,,,,,,,,,,,,
برق منطقه ای سیستان و بلوچستان,,,,,,,,,,,,,,,,,,,,,,,,,,,,,,,,,,,,,,,,,,,,,,,,
برق منطقه ای فارس,,,,,,,,,,,,,,,,,,,,,,,,,,,,,,,,,,,,,,,,,,,,,,,,
برق منطقه ای مازندران,,,,,,,,,,,,,,,,,,,,,,,,,,,,,,,,,,,,,,,,,,,,,,,,
برق منطقه ای گیلان,,,,,,,,,,,,,,,,,,,,,,,,,,,,,,,,,,,,,,,,,,,,,,,,
برق منطقه ای یزد,,,,,,,,,,,,,,,,,,,,,,,,,,,,,,,,,,,,,,,,,,,,,,,,
برق پرند,,,,,,,,,,,,,,,,,,,,,,,,,,,,,,,,,,,,,,,,,,,,,,,,
برلیان,,,,,,,,,,,,,,,,,,,,,,,,,,,,,,,,,,,,,,,,,,,,,,,,
برلیان بازار,,,,,,,,,,,,,,,,,,,,,,,,,,,,,,,,,,,,,,,,,,,,,,,,
برلیان2,,,,,,,,,,,,,,,,,,,,,,,,,,,,,,,,,,,,,,,,,,,,,,,,
برنا بازار,,,,,,,,,,,,,,,,,,,,,,,,,,,,,,,,,,,,,,,,,,,,,,,,
برکت,0.0,2026-08-09 18:36:44.149365,0.0,رد_نمره,,,,2.6,2026-08-09 15:06:44.146146,2026-08-09,31,0.0,0.0,0.0,0,6.523,,,0.0,61.6,,0,18,197,2.6,"{""atr_14"": 0.0, ""symbol"": ""بركت"", ""live_pe"": 0.0, ""risk_ok"": true, ""decision"": ""رد_نمره"", ""industry"": ""مواد و محصولات دارويي"", ""pe_ratio"": 0.0, ""raw_score"": 2.6, ""trend_20d"": ""flat"", ""rule_50_30"": ""رد"", ""final_score"": 2.6, ""score_macro"": 0.0, ""volume_spike"": 0.0, ""current_price"": 0.0, ""liquidity_pct"": 0.0, ""position_size"": 0, ""adjusted_score"": 0.0, ""rank_in_market"": 197, ""score_feedstock"": 0.0, ""score_liquidity"": 0.0, ""score_technical"": 0.0, ""score_valuation"": 20.0, ""stop_loss_price"": 0, ""nima_free_spread"": 6.523, ""percentile_score"": 61.6, ""price_change_pct"": 0.0, ""rank_in_industry"": 18, ""score_farabourse"": 0.0, ""score_fundamental"": 0.0, ""score_gov_support"": 0.0, ""institutional_ratio"": 0.0, ""score_institutional"": 0.0, ""negative_filters_count"": 0}",True,رد,0.0,0.0,0.0,0.0,0.0,0.0,0.0,0.0,0.0,0.0,0.0,0.0,2.6,20.0,20.0,1405-05-18,0.0,بركت,2026-09-08,0.0
برکت نیکو,,,,,,,,,,,,,,,,,,,,,,,,,,,,,,,,,,,,,,,,,,,,,,,,
برکت3,,,,,,,,,,,,,,,,,,,,,,,,,,,,,,,,,,,,,,,,,,,,,,,,
بزاگرس,,,,,,,,,,,,,,,,,,,,,,,,,,,,,,,,,,,,,,,,,,,,,,,,
بزاگرس3,,,,,,,,,,,,,,,,,,,,,,,,,,,,,,,,,,,,,,,,,,,,,,,,
بزرگ,,,,,,,,,,,,,,,,,,,,,,,,,,,,,,,,,,,,,,,,,,,,,,,,
بزرگ کاردان سهام,,,,,,,,,,,,,,,,,,,,,,,,,,,,,,,,,,,,,,,,,,,,,,,,
بزرگ2,,,,,,,,,,,,,,,,,,,,,,,,,,,,,,,,,,,,,,,,,,,,,,,,
بزندگی,,,,,,,,,,,,,,,,,,,,,,,,,,,,,,,,,,,,,,,,,,,,,,,,
بساما,,,,,,,,,,,,,,,,,,,,,,,,,,,,,,,,,,,,,,,,,,,,,,,,
بساما3,,,,,,,,,,,,,,,,,,,,,,,,,,,,,,,,,,,,,,,,,,,,,,,,
بسته بندی,,,,,,,,,,,,,,,,,,,,,,,,,,,,,,,,,,,,,,,,,,,,,,,,
بسویچ,0.0,2026-08-09 18:36:44.149365,0.0,رد_نمره,,,,2.6,2026-08-09 15:06:44.146146,2026-08-09,32,0.0,0.0,0.0,0,6.523,,,0.0,61.4,,0,8,198,2.6,"{""atr_14"": 0.0, ""symbol"": ""بسويچ"", ""live_pe"": 0.0, ""risk_ok"": true, ""decision"": ""رد_نمره"", ""industry"": ""ماشين آلات و دستگاه‌هاي برقي"", ""pe_ratio"": 0.0, ""raw_score"": 2.6, ""trend_20d"": ""flat"", ""rule_50_30"": ""رد"", ""final_score"": 2.6, ""score_macro"": 0.0, ""volume_spike"": 0.0, ""current_price"": 0.0, ""liquidity_pct"": 0.0, ""position_size"": 0, ""adjusted_score"": 0.0, ""rank_in_market"": 198, ""score_feedstock"": 0.0, ""score_liquidity"": 0.0, ""score_technical"": 0.0, ""score_valuation"": 20.0, ""stop_loss_price"": 0, ""nima_free_spread"": 6.523, ""percentile_score"": 61.4, ""price_change_pct"": 0.0, ""rank_in_industry"": 8, ""score_farabourse"": 0.0, ""score_fundamental"": 0.0, ""score_gov_support"": 0.0, ""institutional_ratio"": 0.0, ""score_institutional"": 0.0, ""negative_filters_count"": 0}",True,رد,0.0,0.0,0.0,0.0,0.0,0.0,0.0,0.0,0.0,0.0,0.0,0.0,2.6,20.0,20.0,1405-05-18,0.0,بسويچ,2026-09-08,0.0
بسویچ3,,,,,,,,,,,,,,,,,,,,,,,,,,,,,,,,,,,,,,,,,,,,,,,,
بشهاب,0.0,2026-08-09 18:36:44.149365,0.0,رد_نمره,,,,4.8,2026-08-09 15:06:44.146146,2026-08-09,33,0.0,0.0,0.0,0,6.523,,,0.0,92.0,,0,1,42,4.75,"{""atr_14"": 68.0, ""symbol"": ""بشهاب"", ""live_pe"": 0.5, ""risk_ok"": true, ""decision"": ""رد_نمره"", ""industry"": ""ماشين آلات و دستگاه‌هاي برقي"", ""pe_ratio"": 0.1, ""raw_score"": 5.0, ""trend_20d"": ""up"", ""rule_50_30"": ""رد"", ""final_score"": 5.0, ""score_macro"": 10.0, ""volume_spike"": 0.3, ""current_price"": 2590.0, ""liquidity_pct"": 38698113.0, ""position_size"": 0, ""adjusted_score"": 0.0, ""rank_in_market"": 42, ""score_feedstock"": 0.0, ""score_liquidity"": 5.0, ""score_technical"": 0.0, ""score_valuation"": 20.0, ""stop_loss_price"": 2409.0, ""nima_free_spread"": 6.523, ""percentile_score"": 92.0, ""price_change_pct"": 4.02, ""rank_in_industry"": 1, ""score_farabourse"": 0.0, ""score_fundamental"": 7.5, ""score_gov_support"": 0.0, ""institutional_ratio"": 0.0, ""score_institutional"": 0.0, ""negative_filters_count"": 0}",True,رد,0.0,0.0,7.5,0.0,7.5,0.0,5.0,10.0,0.0,0.0,0.0,0.0,5.0,20.0,20.0,1405-05-18,0.0,بشهاب,2026-09-08,0.0
بشهاب3,,,,,,,,,,,,,,,,,,,,,,,,,,,,,,,,,,,,,,,,,,,,,,,,
بفجر,0.0,2026-08-09 18:36:44.149365,0.0,رد_نمره,,,,2.6,2026-08-09 15:06:44.146146,2026-08-09,34,0.0,0.0,0.0,0,6.523,,,0.0,61.2,,0,3,199,2.6,"{""atr_14"": 0.0, ""symbol"": ""بفجر"", ""live_pe"": 0.0, ""risk_ok"": true, ""decision"": ""رد_نمره"", ""industry"": ""عرضه برق، گاز، بخاروآب گرم"", ""pe_ratio"": 0.0, ""raw_score"": 2.6, ""trend_20d"": ""flat"", ""rule_50_30"": ""رد"", ""final_score"": 2.6, ""score_macro"": 0.0, ""volume_spike"": 0.0, ""current_price"": 0.0, ""liquidity_pct"": 0.0, ""position_size"": 0, ""adjusted_score"": 0.0, ""rank_in_market"": 199, ""score_feedstock"": 0.0, ""score_liquidity"": 0.0, ""score_technical"": 0.0, ""score_valuation"": 20.0, ""stop_loss_price"": 0, ""nima_free_spread"": 6.523, ""percentile_score"": 61.2, ""price_change_pct"": 0.0, ""rank_in_industry"": 3, ""score_farabourse"": 0.0, ""score_fundamental"": 0.0, ""score_gov_support"": 0.0, ""institutional_ratio"": 0.0, ""score_institutional"": 0.0, ""negative_filters_count"": 0}",True,رد,0.0,0.0,0.0,0.0,0.0,0.0,0.0,0.0,0.0,0.0,0.0,0.0,2.6,20.0,20.0,1405-05-18,0.0,بفجر,2026-09-08,0.0
بفجر3,,,,,,,,,,,,,,,,,,,,,,,,,,,,,,,,,,,,,,,,,,,,,,,,
بلد,,,,,,,,,,,,,,,,,,,,,,,,,,,,,,,,,,,,,,,,,,,,,,,,
بلد2,,,,,,,,,,,,,,,,,,,,,,,,,,,,,,,,,,,,,,,,,,,,,,,,
بلوط,,,,,,,,,,,,,,,,,,,,,,,,,,,,,,,,,,,,,,,,,,,,,,,,
بلوط2,,,,,,,,,,,,,,,,,,,,,,,,,,,,,,,,,,,,,,,,,,,,,,,,
بمان,,,,,,,,,,,,,,,,,,,,,,,,,,,,,,,,,,,,,,,,,,,,,,,,
بمان2,,,,,,,,,,,,,,,,,,,,,,,,,,,,,,,,,,,,,,,,,,,,,,,,
بموتو,0.0,2026-08-09 18:36:44.149365,2462.0,رد_نمره,,,,5.7,2026-08-09 15:06:44.146146,2026-08-09,37,0.0,44699774316.0,1.3,0,6.523,,,0.25,91.8,,58139,2,43,5.65,"{""atr_14"": 88.0, ""symbol"": ""بموتو"", ""live_pe"": 3.0, ""risk_ok"": true, ""decision"": ""رد_نمره"", ""industry"": ""ماشين آلات و دستگاه‌هاي برقي"", ""pe_ratio"": 0.59, ""raw_score"": 5.0, ""trend_20d"": ""up"", ""rule_50_30"": ""رد"", ""final_score"": 5.0, ""score_macro"": 10.0, ""volume_spike"": 1.68, ""current_price"": 5828.0, ""liquidity_pct"": 27013434.2, ""position_size"": 0, ""adjusted_score"": 0.0, ""rank_in_market"": 43, ""score_feedstock"": 0.0, ""score_liquidity"": 5.0, ""score_technical"": 0.0, ""score_valuation"": 20.0, ""stop_loss_price"": 5420.0, ""nima_free_spread"": 6.523, ""percentile_score"": 91.8, ""price_change_pct"": -1.05, ""rank_in_industry"": 2, ""score_farabourse"": 0.0, ""score_fundamental"": 7.5, ""score_gov_support"": 0.0, ""institutional_ratio"": 0.0, ""score_institutional"": 0.0, ""negative_filters_count"": 0}",True,رد,0.0,0.0,7.5,5.0,7.5,0.0,5.0,10.0,0.0,0.0,0.0,0.0,5.0,20.0,20.0,1405-05-18,2290.0,بموتو,2026-09-08,1.55
بموتو3,,,,,,,,,,,,,,,,,,,,,,,,,,,,,,,,,,,,,,,,,,,,,,,,
بمولد,,,,,,,,,,,,,,,,,,,,,,,,,,,,,,,,,,,,,,,,,,,,,,,,
بمولد3,,,,,,,,,,,,,,,,,,,,,,,,,,,,,,,,,,,,,,,,,,,,,,,,
بمولد4,,,,,,,,,,,,,,,,,,,,,,,,,,,,,,,,,,,,,,,,,,,,,,,,
بمپنا,,,,,,,,,,,,,,,,,,,,,,,,,,,,,,,,,,,,,,,,,,,,,,,,
بمپنا3,,,,,,,,,,,,,,,,,,,,,,,,,,,,,,,,,,,,,,,,,,,,,,,,
بمیلا,,,,,,,,,,,,,,,,,,,,,,,,,,,,,,,,,,,,,,,,,,,,,,,,
بنا گستران آینده ساز,,,,,,,,,,,,,,,,,,,,,,,,,,,,,,,,,,,,,,,,,,,,,,,,
بناگستران هشتم توس,,,,,,,,,,,,,,,,,,,,,,,,,,,,,,,,,,,,,,,,,,,,,,,,
بنو,,,,,,,,,,,,,,,,,,,,,,,,,,,,,,,,,,,,,,,,,,,,,,,,
بنو3,,,,,,,,,,,,,,,,,,,,,,,,,,,,,,,,,,,,,,,,,,,,,,,,
بنوح,,,,,,,,,,,,,,,,,,,,,,,,,,,,,,,,,,,,,,,,,,,,,,,,
بنکر,,,,,,,,,,,,,,,,,,,,,,,,,,,,,,,,,,,,,,,,,,,,,,,,
بنکر2,,,,,,,,,,,,,,,,,,,,,,,,,,,,,,,,,,,,,,,,,,,,,,,,
بنکوداریوش,,,,,,,,,,,,,,,,,,,,,,,,,,,,,,,,,,,,,,,,,,,,,,,,
بنکوداریوش2,,,,,,,,,,,,,,,,,,,,,,,,,,,,,,,,,,,,,,,,,,,,,,,,
بنکوداریوش4,,,,,,,,,,,,,,,,,,,,,,,,,,,,,,,,,,,,,,,,,,,,,,,,
بنیاد امور بیماریهای خاص خیریه,,,,,,,,,,,,,,,,,,,,,,,,,,,,,,,,,,,,,,,,,,,,,,,,
بنیاد خیریه راهبری آلاء,,,,,,,,,,,,,,,,,,,,,,,,,,,,,,,,,,,,,,,,,,,,,,,,
بنیاد خیریه نورآوران سلامت غیر دولتی,,,,,,,,,,,,,,,,,,,,,,,,,,,,,,,,,,,,,,,,,,,,,,,,
بنیاد خیریه و درمانی آل محمد ع,,,,,,,,,,,,,,,,,,,,,,,,,,,,,,,,,,,,,,,,,,,,,,,,
بنیاد خیریه کارآفرینان کوثر شیراز,,,,,,,,,,,,,,,,,,,,,,,,,,,,,,,,,,,,,,,,,,,,,,,,
بنیاد غیردولتی خیریه روشنای امید ایرانیان,,,,,,,,,,,,,,,,,,,,,,,,,,,,,,,,,,,,,,,,,,,,,,,,
بنیاد کودک,,,,,,,,,,,,,,,,,,,,,,,,,,,,,,,,,,,,,,,,,,,,,,,,
بنیرو,0.0,2026-08-09 18:36:44.149365,0.0,رد_نمره,,,,2.6,2026-08-09 15:06:44.146146,2026-08-09,38,0.0,0.0,0.0,0,6.523,,,0.0,60.6,,0,11,202,2.6,"{""atr_14"": 0.0, ""symbol"": ""بنيرو"", ""live_pe"": 0.0, ""risk_ok"": true, ""decision"": ""رد_نمره"", ""industry"": ""ماشين آلات و دستگاه‌هاي برقي"", ""pe_ratio"": 0.0, ""raw_score"": 2.6, ""trend_20d"": ""flat"", ""rule_50_30"": ""رد"", ""final_score"": 2.6, ""score_macro"": 0.0, ""volume_spike"": 0.0, ""current_price"": 0.0, ""liquidity_pct"": 0.0, ""position_size"": 0, ""adjusted_score"": 0.0, ""rank_in_market"": 202, ""score_feedstock"": 0.0, ""score_liquidity"": 0.0, ""score_technical"": 0.0, ""score_valuation"": 20.0, ""stop_loss_price"": 0, ""nima_free_spread"": 6.523, ""percentile_score"": 60.6, ""price_change_pct"": 0.0, ""rank_in_industry"": 11, ""score_farabourse"": 0.0, ""score_fundamental"": 0.0, ""score_gov_support"": 0.0, ""institutional_ratio"": 0.0, ""score_institutional"": 0.0, ""negative_filters_count"": 0}",True,رد,0.0,0.0,0.0,0.0,0.0,0.0,0.0,0.0,0.0,0.0,0.0,0.0,2.6,20.0,20.0,1405-05-18,0.0,بنيرو,2026-09-08,0.0
بنیرو3,,,,,,,,,,,,,,,,,,,,,,,,,,,,,,,,,,,,,,,,,,,,,,,,
به پخش,,,,,,,,,,,,,,,,,,,,,,,,,,,,,,,,,,,,,,,,,,,,,,,,
به پخش داروی بهشهر,,,,,,,,,,,,,,,,,,,,,,,,,,,,,,,,,,,,,,,,,,,,,,,,
به پرداز همراه سامانه اول,,,,,,,,,,,,,,,,,,,,,,,,,,,,,,,,,,,,,,,,,,,,,,,,
بها بازار,,,,,,,,,,,,,,,,,,,,,,,,,,,,,,,,,,,,,,,,,,,,,,,,
بهامرز,,,,,,,,,,,,,,,,,,,,,,,,,,,,,,,,,,,,,,,,,,,,,,,,
بهامرز2,,,,,,,,,,,,,,,,,,,,,,,,,,,,,,,,,,,,,,,,,,,,,,,,
بهداش,,,,,,,,,,,,,,,,,,,,,,,,,,,,,,,,,,,,,,,,,,,,,,,,
بهداشت صنعت نوین,,,,,,,,,,,,,,,,,,,,,,,,,,,,,,,,,,,,,,,,,,,,,,,,
بهره برداری تعمیرات سنا,,,,,,,,,,,,,,,,,,,,,,,,,,,,,,,,,,,,,,,,,,,,,,,,
بهره برداری قطار شهری مشهد,,,,,,,,,,,,,,,,,,,,,,,,,,,,,,,,,,,,,,,,,,,,,,,,
بهره برداری و پشتیبانی انتقال آب خلیج فارس,,,,,,,,,,,,,,,,,,,,,,,,,,,,,,,,,,,,,,,,,,,,,,,,
بهسامان تجارت نقش جهان,,,,,,,,,,,,,,,,,,,,,,,,,,,,,,,,,,,,,,,,,,,,,,,,
بهشهر بازار,,,,,,,,,,,,,,,,,,,,,,,,,,,,,,,,,,,,,,,,,,,,,,,,
بهمن,,,,,,,,,,,,,,,,,,,,,,,,,,,,,,,,,,,,,,,,,,,,,,,,
بهمن بازار,,,,,,,,,,,,,,,,,,,,,,,,,,,,,,,,,,,,,,,,,,,,,,,,
بهپاک,,,,,,,,,,,,,,,,,,,,,,,,,,,,,,,,,,,,,,,,,,,,,,,,
بهپاک3,,,,,,,,,,,,,,,,,,,,,,,,,,,,,,,,,,,,,,,,,,,,,,,,
بهپرور دامشهر,,,,,,,,,,,,,,,,,,,,,,,,,,,,,,,,,,,,,,,,,,,,,,,,
بهگزین بازار,,,,,,,,,,,,,,,,,,,,,,,,,,,,,,,,,,,,,,,,,,,,,,,,
بهیر,,,,,,,,,,,,,,,,,,,,,,,,,,,,,,,,,,,,,,,,,,,,,,,,
بهین رو,,,,,,,,,,,,,,,,,,,,,,,,,,,,,,,,,,,,,,,,,,,,,,,,
بهین رو2,,,,,,,,,,,,,,,,,,,,,,,,,,,,,,,,,,,,,,,,,,,,,,,,
بهینه پردازش سپهر پارس,,,,,,,,,,,,,,,,,,,,,,,,,,,,,,,,,,,,,,,,,,,,,,,,
بورس,0.0,2026-08-09 18:36:44.149365,5930.0,رد_نمره,,,,3.5,2026-08-09 15:06:44.146146,2026-08-09,39,0.0,766871222029.6666,5.3,0,6.523,,,1.03,66.9,,24096,2,170,3.5,"{""atr_14"": 583.0, ""symbol"": ""بورس"", ""live_pe"": 0.9, ""risk_ok"": true, ""decision"": ""رد_نمره"", ""industry"": ""فعاليتهاي كمكي به نهادهاي مالي واسط"", ""pe_ratio"": 0.17, ""raw_score"": 3.65, ""trend_20d"": ""down"", ""rule_50_30"": ""رد"", ""final_score"": 3.7, ""score_macro"": 10.0, ""volume_spike"": 0.0, ""current_price"": 1000.0, ""liquidity_pct"": 1649208922.733333, ""position_size"": 0, ""adjusted_score"": 0.0, ""rank_in_market"": 170, ""score_feedstock"": 0.0, ""score_liquidity"": 5.0, ""score_technical"": 0.0, ""score_valuation"": 20.0, ""stop_loss_price"": -166.0, ""nima_free_spread"": 6.523, ""percentile_score"": 66.9, ""price_change_pct"": 0.0, ""rank_in_industry"": 2, ""score_farabourse"": 0.0, ""score_fundamental"": 0.0, ""score_gov_support"": 0.0, ""institutional_ratio"": 0.0, ""score_institutional"": 0.0, ""negative_filters_count"": 0}",True,رد,0.0,0.0,0.0,5.0,0.0,0.0,5.0,0.0,0.0,0.0,0.0,0.0,3.7,20.0,20.0,1405-05-18,5515.0,بورس,2026-09-08,0.28
بورس بیمه سهام,,,,,,,,,,,,,,,,,,,,,,,,,,,,,,,,,,,,,,,,,,,,,,,,
بورس بین المللی نفت,,,,,,,,,,,,,,,,,,,,,,,,,,,,,,,,,,,,,,,,,,,,,,,,
بورس3,,,,,,,,,,,,,,,,,,,,,,,,,,,,,,,,,,,,,,,,,,,,,,,,
بورسیران سهام,,,,,,,,,,,,,,,,,,,,,,,,,,,,,,,,,,,,,,,,,,,,,,,,
بوعلی,0.0,2026-08-09 18:36:44.149365,0.0,رد_نمره,,,,2.6,2026-08-09 15:06:44.146146,2026-08-09,40,0.0,0.0,0.0,0,6.523,,,0.0,60.4,,0,18,203,2.6,"{""atr_14"": 0.0, ""symbol"": ""بوعلي"", ""live_pe"": 0.0, ""risk_ok"": true, ""decision"": ""رد_نمره"", ""industry"": ""محصولات شيميايي"", ""pe_ratio"": 0.0, ""raw_score"": 2.6, ""trend_20d"": ""flat"", ""rule_50_30"": ""رد"", ""final_score"": 2.6, ""score_macro"": 0.0, ""volume_spike"": 0.0, ""current_price"": 0.0, ""liquidity_pct"": 0.0, ""position_size"": 0, ""adjusted_score"": 0.0, ""rank_in_market"": 203, ""score_feedstock"": 0.0, ""score_liquidity"": 0.0, ""score_technical"": 0.0, ""score_valuation"": 20.0, ""stop_loss_price"": 0, ""nima_free_spread"": 6.523, ""percentile_score"": 60.4, ""price_change_pct"": 0.0, ""rank_in_industry"": 18, ""score_farabourse"": 0.0, ""score_fundamental"": 0.0, ""score_gov_support"": 0.0, ""institutional_ratio"": 0.0, ""score_institutional"": 0.0, ""negative_filters_count"": 0}",True,رد,0.0,0.0,0.0,0.0,0.0,0.0,0.0,0.0,0.0,0.0,0.0,0.0,2.6,20.0,20.0,1405-05-18,0.0,بوعلي,2026-09-08,0.0
بوعلی2,,,,,,,,,,,,,,,,,,,,,,,,,,,,,,,,,,,,,,,,,,,,,,,,
بوعلی3,,,,,,,,,,,,,,,,,,,,,,,,,,,,,,,,,,,,,,,,,,,,,,,,
بپاس,,,,,,,,,,,,,,,,,,,,,,,,,,,,,,,,,,,,,,,,,,,,,,,,
بپاس2,,,,,,,,,,,,,,,,,,,,,,,,,,,,,,,,,,,,,,,,,,,,,,,,
بپاس3,,,,,,,,,,,,,,,,,,,,,,,,,,,,,,,,,,,,,,,,,,,,,,,,
بپردیس,,,,,,,,,,,,,,,,,,,,,,,,,,,,,,,,,,,,,,,,,,,,,,,,
بپویا,,,,,,,,,,,,,,,,,,,,,,,,,,,,,,,,,,,,,,,,,,,,,,,,
بپویا3,,,,,,,,,,,,,,,,,,,,,,,,,,,,,,,,,,,,,,,,,,,,,,,,
بپیوند,,,,,,,,,,,,,,,,,,,,,,,,,,,,,,,,,,,,,,,,,,,,,,,,
بپیوند3,,,,,,,,,,,,,,,,,,,,,,,,,,,,,,,,,,,,,,,,,,,,,,,,
بکاب,0.0,2026-08-09 18:36:44.149365,0.0,رد_نمره,,,,2.6,2026-08-09 15:06:44.146146,2026-08-09,35,0.0,0.0,0.0,0,6.523,,,0.0,61.0,,0,9,200,2.6,"{""atr_14"": 0.0, ""symbol"": ""بكاب"", ""live_pe"": 0.0, ""risk_ok"": true, ""decision"": ""رد_نمره"", ""industry"": ""ماشين آلات و دستگاه‌هاي برقي"", ""pe_ratio"": 0.0, ""raw_score"": 2.6, ""trend_20d"": ""flat"", ""rule_50_30"": ""رد"", ""final_score"": 2.6, ""score_macro"": 0.0, ""volume_spike"": 0.0, ""current_price"": 0.0, ""liquidity_pct"": 0.0, ""position_size"": 0, ""adjusted_score"": 0.0, ""rank_in_market"": 200, ""score_feedstock"": 0.0, ""score_liquidity"": 0.0, ""score_technical"": 0.0, ""score_valuation"": 20.0, ""stop_loss_price"": 0, ""nima_free_spread"": 6.523, ""percentile_score"": 61.0, ""price_change_pct"": 0.0, ""rank_in_industry"": 9, ""score_farabourse"": 0.0, ""score_fundamental"": 0.0, ""score_gov_support"": 0.0, ""institutional_ratio"": 0.0, ""score_institutional"": 0.0, ""negative_filters_count"": 0}",True,رد,0.0,0.0,0.0,0.0,0.0,0.0,0.0,0.0,0.0,0.0,0.0,0.0,2.6,20.0,20.0,1405-05-18,0.0,بكاب,2026-09-08,0.0
بکاب2,,,,,,,,,,,,,,,,,,,,,,,,,,,,,,,,,,,,,,,,,,,,,,,,
بکاب3,,,,,,,,,,,,,,,,,,,,,,,,,,,,,,,,,,,,,,,,,,,,,,,,
بکابل,,,,,,,,,,,,,,,,,,,,,,,,,,,,,,,,,,,,,,,,,,,,,,,,
بکابل3,,,,,,,,,,,,,,,,,,,,,,,,,,,,,,,,,,,,,,,,,,,,,,,,
بکام,0.0,2026-08-09 18:36:44.149365,0.0,رد_نمره,,,,2.6,2026-08-09 15:06:44.146146,2026-08-09,36,0.0,0.0,0.0,0,6.523,,,0.0,60.8,,0,10,201,2.6,"{""atr_14"": 0.0, ""symbol"": ""بكام"", ""live_pe"": 0.0, ""risk_ok"": true, ""decision"": ""رد_نمره"", ""industry"": ""ماشين آلات و دستگاه‌هاي برقي"", ""pe_ratio"": 0.0, ""raw_score"": 2.6, ""trend_20d"": ""flat"", ""rule_50_30"": ""رد"", ""final_score"": 2.6, ""score_macro"": 0.0, ""volume_spike"": 0.0, ""current_price"": 0.0, ""liquidity_pct"": 0.0, ""position_size"": 0, ""adjusted_score"": 0.0, ""rank_in_market"": 201, ""score_feedstock"": 0.0, ""score_liquidity"": 0.0, ""score_technical"": 0.0, ""score_valuation"": 20.0, ""stop_loss_price"": 0, ""nima_free_spread"": 6.523, ""percentile_score"": 60.8, ""price_change_pct"": 0.0, ""rank_in_industry"": 10, ""score_farabourse"": 0.0, ""score_fundamental"": 0.0, ""score_gov_support"": 0.0, ""institutional_ratio"": 0.0, ""score_institutional"": 0.0, ""negative_filters_count"": 0}",True,رد,0.0,0.0,0.0,0.0,0.0,0.0,0.0,0.0,0.0,0.0,0.0,0.0,2.6,20.0,20.0,1405-05-18,0.0,بكام,2026-09-08,0.0
بکام3,,,,,,,,,,,,,,,,,,,,,,,,,,,,,,,,,,,,,,,,,,,,,,,,
بکامح,,,,,,,,,,,,,,,,,,,,,,,,,,,,,,,,,,,,,,,,,,,,,,,,
بکهنوج,,,,,,,,,,,,,,,,,,,,,,,,,,,,,,,,,,,,,,,,,,,,,,,,
بکهنوج2,,,,,,,,,,,,,,,,,,,,,,,,,,,,,,,,,,,,,,,,,,,,,,,,
بگیلان,,,,,,,,,,,,,,,,,,,,,,,,,,,,,,,,,,,,,,,,,,,,,,,,
بگیلان2,,,,,,,,,,,,,,,,,,,,,,,,,,,,,,,,,,,,,,,,,,,,,,,,
بگیلان3,,,,,,,,,,,,,,,,,,,,,,,,,,,,,,,,,,,,,,,,,,,,,,,,
بیدار,,,,,,,,,,,,,,,,,,,,,,,,,,,,,,,,,,,,,,,,,,,,,,,,
بیدار ثابت,,,,,,,,,,,,,,,,,,,,,,,,,,,,,,,,,,,,,,,,,,,,,,,,
بیمارستان خیریه حضرت صدیقه زهرا,,,,,,,,,,,,,,,,,,,,,,,,,,,,,,,,,,,,,,,,,,,,,,,,
بیمارستان خیریه شهید مطهری همدان,,,,,,,,,,,,,,,,,,,,,,,,,,,,,,,,,,,,,,,,,,,,,,,,
بیمه مرکزی جمهوری اسلامی ایران,,,,,,,,,,,,,,,,,,,,,,,,,,,,,,,,,,,,,,,,,,,,,,,,
بیمیسکو,,,,,,,,,,,,,,,,,,,,,,,,,,,,,,,,,,,,,,,,,,,,,,,,
بین المللی مهندسی ایران,,,,,,,,,,,,,,,,,,,,,,,,,,,,,,,,,,,,,,,,,,,,,,,,
بین المللی هواپیمائی یزد,,,,,,,,,,,,,,,,,,,,,,,,,,,,,,,,,,,,,,,,,,,,,,,,
بیوتیک,,,,,,,,,,,,,,,,,,,,,,,,,,,,,,,,,,,,,,,,,,,,,,,,
بیوتیک3,,,,,,,,,,,,,,,,,,,,,,,,,,,,,,,,,,,,,,,,,,,,,,,,
بیوتیکح,,,,,,,,,,,,,,,,,,,,,,,,,,,,,,,,,,,,,,,,,,,,,,,,
بیودارو,,,,,,,,,,,,,,,,,,,,,,,,,,,,,,,,,,,,,,,,,,,,,,,,
تأمین اندیش رفاه پردیس,,,,,,,,,,,,,,,,,,,,,,,,,,,,,,,,,,,,,,,,,,,,,,,,
تابا,,,,,,,,,,,,,,,,,,,,,,,,,,,,,,,,,,,,,,,,,,,,,,,,
تابان,,,,,,,,,,,,,,,,,,,,,,,,,,,,,,,,,,,,,,,,,,,,,,,,
تابان بازار,,,,,,,,,,,,,,,,,,,,,,,,,,,,,,,,,,,,,,,,,,,,,,,,
تابش,,,,,,,,,,,,,,,,,,,,,,,,,,,,,,,,,,,,,,,,,,,,,,,,
تابش2,,,,,,,,,,,,,,,,,,,,,,,,,,,,,,,,,,,,,,,,,,,,,,,,
تاتمس,,,,,,,,,,,,,,,,,,,,,,,,,,,,,,,,,,,,,,,,,,,,,,,,
تادیکو,,,,,,,,,,,,,,,,,,,,,,,,,,,,,,,,,,,,,,,,,,,,,,,,
تادیکو2,,,,,,,,,,,,,,,,,,,,,,,,,,,,,,,,,,,,,,,,,,,,,,,,
تادیکو3,,,,,,,,,,,,,,,,,,,,,,,,,,,,,,,,,,,,,,,,,,,,,,,,
تارابگین,,,,,,,,,,,,,,,,,,,,,,,,,,,,,,,,,,,,,,,,,,,,,,,,
تاراز,,,,,,,,,,,,,,,,,,,,,,,,,,,,,,,,,,,,,,,,,,,,,,,,
تاراز2,,,,,,,,,,,,,,,,,,,,,,,,,,,,,,,,,,,,,,,,,,,,,,,,
تاسیسات دریایی,,,,,,,,,,,,,,,,,,,,,,,,,,,,,,,,,,,,,,,,,,,,,,,,
تاصیکو,0.0,2026-08-09 18:36:44.149365,0.0,رد_نمره,,,,2.6,2026-08-09 15:06:44.146146,2026-08-09,64,0.0,0.0,0.0,0,6.523,,,0.0,58.0,,0,3,215,2.6,"{""atr_14"": 0.0, ""symbol"": ""تاصيكو"", ""live_pe"": 0.0, ""risk_ok"": true, ""decision"": ""رد_نمره"", ""industry"": ""استخراج کانه هاي فلزي"", ""pe_ratio"": 0.0, ""raw_score"": 2.6, ""trend_20d"": ""flat"", ""rule_50_30"": ""رد"", ""final_score"": 2.6, ""score_macro"": 0.0, ""volume_spike"": 0.0, ""current_price"": 0.0, ""liquidity_pct"": 0.0, ""position_size"": 0, ""adjusted_score"": 0.0, ""rank_in_market"": 215, ""score_feedstock"": 0.0, ""score_liquidity"": 0.0, ""score_technical"": 0.0, ""score_valuation"": 20.0, ""stop_loss_price"": 0, ""nima_free_spread"": 6.523, ""percentile_score"": 58.0, ""price_change_pct"": 0.0, ""rank_in_industry"": 3, ""score_farabourse"": 0.0, ""score_fundamental"": 0.0, ""score_gov_support"": 0.0, ""institutional_ratio"": 0.0, ""score_institutional"": 0.0, ""negative_filters_count"": 0}",True,رد,0.0,0.0,0.0,0.0,0.0,0.0,0.0,0.0,0.0,0.0,0.0,0.0,2.6,20.0,20.0,1405-05-18,0.0,تاصيكو,2026-09-08,0.0
تاصیکو2,,,,,,,,,,,,,,,,,,,,,,,,,,,,,,,,,,,,,,,,,,,,,,,,
تاصیکو3,,,,,,,,,,,,,,,,,,,,,,,,,,,,,,,,,,,,,,,,,,,,,,,,
تاصیکوح,,,,,,,,,,,,,,,,,,,,,,,,,,,,,,,,,,,,,,,,,,,,,,,,
تام ایران خودرو,,,,,,,,,,,,,,,,,,,,,,,,,,,,,,,,,,,,,,,,,,,,,,,,
تامین آب صنایع و معادن,,,,,,,,,,,,,,,,,,,,,,,,,,,,,,,,,,,,,,,,,,,,,,,,
تامین آینده,,,,,,,,,,,,,,,,,,,,,,,,,,,,,,,,,,,,,,,,,,,,,,,,
تامین انرژی سبز زاگرس,,,,,,,,,,,,,,,,,,,,,,,,,,,,,,,,,,,,,,,,,,,,,,,,
تامین بازنشستگی,,,,,,,,,,,,,,,,,,,,,,,,,,,,,,,,,,,,,,,,,,,,,,,,
تامین سپهر,,,,,,,,,,,,,,,,,,,,,,,,,,,,,,,,,,,,,,,,,,,,,,,,
تامین ماشین آلات ساختمانی و نصب,,,,,,,,,,,,,,,,,,,,,,,,,,,,,,,,,,,,,,,,,,,,,,,,
تامین مسکن,,,,,,,,,,,,,,,,,,,,,,,,,,,,,,,,,,,,,,,,,,,,,,,,
تامین مسکن فرهنگیان,,,,,,,,,,,,,,,,,,,,,,,,,,,,,,,,,,,,,,,,,,,,,,,,
تامین نیروی انسانی خطوط کشتیرانی کیش-ksl(افق هزاره نوکیش),,,,,,,,,,,,,,,,,,,,,,,,,,,,,,,,,,,,,,,,,,,,,,,,
تامین نیروی انسانی و خدمات پشتیبانی بانک مسکن,,,,,,,,,,,,,,,,,,,,,,,,,,,,,,,,,,,,,,,,,,,,,,,,
تاپ خودرو,,,,,,,,,,,,,,,,,,,,,,,,,,,,,,,,,,,,,,,,,,,,,,,,
تاپيكو2,,,,,,,,,,,,,,,,,,,,,,,,,,,,,,,,,,,,,,,,,,,,,,,,
تاپکیش,,,,,,,,,,,,,,,,,,,,,,,,,,,,,,,,,,,,,,,,,,,,,,,,
تاپکیش2,,,,,,,,,,,,,,,,,,,,,,,,,,,,,,,,,,,,,,,,,,,,,,,,
تاپکیش3,,,,,,,,,,,,,,,,,,,,,,,,,,,,,,,,,,,,,,,,,,,,,,,,
تاپکیشح,,,,,,,,,,,,,,,,,,,,,,,,,,,,,,,,,,,,,,,,,,,,,,,,
تاپیکو,0.0,2026-08-09 18:36:44.149365,0.0,رد_نمره,,,,2.6,2026-08-09 15:06:44.146146,2026-08-09,63,0.0,0.0,0.0,0,6.523,,,0.0,58.2,,0,20,214,2.6,"{""atr_14"": 0.0, ""symbol"": ""تاپيكو"", ""live_pe"": 0.0, ""risk_ok"": true, ""decision"": ""رد_نمره"", ""industry"": ""محصولات شيميايي"", ""pe_ratio"": 0.0, ""raw_score"": 2.6, ""trend_20d"": ""flat"", ""rule_50_30"": ""رد"", ""final_score"": 2.6, ""score_macro"": 0.0, ""volume_spike"": 0.0, ""current_price"": 0.0, ""liquidity_pct"": 0.0, ""position_size"": 0, ""adjusted_score"": 0.0, ""rank_in_market"": 214, ""score_feedstock"": 0.0, ""score_liquidity"": 0.0, ""score_technical"": 0.0, ""score_valuation"": 20.0, ""stop_loss_price"": 0, ""nima_free_spread"": 6.523, ""percentile_score"": 58.2, ""price_change_pct"": 0.0, ""rank_in_industry"": 20, ""score_farabourse"": 0.0, ""score_fundamental"": 0.0, ""score_gov_support"": 0.0, ""institutional_ratio"": 0.0, ""score_institutional"": 0.0, ""negative_filters_count"": 0}",True,رد,0.0,0.0,0.0,0.0,0.0,0.0,0.0,0.0,0.0,0.0,0.0,0.0,2.6,20.0,20.0,1405-05-18,0.0,تاپيكو,2026-09-08,0.0
تاپیکو3,,,,,,,,,,,,,,,,,,,,,,,,,,,,,,,,,,,,,,,,,,,,,,,,
تاک بازار,,,,,,,,,,,,,,,,,,,,,,,,,,,,,,,,,,,,,,,,,,,,,,,,
تایرا,0.0,2026-08-09 18:36:44.149365,0.0,رد_نمره,,,,2.6,2026-08-09 15:06:44.146146,2026-08-09,65,0.0,0.0,0.0,0,6.523,,,0.0,57.8,,0,8,216,2.6,"{""atr_14"": 0.0, ""symbol"": ""تايرا"", ""live_pe"": 0.0, ""risk_ok"": true, ""decision"": ""رد_نمره"", ""industry"": ""ماشين آلات و تجهيزات"", ""pe_ratio"": 0.0, ""raw_score"": 2.6, ""trend_20d"": ""flat"", ""rule_50_30"": ""رد"", ""final_score"": 2.6, ""score_macro"": 0.0, ""volume_spike"": 0.0, ""current_price"": 0.0, ""liquidity_pct"": 0.0, ""position_size"": 0, ""adjusted_score"": 0.0, ""rank_in_market"": 216, ""score_feedstock"": 0.0, ""score_liquidity"": 0.0, ""score_technical"": 0.0, ""score_valuation"": 20.0, ""stop_loss_price"": 0, ""nima_free_spread"": 6.523, ""percentile_score"": 57.8, ""price_change_pct"": 0.0, ""rank_in_industry"": 8, ""score_farabourse"": 0.0, ""score_fundamental"": 0.0, ""score_gov_support"": 0.0, ""institutional_ratio"": 0.0, ""score_institutional"": 0.0, ""negative_filters_count"": 0}",True,رد,0.0,0.0,0.0,0.0,0.0,0.0,0.0,0.0,0.0,0.0,0.0,0.0,2.6,20.0,20.0,1405-05-18,0.0,تايرا,2026-09-08,0.0
تایرا2,,,,,,,,,,,,,,,,,,,,,,,,,,,,,,,,,,,,,,,,,,,,,,,,
تایرا3,,,,,,,,,,,,,,,,,,,,,,,,,,,,,,,,,,,,,,,,,,,,,,,,
تبرک,,,,,,,,,,,,,,,,,,,,,,,,,,,,,,,,,,,,,,,,,,,,,,,,
تبرک3,,,,,,,,,,,,,,,,,,,,,,,,,,,,,,,,,,,,,,,,,,,,,,,,
تثبیت سهام,,,,,,,,,,,,,,,,,,,,,,,,,,,,,,,,,,,,,,,,,,,,,,,,
تجارت الکترونیک بهار,,,,,,,,,,,,,,,,,,,,,,,,,,,,,,,,,,,,,,,,,,,,,,,,
تجارت الکترونیک سرمایه,,,,,,,,,,,,,,,,,,,,,,,,,,,,,,,,,,,,,,,,,,,,,,,,
تجارت سهام,,,,,,,,,,,,,,,,,,,,,,,,,,,,,,,,,,,,,,,,,,,,,,,,
تجارت سهند ویسمن,,,,,,,,,,,,,,,,,,,,,,,,,,,,,,,,,,,,,,,,,,,,,,,,
تجارت مشرق,,,,,,,,,,,,,,,,,,,,,,,,,,,,,,,,,,,,,,,,,,,,,,,,
تجربه مختلط,,,,,,,,,,,,,,,,,,,,,,,,,,,,,,,,,,,,,,,,,,,,,,,,
تجلی,,,,,,,,,,,,,,,,,,,,,,,,,,,,,,,,,,,,,,,,,,,,,,,,
تجلی2,,,,,,,,,,,,,,,,,,,,,,,,,,,,,,,,,,,,,,,,,,,,,,,,
تجلی3,,,,,,,,,,,,,,,,,,,,,,,,,,,,,,,,,,,,,,,,,,,,,,,,
تجهیزات مدارس ایران,,,,,,,,,,,,,,,,,,,,,,,,,,,,,,,,,,,,,,,,,,,,,,,,
تحقیق سیمان,,,,,,,,,,,,,,,,,,,,,,,,,,,,,,,,,,,,,,,,,,,,,,,,
تحقیقات و آموزشی و توسعه نیشکر و صنایع جانبی خوزستان,,,,,,,,,,,,,,,,,,,,,,,,,,,,,,,,,,,,,,,,,,,,,,,,
تخاور,,,,,,,,,,,,,,,,,,,,,,,,,,,,,,,,,,,,,,,,,,,,,,,,
تخت گاز,,,,,,,,,,,,,,,,,,,,,,,,,,,,,,,,,,,,,,,,,,,,,,,,
تخته باهنر,,,,,,,,,,,,,,,,,,,,,,,,,,,,,,,,,,,,,,,,,,,,,,,,
تداوم,,,,,,,,,,,,,,,,,,,,,,,,,,,,,,,,,,,,,,,,,,,,,,,,
تداوم4,,,,,,,,,,,,,,,,,,,,,,,,,,,,,,,,,,,,,,,,,,,,,,,,
تدبیر,0.0,2026-08-09 18:36:44.149365,0.0,رد_نمره,,,,2.6,2026-08-09 15:06:44.146146,2026-08-09,68,0.0,0.0,0.0,0,6.523,,,0.0,57.3,,0,3,219,2.6,"{""atr_14"": 0.0, ""symbol"": ""تدبير"", ""live_pe"": 0.0, ""risk_ok"": true, ""decision"": ""رد_نمره"", ""industry"": ""شرکتهاي چند رشته اي صنعتي"", ""pe_ratio"": 0.0, ""raw_score"": 2.6, ""trend_20d"": ""flat"", ""rule_50_30"": ""رد"", ""final_score"": 2.6, ""score_macro"": 0.0, ""volume_spike"": 0.0, ""current_price"": 0.0, ""liquidity_pct"": 0.0, ""position_size"": 0, ""adjusted_score"": 0.0, ""rank_in_market"": 219, ""score_feedstock"": 0.0, ""score_liquidity"": 0.0, ""score_technical"": 0.0, ""score_valuation"": 20.0, ""stop_loss_price"": 0, ""nima_free_spread"": 6.523, ""percentile_score"": 57.3, ""price_change_pct"": 0.0, ""rank_in_industry"": 3, ""score_farabourse"": 0.0, ""score_fundamental"": 0.0, ""score_gov_support"": 0.0, ""institutional_ratio"": 0.0, ""score_institutional"": 0.0, ""negative_filters_count"": 0}",True,رد,0.0,0.0,0.0,0.0,0.0,0.0,0.0,0.0,0.0,0.0,0.0,0.0,2.6,20.0,20.0,1405-05-18,0.0,تدبير,2026-09-08,0.0
تدبیر بازار,,,,,,,,,,,,,,,,,,,,,,,,,,,,,,,,,,,,,,,,,,,,,,,,
تدبیر یکم,,,,,,,,,,,,,,,,,,,,,,,,,,,,,,,,,,,,,,,,,,,,,,,,
تدبیرگران فردا سهام,,,,,,,,,,,,,,,,,,,,,,,,,,,,,,,,,,,,,,,,,,,,,,,,
تدبیرگران فن آوری اطلاعات تجارت ایرانیان,,,,,,,,,,,,,,,,,,,,,,,,,,,,,,,,,,,,,,,,,,,,,,,,
تدبیریکم,,,,,,,,,,,,,,,,,,,,,,,,,,,,,,,,,,,,,,,,,,,,,,,,
تراست,,,,,,,,,,,,,,,,,,,,,,,,,,,,,,,,,,,,,,,,,,,,,,,,
ترافیک الیت,,,,,,,,,,,,,,,,,,,,,,,,,,,,,,,,,,,,,,,,,,,,,,,,
تراک,0.0,2026-08-09 18:36:44.149365,0.0,رد_نمره,,,,2.6,2026-08-09 15:06:44.146146,2026-08-09,69,0.0,0.0,0.0,0,6.523,,,0.0,57.1,,0,11,220,2.6,"{""atr_14"": 0.0, ""symbol"": ""تراك"", ""live_pe"": 0.0, ""risk_ok"": true, ""decision"": ""رد_نمره"", ""industry"": ""ماشين آلات و تجهيزات"", ""pe_ratio"": 0.0, ""raw_score"": 2.6, ""trend_20d"": ""flat"", ""rule_50_30"": ""رد"", ""final_score"": 2.6, ""score_macro"": 0.0, ""volume_spike"": 0.0, ""current_price"": 0.0, ""liquidity_pct"": 0.0, ""position_size"": 0, ""adjusted_score"": 0.0, ""rank_in_market"": 220, ""score_feedstock"": 0.0, ""score_liquidity"": 0.0, ""score_technical"": 0.0, ""score_valuation"": 20.0, ""stop_loss_price"": 0, ""nima_free_spread"": 6.523, ""percentile_score"": 57.1, ""price_change_pct"": 0.0, ""rank_in_industry"": 11, ""score_farabourse"": 0.0, ""score_fundamental"": 0.0, ""score_gov_support"": 0.0, ""institutional_ratio"": 0.0, ""score_institutional"": 0.0, ""negative_filters_count"": 0}",True,رد,0.0,0.0,0.0,0.0,0.0,0.0,0.0,0.0,0.0,0.0,0.0,0.0,2.6,20.0,20.0,1405-05-18,0.0,تراك,2026-09-08,0.0
ترمه,,,,,,,,,,,,,,,,,,,,,,,,,,,,,,,,,,,,,,,,,,,,,,,,
ترمه2,,,,,,,,,,,,,,,,,,,,,,,,,,,,,,,,,,,,,,,,,,,,,,,,
ترنج,,,,,,,,,,,,,,,,,,,,,,,,,,,,,,,,,,,,,,,,,,,,,,,,
ترنج ثابت,,,,,,,,,,,,,,,,,,,,,,,,,,,,,,,,,,,,,,,,,,,,,,,,
ترنج ثابت2,,,,,,,,,,,,,,,,,,,,,,,,,,,,,,,,,,,,,,,,,,,,,,,,
ترکیب حمل ونقل,,,,,,,,,,,,,,,,,,,,,,,,,,,,,,,,,,,,,,,,,,,,,,,,
تسهیلات بازرگانی صنعتی,,,,,,,,,,,,,,,,,,,,,,,,,,,,,,,,,,,,,,,,,,,,,,,,
تشتاد,,,,,,,,,,,,,,,,,,,,,,,,,,,,,,,,,,,,,,,,,,,,,,,,
تصمیم,,,,,,,,,,,,,,,,,,,,,,,,,,,,,,,,,,,,,,,,,,,,,,,,
تصمیم بازار,,,,,,,,,,,,,,,,,,,,,,,,,,,,,,,,,,,,,,,,,,,,,,,,
تصمیم2,,,,,,,,,,,,,,,,,,,,,,,,,,,,,,,,,,,,,,,,,,,,,,,,
تصویر شهر,,,,,,,,,,,,,,,,,,,,,,,,,,,,,,,,,,,,,,,,,,,,,,,,
تعاون ثابت,,,,,,,,,,,,,,,,,,,,,,,,,,,,,,,,,,,,,,,,,,,,,,,,
تعلوم زمین,,,,,,,,,,,,,,,,,,,,,,,,,,,,,,,,,,,,,,,,,,,,,,,,
تعمیرات صنایع نیروگاهی مازندران,,,,,,,,,,,,,,,,,,,,,,,,,,,,,,,,,,,,,,,,,,,,,,,,
تعمیرات کشتی پرشیا هرمز,,,,,,,,,,,,,,,,,,,,,,,,,,,,,,,,,,,,,,,,,,,,,,,,
تفارس,,,,,,,,,,,,,,,,,,,,,,,,,,,,,,,,,,,,,,,,,,,,,,,,
تفارس2,,,,,,,,,,,,,,,,,,,,,,,,,,,,,,,,,,,,,,,,,,,,,,,,
تفارس3,,,,,,,,,,,,,,,,,,,,,,,,,,,,,,,,,,,,,,,,,,,,,,,,
تفارسح,,,,,,,,,,,,,,,,,,,,,,,,,,,,,,,,,,,,,,,,,,,,,,,,
تفیرو,0.0,2026-08-09 18:36:44.149365,0.0,رد_نمره,,,,2.6,2026-08-09 15:06:44.146146,2026-08-09,70,0.0,0.0,0.0,0,6.523,,,0.0,56.9,,0,12,221,2.6,"{""atr_14"": 0.0, ""symbol"": ""تفيرو"", ""live_pe"": 0.0, ""risk_ok"": true, ""decision"": ""رد_نمره"", ""industry"": ""ماشين آلات و تجهيزات"", ""pe_ratio"": 0.0, ""raw_score"": 2.6, ""trend_20d"": ""flat"", ""rule_50_30"": ""رد"", ""final_score"": 2.6, ""score_macro"": 0.0, ""volume_spike"": 0.0, ""current_price"": 0.0, ""liquidity_pct"": 0.0, ""position_size"": 0, ""adjusted_score"": 0.0, ""rank_in_market"": 221, ""score_feedstock"": 0.0, ""score_liquidity"": 0.0, ""score_technical"": 0.0, ""score_valuation"": 20.0, ""stop_loss_price"": 0, ""nima_free_spread"": 6.523, ""percentile_score"": 56.9, ""price_change_pct"": 0.0, ""rank_in_industry"": 12, ""score_farabourse"": 0.0, ""score_fundamental"": 0.0, ""score_gov_support"": 0.0, ""institutional_ratio"": 0.0, ""score_institutional"": 0.0, ""negative_filters_count"": 0}",True,رد,0.0,0.0,0.0,0.0,0.0,0.0,0.0,0.0,0.0,0.0,0.0,0.0,2.6,20.0,20.0,1405-05-18,0.0,تفيرو,2026-09-08,0.0
تلاشگستران آینده,,,,,,,,,,,,,,,,,,,,,,,,,,,,,,,,,,,,,,,,,,,,,,,,
تلیسه,,,,,,,,,,,,,,,,,,,,,,,,,,,,,,,,,,,,,,,,,,,,,,,,
تلیسه3,,,,,,,,,,,,,,,,,,,,,,,,,,,,,,,,,,,,,,,,,,,,,,,,
تماوند,,,,,,,,,,,,,,,,,,,,,,,,,,,,,,,,,,,,,,,,,,,,,,,,
تماوند3,,,,,,,,,,,,,,,,,,,,,,,,,,,,,,,,,,,,,,,,,,,,,,,,
تمحرکه,0.0,2026-08-09 18:36:44.149365,0.0,رد_نمره,,,,2.6,2026-08-09 15:06:44.146146,2026-08-09,74,0.0,0.0,0.0,0,6.523,,,0.0,56.1,,0,16,225,2.6,"{""atr_14"": 0.0, ""symbol"": ""تمحركه"", ""live_pe"": 0.0, ""risk_ok"": true, ""decision"": ""رد_نمره"", ""industry"": ""ماشين آلات و تجهيزات"", ""pe_ratio"": 0.0, ""raw_score"": 2.6, ""trend_20d"": ""flat"", ""rule_50_30"": ""رد"", ""final_score"": 2.6, ""score_macro"": 0.0, ""volume_spike"": 0.0, ""current_price"": 0.0, ""liquidity_pct"": 0.0, ""position_size"": 0, ""adjusted_score"": 0.0, ""rank_in_market"": 225, ""score_feedstock"": 0.0, ""score_liquidity"": 0.0, ""score_technical"": 0.0, ""score_valuation"": 20.0, ""stop_loss_price"": 0, ""nima_free_spread"": 6.523, ""percentile_score"": 56.1, ""price_change_pct"": 0.0, ""rank_in_industry"": 16, ""score_farabourse"": 0.0, ""score_fundamental"": 0.0, ""score_gov_support"": 0.0, ""institutional_ratio"": 0.0, ""score_institutional"": 0.0, ""negative_filters_count"": 0}",True,رد,0.0,0.0,0.0,0.0,0.0,0.0,0.0,0.0,0.0,0.0,0.0,0.0,2.6,20.0,20.0,1405-05-18,0.0,تمحركه,2026-09-08,0.0
تمدن,0.0,2026-08-09 18:36:44.149365,0.0,رد_نمره,,,,2.6,2026-08-09 15:06:44.146146,2026-08-09,75,0.0,0.0,0.0,0,6.523,,,0.0,55.9,,0,9,226,2.6,"{""atr_14"": 0.0, ""symbol"": ""تمدن"", ""live_pe"": 0.0, ""risk_ok"": true, ""decision"": ""رد_نمره"", ""industry"": ""فعاليتهاي كمكي به نهادهاي مالي واسط"", ""pe_ratio"": 0.0, ""raw_score"": 2.6, ""trend_20d"": ""flat"", ""rule_50_30"": ""رد"", ""final_score"": 2.6, ""score_macro"": 0.0, ""volume_spike"": 0.0, ""current_price"": 0.0, ""liquidity_pct"": 0.0, ""position_size"": 0, ""adjusted_score"": 0.0, ""rank_in_market"": 226, ""score_feedstock"": 0.0, ""score_liquidity"": 0.0, ""score_technical"": 0.0, ""score_valuation"": 20.0, ""stop_loss_price"": 0, ""nima_free_spread"": 6.523, ""percentile_score"": 55.9, ""price_change_pct"": 0.0, ""rank_in_industry"": 9, ""score_farabourse"": 0.0, ""score_fundamental"": 0.0, ""score_gov_support"": 0.0, ""institutional_ratio"": 0.0, ""score_institutional"": 0.0, ""negative_filters_count"": 0}",True,رد,0.0,0.0,0.0,0.0,0.0,0.0,0.0,0.0,0.0,0.0,0.0,0.0,2.6,20.0,20.0,1405-05-18,0.0,تمدن,2026-09-08,0.0
تمدن بخشی,,,,,,,,,,,,,,,,,,,,,,,,,,,,,,,,,,,,,,,,,,,,,,,,
تمدن مختلط,,,,,,,,,,,,,,,,,,,,,,,,,,,,,,,,,,,,,,,,,,,,,,,,
تمشک,,,,,,,,,,,,,,,,,,,,,,,,,,,,,,,,,,,,,,,,,,,,,,,,
تمشک2,,,,,,,,,,,,,,,,,,,,,,,,,,,,,,,,,,,,,,,,,,,,,,,,
تملت,0.0,2026-08-09 18:36:44.149365,0.0,رد_نمره,,,,4.8,2026-08-09 15:06:44.146146,2026-08-09,76,0.0,0.0,0.0,0,6.523,,,0.0,10.4,,0,15,458,4.75,"{""atr_14"": 1171.0, ""symbol"": ""تملت"", ""live_pe"": 8.9, ""risk_ok"": true, ""decision"": ""رد_نمره"", ""industry"": ""فعاليتهاي كمكي به نهادهاي مالي واسط"", ""pe_ratio"": 1.74, ""raw_score"": 2.25, ""trend_20d"": ""flat"", ""rule_50_30"": ""رد"", ""final_score"": 2.2, ""score_macro"": 0.0, ""volume_spike"": 0.83, ""current_price"": 17200.0, ""liquidity_pct"": 877324503916.6666, ""position_size"": 0, ""adjusted_score"": 0.0, ""rank_in_market"": 458, ""score_feedstock"": 0.0, ""score_liquidity"": 5.0, ""score_technical"": 0.0, ""score_valuation"": 0.0, ""stop_loss_price"": 14857.0, ""nima_free_spread"": 6.523, ""percentile_score"": 10.4, ""price_change_pct"": 4.99, ""rank_in_industry"": 15, ""score_farabourse"": 0.0, ""score_fundamental"": 7.5, ""score_gov_support"": 5.0, ""institutional_ratio"": 0.0, ""score_institutional"": 0.0, ""negative_filters_count"": 0}",True,رد,0.0,0.0,7.5,0.0,7.5,0.0,5.0,10.0,0.0,0.0,5.0,0.0,2.2,20.0,0.0,1405-05-18,0.0,تملت,2026-09-08,0.0
تملت3,,,,,,,,,,,,,,,,,,,,,,,,,,,,,,,,,,,,,,,,,,,,,,,,
تنوین,0.0,2026-08-09 18:36:44.149365,0.0,رد_نمره,,,,2.6,2026-08-09 15:06:44.146146,2026-08-09,77,0.0,0.0,0.0,0,6.523,,,0.0,55.7,,0,10,227,2.6,"{""atr_14"": 0.0, ""symbol"": ""تنوين"", ""live_pe"": 0.0, ""risk_ok"": true, ""decision"": ""رد_نمره"", ""industry"": ""فعاليتهاي كمكي به نهادهاي مالي واسط"", ""pe_ratio"": 0.0, ""raw_score"": 2.6, ""trend_20d"": ""flat"", ""rule_50_30"": ""رد"", ""final_score"": 2.6, ""score_macro"": 0.0, ""volume_spike"": 0.0, ""current_price"": 0.0, ""liquidity_pct"": 0.0, ""position_size"": 0, ""adjusted_score"": 0.0, ""rank_in_market"": 227, ""score_feedstock"": 0.0, ""score_liquidity"": 0.0, ""score_technical"": 0.0, ""score_valuation"": 20.0, ""stop_loss_price"": 0, ""nima_free_spread"": 6.523, ""percentile_score"": 55.7, ""price_change_pct"": 0.0, ""rank_in_industry"": 10, ""score_farabourse"": 0.0, ""score_fundamental"": 0.0, ""score_gov_support"": 0.0, ""institutional_ratio"": 0.0, ""score_institutional"": 0.0, ""negative_filters_count"": 0}",True,رد,0.0,0.0,0.0,0.0,0.0,0.0,0.0,0.0,0.0,0.0,0.0,0.0,2.6,20.0,20.0,1405-05-18,0.0,تنوين,2026-09-08,0.0
تنوین3,,,,,,,,,,,,,,,,,,,,,,,,,,,,,,,,,,,,,,,,,,,,,,,,
تهامون,,,,,,,,,,,,,,,,,,,,,,,,,,,,,,,,,,,,,,,,,,,,,,,,
تهران بتون,,,,,,,,,,,,,,,,,,,,,,,,,,,,,,,,,,,,,,,,,,,,,,,,
تهران شفق پرشیا,,,,,,,,,,,,,,,,,,,,,,,,,,,,,,,,,,,,,,,,,,,,,,,,
تهران نیکو,,,,,,,,,,,,,,,,,,,,,,,,,,,,,,,,,,,,,,,,,,,,,,,,
تهران2,,,,,,,,,,,,,,,,,,,,,,,,,,,,,,,,,,,,,,,,,,,,,,,,
تهیه و تولید خوراک دام کارون,,,,,,,,,,,,,,,,,,,,,,,,,,,,,,,,,,,,,,,,,,,,,,,,
توازن بازار,,,,,,,,,,,,,,,,,,,,,,,,,,,,,,,,,,,,,,,,,,,,,,,,
توان,,,,,,,,,,,,,,,,,,,,,,,,,,,,,,,,,,,,,,,,,,,,,,,,
توان4,,,,,,,,,,,,,,,,,,,,,,,,,,,,,,,,,,,,,,,,,,,,,,,,
توانا سهام,,,,,,,,,,,,,,,,,,,,,,,,,,,,,,,,,,,,,,,,,,,,,,,,
توربین توان گستر ایرانیان,,,,,,,,,,,,,,,,,,,,,,,,,,,,,,,,,,,,,,,,,,,,,,,,
توربین های گازی صنعتی خاورمیانه,,,,,,,,,,,,,,,,,,,,,,,,,,,,,,,,,,,,,,,,,,,,,,,,
توریست توس,,,,,,,,,,,,,,,,,,,,,,,,,,,,,,,,,,,,,,,,,,,,,,,,
توریل,,,,,,,,,,,,,,,,,,,,,,,,,,,,,,,,,,,,,,,,,,,,,,,,
توریل3,,,,,,,,,,,,,,,,,,,,,,,,,,,,,,,,,,,,,,,,,,,,,,,,
توزیع آب و نیروی خلیج فارس کیش,,,,,,,,,,,,,,,,,,,,,,,,,,,,,,,,,,,,,,,,,,,,,,,,
توزیع نیروی برق استان آذربایجان غربی,,,,,,,,,,,,,,,,,,,,,,,,,,,,,,,,,,,,,,,,,,,,,,,,
توزیع نیروی برق استان اردبیل,,,,,,,,,,,,,,,,,,,,,,,,,,,,,,,,,,,,,,,,,,,,,,,,
توزیع نیروی برق استان اصفهان,,,,,,,,,,,,,,,,,,,,,,,,,,,,,,,,,,,,,,,,,,,,,,,,
توزیع نیروی برق استان بوشهر,,,,,,,,,,,,,,,,,,,,,,,,,,,,,,,,,,,,,,,,,,,,,,,,
توزیع نیروی برق استان خراسان جنوبی,,,,,,,,,,,,,,,,,,,,,,,,,,,,,,,,,,,,,,,,,,,,,,,,
توزیع نیروی برق استان خراسان رضوی,,,,,,,,,,,,,,,,,,,,,,,,,,,,,,,,,,,,,,,,,,,,,,,,
توزیع نیروی برق استان خراسان شمالی,,,,,,,,,,,,,,,,,,,,,,,,,,,,,,,,,,,,,,,,,,,,,,,,
توزیع نیروی برق استان خوزستان,,,,,,,,,,,,,,,,,,,,,,,,,,,,,,,,,,,,,,,,,,,,,,,,
توزیع نیروی برق استان زنجان,,,,,,,,,,,,,,,,,,,,,,,,,,,,,,,,,,,,,,,,,,,,,,,,
توزیع نیروی برق استان سیستان و بلوچستان,,,,,,,,,,,,,,,,,,,,,,,,,,,,,,,,,,,,,,,,,,,,,,,,
توزیع نیروی برق استان فارس,,,,,,,,,,,,,,,,,,,,,,,,,,,,,,,,,,,,,,,,,,,,,,,,
توزیع نیروی برق استان مرکزی,,,,,,,,,,,,,,,,,,,,,,,,,,,,,,,,,,,,,,,,,,,,,,,,
توزیع نیروی برق استان هرمزگان,,,,,,,,,,,,,,,,,,,,,,,,,,,,,,,,,,,,,,,,,,,,,,,,
توزیع نیروی برق استان کردستان,,,,,,,,,,,,,,,,,,,,,,,,,,,,,,,,,,,,,,,,,,,,,,,,
توزیع نیروی برق استان کرمانشاه,,,,,,,,,,,,,,,,,,,,,,,,,,,,,,,,,,,,,,,,,,,,,,,,
توزیع نیروی برق استان گیلان,,,,,,,,,,,,,,,,,,,,,,,,,,,,,,,,,,,,,,,,,,,,,,,,
توزیع نیروی برق اهواز,,,,,,,,,,,,,,,,,,,,,,,,,,,,,,,,,,,,,,,,,,,,,,,,
توزیع نیروی برق تبریز,,,,,,,,,,,,,,,,,,,,,,,,,,,,,,,,,,,,,,,,,,,,,,,,
توزیع نیروی برق شهرستان اصفهان,,,,,,,,,,,,,,,,,,,,,,,,,,,,,,,,,,,,,,,,,,,,,,,,
توزیع نیروی برق شهرستان مشهد,,,,,,,,,,,,,,,,,,,,,,,,,,,,,,,,,,,,,,,,,,,,,,,,
توزیع نیروی برق قم,,,,,,,,,,,,,,,,,,,,,,,,,,,,,,,,,,,,,,,,,,,,,,,,
توسعه آب و نیروی ماهتاب کیش,,,,,,,,,,,,,,,,,,,,,,,,,,,,,,,,,,,,,,,,,,,,,,,,
توسعه انرژی تامین,,,,,,,,,,,,,,,,,,,,,,,,,,,,,,,,,,,,,,,,,,,,,,,,
توسعه انرژی پتروشیمی ایران,,,,,,,,,,,,,,,,,,,,,,,,,,,,,,,,,,,,,,,,,,,,,,,,
توسعه بازار سهام,,,,,,,,,,,,,,,,,,,,,,,,,,,,,,,,,,,,,,,,,,,,,,,,
توسعه بازاریابی و فروش ماد,,,,,,,,,,,,,,,,,,,,,,,,,,,,,,,,,,,,,,,,,,,,,,,,
توسعه بازرگانی برنا,,,,,,,,,,,,,,,,,,,,,,,,,,,,,,,,,,,,,,,,,,,,,,,,
توسعه بهداشت و سلامت مپنا تبسم,,,,,,,,,,,,,,,,,,,,,,,,,,,,,,,,,,,,,,,,,,,,,,,,
توسعه بین الملل صنعت پارس,,,,,,,,,,,,,,,,,,,,,,,,,,,,,,,,,,,,,,,,,,,,,,,,
توسعه تجارت سرمایه پایدار قشم,,,,,,,,,,,,,,,,,,,,,,,,,,,,,,,,,,,,,,,,,,,,,,,,
توسعه تجارت و صید صنعتی,,,,,,,,,,,,,,,,,,,,,,,,,,,,,,,,,,,,,,,,,,,,,,,,
توسعه تمدن بازار,,,,,,,,,,,,,,,,,,,,,,,,,,,,,,,,,,,,,,,,,,,,,,,,
توسعه خدمات مدیریت بهین تدبیر ما,,,,,,,,,,,,,,,,,,,,,,,,,,,,,,,,,,,,,,,,,,,,,,,,
توسعه ساختمان سرمایه,,,,,,,,,,,,,,,,,,,,,,,,,,,,,,,,,,,,,,,,,,,,,,,,
توسعه ساختمانی پارسیان,,,,,,,,,,,,,,,,,,,,,,,,,,,,,,,,,,,,,,,,,,,,,,,,
توسعه سرمایه رسا,,,,,,,,,,,,,,,,,,,,,,,,,,,,,,,,,,,,,,,,,,,,,,,,
توسعه سلامت نگر آینده ساز,,,,,,,,,,,,,,,,,,,,,,,,,,,,,,,,,,,,,,,,,,,,,,,,
توسعه صنایع حمل ونقل ریلی گسترش,,,,,,,,,,,,,,,,,,,,,,,,,,,,,,,,,,,,,,,,,,,,,,,,
توسعه صنایع نفت و گاز گسترش ایرانیان,,,,,,,,,,,,,,,,,,,,,,,,,,,,,,,,,,,,,,,,,,,,,,,,
توسعه صنایع و معادن گهر مس,,,,,,,,,,,,,,,,,,,,,,,,,,,,,,,,,,,,,,,,,,,,,,,,
توسعه صنایع پالایش نفت,,,,,,,,,,,,,,,,,,,,,,,,,,,,,,,,,,,,,,,,,,,,,,,,
توسعه صنعت فضایی کیهان,,,,,,,,,,,,,,,,,,,,,,,,,,,,,,,,,,,,,,,,,,,,,,,,
توسعه فروش خودروکار,,,,,,,,,,,,,,,,,,,,,,,,,,,,,,,,,,,,,,,,,,,,,,,,
توسعه فضای فرهنگی ,,,,,,,,,,,,,,,,,,,,,,,,,,,,,,,,,,,,,,,,,,,,,,,,
توسعه فولاد قشم,,,,,,,,,,,,,,,,,,,,,,,,,,,,,,,,,,,,,,,,,,,,,,,,
توسعه ملی بازار,,,,,,,,,,,,,,,,,,,,,,,,,,,,,,,,,,,,,,,,,,,,,,,,
توسعه ملی سهام,,,,,,,,,,,,,,,,,,,,,,,,,,,,,,,,,,,,,,,,,,,,,,,,
توسعه منابع آب و نیروی ایران,,,,,,,,,,,,,,,,,,,,,,,,,,,,,,,,,,,,,,,,,,,,,,,,
توسعه مهندسی و ساخت واگنهای رهنورد,,,,,,,,,,,,,,,,,,,,,,,,,,,,,,,,,,,,,,,,,,,,,,,,
توسعه نوآوری نیکی,,,,,,,,,,,,,,,,,,,,,,,,,,,,,,,,,,,,,,,,,,,,,,,,
توسعه نیشکر کارون,,,,,,,,,,,,,,,,,,,,,,,,,,,,,,,,,,,,,,,,,,,,,,,,
توسعه و مدیریت بنادر و فرودگاه بین المللی قشم,,,,,,,,,,,,,,,,,,,,,,,,,,,,,,,,,,,,,,,,,,,,,,,,
توسعه و مدیریت سرمایه صبا,,,,,,,,,,,,,,,,,,,,,,,,,,,,,,,,,,,,,,,,,,,,,,,,
توسعه کسب و کارهای نوگرای تجارت,,,,,,,,,,,,,,,,,,,,,,,,,,,,,,,,,,,,,,,,,,,,,,,,
توسعه کشت ذرت,,,,,,,,,,,,,,,,,,,,,,,,,,,,,,,,,,,,,,,,,,,,,,,,
توسن,,,,,,,,,,,,,,,,,,,,,,,,,,,,,,,,,,,,,,,,,,,,,,,,
توسن3,,,,,,,,,,,,,,,,,,,,,,,,,,,,,,,,,,,,,,,,,,,,,,,,
توسکا,,,,,,,,,,,,,,,,,,,,,,,,,,,,,,,,,,,,,,,,,,,,,,,,
توسکا4,,,,,,,,,,,,,,,,,,,,,,,,,,,,,,,,,,,,,,,,,,,,,,,,
توفیق دارو,,,,,,,,,,,,,,,,,,,,,,,,,,,,,,,,,,,,,,,,,,,,,,,,
تولید انرژی های تجدید پذیر مپنا,,,,,,,,,,,,,,,,,,,,,,,,,,,,,,,,,,,,,,,,,,,,,,,,
تولید رینگ سایپا,,,,,,,,,,,,,,,,,,,,,,,,,,,,,,,,,,,,,,,,,,,,,,,,
تولید صنایع فولادی گنجینه کانسار,,,,,,,,,,,,,,,,,,,,,,,,,,,,,,,,,,,,,,,,,,,,,,,,
تولید نیروی برق بندرعباس,,,,,,,,,,,,,,,,,,,,,,,,,,,,,,,,,,,,,,,,,,,,,,,,
تولید نیروی برق بیستون,,,,,,,,,,,,,,,,,,,,,,,,,,,,,,,,,,,,,,,,,,,,,,,,
تولید نیروی برق تهران,,,,,,,,,,,,,,,,,,,,,,,,,,,,,,,,,,,,,,,,,,,,,,,,
تولید نیروی برق خراسان,,,,,,,,,,,,,,,,,,,,,,,,,,,,,,,,,,,,,,,,,,,,,,,,
تولید نیروی برق زاهدان,,,,,,,,,,,,,,,,,,,,,,,,,,,,,,,,,,,,,,,,,,,,,,,,
تولید نیروی برق شازند,,,,,,,,,,,,,,,,,,,,,,,,,,,,,,,,,,,,,,,,,,,,,,,,
تولید نیروی برق شاهرود,,,,,,,,,,,,,,,,,,,,,,,,,,,,,,,,,,,,,,,,,,,,,,,,
تولید نیروی برق شهید مفتح,,,,,,,,,,,,,,,,,,,,,,,,,,,,,,,,,,,,,,,,,,,,,,,,
تولید نیروی برق شیروان,,,,,,,,,,,,,,,,,,,,,,,,,,,,,,,,,,,,,,,,,,,,,,,,
تولید نیروی برق یزد,,,,,,,,,,,,,,,,,,,,,,,,,,,,,,,,,,,,,,,,,,,,,,,,
تولید و بهره برداری سد و نیروگاه شهید عباسپور,,,,,,,,,,,,,,,,,,,,,,,,,,,,,,,,,,,,,,,,,,,,,,,,
تپسی,,,,,,,,,,,,,,,,,,,,,,,,,,,,,,,,,,,,,,,,,,,,,,,,
تپمپی,0.0,2026-08-09 18:36:44.149365,0.0,رد_نمره,,,,2.6,2026-08-09 15:06:44.146146,2026-08-09,67,0.0,0.0,0.0,0,6.523,,,0.0,57.5,,0,10,218,2.6,"{""atr_14"": 0.0, ""symbol"": ""تپمپي"", ""live_pe"": 0.0, ""risk_ok"": true, ""decision"": ""رد_نمره"", ""industry"": ""ماشين آلات و تجهيزات"", ""pe_ratio"": 0.0, ""raw_score"": 2.6, ""trend_20d"": ""flat"", ""rule_50_30"": ""رد"", ""final_score"": 2.6, ""score_macro"": 0.0, ""volume_spike"": 0.0, ""current_price"": 0.0, ""liquidity_pct"": 0.0, ""position_size"": 0, ""adjusted_score"": 0.0, ""rank_in_market"": 218, ""score_feedstock"": 0.0, ""score_liquidity"": 0.0, ""score_technical"": 0.0, ""score_valuation"": 20.0, ""stop_loss_price"": 0, ""nima_free_spread"": 6.523, ""percentile_score"": 57.5, ""price_change_pct"": 0.0, ""rank_in_industry"": 10, ""score_farabourse"": 0.0, ""score_fundamental"": 0.0, ""score_gov_support"": 0.0, ""institutional_ratio"": 0.0, ""score_institutional"": 0.0, ""negative_filters_count"": 0}",True,رد,0.0,0.0,0.0,0.0,0.0,0.0,0.0,0.0,0.0,0.0,0.0,0.0,2.6,20.0,20.0,1405-05-18,0.0,تپمپي,2026-09-08,0.0
تپمپی3,,,,,,,,,,,,,,,,,,,,,,,,,,,,,,,,,,,,,,,,,,,,,,,,
تپولا,,,,,,,,,,,,,,,,,,,,,,,,,,,,,,,,,,,,,,,,,,,,,,,,
تپکو,0.0,2026-08-09 18:36:44.149365,0.0,رد_نمره,,,,2.6,2026-08-09 15:06:44.146146,2026-08-09,66,0.0,0.0,0.0,0,6.523,,,0.0,57.6,,0,9,217,2.6,"{""atr_14"": 0.0, ""symbol"": ""تپكو"", ""live_pe"": 0.0, ""risk_ok"": true, ""decision"": ""رد_نمره"", ""industry"": ""ماشين آلات و تجهيزات"", ""pe_ratio"": 0.0, ""raw_score"": 2.6, ""trend_20d"": ""flat"", ""rule_50_30"": ""رد"", ""final_score"": 2.6, ""score_macro"": 0.0, ""volume_spike"": 0.0, ""current_price"": 0.0, ""liquidity_pct"": 0.0, ""position_size"": 0, ""adjusted_score"": 0.0, ""rank_in_market"": 217, ""score_feedstock"": 0.0, ""score_liquidity"": 0.0, ""score_technical"": 0.0, ""score_valuation"": 20.0, ""stop_loss_price"": 0, ""nima_free_spread"": 6.523, ""percentile_score"": 57.6, ""price_change_pct"": 0.0, ""rank_in_industry"": 9, ""score_farabourse"": 0.0, ""score_fundamental"": 0.0, ""score_gov_support"": 0.0, ""institutional_ratio"": 0.0, ""score_institutional"": 0.0, ""negative_filters_count"": 0}",True,رد,0.0,0.0,0.0,0.0,0.0,0.0,0.0,0.0,0.0,0.0,0.0,0.0,2.6,20.0,20.0,1405-05-18,0.0,تپكو,2026-09-08,0.0
تک نیرو,,,,,,,,,,,,,,,,,,,,,,,,,,,,,,,,,,,,,,,,,,,,,,,,
تکاردان,,,,,,,,,,,,,,,,,,,,,,,,,,,,,,,,,,,,,,,,,,,,,,,,
تکاردان3,,,,,,,,,,,,,,,,,,,,,,,,,,,,,,,,,,,,,,,,,,,,,,,,
تکساز تابلو بشل,,,,,,,,,,,,,,,,,,,,,,,,,,,,,,,,,,,,,,,,,,,,,,,,
تکشا,0.0,2026-08-09 18:36:44.149365,0.0,رد_نمره,,,,2.6,2026-08-09 15:06:44.146146,2026-08-09,71,0.0,0.0,0.0,0,6.523,,,0.0,56.7,,0,13,222,2.6,"{""atr_14"": 0.0, ""symbol"": ""تكشا"", ""live_pe"": 0.0, ""risk_ok"": true, ""decision"": ""رد_نمره"", ""industry"": ""ماشين آلات و تجهيزات"", ""pe_ratio"": 0.0, ""raw_score"": 2.6, ""trend_20d"": ""flat"", ""rule_50_30"": ""رد"", ""final_score"": 2.6, ""score_macro"": 0.0, ""volume_spike"": 0.0, ""current_price"": 0.0, ""liquidity_pct"": 0.0, ""position_size"": 0, ""adjusted_score"": 0.0, ""rank_in_market"": 222, ""score_feedstock"": 0.0, ""score_liquidity"": 0.0, ""score_technical"": 0.0, ""score_valuation"": 20.0, ""stop_loss_price"": 0, ""nima_free_spread"": 6.523, ""percentile_score"": 56.7, ""price_change_pct"": 0.0, ""rank_in_industry"": 13, ""score_farabourse"": 0.0, ""score_fundamental"": 0.0, ""score_gov_support"": 0.0, ""institutional_ratio"": 0.0, ""score_institutional"": 0.0, ""negative_filters_count"": 0}",True,رد,0.0,0.0,0.0,0.0,0.0,0.0,0.0,0.0,0.0,0.0,0.0,0.0,2.6,20.0,20.0,1405-05-18,0.0,تكشا,2026-09-08,0.0
تکشا3,,,,,,,,,,,,,,,,,,,,,,,,,,,,,,,,,,,,,,,,,,,,,,,,
تکمبا,0.0,2026-08-09 18:36:44.149365,0.0,رد_نمره,,,,2.6,2026-08-09 15:06:44.146146,2026-08-09,72,0.0,0.0,0.0,0,6.523,,,0.0,56.5,,0,14,223,2.6,"{""atr_14"": 0.0, ""symbol"": ""تكمبا"", ""live_pe"": 0.0, ""risk_ok"": true, ""decision"": ""رد_نمره"", ""industry"": ""ماشين آلات و تجهيزات"", ""pe_ratio"": 0.0, ""raw_score"": 2.6, ""trend_20d"": ""flat"", ""rule_50_30"": ""رد"", ""final_score"": 2.6, ""score_macro"": 0.0, ""volume_spike"": 0.0, ""current_price"": 0.0, ""liquidity_pct"": 0.0, ""position_size"": 0, ""adjusted_score"": 0.0, ""rank_in_market"": 223, ""score_feedstock"": 0.0, ""score_liquidity"": 0.0, ""score_technical"": 0.0, ""score_valuation"": 20.0, ""stop_loss_price"": 0, ""nima_free_spread"": 6.523, ""percentile_score"": 56.5, ""price_change_pct"": 0.0, ""rank_in_industry"": 14, ""score_farabourse"": 0.0, ""score_fundamental"": 0.0, ""score_gov_support"": 0.0, ""institutional_ratio"": 0.0, ""score_institutional"": 0.0, ""negative_filters_count"": 0}",True,رد,0.0,0.0,0.0,0.0,0.0,0.0,0.0,0.0,0.0,0.0,0.0,0.0,2.6,20.0,20.0,1405-05-18,0.0,تكمبا,2026-09-08,0.0
تکمبا3,,,,,,,,,,,,,,,,,,,,,,,,,,,,,,,,,,,,,,,,,,,,,,,,
تکنار,,,,,,,,,,,,,,,,,,,,,,,,,,,,,,,,,,,,,,,,,,,,,,,,
تکنو,0.0,2026-08-09 18:36:44.149365,0.0,رد_نمره,,,,2.6,2026-08-09 15:06:44.146146,2026-08-09,73,0.0,0.0,0.0,0,6.523,,,0.0,56.3,,0,15,224,2.6,"{""atr_14"": 0.0, ""symbol"": ""تكنو"", ""live_pe"": 0.0, ""risk_ok"": true, ""decision"": ""رد_نمره"", ""industry"": ""ماشين آلات و تجهيزات"", ""pe_ratio"": 0.0, ""raw_score"": 2.6, ""trend_20d"": ""flat"", ""rule_50_30"": ""رد"", ""final_score"": 2.6, ""score_macro"": 0.0, ""volume_spike"": 0.0, ""current_price"": 0.0, ""liquidity_pct"": 0.0, ""position_size"": 0, ""adjusted_score"": 0.0, ""rank_in_market"": 224, ""score_feedstock"": 0.0, ""score_liquidity"": 0.0, ""score_technical"": 0.0, ""score_valuation"": 20.0, ""stop_loss_price"": 0, ""nima_free_spread"": 6.523, ""percentile_score"": 56.3, ""price_change_pct"": 0.0, ""rank_in_industry"": 15, ""score_farabourse"": 0.0, ""score_fundamental"": 0.0, ""score_gov_support"": 0.0, ""institutional_ratio"": 0.0, ""score_institutional"": 0.0, ""negative_filters_count"": 0}",True,رد,0.0,0.0,0.0,0.0,0.0,0.0,0.0,0.0,0.0,0.0,0.0,0.0,2.6,20.0,20.0,1405-05-18,0.0,تكنو,2026-09-08,0.0
تکنو3,,,,,,,,,,,,,,,,,,,,,,,,,,,,,,,,,,,,,,,,,,,,,,,,
تکپاد,,,,,,,,,,,,,,,,,,,,,,,,,,,,,,,,,,,,,,,,,,,,,,,,
تکپاد2,,,,,,,,,,,,,,,,,,,,,,,,,,,,,,,,,,,,,,,,,,,,,,,,
تکپاد4,,,,,,,,,,,,,,,,,,,,,,,,,,,,,,,,,,,,,,,,,,,,,,,,
تکیمیا,,,,,,,,,,,,,,,,,,,,,,,,,,,,,,,,,,,,,,,,,,,,,,,,
تکیمیا3,,,,,,,,,,,,,,,,,,,,,,,,,,,,,,,,,,,,,,,,,,,,,,,,
تیام,,,,,,,,,,,,,,,,,,,,,,,,,,,,,,,,,,,,,,,,,,,,,,,,
تیام2,,,,,,,,,,,,,,,,,,,,,,,,,,,,,,,,,,,,,,,,,,,,,,,,
تیپیکو,0.0,2026-08-09 18:36:44.149365,0.0,رد_نمره,,,,2.6,2026-08-09 15:06:44.146146,2026-08-09,78,0.0,0.0,0.0,0,6.523,,,0.0,55.5,,0,19,228,2.6,"{""atr_14"": 0.0, ""symbol"": ""تيپيكو"", ""live_pe"": 0.0, ""risk_ok"": true, ""decision"": ""رد_نمره"", ""industry"": ""مواد و محصولات دارويي"", ""pe_ratio"": 0.0, ""raw_score"": 2.6, ""trend_20d"": ""flat"", ""rule_50_30"": ""رد"", ""final_score"": 2.6, ""score_macro"": 0.0, ""volume_spike"": 0.0, ""current_price"": 0.0, ""liquidity_pct"": 0.0, ""position_size"": 0, ""adjusted_score"": 0.0, ""rank_in_market"": 228, ""score_feedstock"": 0.0, ""score_liquidity"": 0.0, ""score_technical"": 0.0, ""score_valuation"": 20.0, ""stop_loss_price"": 0, ""nima_free_spread"": 6.523, ""percentile_score"": 55.5, ""price_change_pct"": 0.0, ""rank_in_industry"": 19, ""score_farabourse"": 0.0, ""score_fundamental"": 0.0, ""score_gov_support"": 0.0, ""institutional_ratio"": 0.0, ""score_institutional"": 0.0, ""negative_filters_count"": 0}",True,رد,0.0,0.0,0.0,0.0,0.0,0.0,0.0,0.0,0.0,0.0,0.0,0.0,2.6,20.0,20.0,1405-05-18,0.0,تيپيكو,2026-09-08,0.0
تیپیکو2,,,,,,,,,,,,,,,,,,,,,,,,,,,,,,,,,,,,,,,,,,,,,,,,
تیپیکو3,,,,,,,,,,,,,,,,,,,,,,,,,,,,,,,,,,,,,,,,,,,,,,,,
ثاباد,0.0,2026-08-09 18:36:44.149365,0.0,رد_نمره,,,,2.6,2026-08-09 15:06:44.146146,2026-08-09,79,0.0,0.0,0.0,0,6.523,,,0.0,55.3,,0,10,229,2.6,"{""atr_14"": 0.0, ""symbol"": ""ثاباد"", ""live_pe"": 0.0, ""risk_ok"": true, ""decision"": ""رد_نمره"", ""industry"": ""انبوه سازي، املاك و مستغلات"", ""pe_ratio"": 0.0, ""raw_score"": 2.6, ""trend_20d"": ""flat"", ""rule_50_30"": ""رد"", ""final_score"": 2.6, ""score_macro"": 0.0, ""volume_spike"": 0.0, ""current_price"": 0.0, ""liquidity_pct"": 0.0, ""position_size"": 0, ""adjusted_score"": 0.0, ""rank_in_market"": 229, ""score_feedstock"": 0.0, ""score_liquidity"": 0.0, ""score_technical"": 0.0, ""score_valuation"": 20.0, ""stop_loss_price"": 0, ""nima_free_spread"": 6.523, ""percentile_score"": 55.3, ""price_change_pct"": 0.0, ""rank_in_industry"": 10, ""score_farabourse"": 0.0, ""score_fundamental"": 0.0, ""score_gov_support"": 0.0, ""institutional_ratio"": 0.0, ""score_institutional"": 0.0, ""negative_filters_count"": 0}",True,رد,0.0,0.0,0.0,0.0,0.0,0.0,0.0,0.0,0.0,0.0,0.0,0.0,2.6,20.0,20.0,1405-05-18,0.0,ثاباد,2026-09-08,0.0
ثابت اکسیژن,,,,,,,,,,,,,,,,,,,,,,,,,,,,,,,,,,,,,,,,,,,,,,,,
ثابت اکسیژن2,,,,,,,,,,,,,,,,,,,,,,,,,,,,,,,,,,,,,,,,,,,,,,,,
ثابت اکسیژن4,,,,,,,,,,,,,,,,,,,,,,,,,,,,,,,,,,,,,,,,,,,,,,,,
ثاخت,0.0,2026-08-09 18:36:44.149365,0.0,رد_نمره,,,,4.8,2026-08-09 15:06:44.146146,2026-08-09,80,0.0,0.0,0.0,0,6.523,,,0.0,65.7,,0,8,176,4.75,"{""atr_14"": 337.0, ""symbol"": ""ثاخت"", ""live_pe"": 9.0, ""risk_ok"": true, ""decision"": ""رد_نمره"", ""industry"": ""انبوه سازي، املاك و مستغلات"", ""pe_ratio"": 1.28, ""raw_score"": 3.55, ""trend_20d"": ""up"", ""rule_50_30"": ""رد"", ""final_score"": 3.5, ""score_macro"": 0.0, ""volume_spike"": 0.03, ""current_price"": 7139.0, ""liquidity_pct"": 82312676145.73334, ""position_size"": 0, ""adjusted_score"": 0.0, ""rank_in_market"": 176, ""score_feedstock"": 0.0, ""score_liquidity"": 5.0, ""score_technical"": 0.0, ""score_valuation"": 10.0, ""stop_loss_price"": 6464.0, ""nima_free_spread"": 6.523, ""percentile_score"": 65.7, ""price_change_pct"": 0.0, ""rank_in_industry"": 8, ""score_farabourse"": 0.0, ""score_fundamental"": 7.5, ""score_gov_support"": 5.0, ""institutional_ratio"": 0.0, ""score_institutional"": 0.0, ""negative_filters_count"": 0}",True,رد,0.0,0.0,7.5,0.0,7.5,0.0,5.0,10.0,0.0,0.0,5.0,0.0,3.5,20.0,10.0,1405-05-18,0.0,ثاخت,2026-09-08,0.0
ثاخت3,,,,,,,,,,,,,,,,,,,,,,,,,,,,,,,,,,,,,,,,,,,,,,,,
ثاصفا,0.0,2026-08-09 18:36:44.149365,0.0,رد_نمره,,,,4.8,2026-08-09 15:06:44.146146,2026-08-09,82,0.0,0.0,0.0,0,6.523,,,0.0,4.9,,0,15,486,4.75,"{""atr_14"": 1000.0, ""symbol"": ""ثاصفا"", ""live_pe"": 31.2, ""risk_ok"": true, ""decision"": ""رد_نمره"", ""industry"": ""انبوه سازي، املاك و مستغلات"", ""pe_ratio"": 4.81, ""raw_score"": 1.35, ""trend_20d"": ""flat"", ""rule_50_30"": ""رد"", ""final_score"": 1.3, ""score_macro"": 0.0, ""volume_spike"": 0.0, ""current_price"": 1000.0, ""liquidity_pct"": 0.0, ""position_size"": 0, ""adjusted_score"": 0.0, ""rank_in_market"": 486, ""score_feedstock"": 0.0, ""score_liquidity"": 0.0, ""score_technical"": 0.0, ""score_valuation"": 0.0, ""stop_loss_price"": -1000.0, ""nima_free_spread"": 6.523, ""percentile_score"": 4.9, ""price_change_pct"": 0.0, ""rank_in_industry"": 15, ""score_farabourse"": 0.0, ""score_fundamental"": 7.5, ""score_gov_support"": 0.0, ""institutional_ratio"": 0.0, ""score_institutional"": 0.0, ""negative_filters_count"": 0}",True,رد,0.0,0.0,7.5,0.0,7.5,0.0,0.0,10.0,0.0,0.0,0.0,0.0,1.3,20.0,0.0,1405-05-18,0.0,ثاصفا,2026-09-08,0.0
ثالوند,,,,,,,,,,,,,,,,,,,,,,,,,,,,,,,,,,,,,,,,,,,,,,,,
ثالوند3,,,,,,,,,,,,,,,,,,,,,,,,,,,,,,,,,,,,,,,,,,,,,,,,
ثامان,0.0,2026-08-09 18:36:44.149365,0.0,رد_نمره,,,,4.8,2026-08-09 15:06:44.146146,2026-08-09,83,0.0,0.0,0.0,0,6.523,,,0.0,91.0,,0,2,47,4.75,"{""atr_14"": 48.0, ""symbol"": ""ثامان"", ""live_pe"": 0.2, ""risk_ok"": true, ""decision"": ""رد_نمره"", ""industry"": ""انبوه سازي، املاك و مستغلات"", ""pe_ratio"": 0.04, ""raw_score"": 5.0, ""trend_20d"": ""up"", ""rule_50_30"": ""رد"", ""final_score"": 5.0, ""score_macro"": 10.0, ""volume_spike"": 0.07, ""current_price"": 1756.0, ""liquidity_pct"": 69066879.733333, ""position_size"": 0, ""adjusted_score"": 0.0, ""rank_in_market"": 47, ""score_feedstock"": 0.0, ""score_liquidity"": 5.0, ""score_technical"": 0.0, ""score_valuation"": 20.0, ""stop_loss_price"": 1633.0, ""nima_free_spread"": 6.523, ""percentile_score"": 91.0, ""price_change_pct"": 0.06, ""rank_in_industry"": 2, ""score_farabourse"": 0.0, ""score_fundamental"": 7.5, ""score_gov_support"": 0.0, ""institutional_ratio"": 0.0, ""score_institutional"": 0.0, ""negative_filters_count"": 0}",True,رد,0.0,0.0,7.5,0.0,7.5,0.0,5.0,10.0,0.0,0.0,0.0,0.0,5.0,20.0,20.0,1405-05-18,0.0,ثامان,2026-09-08,0.0
ثامان3,,,,,,,,,,,,,,,,,,,,,,,,,,,,,,,,,,,,,,,,,,,,,,,,
ثامید,0.0,2026-08-09 18:36:44.149365,0.0,رد_نمره,,,,2.6,2026-08-09 15:06:44.146146,2026-08-09,84,0.0,0.0,0.0,0,6.523,,,0.0,54.9,,0,12,231,2.6,"{""atr_14"": 0.0, ""symbol"": ""ثاميد"", ""live_pe"": 0.0, ""risk_ok"": true, ""decision"": ""رد_نمره"", ""industry"": ""انبوه سازي، املاك و مستغلات"", ""pe_ratio"": 0.0, ""raw_score"": 2.6, ""trend_20d"": ""flat"", ""rule_50_30"": ""رد"", ""final_score"": 2.6, ""score_macro"": 0.0, ""volume_spike"": 0.0, ""current_price"": 0.0, ""liquidity_pct"": 0.0, ""position_size"": 0, ""adjusted_score"": 0.0, ""rank_in_market"": 231, ""score_feedstock"": 0.0, ""score_liquidity"": 0.0, ""score_technical"": 0.0, ""score_valuation"": 20.0, ""stop_loss_price"": 0, ""nima_free_spread"": 6.523, ""percentile_score"": 54.9, ""price_change_pct"": 0.0, ""rank_in_industry"": 12, ""score_farabourse"": 0.0, ""score_fundamental"": 0.0, ""score_gov_support"": 0.0, ""institutional_ratio"": 0.0, ""score_institutional"": 0.0, ""negative_filters_count"": 0}",True,رد,0.0,0.0,0.0,0.0,0.0,0.0,0.0,0.0,0.0,0.0,0.0,0.0,2.6,20.0,20.0,1405-05-18,0.0,ثاميد,2026-09-08,0.0
ثامید3,,,,,,,,,,,,,,,,,,,,,,,,,,,,,,,,,,,,,,,,,,,,,,,,
ثاژن,0.0,2026-08-09 18:36:44.149365,0.0,رد_نمره,,,,2.6,2026-08-09 15:06:44.146146,2026-08-09,81,0.0,0.0,0.0,0,6.523,,,0.0,55.1,,0,11,230,2.6,"{""atr_14"": 0.0, ""symbol"": ""ثاژن"", ""live_pe"": 0.0, ""risk_ok"": true, ""decision"": ""رد_نمره"", ""industry"": ""انبوه سازي، املاك و مستغلات"", ""pe_ratio"": 0.0, ""raw_score"": 2.6, ""trend_20d"": ""flat"", ""rule_50_30"": ""رد"", ""final_score"": 2.6, ""score_macro"": 0.0, ""volume_spike"": 0.0, ""current_price"": 0.0, ""liquidity_pct"": 0.0, ""position_size"": 0, ""adjusted_score"": 0.0, ""rank_in_market"": 230, ""score_feedstock"": 0.0, ""score_liquidity"": 0.0, ""score_technical"": 0.0, ""score_valuation"": 20.0, ""stop_loss_price"": 0, ""nima_free_spread"": 6.523, ""percentile_score"": 55.1, ""price_change_pct"": 0.0, ""rank_in_industry"": 11, ""score_farabourse"": 0.0, ""score_fundamental"": 0.0, ""score_gov_support"": 0.0, ""institutional_ratio"": 0.0, ""score_institutional"": 0.0, ""negative_filters_count"": 0}",True,رد,0.0,0.0,0.0,0.0,0.0,0.0,0.0,0.0,0.0,0.0,0.0,0.0,2.6,20.0,20.0,1405-05-18,0.0,ثاژن,2026-09-08,0.0
ثبات,,,,,,,,,,,,,,,,,,,,,,,,,,,,,,,,,,,,,,,,,,,,,,,,
ثبات2,,,,,,,,,,,,,,,,,,,,,,,,,,,,,,,,,,,,,,,,,,,,,,,,
ثبات4,,,,,,,,,,,,,,,,,,,,,,,,,,,,,,,,,,,,,,,,,,,,,,,,
ثباغ,,,,,,,,,,,,,,,,,,,,,,,,,,,,,,,,,,,,,,,,,,,,,,,,
ثباغ3,,,,,,,,,,,,,,,,,,,,,,,,,,,,,,,,,,,,,,,,,,,,,,,,
ثبهساز,0.0,2026-08-09 18:36:44.149365,1620.0,رد_نمره,,,,5.7,2026-08-09 15:06:44.146146,2026-08-09,85,0.0,396018576706.93335,0.6,0,6.523,,,0.09,95.9,,88495,1,22,5.65,"{""atr_14"": 729.0, ""symbol"": ""ثبهساز"", ""live_pe"": 0.4, ""risk_ok"": true, ""decision"": ""رد_نمره"", ""industry"": ""انبوه سازي، املاك و مستغلات"", ""pe_ratio"": 0.05, ""raw_score"": 5.65, ""trend_20d"": ""down"", ""rule_50_30"": ""رد"", ""final_score"": 5.7, ""score_macro"": 10.0, ""volume_spike"": 0.0, ""current_price"": 1000.0, ""liquidity_pct"": 330292754748.0, ""position_size"": 0, ""adjusted_score"": 0.0, ""rank_in_market"": 22, ""score_feedstock"": 0.0, ""score_liquidity"": 5.0, ""score_technical"": 0.0, ""score_valuation"": 20.0, ""stop_loss_price"": -457.0, ""nima_free_spread"": 6.523, ""percentile_score"": 95.9, ""price_change_pct"": 0.0, ""rank_in_industry"": 1, ""score_farabourse"": 0.0, ""score_fundamental"": 7.5, ""score_gov_support"": 5.0, ""institutional_ratio"": 0.0, ""score_institutional"": 0.0, ""negative_filters_count"": 0}",True,رد,0.0,0.0,7.5,5.0,7.5,0.0,5.0,10.0,0.0,0.0,5.0,0.0,5.7,20.0,20.0,1405-05-18,1507.0,ثبهساز,2026-09-08,0.89
ثبهساز3,,,,,,,,,,,,,,,,,,,,,,,,,,,,,,,,,,,,,,,,,,,,,,,,
ثتران,,,,,,,,,,,,,,,,,,,,,,,,,,,,,,,,,,,,,,,,,,,,,,,,
ثتران3,,,,,,,,,,,,,,,,,,,,,,,,,,,,,,,,,,,,,,,,,,,,,,,,
ثتوسا,,,,,,,,,,,,,,,,,,,,,,,,,,,,,,,,,,,,,,,,,,,,,,,,
ثجنوب,,,,,,,,,,,,,,,,,,,,,,,,,,,,,,,,,,,,,,,,,,,,,,,,
ثجنوب3,,,,,,,,,,,,,,,,,,,,,,,,,,,,,,,,,,,,,,,,,,,,,,,,
ثجوان,,,,,,,,,,,,,,,,,,,,,,,,,,,,,,,,,,,,,,,,,,,,,,,,
ثروت,,,,,,,,,,,,,,,,,,,,,,,,,,,,,,,,,,,,,,,,,,,,,,,,
ثروت آفرین سهام,,,,,,,,,,,,,,,,,,,,,,,,,,,,,,,,,,,,,,,,,,,,,,,,
ثروت خصوصی,,,,,,,,,,,,,,,,,,,,,,,,,,,,,,,,,,,,,,,,,,,,,,,,
ثروت ساز,,,,,,,,,,,,,,,,,,,,,,,,,,,,,,,,,,,,,,,,,,,,,,,,
ثروت ساز2,,,,,,,,,,,,,,,,,,,,,,,,,,,,,,,,,,,,,,,,,,,,,,,,
ثروتم,,,,,,,,,,,,,,,,,,,,,,,,,,,,,,,,,,,,,,,,,,,,,,,,
ثروتم2,,,,,,,,,,,,,,,,,,,,,,,,,,,,,,,,,,,,,,,,,,,,,,,,
ثرود,,,,,,,,,,,,,,,,,,,,,,,,,,,,,,,,,,,,,,,,,,,,,,,,
ثرود3,,,,,,,,,,,,,,,,,,,,,,,,,,,,,,,,,,,,,,,,,,,,,,,,
ثروین,,,,,,,,,,,,,,,,,,,,,,,,,,,,,,,,,,,,,,,,,,,,,,,,
ثروین2,,,,,,,,,,,,,,,,,,,,,,,,,,,,,,,,,,,,,,,,,,,,,,,,
ثزاگرس,,,,,,,,,,,,,,,,,,,,,,,,,,,,,,,,,,,,,,,,,,,,,,,,
ثزاگرس2,,,,,,,,,,,,,,,,,,,,,,,,,,,,,,,,,,,,,,,,,,,,,,,,
ثشاهد,0.0,2026-08-09 18:36:44.149365,8880.0,رد_نمره,,,,4.9,2026-08-09 15:06:44.146146,2026-08-09,86,0.0,256346615940.0,4.7,0,6.523,,,0.67,90.8,,16077,3,48,4.85,"{""atr_14"": 52.0, ""symbol"": ""ثشاهد"", ""live_pe"": 1.9, ""risk_ok"": true, ""decision"": ""رد_نمره"", ""industry"": ""انبوه سازي، املاك و مستغلات"", ""pe_ratio"": 0.27, ""raw_score"": 5.0, ""trend_20d"": ""flat"", ""rule_50_30"": ""رد"", ""final_score"": 5.0, ""score_macro"": 10.0, ""volume_spike"": 0.71, ""current_price"": 3562.0, ""liquidity_pct"": 279475549.666667, ""position_size"": 0, ""adjusted_score"": 0.0, ""rank_in_market"": 48, ""score_feedstock"": 0.0, ""score_liquidity"": 5.0, ""score_technical"": 0.0, ""score_valuation"": 20.0, ""stop_loss_price"": 3313.0, ""nima_free_spread"": 6.523, ""percentile_score"": 90.8, ""price_change_pct"": 0.17, ""rank_in_industry"": 3, ""score_farabourse"": 0.0, ""score_fundamental"": 7.5, ""score_gov_support"": 0.0, ""institutional_ratio"": 0.0, ""score_institutional"": 0.0, ""negative_filters_count"": 0}",True,رد,0.0,0.0,7.5,5.0,7.5,0.0,5.0,0.0,0.0,0.0,0.0,0.0,5.0,20.0,20.0,1405-05-18,8258.0,ثشاهد,2026-09-08,0.75
ثشاهد3,,,,,,,,,,,,,,,,,,,,,,,,,,,,,,,,,,,,,,,,,,,,,,,,
ثشرق,0.0,2026-08-09 18:36:44.149365,17390.0,رد_نمره,,,,4.9,2026-08-09 15:06:44.146146,2026-08-09,87,0.0,308769945244.6667,5.0,0,6.523,,,0.72,90.6,,8216,4,49,4.85,"{""atr_14"": 490.0, ""symbol"": ""ثشرق"", ""live_pe"": 0.5, ""risk_ok"": true, ""decision"": ""رد_نمره"", ""industry"": ""انبوه سازي، املاك و مستغلات"", ""pe_ratio"": 0.08, ""raw_score"": 5.0, ""trend_20d"": ""down"", ""rule_50_30"": ""رد"", ""final_score"": 5.0, ""score_macro"": 10.0, ""volume_spike"": 0.76, ""current_price"": 1821.0, ""liquidity_pct"": 4871917946.033334, ""position_size"": 0, ""adjusted_score"": 0.0, ""rank_in_market"": 49, ""score_feedstock"": 0.0, ""score_liquidity"": 5.0, ""score_technical"": 0.0, ""score_valuation"": 20.0, ""stop_loss_price"": 841.0, ""nima_free_spread"": 6.523, ""percentile_score"": 90.6, ""price_change_pct"": 1.1, ""rank_in_industry"": 4, ""score_farabourse"": 0.0, ""score_fundamental"": 7.5, ""score_gov_support"": 0.0, ""institutional_ratio"": 0.0, ""score_institutional"": 0.0, ""negative_filters_count"": 0}",True,رد,0.0,0.0,7.5,5.0,7.5,0.0,5.0,0.0,0.0,0.0,0.0,0.0,5.0,20.0,20.0,1405-05-18,16173.0,ثشرق,2026-09-08,0.78
ثشرق3,,,,,,,,,,,,,,,,,,,,,,,,,,,,,,,,,,,,,,,,,,,,,,,,
ثشهر,,,,,,,,,,,,,,,,,,,,,,,,,,,,,,,,,,,,,,,,,,,,,,,,
ثعتما,,,,,,,,,,,,,,,,,,,,,,,,,,,,,,,,,,,,,,,,,,,,,,,,
ثعمرا,,,,,,,,,,,,,,,,,,,,,,,,,,,,,,,,,,,,,,,,,,,,,,,,
ثعمرا3,,,,,,,,,,,,,,,,,,,,,,,,,,,,,,,,,,,,,,,,,,,,,,,,
ثعمران فارس,,,,,,,,,,,,,,,,,,,,,,,,,,,,,,,,,,,,,,,,,,,,,,,,
ثغرب,,,,,,,,,,,,,,,,,,,,,,,,,,,,,,,,,,,,,,,,,,,,,,,,
ثغرب3,,,,,,,,,,,,,,,,,,,,,,,,,,,,,,,,,,,,,,,,,,,,,,,,
ثفارس,0.0,2026-08-09 18:36:44.149365,0.0,رد_نمره,,,,4.8,2026-08-09 15:06:44.146146,2026-08-09,88,0.0,0.0,0.0,0,6.523,,,0.0,69.2,,0,6,158,4.75,"{""atr_14"": 278.0, ""symbol"": ""ثفارس"", ""live_pe"": 6.2, ""risk_ok"": true, ""decision"": ""رد_نمره"", ""industry"": ""انبوه سازي، املاك و مستغلات"", ""pe_ratio"": 0.89, ""raw_score"": 4.2, ""trend_20d"": ""down"", ""rule_50_30"": ""رد"", ""final_score"": 4.2, ""score_macro"": 0.0, ""volume_spike"": 0.71, ""current_price"": 6541.0, ""liquidity_pct"": 166080032.8, ""position_size"": 0, ""adjusted_score"": 0.0, ""rank_in_market"": 158, ""score_feedstock"": 0.0, ""score_liquidity"": 5.0, ""score_technical"": 0.0, ""score_valuation"": 20.0, ""stop_loss_price"": 5984.0, ""nima_free_spread"": 6.523, ""percentile_score"": 69.2, ""price_change_pct"": 1.65, ""rank_in_industry"": 6, ""score_farabourse"": 0.0, ""score_fundamental"": 7.5, ""score_gov_support"": 0.0, ""institutional_ratio"": 0.0, ""score_institutional"": 0.0, ""negative_filters_count"": 0}",True,رد,0.0,0.0,7.5,0.0,7.5,0.0,5.0,10.0,0.0,0.0,0.0,0.0,4.2,20.0,20.0,1405-05-18,0.0,ثفارس,2026-09-08,0.0
ثفارس3,,,,,,,,,,,,,,,,,,,,,,,,,,,,,,,,,,,,,,,,,,,,,,,,
ثقزوی,,,,,,,,,,,,,,,,,,,,,,,,,,,,,,,,,,,,,,,,,,,,,,,,
ثقزوی2,,,,,,,,,,,,,,,,,,,,,,,,,,,,,,,,,,,,,,,,,,,,,,,,
ثقزویح,,,,,,,,,,,,,,,,,,,,,,,,,,,,,,,,,,,,,,,,,,,,,,,,
ثمر,,,,,,,,,,,,,,,,,,,,,,,,,,,,,,,,,,,,,,,,,,,,,,,,
ثمر4,,,,,,,,,,,,,,,,,,,,,,,,,,,,,,,,,,,,,,,,,,,,,,,,
ثمسکن,0.0,2026-08-09 18:36:44.149365,0.0,رد_نمره,,,,2.6,2026-08-09 15:06:44.146146,2026-08-09,89,0.0,0.0,0.0,0,6.523,,,0.0,54.7,,0,13,232,2.6,"{""atr_14"": 0.0, ""symbol"": ""ثمسكن"", ""live_pe"": 0.0, ""risk_ok"": true, ""decision"": ""رد_نمره"", ""industry"": ""انبوه سازي، املاك و مستغلات"", ""pe_ratio"": 0.0, ""raw_score"": 2.6, ""trend_20d"": ""flat"", ""rule_50_30"": ""رد"", ""final_score"": 2.6, ""score_macro"": 0.0, ""volume_spike"": 0.0, ""current_price"": 0.0, ""liquidity_pct"": 0.0, ""position_size"": 0, ""adjusted_score"": 0.0, ""rank_in_market"": 232, ""score_feedstock"": 0.0, ""score_liquidity"": 0.0, ""score_technical"": 0.0, ""score_valuation"": 20.0, ""stop_loss_price"": 0, ""nima_free_spread"": 6.523, ""percentile_score"": 54.7, ""price_change_pct"": 0.0, ""rank_in_industry"": 13, ""score_farabourse"": 0.0, ""score_fundamental"": 0.0, ""score_gov_support"": 0.0, ""institutional_ratio"": 0.0, ""score_institutional"": 0.0, ""negative_filters_count"": 0}",True,رد,0.0,0.0,0.0,0.0,0.0,0.0,0.0,0.0,0.0,0.0,0.0,0.0,2.6,20.0,20.0,1405-05-18,0.0,ثمسكن,2026-09-08,0.0
ثمسکن3,,,,,,,,,,,,,,,,,,,,,,,,,,,,,,,,,,,,,,,,,,,,,,,,
ثملي,0.0,2026-08-09 18:36:44.149365,0.0,رد_نمره,,,,2.6,2026-08-09 15:06:44.146146,2026-08-09,90,0.0,0.0,0.0,0,6.523,,,0.0,54.5,,0,14,233,2.6,"{""atr_14"": 0.0, ""symbol"": ""ثملي"", ""live_pe"": 0.0, ""risk_ok"": true, ""decision"": ""رد_نمره"", ""industry"": ""انبوه سازي، املاك و مستغلات"", ""pe_ratio"": 0.0, ""raw_score"": 2.6, ""trend_20d"": ""flat"", ""rule_50_30"": ""رد"", ""final_score"": 2.6, ""score_macro"": 0.0, ""volume_spike"": 0.0, ""current_price"": 0.0, ""liquidity_pct"": 0.0, ""position_size"": 0, ""adjusted_score"": 0.0, ""rank_in_market"": 233, ""score_feedstock"": 0.0, ""score_liquidity"": 0.0, ""score_technical"": 0.0, ""score_valuation"": 20.0, ""stop_loss_price"": 0, ""nima_free_spread"": 6.523, ""percentile_score"": 54.5, ""price_change_pct"": 0.0, ""rank_in_industry"": 14, ""score_farabourse"": 0.0, ""score_fundamental"": 0.0, ""score_gov_support"": 0.0, ""institutional_ratio"": 0.0, ""score_institutional"": 0.0, ""negative_filters_count"": 0}",True,رد,0.0,0.0,0.0,0.0,0.0,0.0,0.0,0.0,0.0,0.0,0.0,0.0,2.6,20.0,20.0,1405-05-18,0.0,ثملي,2026-09-08,0.0
ثمین,,,,,,,,,,,,,,,,,,,,,,,,,,,,,,,,,,,,,,,,,,,,,,,,
ثمین2,,,,,,,,,,,,,,,,,,,,,,,,,,,,,,,,,,,,,,,,,,,,,,,,
ثنا,,,,,,,,,,,,,,,,,,,,,,,,,,,,,,,,,,,,,,,,,,,,,,,,
ثنا2,,,,,,,,,,,,,,,,,,,,,,,,,,,,,,,,,,,,,,,,,,,,,,,,
ثنام,,,,,,,,,,,,,,,,,,,,,,,,,,,,,,,,,,,,,,,,,,,,,,,,
ثنظام,,,,,,,,,,,,,,,,,,,,,,,,,,,,,,,,,,,,,,,,,,,,,,,,
ثنور,,,,,,,,,,,,,,,,,,,,,,,,,,,,,,,,,,,,,,,,,,,,,,,,
ثنور2,,,,,,,,,,,,,,,,,,,,,,,,,,,,,,,,,,,,,,,,,,,,,,,,
ثنوسا,0.0,2026-08-09 18:36:44.149365,7160.0,رد_نمره,,,,2.2,2026-08-09 15:06:44.146146,2026-08-09,91,0.0,75027993380.66667,28.9,0,6.523,,,4.14,64.9,,19960,9,180,2.25,"{""atr_14"": 280.0, ""symbol"": ""ثنوسا"", ""live_pe"": 19.8, ""risk_ok"": true, ""decision"": ""رد_نمره"", ""industry"": ""انبوه سازي، املاك و مستغلات"", ""pe_ratio"": 2.84, ""raw_score"": 2.8, ""trend_20d"": ""down"", ""rule_50_30"": ""رد"", ""final_score"": 2.8, ""score_macro"": 0.0, ""volume_spike"": 6.3, ""current_price"": 4911.0, ""liquidity_pct"": 4471458280.8, ""position_size"": 0, ""adjusted_score"": 0.0, ""rank_in_market"": 180, ""score_feedstock"": 0.0, ""score_liquidity"": 5.0, ""score_technical"": 15.0, ""score_valuation"": 0.0, ""stop_loss_price"": 4351.0, ""nima_free_spread"": 6.523, ""percentile_score"": 64.9, ""price_change_pct"": 4.98, ""rank_in_industry"": 9, ""score_farabourse"": 0.0, ""score_fundamental"": 7.5, ""score_gov_support"": 0.0, ""institutional_ratio"": 0.0, ""score_institutional"": 0.0, ""negative_filters_count"": 0}",True,رد,0.0,0.0,7.5,5.0,7.5,0.0,5.0,0.0,15.0,0.0,0.0,0.0,2.8,0.0,0.0,1405-05-18,6659.0,ثنوسا,2026-09-08,1.17
ثنوسا3,,,,,,,,,,,,,,,,,,,,,,,,,,,,,,,,,,,,,,,,,,,,,,,,
ثهام,,,,,,,,,,,,,,,,,,,,,,,,,,,,,,,,,,,,,,,,,,,,,,,,
ثپردیس,,,,,,,,,,,,,,,,,,,,,,,,,,,,,,,,,,,,,,,,,,,,,,,,
ثپردیس3,,,,,,,,,,,,,,,,,,,,,,,,,,,,,,,,,,,,,,,,,,,,,,,,
ثپهران,,,,,,,,,,,,,,,,,,,,,,,,,,,,,,,,,,,,,,,,,,,,,,,,
ثپهران2,,,,,,,,,,,,,,,,,,,,,,,,,,,,,,,,,,,,,,,,,,,,,,,,
ثپهران3,,,,,,,,,,,,,,,,,,,,,,,,,,,,,,,,,,,,,,,,,,,,,,,,
جام سهند,,,,,,,,,,,,,,,,,,,,,,,,,,,,,,,,,,,,,,,,,,,,,,,,
جام سهند2,,,,,,,,,,,,,,,,,,,,,,,,,,,,,,,,,,,,,,,,,,,,,,,,
جام طلا,,,,,,,,,,,,,,,,,,,,,,,,,,,,,,,,,,,,,,,,,,,,,,,,
جاودان,,,,,,,,,,,,,,,,,,,,,,,,,,,,,,,,,,,,,,,,,,,,,,,,
جسینا,,,,,,,,,,,,,,,,,,,,,,,,,,,,,,,,,,,,,,,,,,,,,,,,
جم,0.0,2026-08-09 18:36:44.149365,0.0,رد_نمره,,,,4.8,2026-08-09 15:06:44.146146,2026-08-09,92,0.0,0.0,0.0,0,6.523,,,0.0,90.4,,0,6,50,4.75,"{""atr_14"": 325.0, ""symbol"": ""جم"", ""live_pe"": 0.4, ""risk_ok"": true, ""decision"": ""رد_نمره"", ""industry"": ""محصولات شيميايي"", ""pe_ratio"": 0.05, ""raw_score"": 5.0, ""trend_20d"": ""flat"", ""rule_50_30"": ""رد"", ""final_score"": 5.0, ""score_macro"": 10.0, ""volume_spike"": 0.25, ""current_price"": 7326.0, ""liquidity_pct"": 5789925964.933333, ""position_size"": 0, ""adjusted_score"": 0.0, ""rank_in_market"": 50, ""score_feedstock"": 0.0, ""score_liquidity"": 5.0, ""score_technical"": 0.0, ""score_valuation"": 20.0, ""stop_loss_price"": 6676.0, ""nima_free_spread"": 6.523, ""percentile_score"": 90.4, ""price_change_pct"": -4.79, ""rank_in_industry"": 6, ""score_farabourse"": 0.0, ""score_fundamental"": 7.5, ""score_gov_support"": 0.0, ""institutional_ratio"": 0.0, ""score_institutional"": 0.0, ""negative_filters_count"": 0}",True,رد,0.0,0.0,7.5,0.0,7.5,0.0,5.0,10.0,0.0,0.0,0.0,0.0,5.0,20.0,20.0,1405-05-18,0.0,جم,2026-09-08,0.0
جم پیلن,0.0,2026-08-09 18:36:44.149365,0.0,رد_نمره,,,,2.6,2026-08-09 15:06:44.146146,2026-08-09,93,0.0,0.0,0.0,0,6.523,,,0.0,54.3,,0,21,234,2.6,"{""atr_14"": 0.0, ""symbol"": ""جم پيلن"", ""live_pe"": 0.0, ""risk_ok"": true, ""decision"": ""رد_نمره"", ""industry"": ""محصولات شيميايي"", ""pe_ratio"": 0.0, ""raw_score"": 2.6, ""trend_20d"": ""flat"", ""rule_50_30"": ""رد"", ""final_score"": 2.6, ""score_macro"": 0.0, ""volume_spike"": 0.0, ""current_price"": 0.0, ""liquidity_pct"": 0.0, ""position_size"": 0, ""adjusted_score"": 0.0, ""rank_in_market"": 234, ""score_feedstock"": 0.0, ""score_liquidity"": 0.0, ""score_technical"": 0.0, ""score_valuation"": 20.0, ""stop_loss_price"": 0, ""nima_free_spread"": 6.523, ""percentile_score"": 54.3, ""price_change_pct"": 0.0, ""rank_in_industry"": 21, ""score_farabourse"": 0.0, ""score_fundamental"": 0.0, ""score_gov_support"": 0.0, ""institutional_ratio"": 0.0, ""score_institutional"": 0.0, ""negative_filters_count"": 0}",True,رد,0.0,0.0,0.0,0.0,0.0,0.0,0.0,0.0,0.0,0.0,0.0,0.0,2.6,20.0,20.0,1405-05-18,0.0,جم پيلن,2026-09-08,0.0
جم پیلن2,,,,,,,,,,,,,,,,,,,,,,,,,,,,,,,,,,,,,,,,,,,,,,,,
جم پیلن3,,,,,,,,,,,,,,,,,,,,,,,,,,,,,,,,,,,,,,,,,,,,,,,,
جم2,,,,,,,,,,,,,,,,,,,,,,,,,,,,,,,,,,,,,,,,,,,,,,,,
جم3,,,,,,,,,,,,,,,,,,,,,,,,,,,,,,,,,,,,,,,,,,,,,,,,
جمکو,,,,,,,,,,,,,,,,,,,,,,,,,,,,,,,,,,,,,,,,,,,,,,,,
جهاد استقلال,,,,,,,,,,,,,,,,,,,,,,,,,,,,,,,,,,,,,,,,,,,,,,,,
جهاد تحقیقات,,,,,,,,,,,,,,,,,,,,,,,,,,,,,,,,,,,,,,,,,,,,,,,,
جهان سهام,,,,,,,,,,,,,,,,,,,,,,,,,,,,,,,,,,,,,,,,,,,,,,,,
جهرم,,,,,,,,,,,,,,,,,,,,,,,,,,,,,,,,,,,,,,,,,,,,,,,,
جهش,,,,,,,,,,,,,,,,,,,,,,,,,,,,,,,,,,,,,,,,,,,,,,,,
جوانه کوچک,,,,,,,,,,,,,,,,,,,,,,,,,,,,,,,,,,,,,,,,,,,,,,,,
جواهر,,,,,,,,,,,,,,,,,,,,,,,,,,,,,,,,,,,,,,,,,,,,,,,,
جواهر2,,,,,,,,,,,,,,,,,,,,,,,,,,,,,,,,,,,,,,,,,,,,,,,,
جوین,,,,,,,,,,,,,,,,,,,,,,,,,,,,,,,,,,,,,,,,,,,,,,,,
جیپ,,,,,,,,,,,,,,,,,,,,,,,,,,,,,,,,,,,,,,,,,,,,,,,,
حآسا,,,,,,,,,,,,,,,,,,,,,,,,,,,,,,,,,,,,,,,,,,,,,,,,
حآسا3,,,,,,,,,,,,,,,,,,,,,,,,,,,,,,,,,,,,,,,,,,,,,,,,
حآساح,,,,,,,,,,,,,,,,,,,,,,,,,,,,,,,,,,,,,,,,,,,,,,,,
حآفرین,,,,,,,,,,,,,,,,,,,,,,,,,,,,,,,,,,,,,,,,,,,,,,,,
حآفرین3,,,,,,,,,,,,,,,,,,,,,,,,,,,,,,,,,,,,,,,,,,,,,,,,
حآفرینح,,,,,,,,,,,,,,,,,,,,,,,,,,,,,,,,,,,,,,,,,,,,,,,,
حاريا,,,,,,,,,,,,,,,,,,,,,,,,,,,,,,,,,,,,,,,,,,,,,,,,
حافظ سهام,,,,,,,,,,,,,,,,,,,,,,,,,,,,,,,,,,,,,,,,,,,,,,,,
حافظان سرمایه سبا معین,,,,,,,,,,,,,,,,,,,,,,,,,,,,,,,,,,,,,,,,,,,,,,,,
حامی بازار,,,,,,,,,,,,,,,,,,,,,,,,,,,,,,,,,,,,,,,,,,,,,,,,
حامی ثابت,,,,,,,,,,,,,,,,,,,,,,,,,,,,,,,,,,,,,,,,,,,,,,,,
حامی مهر پیشگام,,,,,,,,,,,,,,,,,,,,,,,,,,,,,,,,,,,,,,,,,,,,,,,,
حبندر,,,,,,,,,,,,,,,,,,,,,,,,,,,,,,,,,,,,,,,,,,,,,,,,
حبندرح,,,,,,,,,,,,,,,,,,,,,,,,,,,,,,,,,,,,,,,,,,,,,,,,
حتاید,0.0,2026-08-09 18:36:44.149365,0.0,رد_نمره,,,,2.6,2026-08-09 15:06:44.146146,2026-08-09,104,0.0,0.0,0.0,0,6.523,,,0.0,52.9,,0,3,241,2.6,"{""atr_14"": 0.0, ""symbol"": ""حتايد"", ""live_pe"": 0.0, ""risk_ok"": true, ""decision"": ""رد_نمره"", ""industry"": ""حمل ونقل، انبارداري و ارتباطات"", ""pe_ratio"": 0.0, ""raw_score"": 2.6, ""trend_20d"": ""flat"", ""rule_50_30"": ""رد"", ""final_score"": 2.6, ""score_macro"": 0.0, ""volume_spike"": 0.0, ""current_price"": 0.0, ""liquidity_pct"": 0.0, ""position_size"": 0, ""adjusted_score"": 0.0, ""rank_in_market"": 241, ""score_feedstock"": 0.0, ""score_liquidity"": 0.0, ""score_technical"": 0.0, ""score_valuation"": 20.0, ""stop_loss_price"": 0, ""nima_free_spread"": 6.523, ""percentile_score"": 52.9, ""price_change_pct"": 0.0, ""rank_in_industry"": 3, ""score_farabourse"": 0.0, ""score_fundamental"": 0.0, ""score_gov_support"": 0.0, ""institutional_ratio"": 0.0, ""score_institutional"": 0.0, ""negative_filters_count"": 0}",True,رد,0.0,0.0,0.0,0.0,0.0,0.0,0.0,0.0,0.0,0.0,0.0,0.0,2.6,20.0,20.0,1405-05-18,0.0,حتايد,2026-09-08,0.0
حتاید2,,,,,,,,,,,,,,,,,,,,,,,,,,,,,,,,,,,,,,,,,,,,,,,,
حتاید3,,,,,,,,,,,,,,,,,,,,,,,,,,,,,,,,,,,,,,,,,,,,,,,,
حتوکا,0.0,2026-08-09 18:36:44.149365,0.0,رد_نمره,,,,2.6,2026-08-09 15:06:44.146146,2026-08-09,105,0.0,0.0,0.0,0,6.523,,,0.0,52.7,,0,4,242,2.6,"{""atr_14"": 0.0, ""symbol"": ""حتوكا"", ""live_pe"": 0.0, ""risk_ok"": true, ""decision"": ""رد_نمره"", ""industry"": ""حمل ونقل، انبارداري و ارتباطات"", ""pe_ratio"": 0.0, ""raw_score"": 2.6, ""trend_20d"": ""flat"", ""rule_50_30"": ""رد"", ""final_score"": 2.6, ""score_macro"": 0.0, ""volume_spike"": 0.0, ""current_price"": 0.0, ""liquidity_pct"": 0.0, ""position_size"": 0, ""adjusted_score"": 0.0, ""rank_in_market"": 242, ""score_feedstock"": 0.0, ""score_liquidity"": 0.0, ""score_technical"": 0.0, ""score_valuation"": 20.0, ""stop_loss_price"": 0, ""nima_free_spread"": 6.523, ""percentile_score"": 52.7, ""price_change_pct"": 0.0, ""rank_in_industry"": 4, ""score_farabourse"": 0.0, ""score_fundamental"": 0.0, ""score_gov_support"": 0.0, ""institutional_ratio"": 0.0, ""score_institutional"": 0.0, ""negative_filters_count"": 0}",True,رد,0.0,0.0,0.0,0.0,0.0,0.0,0.0,0.0,0.0,0.0,0.0,0.0,2.6,20.0,20.0,1405-05-18,0.0,حتوكا,2026-09-08,0.0
حتوکا3,,,,,,,,,,,,,,,,,,,,,,,,,,,,,,,,,,,,,,,,,,,,,,,,
حخزر,,,,,,,,,,,,,,,,,,,,,,,,,,,,,,,,,,,,,,,,,,,,,,,,
حخزر3,,,,,,,,,,,,,,,,,,,,,,,,,,,,,,,,,,,,,,,,,,,,,,,,
حدریا آبادان,,,,,,,,,,,,,,,,,,,,,,,,,,,,,,,,,,,,,,,,,,,,,,,,
حدید,,,,,,,,,,,,,,,,,,,,,,,,,,,,,,,,,,,,,,,,,,,,,,,,
حرآهن,,,,,,,,,,,,,,,,,,,,,,,,,,,,,,,,,,,,,,,,,,,,,,,,
حرهشا,,,,,,,,,,,,,,,,,,,,,,,,,,,,,,,,,,,,,,,,,,,,,,,,
حرهشا2,,,,,,,,,,,,,,,,,,,,,,,,,,,,,,,,,,,,,,,,,,,,,,,,
حریر خوزستان,,,,,,,,,,,,,,,,,,,,,,,,,,,,,,,,,,,,,,,,,,,,,,,,
حریل,,,,,,,,,,,,,,,,,,,,,,,,,,,,,,,,,,,,,,,,,,,,,,,,
حریل3,,,,,,,,,,,,,,,,,,,,,,,,,,,,,,,,,,,,,,,,,,,,,,,,
حسیر,,,,,,,,,,,,,,,,,,,,,,,,,,,,,,,,,,,,,,,,,,,,,,,,
حسیر3,,,,,,,,,,,,,,,,,,,,,,,,,,,,,,,,,,,,,,,,,,,,,,,,
حسینا,,,,,,,,,,,,,,,,,,,,,,,,,,,,,,,,,,,,,,,,,,,,,,,,
حسینا3,,,,,,,,,,,,,,,,,,,,,,,,,,,,,,,,,,,,,,,,,,,,,,,,
حشکوه,,,,,,,,,,,,,,,,,,,,,,,,,,,,,,,,,,,,,,,,,,,,,,,,
حفارس,0.0,2026-08-09 18:36:44.149365,5600.0,رد_نمره,,,,3.5,2026-08-09 15:06:44.146146,2026-08-09,106,0.0,344895177518.3333,9.4,0,6.523,,,1.45,72.2,,25510,2,143,3.55,"{""atr_14"": 1000.0, ""symbol"": ""حفارس"", ""live_pe"": 1.7, ""risk_ok"": true, ""decision"": ""رد_نمره"", ""industry"": ""حمل ونقل، انبارداري و ارتباطات"", ""pe_ratio"": 0.26, ""raw_score"": 4.75, ""trend_20d"": ""flat"", ""rule_50_30"": ""رد"", ""final_score"": 4.8, ""score_macro"": 10.0, ""volume_spike"": 0.0, ""current_price"": 1000.0, ""liquidity_pct"": 0.0, ""position_size"": 0, ""adjusted_score"": 0.0, ""rank_in_market"": 143, ""score_feedstock"": 0.0, ""score_liquidity"": 0.0, ""score_technical"": 0.0, ""score_valuation"": 20.0, ""stop_loss_price"": -1000.0, ""nima_free_spread"": 6.523, ""percentile_score"": 72.2, ""price_change_pct"": 0.0, ""rank_in_industry"": 2, ""score_farabourse"": 0.0, ""score_fundamental"": 7.5, ""score_gov_support"": 0.0, ""institutional_ratio"": 0.0, ""score_institutional"": 0.0, ""negative_filters_count"": 0}",True,رد,0.0,0.0,7.5,5.0,7.5,0.0,0.0,0.0,0.0,0.0,0.0,0.0,4.8,10.0,20.0,1405-05-18,5208.0,حفارس,2026-09-08,0.28
حفارس2,,,,,,,,,,,,,,,,,,,,,,,,,,,,,,,,,,,,,,,,,,,,,,,,
حفارس3,,,,,,,,,,,,,,,,,,,,,,,,,,,,,,,,,,,,,,,,,,,,,,,,
حفاري2,,,,,,,,,,,,,,,,,,,,,,,,,,,,,,,,,,,,,,,,,,,,,,,,
حفاری,0.0,2026-08-09 18:36:44.149365,0.0,رد_نمره,,,,2.6,2026-08-09 15:06:44.146146,2026-08-09,107,0.0,0.0,0.0,0,6.523,,,0.0,52.5,,0,2,243,2.6,"{""atr_14"": 0.0, ""symbol"": ""حفاري"", ""live_pe"": 0.0, ""risk_ok"": true, ""decision"": ""رد_نمره"", ""industry"": ""استخراج نفت گاز و خدمات جنبي جز اکتشاف"", ""pe_ratio"": 0.0, ""raw_score"": 2.6, ""trend_20d"": ""flat"", ""rule_50_30"": ""رد"", ""final_score"": 2.6, ""score_macro"": 0.0, ""volume_spike"": 0.0, ""current_price"": 0.0, ""liquidity_pct"": 0.0, ""position_size"": 0, ""adjusted_score"": 0.0, ""rank_in_market"": 243, ""score_feedstock"": 0.0, ""score_liquidity"": 0.0, ""score_technical"": 0.0, ""score_valuation"": 20.0, ""stop_loss_price"": 0, ""nima_free_spread"": 6.523, ""percentile_score"": 52.5, ""price_change_pct"": 0.0, ""rank_in_industry"": 2, ""score_farabourse"": 0.0, ""score_fundamental"": 0.0, ""score_gov_support"": 0.0, ""institutional_ratio"": 0.0, ""score_institutional"": 0.0, ""negative_filters_count"": 0}",True,رد,0.0,0.0,0.0,0.0,0.0,0.0,0.0,0.0,0.0,0.0,0.0,0.0,2.6,20.0,20.0,1405-05-18,0.0,حفاري,2026-09-08,0.0
حفاری3,,,,,,,,,,,,,,,,,,,,,,,,,,,,,,,,,,,,,,,,,,,,,,,,
حفجر,0.0,2026-08-09 18:36:44.149365,0.0,رد_نمره,,,,2.6,2026-08-09 15:06:44.146146,2026-08-09,108,0.0,0.0,0.0,0,6.523,,,0.0,52.4,,0,1,244,2.6,"{""atr_14"": 0.0, ""symbol"": ""حفجر"", ""live_pe"": 0.0, ""risk_ok"": true, ""decision"": ""رد_نمره"", ""industry"": ""حمل و نقل آبي"", ""pe_ratio"": 0.0, ""raw_score"": 2.6, ""trend_20d"": ""flat"", ""rule_50_30"": ""رد"", ""final_score"": 2.6, ""score_macro"": 0.0, ""volume_spike"": 0.0, ""current_price"": 0.0, ""liquidity_pct"": 0.0, ""position_size"": 0, ""adjusted_score"": 0.0, ""rank_in_market"": 244, ""score_feedstock"": 0.0, ""score_liquidity"": 0.0, ""score_technical"": 0.0, ""score_valuation"": 20.0, ""stop_loss_price"": 0, ""nima_free_spread"": 6.523, ""percentile_score"": 52.4, ""price_change_pct"": 0.0, ""rank_in_industry"": 1, ""score_farabourse"": 0.0, ""score_fundamental"": 0.0, ""score_gov_support"": 0.0, ""institutional_ratio"": 0.0, ""score_institutional"": 0.0, ""negative_filters_count"": 0}",True,رد,0.0,0.0,0.0,0.0,0.0,0.0,0.0,0.0,0.0,0.0,0.0,0.0,2.6,20.0,20.0,1405-05-18,0.0,حفجر,2026-09-08,0.0
حمل و نقل جاده ای بین شهری کالای مازند ترابر نکا,,,,,,,,,,,,,,,,,,,,,,,,,,,,,,,,,,,,,,,,,,,,,,,,
حمل و نقل پرسی گاز,,,,,,,,,,,,,,,,,,,,,,,,,,,,,,,,,,,,,,,,,,,,,,,,
حمل ونقل اعتماد ترابر گروس,,,,,,,,,,,,,,,,,,,,,,,,,,,,,,,,,,,,,,,,,,,,,,,,
حپارسا,,,,,,,,,,,,,,,,,,,,,,,,,,,,,,,,,,,,,,,,,,,,,,,,
حپارسا2,,,,,,,,,,,,,,,,,,,,,,,,,,,,,,,,,,,,,,,,,,,,,,,,
حپارسا3,,,,,,,,,,,,,,,,,,,,,,,,,,,,,,,,,,,,,,,,,,,,,,,,
حپترو,0.0,2026-08-09 18:36:44.149365,0.0,رد_نمره,,,,4.8,2026-08-09 15:06:44.146146,2026-08-09,103,0.0,0.0,0.0,0,6.523,,,0.0,89.8,,0,1,53,4.75,"{""atr_14"": 266.0, ""symbol"": ""حپترو"", ""live_pe"": 3.0, ""risk_ok"": true, ""decision"": ""رد_نمره"", ""industry"": ""حمل ونقل، انبارداري و ارتباطات"", ""pe_ratio"": 0.53, ""raw_score"": 5.0, ""trend_20d"": ""flat"", ""rule_50_30"": ""رد"", ""final_score"": 5.0, ""score_macro"": 10.0, ""volume_spike"": 1.02, ""current_price"": 7397.0, ""liquidity_pct"": 140449385.0, ""position_size"": 0, ""adjusted_score"": 0.0, ""rank_in_market"": 53, ""score_feedstock"": 0.0, ""score_liquidity"": 5.0, ""score_technical"": 0.0, ""score_valuation"": 20.0, ""stop_loss_price"": 6866.0, ""nima_free_spread"": 6.523, ""percentile_score"": 89.8, ""price_change_pct"": 1.87, ""rank_in_industry"": 1, ""score_farabourse"": 0.0, ""score_fundamental"": 7.5, ""score_gov_support"": 0.0, ""institutional_ratio"": 0.0, ""score_institutional"": 0.0, ""negative_filters_count"": 0}",True,رد,0.0,0.0,7.5,0.0,7.5,0.0,5.0,10.0,0.0,0.0,0.0,0.0,5.0,20.0,20.0,1405-05-18,0.0,حپترو,2026-09-08,0.0
حپترو3,,,,,,,,,,,,,,,,,,,,,,,,,,,,,,,,,,,,,,,,,,,,,,,,
حپرتو,,,,,,,,,,,,,,,,,,,,,,,,,,,,,,,,,,,,,,,,,,,,,,,,
حپرتو3,,,,,,,,,,,,,,,,,,,,,,,,,,,,,,,,,,,,,,,,,,,,,,,,
حکشتی,0.0,2026-08-09 18:36:44.149365,0.0,رد_نمره,,,,2.6,2026-08-09 15:06:44.146146,2026-08-09,109,0.0,0.0,0.0,0,6.523,,,0.0,52.2,,0,5,245,2.6,"{""atr_14"": 0.0, ""symbol"": ""حكشتي"", ""live_pe"": 0.0, ""risk_ok"": true, ""decision"": ""رد_نمره"", ""industry"": ""حمل ونقل، انبارداري و ارتباطات"", ""pe_ratio"": 0.0, ""raw_score"": 2.6, ""trend_20d"": ""flat"", ""rule_50_30"": ""رد"", ""final_score"": 2.6, ""score_macro"": 0.0, ""volume_spike"": 0.0, ""current_price"": 0.0, ""liquidity_pct"": 0.0, ""position_size"": 0, ""adjusted_score"": 0.0, ""rank_in_market"": 245, ""score_feedstock"": 0.0, ""score_liquidity"": 0.0, ""score_technical"": 0.0, ""score_valuation"": 20.0, ""stop_loss_price"": 0, ""nima_free_spread"": 6.523, ""percentile_score"": 52.2, ""price_change_pct"": 0.0, ""rank_in_industry"": 5, ""score_farabourse"": 0.0, ""score_fundamental"": 0.0, ""score_gov_support"": 0.0, ""institutional_ratio"": 0.0, ""score_institutional"": 0.0, ""negative_filters_count"": 0}",True,رد,0.0,0.0,0.0,0.0,0.0,0.0,0.0,0.0,0.0,0.0,0.0,0.0,2.6,20.0,20.0,1405-05-18,0.0,حكشتي,2026-09-08,0.0
حکشتی3,,,,,,,,,,,,,,,,,,,,,,,,,,,,,,,,,,,,,,,,,,,,,,,,
حکمت بازار,,,,,,,,,,,,,,,,,,,,,,,,,,,,,,,,,,,,,,,,,,,,,,,,
حگردش,,,,,,,,,,,,,,,,,,,,,,,,,,,,,,,,,,,,,,,,,,,,,,,,
حگهر,,,,,,,,,,,,,,,,,,,,,,,,,,,,,,,,,,,,,,,,,,,,,,,,
حگهر2,,,,,,,,,,,,,,,,,,,,,,,,,,,,,,,,,,,,,,,,,,,,,,,,
حگهر3,,,,,,,,,,,,,,,,,,,,,,,,,,,,,,,,,,,,,,,,,,,,,,,,
حیات,,,,,,,,,,,,,,,,,,,,,,,,,,,,,,,,,,,,,,,,,,,,,,,,
حیاتح,,,,,,,,,,,,,,,,,,,,,,,,,,,,,,,,,,,,,,,,,,,,,,,,
حیان کرمان,,,,,,,,,,,,,,,,,,,,,,,,,,,,,,,,,,,,,,,,,,,,,,,,
خاتم,,,,,,,,,,,,,,,,,,,,,,,,,,,,,,,,,,,,,,,,,,,,,,,,
خاتم2,,,,,,,,,,,,,,,,,,,,,,,,,,,,,,,,,,,,,,,,,,,,,,,,
خاذین,0.0,2026-08-09 18:36:44.149365,0.0,رد_نمره,,,,2.6,2026-08-09 15:06:44.146146,2026-08-09,110,0.0,0.0,0.0,0,6.523,,,0.0,52.0,,0,10,246,2.6,"{""atr_14"": 0.0, ""symbol"": ""خاذين"", ""live_pe"": 0.0, ""risk_ok"": true, ""decision"": ""رد_نمره"", ""industry"": ""خودرو و ساخت قطعات"", ""pe_ratio"": 0.0, ""raw_score"": 2.6, ""trend_20d"": ""flat"", ""rule_50_30"": ""رد"", ""final_score"": 2.6, ""score_macro"": 0.0, ""volume_spike"": 0.0, ""current_price"": 0.0, ""liquidity_pct"": 0.0, ""position_size"": 0, ""adjusted_score"": 0.0, ""rank_in_market"": 246, ""score_feedstock"": 0.0, ""score_liquidity"": 0.0, ""score_technical"": 0.0, ""score_valuation"": 20.0, ""stop_loss_price"": 0, ""nima_free_spread"": 6.523, ""percentile_score"": 52.0, ""price_change_pct"": 0.0, ""rank_in_industry"": 10, ""score_farabourse"": 0.0, ""score_fundamental"": 0.0, ""score_gov_support"": 0.0, ""institutional_ratio"": 0.0, ""score_institutional"": 0.0, ""negative_filters_count"": 0}",True,رد,0.0,0.0,0.0,0.0,0.0,0.0,0.0,0.0,0.0,0.0,0.0,0.0,2.6,20.0,20.0,1405-05-18,0.0,خاذين,2026-09-08,0.0
خاذین3,,,,,,,,,,,,,,,,,,,,,,,,,,,,,,,,,,,,,,,,,,,,,,,,
خانه ای بی,,,,,,,,,,,,,,,,,,,,,,,,,,,,,,,,,,,,,,,,,,,,,,,,
خانه سازی پیش ساخته آذربایجان,,,,,,,,,,,,,,,,,,,,,,,,,,,,,,,,,,,,,,,,,,,,,,,,
خاهن,0.0,2026-08-09 18:36:44.149365,0.0,رد_نمره,,,,2.6,2026-08-09 15:06:44.146146,2026-08-09,111,0.0,0.0,0.0,0,6.523,,,0.0,51.8,,0,11,247,2.6,"{""atr_14"": 0.0, ""symbol"": ""خاهن"", ""live_pe"": 0.0, ""risk_ok"": true, ""decision"": ""رد_نمره"", ""industry"": ""خودرو و ساخت قطعات"", ""pe_ratio"": 0.0, ""raw_score"": 2.6, ""trend_20d"": ""flat"", ""rule_50_30"": ""رد"", ""final_score"": 2.6, ""score_macro"": 0.0, ""volume_spike"": 0.0, ""current_price"": 0.0, ""liquidity_pct"": 0.0, ""position_size"": 0, ""adjusted_score"": 0.0, ""rank_in_market"": 247, ""score_feedstock"": 0.0, ""score_liquidity"": 0.0, ""score_technical"": 0.0, ""score_valuation"": 20.0, ""stop_loss_price"": 0, ""nima_free_spread"": 6.523, ""percentile_score"": 51.8, ""price_change_pct"": 0.0, ""rank_in_industry"": 11, ""score_farabourse"": 0.0, ""score_fundamental"": 0.0, ""score_gov_support"": 0.0, ""institutional_ratio"": 0.0, ""score_institutional"": 0.0, ""negative_filters_count"": 0}",True,رد,0.0,0.0,0.0,0.0,0.0,0.0,0.0,0.0,0.0,0.0,0.0,0.0,2.6,20.0,20.0,1405-05-18,0.0,خاهن,2026-09-08,0.0
خاور,0.0,2026-08-09 18:36:44.149365,1388.0,رد_نمره,,,,4.9,2026-08-09 15:06:44.146146,2026-08-09,112,0.0,697730543412.0667,3.8,0,6.523,,,0.59,10.2,,103092,24,459,4.85,"{""atr_14"": 354.0, ""symbol"": ""خاور"", ""live_pe"": 14.0, ""risk_ok"": true, ""decision"": ""رد_نمره"", ""industry"": ""خودرو و ساخت قطعات"", ""pe_ratio"": 2.15, ""raw_score"": 2.25, ""trend_20d"": ""up"", ""rule_50_30"": ""رد"", ""final_score"": 2.2, ""score_macro"": 0.0, ""volume_spike"": 1.78, ""current_price"": 5094.0, ""liquidity_pct"": 1020875193298.7667, ""position_size"": 0, ""adjusted_score"": 0.0, ""rank_in_market"": 459, ""score_feedstock"": 0.0, ""score_liquidity"": 5.0, ""score_technical"": 0.0, ""score_valuation"": 0.0, ""stop_loss_price"": 4386.0, ""nima_free_spread"": 6.523, ""percentile_score"": 10.2, ""price_change_pct"": 2.36, ""rank_in_industry"": 24, ""score_farabourse"": 0.0, ""score_fundamental"": 7.5, ""score_gov_support"": 5.0, ""institutional_ratio"": 0.0, ""score_institutional"": 0.0, ""negative_filters_count"": 0}",True,رد,0.0,0.0,7.5,5.0,7.5,0.0,5.0,0.0,0.0,0.0,5.0,0.0,2.2,20.0,0.0,1405-05-18,1291.0,خاور,2026-09-08,1.1
خاور3,,,,,,,,,,,,,,,,,,,,,,,,,,,,,,,,,,,,,,,,,,,,,,,,
خاورمیانه بازار,,,,,,,,,,,,,,,,,,,,,,,,,,,,,,,,,,,,,,,,,,,,,,,,
خاورمیانه ثابت,,,,,,,,,,,,,,,,,,,,,,,,,,,,,,,,,,,,,,,,,,,,,,,,
خاورمیانه سهام,,,,,,,,,,,,,,,,,,,,,,,,,,,,,,,,,,,,,,,,,,,,,,,,
خاکریز,,,,,,,,,,,,,,,,,,,,,,,,,,,,,,,,,,,,,,,,,,,,,,,,
خبازرس,,,,,,,,,,,,,,,,,,,,,,,,,,,,,,,,,,,,,,,,,,,,,,,,
خبرنا,,,,,,,,,,,,,,,,,,,,,,,,,,,,,,,,,,,,,,,,,,,,,,,,
خبرنا2,,,,,,,,,,,,,,,,,,,,,,,,,,,,,,,,,,,,,,,,,,,,,,,,
خبرنا3,,,,,,,,,,,,,,,,,,,,,,,,,,,,,,,,,,,,,,,,,,,,,,,,
خبره,,,,,,,,,,,,,,,,,,,,,,,,,,,,,,,,,,,,,,,,,,,,,,,,
خبرگان,,,,,,,,,,,,,,,,,,,,,,,,,,,,,,,,,,,,,,,,,,,,,,,,
خبرگان بازار,,,,,,,,,,,,,,,,,,,,,,,,,,,,,,,,,,,,,,,,,,,,,,,,
خبرگان2,,,,,,,,,,,,,,,,,,,,,,,,,,,,,,,,,,,,,,,,,,,,,,,,
خبنیان,,,,,,,,,,,,,,,,,,,,,,,,,,,,,,,,,,,,,,,,,,,,,,,,
خبنیان2,,,,,,,,,,,,,,,,,,,,,,,,,,,,,,,,,,,,,,,,,,,,,,,,
خبهمن,0.0,2026-08-09 18:36:44.149365,1974.0,رد_نمره,,,,7.0,2026-08-09 15:06:44.146146,2026-08-09,113,0.0,587929031133.4667,0.9,0,6.523,,,0.14,98.0,,72463,3,11,7.0,"{""atr_14"": 50.0, ""symbol"": ""خبهمن"", ""live_pe"": 1.2, ""risk_ok"": true, ""decision"": ""رد_نمره"", ""industry"": ""خودرو و ساخت قطعات"", ""pe_ratio"": 0.18, ""raw_score"": 6.35, ""trend_20d"": ""flat"", ""rule_50_30"": ""رد"", ""final_score"": 6.3, ""score_macro"": 10.0, ""volume_spike"": 0.1, ""current_price"": 2680.0, ""liquidity_pct"": 409498698.866667, ""position_size"": 0, ""adjusted_score"": 0.0, ""rank_in_market"": 11, ""score_feedstock"": 0.0, ""score_liquidity"": 5.0, ""score_technical"": 0.0, ""score_valuation"": 20.0, ""stop_loss_price"": 2492.0, ""nima_free_spread"": 6.523, ""percentile_score"": 98.0, ""price_change_pct"": -0.48, ""rank_in_industry"": 3, ""score_farabourse"": 0.0, ""score_fundamental"": 15.0, ""score_gov_support"": 0.0, ""institutional_ratio"": 0.0, ""score_institutional"": 0.0, ""negative_filters_count"": 0}",True,رد,0.0,0.0,15.0,5.0,15.0,0.0,5.0,10.0,0.0,0.0,0.0,0.0,6.3,20.0,20.0,1405-05-18,1836.0,خبهمن,2026-09-08,0.69
خبهمن3,,,,,,,,,,,,,,,,,,,,,,,,,,,,,,,,,,,,,,,,,,,,,,,,
ختراک,0.0,2026-08-09 18:36:44.149365,0.0,رد_نمره,,,,2.6,2026-08-09 15:06:44.146146,2026-08-09,116,0.0,0.0,0.0,0,6.523,,,0.0,51.4,,0,13,249,2.6,"{""atr_14"": 0.0, ""symbol"": ""ختراك"", ""live_pe"": 0.0, ""risk_ok"": true, ""decision"": ""رد_نمره"", ""industry"": ""خودرو و ساخت قطعات"", ""pe_ratio"": 0.0, ""raw_score"": 2.6, ""trend_20d"": ""flat"", ""rule_50_30"": ""رد"", ""final_score"": 2.6, ""score_macro"": 0.0, ""volume_spike"": 0.0, ""current_price"": 0.0, ""liquidity_pct"": 0.0, ""position_size"": 0, ""adjusted_score"": 0.0, ""rank_in_market"": 249, ""score_feedstock"": 0.0, ""score_liquidity"": 0.0, ""score_technical"": 0.0, ""score_valuation"": 20.0, ""stop_loss_price"": 0, ""nima_free_spread"": 6.523, ""percentile_score"": 51.4, ""price_change_pct"": 0.0, ""rank_in_industry"": 13, ""score_farabourse"": 0.0, ""score_fundamental"": 0.0, ""score_gov_support"": 0.0, ""institutional_ratio"": 0.0, ""score_institutional"": 0.0, ""negative_filters_count"": 0}",True,رد,0.0,0.0,0.0,0.0,0.0,0.0,0.0,0.0,0.0,0.0,0.0,0.0,2.6,20.0,20.0,1405-05-18,0.0,ختراك,2026-09-08,0.0
ختراک3,,,,,,,,,,,,,,,,,,,,,,,,,,,,,,,,,,,,,,,,,,,,,,,,
ختور,0.0,2026-08-09 18:36:44.149365,2572.0,رد_نمره,,,,3.0,2026-08-09 15:06:44.146146,2026-08-09,117,0.0,131801119833.2,0.9,0,6.523,,,89.93,11.0,,62500,22,455,3.05,"{""atr_14"": 0.0, ""symbol"": ""ختور"", ""live_pe"": 1.3, ""risk_ok"": true, ""decision"": ""رد_نمره"", ""industry"": ""خودرو و ساخت قطعات"", ""pe_ratio"": 126.75, ""raw_score"": 2.4, ""trend_20d"": ""flat"", ""rule_50_30"": ""رد"", ""final_score"": 2.4, ""score_macro"": 10.0, ""volume_spike"": 0.01, ""current_price"": 3625.0, ""liquidity_pct"": 5437801.766667, ""position_size"": 0, ""adjusted_score"": 0.0, ""rank_in_market"": 455, ""score_feedstock"": 0.0, ""score_liquidity"": 5.0, ""score_technical"": 0.0, ""score_valuation"": 0.0, ""stop_loss_price"": 3371.0, ""nima_free_spread"": 6.523, ""percentile_score"": 11.0, ""price_change_pct"": 0.0, ""rank_in_industry"": 22, ""score_farabourse"": 0.0, ""score_fundamental"": 7.5, ""score_gov_support"": 0.0, ""institutional_ratio"": 0.0, ""score_institutional"": 0.0, ""negative_filters_count"": 0}",True,رد,0.0,0.0,7.5,5.0,7.5,0.0,5.0,10.0,0.0,0.0,0.0,0.0,2.4,0.0,0.0,1405-05-18,2412.0,ختور,2026-09-08,0.78
ختور3,,,,,,,,,,,,,,,,,,,,,,,,,,,,,,,,,,,,,,,,,,,,,,,,
ختوسعه,,,,,,,,,,,,,,,,,,,,,,,,,,,,,,,,,,,,,,,,,,,,,,,,
ختوقا,0.0,2026-08-09 18:36:44.149365,4540.0,رد_نمره,,,,4.9,2026-08-09 15:06:44.146146,2026-08-09,118,0.0,142324408821.06668,8.9,0,6.523,,,1.37,65.3,,31446,9,178,4.9,"{""atr_14"": 195.0, ""symbol"": ""ختوقا"", ""live_pe"": 18.2, ""risk_ok"": true, ""decision"": ""رد_نمره"", ""industry"": ""خودرو و ساخت قطعات"", ""pe_ratio"": 2.8, ""raw_score"": 2.95, ""trend_20d"": ""down"", ""rule_50_30"": ""رد"", ""final_score"": 2.9, ""score_macro"": 0.0, ""volume_spike"": 0.31, ""current_price"": 9232.0, ""liquidity_pct"": 153722339.533333, ""position_size"": 0, ""adjusted_score"": 0.0, ""rank_in_market"": 178, ""score_feedstock"": 0.0, ""score_liquidity"": 5.0, ""score_technical"": 0.0, ""score_valuation"": 0.0, ""stop_loss_price"": 8586.0, ""nima_free_spread"": 6.523, ""percentile_score"": 65.3, ""price_change_pct"": -0.77, ""rank_in_industry"": 9, ""score_farabourse"": 0.0, ""score_fundamental"": 15.0, ""score_gov_support"": 0.0, ""institutional_ratio"": 0.0, ""score_institutional"": 0.0, ""negative_filters_count"": 0}",True,رد,0.0,0.0,15.0,5.0,15.0,0.0,5.0,0.0,0.0,0.0,0.0,0.0,2.9,10.0,0.0,1405-05-18,4222.0,ختوقا,2026-09-08,0.5
ختوقا3,,,,,,,,,,,,,,,,,,,,,,,,,,,,,,,,,,,,,,,,,,,,,,,,
خدمات ارزی و صرافی بانک مسکن (صرافی پاسخگو),,,,,,,,,,,,,,,,,,,,,,,,,,,,,,,,,,,,,,,,,,,,,,,,
خدمات ارزی و صرافی حکمت ایرانیان,,,,,,,,,,,,,,,,,,,,,,,,,,,,,,,,,,,,,,,,,,,,,,,,
خدمات ارزی و صرافی مهر(صرافی مهر 83),,,,,,,,,,,,,,,,,,,,,,,,,,,,,,,,,,,,,,,,,,,,,,,,
خدمات انفورماتیک کیش,,,,,,,,,,,,,,,,,,,,,,,,,,,,,,,,,,,,,,,,,,,,,,,,
خدمات بازرگانی پشتیبانی آتیه اندیشان امید شهریار,,,,,,,,,,,,,,,,,,,,,,,,,,,,,,,,,,,,,,,,,,,,,,,,
خدمات بیمه ای شرف اطمینان,,,,,,,,,,,,,,,,,,,,,,,,,,,,,,,,,,,,,,,,,,,,,,,,
خدمات بیمه ای همراه اندیشان فرتاک,,,,,,,,,,,,,,,,,,,,,,,,,,,,,,,,,,,,,,,,,,,,,,,,
خدمات بیمه ای پوشش,,,,,,,,,,,,,,,,,,,,,,,,,,,,,,,,,,,,,,,,,,,,,,,,
خدمات بیمه ای پوشش توسعه بهشهر,,,,,,,,,,,,,,,,,,,,,,,,,,,,,,,,,,,,,,,,,,,,,,,,
خدمات بیمه ای پوشش جاده ابریشم,,,,,,,,,,,,,,,,,,,,,,,,,,,,,,,,,,,,,,,,,,,,,,,,
خدمات درمانی میلاد سلامت اهواز,,,,,,,,,,,,,,,,,,,,,,,,,,,,,,,,,,,,,,,,,,,,,,,,
خدمات درمانی میلاد سلامت ایلام,,,,,,,,,,,,,,,,,,,,,,,,,,,,,,,,,,,,,,,,,,,,,,,,
خدمات رفاهی نفت,,,,,,,,,,,,,,,,,,,,,,,,,,,,,,,,,,,,,,,,,,,,,,,,
خدمات رفاهی کارکنان همراه اول,,,,,,,,,,,,,,,,,,,,,,,,,,,,,,,,,,,,,,,,,,,,,,,,
خدمات شایسته نیرو,,,,,,,,,,,,,,,,,,,,,,,,,,,,,,,,,,,,,,,,,,,,,,,,
خدمات مسافرت هوائی جهانگردی و زیارتی ارس,,,,,,,,,,,,,,,,,,,,,,,,,,,,,,,,,,,,,,,,,,,,,,,,
خدمات مسافرت هوایی گردشگری و زیارتی رفاهت سفرایرانیان,,,,,,,,,,,,,,,,,,,,,,,,,,,,,,,,,,,,,,,,,,,,,,,,
خدمات مهندسی مشاور ایران,,,,,,,,,,,,,,,,,,,,,,,,,,,,,,,,,,,,,,,,,,,,,,,,
خدمات هلیکوپتری نوید,,,,,,,,,,,,,,,,,,,,,,,,,,,,,,,,,,,,,,,,,,,,,,,,
خدمات هوایی و زیارتی سوری نت پرواز,,,,,,,,,,,,,,,,,,,,,,,,,,,,,,,,,,,,,,,,,,,,,,,,
خدمات هوایی پست و مخابرات (پیام),,,,,,,,,,,,,,,,,,,,,,,,,,,,,,,,,,,,,,,,,,,,,,,,
خدمات و پشتیبانی توسعه تعاون,,,,,,,,,,,,,,,,,,,,,,,,,,,,,,,,,,,,,,,,,,,,,,,,
خدمات گستر صبا,,,,,,,,,,,,,,,,,,,,,,,,,,,,,,,,,,,,,,,,,,,,,,,,
خدماتی مجتمع صنایع داروسازی,,,,,,,,,,,,,,,,,,,,,,,,,,,,,,,,,,,,,,,,,,,,,,,,
خدیزل,,,,,,,,,,,,,,,,,,,,,,,,,,,,,,,,,,,,,,,,,,,,,,,,
خدیزل2,,,,,,,,,,,,,,,,,,,,,,,,,,,,,,,,,,,,,,,,,,,,,,,,
خدیزل3,,,,,,,,,,,,,,,,,,,,,,,,,,,,,,,,,,,,,,,,,,,,,,,,
خراسان,0.0,2026-08-09 18:36:44.149365,47540.0,رد_نمره,,,,5.7,2026-08-09 15:06:44.146146,2026-08-09,120,0.0,388658070329.3333,1.7,0,6.523,,,0.25,93.7,,3004,2,33,5.65,"{""atr_14"": 516.0, ""symbol"": ""خراسان"", ""live_pe"": 0.6, ""risk_ok"": true, ""decision"": ""رد_نمره"", ""industry"": ""محصولات شيميايي"", ""pe_ratio"": 0.08, ""raw_score"": 5.6, ""trend_20d"": ""down"", ""rule_50_30"": ""رد"", ""final_score"": 5.6, ""score_macro"": 10.0, ""volume_spike"": 2.95, ""current_price"": 15624.0, ""liquidity_pct"": 9888068330.0, ""position_size"": 0, ""adjusted_score"": 0.0, ""rank_in_market"": 33, ""score_feedstock"": 0.0, ""score_liquidity"": 5.0, ""score_technical"": 7.5, ""score_valuation"": 20.0, ""stop_loss_price"": 14530.0, ""nima_free_spread"": 6.523, ""percentile_score"": 93.7, ""price_change_pct"": 1.18, ""rank_in_industry"": 2, ""score_farabourse"": 0.0, ""score_fundamental"": 7.5, ""score_gov_support"": 0.0, ""institutional_ratio"": 0.0, ""score_institutional"": 0.0, ""negative_filters_count"": 0}",True,رد,0.0,0.0,7.5,5.0,7.5,0.0,5.0,10.0,7.5,0.0,0.0,0.0,5.6,20.0,20.0,1405-05-18,44212.0,خراسان,2026-09-08,1.38
خراسان3,,,,,,,,,,,,,,,,,,,,,,,,,,,,,,,,,,,,,,,,,,,,,,,,
خرفاه پردیس,,,,,,,,,,,,,,,,,,,,,,,,,,,,,,,,,,,,,,,,,,,,,,,,
خریخت,0.0,2026-08-09 18:36:44.149365,0.0,رد_نمره,,,,2.6,2026-08-09 15:06:44.146146,2026-08-09,121,0.0,0.0,0.0,0,6.523,,,0.0,51.2,,0,14,250,2.6,"{""atr_14"": 0.0, ""symbol"": ""خريخت"", ""live_pe"": 0.0, ""risk_ok"": true, ""decision"": ""رد_نمره"", ""industry"": ""خودرو و ساخت قطعات"", ""pe_ratio"": 0.0, ""raw_score"": 2.6, ""trend_20d"": ""flat"", ""rule_50_30"": ""رد"", ""final_score"": 2.6, ""score_macro"": 0.0, ""volume_spike"": 0.0, ""current_price"": 0.0, ""liquidity_pct"": 0.0, ""position_size"": 0, ""adjusted_score"": 0.0, ""rank_in_market"": 250, ""score_feedstock"": 0.0, ""score_liquidity"": 0.0, ""score_technical"": 0.0, ""score_valuation"": 20.0, ""stop_loss_price"": 0, ""nima_free_spread"": 6.523, ""percentile_score"": 51.2, ""price_change_pct"": 0.0, ""rank_in_industry"": 14, ""score_farabourse"": 0.0, ""score_fundamental"": 0.0, ""score_gov_support"": 0.0, ""institutional_ratio"": 0.0, ""score_institutional"": 0.0, ""negative_filters_count"": 0}",True,رد,0.0,0.0,0.0,0.0,0.0,0.0,0.0,0.0,0.0,0.0,0.0,0.0,2.6,20.0,20.0,1405-05-18,0.0,خريخت,2026-09-08,0.0
خریخت3,,,,,,,,,,,,,,,,,,,,,,,,,,,,,,,,,,,,,,,,,,,,,,,,
خرینگ,0.0,2026-08-09 18:36:44.149365,0.0,رد_نمره,,,,2.6,2026-08-09 15:06:44.146146,2026-08-09,122,0.0,0.0,0.0,0,6.523,,,0.0,51.0,,0,15,251,2.6,"{""atr_14"": 0.0, ""symbol"": ""خرينگ"", ""live_pe"": 0.0, ""risk_ok"": true, ""decision"": ""رد_نمره"", ""industry"": ""خودرو و ساخت قطعات"", ""pe_ratio"": 0.0, ""raw_score"": 2.6, ""trend_20d"": ""flat"", ""rule_50_30"": ""رد"", ""final_score"": 2.6, ""score_macro"": 0.0, ""volume_spike"": 0.0, ""current_price"": 0.0, ""liquidity_pct"": 0.0, ""position_size"": 0, ""adjusted_score"": 0.0, ""rank_in_market"": 251, ""score_feedstock"": 0.0, ""score_liquidity"": 0.0, ""score_technical"": 0.0, ""score_valuation"": 20.0, ""stop_loss_price"": 0, ""nima_free_spread"": 6.523, ""percentile_score"": 51.0, ""price_change_pct"": 0.0, ""rank_in_industry"": 15, ""score_farabourse"": 0.0, ""score_fundamental"": 0.0, ""score_gov_support"": 0.0, ""institutional_ratio"": 0.0, ""score_institutional"": 0.0, ""negative_filters_count"": 0}",True,رد,0.0,0.0,0.0,0.0,0.0,0.0,0.0,0.0,0.0,0.0,0.0,0.0,2.6,20.0,20.0,1405-05-18,0.0,خرينگ,2026-09-08,0.0
خرینگ3,,,,,,,,,,,,,,,,,,,,,,,,,,,,,,,,,,,,,,,,,,,,,,,,
خزامیا,0.0,2026-08-09 18:36:44.149365,0.0,رد_نمره,,,,2.6,2026-08-09 15:06:44.146146,2026-08-09,123,0.0,0.0,0.0,0,6.523,,,0.0,50.8,,0,16,252,2.6,"{""atr_14"": 0.0, ""symbol"": ""خزاميا"", ""live_pe"": 0.0, ""risk_ok"": true, ""decision"": ""رد_نمره"", ""industry"": ""خودرو و ساخت قطعات"", ""pe_ratio"": 0.0, ""raw_score"": 2.6, ""trend_20d"": ""flat"", ""rule_50_30"": ""رد"", ""final_score"": 2.6, ""score_macro"": 0.0, ""volume_spike"": 0.0, ""current_price"": 0.0, ""liquidity_pct"": 0.0, ""position_size"": 0, ""adjusted_score"": 0.0, ""rank_in_market"": 252, ""score_feedstock"": 0.0, ""score_liquidity"": 0.0, ""score_technical"": 0.0, ""score_valuation"": 20.0, ""stop_loss_price"": 0, ""nima_free_spread"": 6.523, ""percentile_score"": 50.8, ""price_change_pct"": 0.0, ""rank_in_industry"": 16, ""score_farabourse"": 0.0, ""score_fundamental"": 0.0, ""score_gov_support"": 0.0, ""institutional_ratio"": 0.0, ""score_institutional"": 0.0, ""negative_filters_count"": 0}",True,رد,0.0,0.0,0.0,0.0,0.0,0.0,0.0,0.0,0.0,0.0,0.0,0.0,2.6,20.0,20.0,1405-05-18,0.0,خزاميا,2026-09-08,0.0
خزامیا3,,,,,,,,,,,,,,,,,,,,,,,,,,,,,,,,,,,,,,,,,,,,,,,,
خزانه ملت,,,,,,,,,,,,,,,,,,,,,,,,,,,,,,,,,,,,,,,,,,,,,,,,
خزر,0.0,2026-08-09 18:36:44.149365,0.0,رد_نمره,,,,4.8,2026-08-09 15:06:44.146146,2026-08-09,124,0.0,0.0,0.0,0,6.523,,,0.0,89.6,,0,4,54,4.75,"{""atr_14"": 66.0, ""symbol"": ""خزر"", ""live_pe"": 2.3, ""risk_ok"": true, ""decision"": ""رد_نمره"", ""industry"": ""خودرو و ساخت قطعات"", ""pe_ratio"": 0.36, ""raw_score"": 5.0, ""trend_20d"": ""down"", ""rule_50_30"": ""رد"", ""final_score"": 5.0, ""score_macro"": 10.0, ""volume_spike"": 0.03, ""current_price"": 3700.0, ""liquidity_pct"": 12055082.033333, ""position_size"": 0, ""adjusted_score"": 0.0, ""rank_in_market"": 54, ""score_feedstock"": 0.0, ""score_liquidity"": 5.0, ""score_technical"": 0.0, ""score_valuation"": 20.0, ""stop_loss_price"": 3441.0, ""nima_free_spread"": 6.523, ""percentile_score"": 89.6, ""price_change_pct"": 0.0, ""rank_in_industry"": 4, ""score_farabourse"": 0.0, ""score_fundamental"": 7.5, ""score_gov_support"": 0.0, ""institutional_ratio"": 0.0, ""score_institutional"": 0.0, ""negative_filters_count"": 0}",True,رد,0.0,0.0,7.5,0.0,7.5,0.0,5.0,10.0,0.0,0.0,0.0,0.0,5.0,20.0,20.0,1405-05-18,0.0,خزر,2026-09-08,0.0
خزر3,,,,,,,,,,,,,,,,,,,,,,,,,,,,,,,,,,,,,,,,,,,,,,,,
خساپا,0.0,2026-08-09 18:36:44.149365,556.0,رد_نمره,,,,0.9,2026-08-09 15:06:44.146146,2026-08-09,125,0.0,3706973538904.6,13900.0,0,6.523,,,2138.46,2.4,,256410,29,499,0.9,"{""atr_14"": 37.0, ""symbol"": ""خساپا"", ""live_pe"": 82500.0, ""risk_ok"": true, ""decision"": ""رد_نمره"", ""industry"": ""خودرو و ساخت قطعات"", ""pe_ratio"": 12692.31, ""raw_score"": 0.25, ""trend_20d"": ""flat"", ""rule_50_30"": ""رد"", ""final_score"": 0.2, ""score_macro"": 0.0, ""volume_spike"": 0.37, ""current_price"": 3300.0, ""liquidity_pct"": 78285568.166667, ""position_size"": 0, ""adjusted_score"": 0.0, ""rank_in_market"": 499, ""score_feedstock"": 0.0, ""score_liquidity"": 5.0, ""score_technical"": 0.0, ""score_valuation"": 0.0, ""stop_loss_price"": 3069.0, ""nima_free_spread"": 6.523, ""percentile_score"": 2.4, ""price_change_pct"": -1.49, ""rank_in_industry"": 29, ""score_farabourse"": 0.0, ""score_fundamental"": 0.0, ""score_gov_support"": 0.0, ""institutional_ratio"": 0.0, ""score_institutional"": 0.0, ""negative_filters_count"": 0}",True,رد,0.0,0.0,0.0,5.0,0.0,0.0,5.0,0.0,0.0,0.0,0.0,0.0,0.2,0.0,0.0,1405-05-18,517.0,خساپا,2026-09-08,0.45
خساپا3,,,,,,,,,,,,,,,,,,,,,,,,,,,,,,,,,,,,,,,,,,,,,,,,
خسمر,,,,,,,,,,,,,,,,,,,,,,,,,,,,,,,,,,,,,,,,,,,,,,,,
خشرق,0.0,2026-08-09 18:36:44.149365,0.0,رد_نمره,,,,4.8,2026-08-09 15:06:44.146146,2026-08-09,126,0.0,0.0,0.0,0,6.523,,,0.0,8.8,,0,26,466,4.75,"{""atr_14"": 210.0, ""symbol"": ""خشرق"", ""live_pe"": 8.9, ""risk_ok"": true, ""decision"": ""رد_نمره"", ""industry"": ""خودرو و ساخت قطعات"", ""pe_ratio"": 890.69, ""raw_score"": 1.6, ""trend_20d"": ""flat"", ""rule_50_30"": ""رد"", ""final_score"": 1.6, ""score_macro"": 0.0, ""volume_spike"": 0.13, ""current_price"": 4881.0, ""liquidity_pct"": 181334306.233333, ""position_size"": 0, ""adjusted_score"": 0.0, ""rank_in_market"": 466, ""score_feedstock"": 0.0, ""score_liquidity"": 5.0, ""score_technical"": 0.0, ""score_valuation"": 0.0, ""stop_loss_price"": 4460.0, ""nima_free_spread"": 6.523, ""percentile_score"": 8.8, ""price_change_pct"": -0.51, ""rank_in_industry"": 26, ""score_farabourse"": 0.0, ""score_fundamental"": 7.5, ""score_gov_support"": 0.0, ""institutional_ratio"": 0.0, ""score_institutional"": 0.0, ""negative_filters_count"": 0}",True,رد,0.0,0.0,7.5,0.0,7.5,0.0,5.0,10.0,0.0,0.0,0.0,0.0,1.6,20.0,0.0,1405-05-18,0.0,خشرق,2026-09-08,0.0
خشرق3,,,,,,,,,,,,,,,,,,,,,,,,,,,,,,,,,,,,,,,,,,,,,,,,
خصدرا,0.0,2026-08-09 18:36:44.149365,2421.0,رد_نمره,,,,4.9,2026-08-09 15:06:44.146146,2026-08-09,127,0.0,102752797261.26666,5.0,0,6.523,,,0.77,89.4,,59171,1,55,4.85,"{""atr_14"": 107.0, ""symbol"": ""خصدرا"", ""live_pe"": 2.0, ""risk_ok"": true, ""decision"": ""رد_نمره"", ""industry"": ""پيمانكاري صنعتي"", ""pe_ratio"": 0.3, ""raw_score"": 5.0, ""trend_20d"": ""flat"", ""rule_50_30"": ""رد"", ""final_score"": 5.0, ""score_macro"": 10.0, ""volume_spike"": 0.0, ""current_price"": 944.0, ""liquidity_pct"": 3439865605.866667, ""position_size"": 0, ""adjusted_score"": 0.0, ""rank_in_market"": 55, ""score_feedstock"": 0.0, ""score_liquidity"": 5.0, ""score_technical"": 0.0, ""score_valuation"": 20.0, ""stop_loss_price"": 730.0, ""nima_free_spread"": 6.523, ""percentile_score"": 89.4, ""price_change_pct"": 0.0, ""rank_in_industry"": 1, ""score_farabourse"": 0.0, ""score_fundamental"": 7.5, ""score_gov_support"": 0.0, ""institutional_ratio"": 0.0, ""score_institutional"": 0.0, ""negative_filters_count"": 0}",True,رد,0.0,0.0,7.5,5.0,7.5,0.0,5.0,0.0,0.0,0.0,0.0,0.0,5.0,20.0,20.0,1405-05-18,2252.0,خصدرا,2026-09-08,1.9
خط ارزش بازار,,,,,,,,,,,,,,,,,,,,,,,,,,,,,,,,,,,,,,,,,,,,,,,,
خطوط کشتیرانی راه شیری کیش,,,,,,,,,,,,,,,,,,,,,,,,,,,,,,,,,,,,,,,,,,,,,,,,
خعمرا,,,,,,,,,,,,,,,,,,,,,,,,,,,,,,,,,,,,,,,,,,,,,,,,
خفناور,,,,,,,,,,,,,,,,,,,,,,,,,,,,,,,,,,,,,,,,,,,,,,,,
خفنر,0.0,2026-08-09 18:36:44.149365,2066.0,رد_نمره,,,,3.4,2026-08-09 15:06:44.146146,2026-08-09,128,0.0,85696553945.93333,4.0,0,6.523,,,397.31,8.6,,68965,27,467,3.45,"{""atr_14"": 36.0, ""symbol"": ""خفنر"", ""live_pe"": 6.9, ""risk_ok"": true, ""decision"": ""رد_نمره"", ""industry"": ""خودرو و ساخت قطعات"", ""pe_ratio"": 693.65, ""raw_score"": 1.6, ""trend_20d"": ""up"", ""rule_50_30"": ""رد"", ""final_score"": 1.6, ""score_macro"": 0.0, ""volume_spike"": 1.36, ""current_price"": 3607.0, ""liquidity_pct"": 8957930.7, ""position_size"": 0, ""adjusted_score"": 0.0, ""rank_in_market"": 467, ""score_feedstock"": 0.0, ""score_liquidity"": 5.0, ""score_technical"": 0.0, ""score_valuation"": 0.0, ""stop_loss_price"": 3355.0, ""nima_free_spread"": 6.523, ""percentile_score"": 8.6, ""price_change_pct"": 4.34, ""rank_in_industry"": 27, ""score_farabourse"": 0.0, ""score_fundamental"": 7.5, ""score_gov_support"": 0.0, ""institutional_ratio"": 0.0, ""score_institutional"": 0.0, ""negative_filters_count"": 0}",True,رد,0.0,0.0,7.5,5.0,7.5,0.0,5.0,0.0,0.0,0.0,0.0,15.0,1.6,0.0,0.0,1405-05-18,1921.0,خفنر,2026-09-08,3.19
خفنر3,,,,,,,,,,,,,,,,,,,,,,,,,,,,,,,,,,,,,,,,,,,,,,,,
خفولا,,,,,,,,,,,,,,,,,,,,,,,,,,,,,,,,,,,,,,,,,,,,,,,,
خلنت,0.0,2026-08-09 18:36:44.149365,0.0,رد_نمره,,,,4.8,2026-08-09 15:06:44.146146,2026-08-09,133,0.0,0.0,0.0,0,6.523,,,0.0,89.2,,0,5,56,4.75,"{""atr_14"": 50.0, ""symbol"": ""خلنت"", ""live_pe"": 1.7, ""risk_ok"": true, ""decision"": ""رد_نمره"", ""industry"": ""خودرو و ساخت قطعات"", ""pe_ratio"": 0.26, ""raw_score"": 5.0, ""trend_20d"": ""flat"", ""rule_50_30"": ""رد"", ""final_score"": 5.0, ""score_macro"": 10.0, ""volume_spike"": 1.76, ""current_price"": 6902.0, ""liquidity_pct"": 23050173.533333, ""position_size"": 0, ""adjusted_score"": 0.0, ""rank_in_market"": 56, ""score_feedstock"": 0.0, ""score_liquidity"": 5.0, ""score_technical"": 0.0, ""score_valuation"": 20.0, ""stop_loss_price"": 6419.0, ""nima_free_spread"": 6.523, ""percentile_score"": 89.2, ""price_change_pct"": 0.76, ""rank_in_industry"": 5, ""score_farabourse"": 0.0, ""score_fundamental"": 7.5, ""score_gov_support"": 0.0, ""institutional_ratio"": 0.0, ""score_institutional"": 0.0, ""negative_filters_count"": 0}",True,رد,0.0,0.0,7.5,0.0,7.5,0.0,5.0,10.0,0.0,0.0,0.0,0.0,5.0,20.0,20.0,1405-05-18,0.0,خلنت,2026-09-08,0.0
خلنت3,,,,,,,,,,,,,,,,,,,,,,,,,,,,,,,,,,,,,,,,,,,,,,,,
خلیبل,,,,,,,,,,,,,,,,,,,,,,,,,,,,,,,,,,,,,,,,,,,,,,,,
خلیج,,,,,,,,,,,,,,,,,,,,,,,,,,,,,,,,,,,,,,,,,,,,,,,,
خلیج فارس بازار,,,,,,,,,,,,,,,,,,,,,,,,,,,,,,,,,,,,,,,,,,,,,,,,
خلیج فارس تضمین,,,,,,,,,,,,,,,,,,,,,,,,,,,,,,,,,,,,,,,,,,,,,,,,
خلیج4,,,,,,,,,,,,,,,,,,,,,,,,,,,,,,,,,,,,,,,,,,,,,,,,
خمحرکه,0.0,2026-08-09 18:36:44.149365,0.0,رد_نمره,,,,2.6,2026-08-09 15:06:44.146146,2026-08-09,134,0.0,0.0,0.0,0,6.523,,,0.0,50.0,,0,20,256,2.6,"{""atr_14"": 0.0, ""symbol"": ""خمحركه"", ""live_pe"": 0.0, ""risk_ok"": true, ""decision"": ""رد_نمره"", ""industry"": ""خودرو و ساخت قطعات"", ""pe_ratio"": 0.0, ""raw_score"": 2.6, ""trend_20d"": ""flat"", ""rule_50_30"": ""رد"", ""final_score"": 2.6, ""score_macro"": 0.0, ""volume_spike"": 0.0, ""current_price"": 0.0, ""liquidity_pct"": 0.0, ""position_size"": 0, ""adjusted_score"": 0.0, ""rank_in_market"": 256, ""score_feedstock"": 0.0, ""score_liquidity"": 0.0, ""score_technical"": 0.0, ""score_valuation"": 20.0, ""stop_loss_price"": 0, ""nima_free_spread"": 6.523, ""percentile_score"": 50.0, ""price_change_pct"": 0.0, ""rank_in_industry"": 20, ""score_farabourse"": 0.0, ""score_fundamental"": 0.0, ""score_gov_support"": 0.0, ""institutional_ratio"": 0.0, ""score_institutional"": 0.0, ""negative_filters_count"": 0}",True,رد,0.0,0.0,0.0,0.0,0.0,0.0,0.0,0.0,0.0,0.0,0.0,0.0,2.6,20.0,20.0,1405-05-18,0.0,خمحركه,2026-09-08,0.0
خمحرکه3,,,,,,,,,,,,,,,,,,,,,,,,,,,,,,,,,,,,,,,,,,,,,,,,
خمحور,0.0,2026-08-09 18:36:44.149365,5210.0,رد_نمره,,,,7.7,2026-08-09 15:06:44.146146,2026-08-09,135,0.0,77156579829.73334,1.7,0,6.523,,,165.92,98.2,,27397,2,10,7.7,"{""atr_14"": 18.0, ""symbol"": ""خمحور"", ""live_pe"": 0.3, ""risk_ok"": true, ""decision"": ""رد_نمره"", ""industry"": ""خودرو و ساخت قطعات"", ""pe_ratio"": 31.08, ""raw_score"": 6.45, ""trend_20d"": ""down"", ""rule_50_30"": ""رد"", ""final_score"": 6.4, ""score_macro"": 10.0, ""volume_spike"": 0.21, ""current_price"": 976.0, ""liquidity_pct"": 72562666.433333, ""position_size"": 0, ""adjusted_score"": 0.0, ""rank_in_market"": 10, ""score_feedstock"": 0.0, ""score_liquidity"": 5.0, ""score_technical"": 0.0, ""score_valuation"": 0.0, ""stop_loss_price"": 908.0, ""nima_free_spread"": 6.523, ""percentile_score"": 98.2, ""price_change_pct"": 0.0, ""rank_in_industry"": 2, ""score_farabourse"": 0.0, ""score_fundamental"": 30.0, ""score_gov_support"": 0.0, ""institutional_ratio"": 0.0, ""score_institutional"": 0.0, ""negative_filters_count"": 0}",True,رد,0.0,0.0,30.0,5.0,30.0,0.0,5.0,10.0,0.0,0.0,0.0,7.5,6.4,0.0,0.0,1405-05-18,4845.0,خمحور,2026-09-08,2.88
خمحور3,,,,,,,,,,,,,,,,,,,,,,,,,,,,,,,,,,,,,,,,,,,,,,,,
خمدیریت صبا,,,,,,,,,,,,,,,,,,,,,,,,,,,,,,,,,,,,,,,,,,,,,,,,
خمهر,0.0,2026-08-09 18:36:44.149365,0.0,رد_نمره,,,,8.8,2026-08-09 15:06:44.146146,2026-08-09,136,0.0,0.0,0.0,0,6.523,,,0.0,98.4,,0,1,9,8.8,"{""atr_14"": 129.0, ""symbol"": ""خمهر"", ""live_pe"": 8.1, ""risk_ok"": true, ""decision"": ""رد_نمره"", ""industry"": ""خودرو و ساخت قطعات"", ""pe_ratio"": 1.25, ""raw_score"": 6.95, ""trend_20d"": ""flat"", ""rule_50_30"": ""رد"", ""final_score"": 6.9, ""score_macro"": 0.0, ""volume_spike"": 0.14, ""current_price"": 3416.0, ""liquidity_pct"": 217964990.566667, ""position_size"": 0, ""adjusted_score"": 0.0, ""rank_in_market"": 9, ""score_feedstock"": 0.0, ""score_liquidity"": 5.0, ""score_technical"": 0.0, ""score_valuation"": 10.0, ""stop_loss_price"": 3158.0, ""nima_free_spread"": 6.523, ""percentile_score"": 98.4, ""price_change_pct"": 0.18, ""rank_in_industry"": 1, ""score_farabourse"": 0.0, ""score_fundamental"": 30.0, ""score_gov_support"": 0.0, ""institutional_ratio"": 0.0, ""score_institutional"": 0.0, ""negative_filters_count"": 0}",True,رد,0.0,0.0,30.0,0.0,30.0,0.0,5.0,10.0,0.0,0.0,0.0,0.0,6.9,20.0,10.0,1405-05-18,0.0,خمهر,2026-09-08,0.0
خمهر3,,,,,,,,,,,,,,,,,,,,,,,,,,,,,,,,,,,,,,,,,,,,,,,,
خموتور,0.0,2026-08-09 18:36:44.149365,0.0,رد_نمره,,,,4.8,2026-08-09 15:06:44.146146,2026-08-09,137,0.0,0.0,0.0,0,6.523,,,0.0,66.1,,0,8,174,4.75,"{""atr_14"": 99.0, ""symbol"": ""خموتور"", ""live_pe"": 2.1, ""risk_ok"": true, ""decision"": ""رد_نمره"", ""industry"": ""خودرو و ساخت قطعات"", ""pe_ratio"": 210.65, ""raw_score"": 3.6, ""trend_20d"": ""up"", ""rule_50_30"": ""رد"", ""final_score"": 3.6, ""score_macro"": 10.0, ""volume_spike"": 4.42, ""current_price"": 3244.0, ""liquidity_pct"": 134830188.3, ""position_size"": 0, ""adjusted_score"": 0.0, ""rank_in_market"": 174, ""score_feedstock"": 0.0, ""score_liquidity"": 5.0, ""score_technical"": 15.0, ""score_valuation"": 0.0, ""stop_loss_price"": 3017.0, ""nima_free_spread"": 6.523, ""percentile_score"": 66.1, ""price_change_pct"": 0.12, ""rank_in_industry"": 8, ""score_farabourse"": 0.0, ""score_fundamental"": 7.5, ""score_gov_support"": 0.0, ""institutional_ratio"": 0.0, ""score_institutional"": 0.0, ""negative_filters_count"": 0}",True,رد,0.0,0.0,7.5,0.0,7.5,0.0,5.0,10.0,15.0,0.0,0.0,0.0,3.6,20.0,0.0,1405-05-18,0.0,خموتور,2026-09-08,0.0
خموتور3,,,,,,,,,,,,,,,,,,,,,,,,,,,,,,,,,,,,,,,,,,,,,,,,
خمیرمایه و الکل رازی,,,,,,,,,,,,,,,,,,,,,,,,,,,,,,,,,,,,,,,,,,,,,,,,
خنصیر,0.0,2026-08-09 18:36:44.149365,0.0,رد_نمره,,,,2.6,2026-08-09 15:06:44.146146,2026-08-09,138,0.0,0.0,0.0,0,6.523,,,0.0,49.8,,0,21,257,2.6,"{""atr_14"": 0.0, ""symbol"": ""خنصير"", ""live_pe"": 0.0, ""risk_ok"": true, ""decision"": ""رد_نمره"", ""industry"": ""خودرو و ساخت قطعات"", ""pe_ratio"": 0.0, ""raw_score"": 2.6, ""trend_20d"": ""flat"", ""rule_50_30"": ""رد"", ""final_score"": 2.6, ""score_macro"": 0.0, ""volume_spike"": 0.0, ""current_price"": 0.0, ""liquidity_pct"": 0.0, ""position_size"": 0, ""adjusted_score"": 0.0, ""rank_in_market"": 257, ""score_feedstock"": 0.0, ""score_liquidity"": 0.0, ""score_technical"": 0.0, ""score_valuation"": 20.0, ""stop_loss_price"": 0, ""nima_free_spread"": 6.523, ""percentile_score"": 49.8, ""price_change_pct"": 0.0, ""rank_in_industry"": 21, ""score_farabourse"": 0.0, ""score_fundamental"": 0.0, ""score_gov_support"": 0.0, ""institutional_ratio"": 0.0, ""score_institutional"": 0.0, ""negative_filters_count"": 0}",True,رد,0.0,0.0,0.0,0.0,0.0,0.0,0.0,0.0,0.0,0.0,0.0,0.0,2.6,20.0,20.0,1405-05-18,0.0,خنصير,2026-09-08,0.0
خنصیر3,,,,,,,,,,,,,,,,,,,,,,,,,,,,,,,,,,,,,,,,,,,,,,,,
خنور,,,,,,,,,,,,,,,,,,,,,,,,,,,,,,,,,,,,,,,,,,,,,,,,
خنور3,,,,,,,,,,,,,,,,,,,,,,,,,,,,,,,,,,,,,,,,,,,,,,,,
خنورح,,,,,,,,,,,,,,,,,,,,,,,,,,,,,,,,,,,,,,,,,,,,,,,,
خودران,,,,,,,,,,,,,,,,,,,,,,,,,,,,,,,,,,,,,,,,,,,,,,,,
خودرو,0.0,2026-08-09 18:36:44.149365,565.0,رد_نمره,,,,0.9,2026-08-09 15:06:44.146146,2026-08-09,139,0.0,5463592577445.4,14125.0,0,6.523,,,2173.08,2.2,,250000,30,500,0.9,"{""atr_14"": 62.0, ""symbol"": ""خودرو"", ""live_pe"": 76000.0, ""risk_ok"": true, ""decision"": ""رد_نمره"", ""industry"": ""خودرو و ساخت قطعات"", ""pe_ratio"": 11692.31, ""raw_score"": 0.25, ""trend_20d"": ""flat"", ""rule_50_30"": ""رد"", ""final_score"": 0.2, ""score_macro"": 0.0, ""volume_spike"": 0.65, ""current_price"": 3040.0, ""liquidity_pct"": 2125013790.0, ""position_size"": 0, ""adjusted_score"": 0.0, ""rank_in_market"": 500, ""score_feedstock"": 0.0, ""score_liquidity"": 5.0, ""score_technical"": 0.0, ""score_valuation"": 0.0, ""stop_loss_price"": 2827.0, ""nima_free_spread"": 6.523, ""percentile_score"": 2.2, ""price_change_pct"": 1.47, ""rank_in_industry"": 30, ""score_farabourse"": 0.0, ""score_fundamental"": 0.0, ""score_gov_support"": 0.0, ""institutional_ratio"": 0.0, ""score_institutional"": 0.0, ""negative_filters_count"": 0}",True,رد,0.0,0.0,0.0,5.0,0.0,0.0,5.0,0.0,0.0,0.0,0.0,0.0,0.2,0.0,0.0,1405-05-18,525.0,خودرو,2026-09-08,0.78
خودرو2,,,,,,,,,,,,,,,,,,,,,,,,,,,,,,,,,,,,,,,,,,,,,,,,
خودرو3,,,,,,,,,,,,,,,,,,,,,,,,,,,,,,,,,,,,,,,,,,,,,,,,
خودروسازان بم,,,,,,,,,,,,,,,,,,,,,,,,,,,,,,,,,,,,,,,,,,,,,,,,
خودکفا,,,,,,,,,,,,,,,,,,,,,,,,,,,,,,,,,,,,,,,,,,,,,,,,
خودکفا2,,,,,,,,,,,,,,,,,,,,,,,,,,,,,,,,,,,,,,,,,,,,,,,,
خورشید,,,,,,,,,,,,,,,,,,,,,,,,,,,,,,,,,,,,,,,,,,,,,,,,
خورشید2,,,,,,,,,,,,,,,,,,,,,,,,,,,,,,,,,,,,,,,,,,,,,,,,
خوساز,0.0,2026-08-09 18:36:44.149365,0.0,رد_نمره,,,,4.0,2026-08-09 15:06:44.146146,2026-08-09,140,0.0,0.0,0.0,0,6.523,,,0.0,8.4,,0,28,468,3.95,"{""atr_14"": 44.0, ""symbol"": ""خوساز"", ""live_pe"": 112850.0, ""risk_ok"": true, ""decision"": ""رد_نمره"", ""industry"": ""خودرو و ساخت قطعات"", ""pe_ratio"": 11285000.0, ""raw_score"": 1.6, ""trend_20d"": ""flat"", ""rule_50_30"": ""رد"", ""final_score"": 1.6, ""score_macro"": 0.0, ""volume_spike"": 0.48, ""current_price"": 4514.0, ""liquidity_pct"": 32205342.0, ""position_size"": 0, ""adjusted_score"": 0.0, ""rank_in_market"": 468, ""score_feedstock"": 0.0, ""score_liquidity"": 5.0, ""score_technical"": 0.0, ""score_valuation"": 0.0, ""stop_loss_price"": 4198.0, ""nima_free_spread"": 6.523, ""percentile_score"": 8.4, ""price_change_pct"": 0.04, ""rank_in_industry"": 28, ""score_farabourse"": 0.0, ""score_fundamental"": 7.5, ""score_gov_support"": 0.0, ""institutional_ratio"": 0.0, ""score_institutional"": 0.0, ""negative_filters_count"": 0}",True,رد,0.0,0.0,7.5,0.0,7.5,0.0,5.0,0.0,0.0,0.0,0.0,0.0,1.6,20.0,0.0,1405-05-18,0.0,خوساز,2026-09-08,0.0
خوساز2,,,,,,,,,,,,,,,,,,,,,,,,,,,,,,,,,,,,,,,,,,,,,,,,
خوساز3,,,,,,,,,,,,,,,,,,,,,,,,,,,,,,,,,,,,,,,,,,,,,,,,
خوشه,,,,,,,,,,,,,,,,,,,,,,,,,,,,,,,,,,,,,,,,,,,,,,,,
خوشه2,,,,,,,,,,,,,,,,,,,,,,,,,,,,,,,,,,,,,,,,,,,,,,,,
خپارس,0.0,2026-08-09 18:36:44.149365,1162.0,رد_نمره,,,,2.2,2026-08-09 15:06:44.146146,2026-08-09,114,0.0,182593232103.2,29050.0,0,6.523,,,4469.23,10.0,,128205,25,460,2.25,"{""atr_14"": 295.0, ""symbol"": ""خپارس"", ""live_pe"": 54650.0, ""risk_ok"": true, ""decision"": ""رد_نمره"", ""industry"": ""خودرو و ساخت قطعات"", ""pe_ratio"": 8407.69, ""raw_score"": 2.25, ""trend_20d"": ""up"", ""rule_50_30"": ""رد"", ""final_score"": 2.2, ""score_macro"": 0.0, ""volume_spike"": 0.36, ""current_price"": 2186.0, ""liquidity_pct"": 941876357731.2333, ""position_size"": 0, ""adjusted_score"": 0.0, ""rank_in_market"": 460, ""score_feedstock"": 0.0, ""score_liquidity"": 5.0, ""score_technical"": 0.0, ""score_valuation"": 0.0, ""stop_loss_price"": 1595.0, ""nima_free_spread"": 6.523, ""percentile_score"": 10.0, ""price_change_pct"": 2.97, ""rank_in_industry"": 25, ""score_farabourse"": 0.0, ""score_fundamental"": 7.5, ""score_gov_support"": 5.0, ""institutional_ratio"": 0.0, ""score_institutional"": 0.0, ""negative_filters_count"": 0}",True,رد,0.0,0.0,7.5,5.0,7.5,0.0,5.0,0.0,0.0,0.0,5.0,0.0,2.2,0.0,0.0,1405-05-18,1084.0,خپارس,2026-09-08,1.16
خپویش,0.0,2026-08-09 18:36:44.149365,0.0,رد_نمره,,,,2.6,2026-08-09 15:06:44.146146,2026-08-09,115,0.0,0.0,0.0,0,6.523,,,0.0,51.6,,0,12,248,2.6,"{""atr_14"": 0.0, ""symbol"": ""خپويش"", ""live_pe"": 0.0, ""risk_ok"": true, ""decision"": ""رد_نمره"", ""industry"": ""خودرو و ساخت قطعات"", ""pe_ratio"": 0.0, ""raw_score"": 2.6, ""trend_20d"": ""flat"", ""rule_50_30"": ""رد"", ""final_score"": 2.6, ""score_macro"": 0.0, ""volume_spike"": 0.0, ""current_price"": 0.0, ""liquidity_pct"": 0.0, ""position_size"": 0, ""adjusted_score"": 0.0, ""rank_in_market"": 248, ""score_feedstock"": 0.0, ""score_liquidity"": 0.0, ""score_technical"": 0.0, ""score_valuation"": 20.0, ""stop_loss_price"": 0, ""nima_free_spread"": 6.523, ""percentile_score"": 51.6, ""price_change_pct"": 0.0, ""rank_in_industry"": 12, ""score_farabourse"": 0.0, ""score_fundamental"": 0.0, ""score_gov_support"": 0.0, ""institutional_ratio"": 0.0, ""score_institutional"": 0.0, ""negative_filters_count"": 0}",True,رد,0.0,0.0,0.0,0.0,0.0,0.0,0.0,0.0,0.0,0.0,0.0,0.0,2.6,20.0,20.0,1405-05-18,0.0,خپويش,2026-09-08,0.0
خپویش2,,,,,,,,,,,,,,,,,,,,,,,,,,,,,,,,,,,,,,,,,,,,,,,,
خپویش3,,,,,,,,,,,,,,,,,,,,,,,,,,,,,,,,,,,,,,,,,,,,,,,,
خچرخش,0.0,2026-08-09 18:36:44.149365,0.0,رد_نمره,,,,4.8,2026-08-09 15:06:44.146146,2026-08-09,119,0.0,0.0,0.0,0,6.523,,,0.0,10.8,,0,23,456,4.75,"{""atr_14"": 774.0, ""symbol"": ""خچرخش"", ""live_pe"": 0.6, ""risk_ok"": true, ""decision"": ""رد_نمره"", ""industry"": ""خودرو و ساخت قطعات"", ""pe_ratio"": 63.19, ""raw_score"": 2.4, ""trend_20d"": ""down"", ""rule_50_30"": ""رد"", ""final_score"": 2.4, ""score_macro"": 10.0, ""volume_spike"": 0.04, ""current_price"": 5907.0, ""liquidity_pct"": 22338857.8, ""position_size"": 0, ""adjusted_score"": 0.0, ""rank_in_market"": 456, ""score_feedstock"": 0.0, ""score_liquidity"": 5.0, ""score_technical"": 0.0, ""score_valuation"": 0.0, ""stop_loss_price"": 4359.0, ""nima_free_spread"": 6.523, ""percentile_score"": 10.8, ""price_change_pct"": 4.99, ""rank_in_industry"": 23, ""score_farabourse"": 0.0, ""score_fundamental"": 7.5, ""score_gov_support"": 0.0, ""institutional_ratio"": 0.0, ""score_institutional"": 0.0, ""negative_filters_count"": 0}",True,رد,0.0,0.0,7.5,0.0,7.5,0.0,5.0,10.0,0.0,0.0,0.0,0.0,2.4,20.0,0.0,1405-05-18,0.0,خچرخش,2026-09-08,0.0
خچرخش3,,,,,,,,,,,,,,,,,,,,,,,,,,,,,,,,,,,,,,,,,,,,,,,,
خکار,0.0,2026-08-09 18:36:44.149365,0.0,رد_نمره,,,,2.6,2026-08-09 15:06:44.146146,2026-08-09,129,0.0,0.0,0.0,0,6.523,,,0.0,50.6,,0,17,253,2.6,"{""atr_14"": 0.0, ""symbol"": ""خكار"", ""live_pe"": 0.0, ""risk_ok"": true, ""decision"": ""رد_نمره"", ""industry"": ""خودرو و ساخت قطعات"", ""pe_ratio"": 0.0, ""raw_score"": 2.6, ""trend_20d"": ""flat"", ""rule_50_30"": ""رد"", ""final_score"": 2.6, ""score_macro"": 0.0, ""volume_spike"": 0.0, ""current_price"": 0.0, ""liquidity_pct"": 0.0, ""position_size"": 0, ""adjusted_score"": 0.0, ""rank_in_market"": 253, ""score_feedstock"": 0.0, ""score_liquidity"": 0.0, ""score_technical"": 0.0, ""score_valuation"": 20.0, ""stop_loss_price"": 0, ""nima_free_spread"": 6.523, ""percentile_score"": 50.6, ""price_change_pct"": 0.0, ""rank_in_industry"": 17, ""score_farabourse"": 0.0, ""score_fundamental"": 0.0, ""score_gov_support"": 0.0, ""institutional_ratio"": 0.0, ""score_institutional"": 0.0, ""negative_filters_count"": 0}",True,رد,0.0,0.0,0.0,0.0,0.0,0.0,0.0,0.0,0.0,0.0,0.0,0.0,2.6,20.0,20.0,1405-05-18,0.0,خكار,2026-09-08,0.0
خکار3,,,,,,,,,,,,,,,,,,,,,,,,,,,,,,,,,,,,,,,,,,,,,,,,
خکاوه,0.0,2026-08-09 18:36:44.149365,0.0,رد_نمره,,,,2.6,2026-08-09 15:06:44.146146,2026-08-09,130,0.0,0.0,0.0,0,6.523,,,0.0,50.4,,0,18,254,2.6,"{""atr_14"": 0.0, ""symbol"": ""خكاوه"", ""live_pe"": 0.0, ""risk_ok"": true, ""decision"": ""رد_نمره"", ""industry"": ""خودرو و ساخت قطعات"", ""pe_ratio"": 0.0, ""raw_score"": 2.6, ""trend_20d"": ""flat"", ""rule_50_30"": ""رد"", ""final_score"": 2.6, ""score_macro"": 0.0, ""volume_spike"": 0.0, ""current_price"": 0.0, ""liquidity_pct"": 0.0, ""position_size"": 0, ""adjusted_score"": 0.0, ""rank_in_market"": 254, ""score_feedstock"": 0.0, ""score_liquidity"": 0.0, ""score_technical"": 0.0, ""score_valuation"": 20.0, ""stop_loss_price"": 0, ""nima_free_spread"": 6.523, ""percentile_score"": 50.4, ""price_change_pct"": 0.0, ""rank_in_industry"": 18, ""score_farabourse"": 0.0, ""score_fundamental"": 0.0, ""score_gov_support"": 0.0, ""institutional_ratio"": 0.0, ""score_institutional"": 0.0, ""negative_filters_count"": 0}",True,رد,0.0,0.0,0.0,0.0,0.0,0.0,0.0,0.0,0.0,0.0,0.0,0.0,2.6,20.0,20.0,1405-05-18,0.0,خكاوه,2026-09-08,0.0
خکرمان,,,,,,,,,,,,,,,,,,,,,,,,,,,,,,,,,,,,,,,,,,,,,,,,
خکرمان3,,,,,,,,,,,,,,,,,,,,,,,,,,,,,,,,,,,,,,,,,,,,,,,,
خکمک,0.0,2026-08-09 18:36:44.149365,0.0,رد_نمره,,,,2.6,2026-08-09 15:06:44.146146,2026-08-09,131,0.0,0.0,0.0,0,6.523,,,0.0,50.2,,0,19,255,2.6,"{""atr_14"": 0.0, ""symbol"": ""خكمك"", ""live_pe"": 0.0, ""risk_ok"": true, ""decision"": ""رد_نمره"", ""industry"": ""خودرو و ساخت قطعات"", ""pe_ratio"": 0.0, ""raw_score"": 2.6, ""trend_20d"": ""flat"", ""rule_50_30"": ""رد"", ""final_score"": 2.6, ""score_macro"": 0.0, ""volume_spike"": 0.0, ""current_price"": 0.0, ""liquidity_pct"": 0.0, ""position_size"": 0, ""adjusted_score"": 0.0, ""rank_in_market"": 255, ""score_feedstock"": 0.0, ""score_liquidity"": 0.0, ""score_technical"": 0.0, ""score_valuation"": 20.0, ""stop_loss_price"": 0, ""nima_free_spread"": 6.523, ""percentile_score"": 50.2, ""price_change_pct"": 0.0, ""rank_in_industry"": 19, ""score_farabourse"": 0.0, ""score_fundamental"": 0.0, ""score_gov_support"": 0.0, ""institutional_ratio"": 0.0, ""score_institutional"": 0.0, ""negative_filters_count"": 0}",True,رد,0.0,0.0,0.0,0.0,0.0,0.0,0.0,0.0,0.0,0.0,0.0,0.0,2.6,20.0,20.0,1405-05-18,0.0,خكمك,2026-09-08,0.0
خکمک3,,,,,,,,,,,,,,,,,,,,,,,,,,,,,,,,,,,,,,,,,,,,,,,,
خگستر,0.0,2026-08-09 18:36:44.149365,3240.0,رد_نمره,,,,3.5,2026-08-09 15:06:44.146146,2026-08-09,132,0.0,1525503012868.0,9.2,0,6.523,,,1.42,72.0,,44052,7,144,3.55,"{""atr_14"": 87.0, ""symbol"": ""خگستر"", ""live_pe"": 4.9, ""risk_ok"": true, ""decision"": ""رد_نمره"", ""industry"": ""خودرو و ساخت قطعات"", ""pe_ratio"": 0.75, ""raw_score"": 4.8, ""trend_20d"": ""down"", ""rule_50_30"": ""رد"", ""final_score"": 4.8, ""score_macro"": 0.0, ""volume_spike"": 2.34, ""current_price"": 1708.0, ""liquidity_pct"": 208630223.566667, ""position_size"": 0, ""adjusted_score"": 0.0, ""rank_in_market"": 144, ""score_feedstock"": 0.0, ""score_liquidity"": 5.0, ""score_technical"": 7.5, ""score_valuation"": 20.0, ""stop_loss_price"": 1535.0, ""nima_free_spread"": 6.523, ""percentile_score"": 72.0, ""price_change_pct"": 0.59, ""rank_in_industry"": 7, ""score_farabourse"": 0.0, ""score_fundamental"": 7.5, ""score_gov_support"": 0.0, ""institutional_ratio"": 0.0, ""score_institutional"": 0.0, ""negative_filters_count"": 0}",True,رد,0.0,0.0,7.5,5.0,7.5,0.0,5.0,0.0,7.5,0.0,0.0,0.0,4.8,10.0,20.0,1405-05-18,3013.0,خگستر,2026-09-08,0.59
خگستر3,,,,,,,,,,,,,,,,,,,,,,,,,,,,,,,,,,,,,,,,,,,,,,,,
خگسترح,,,,,,,,,,,,,,,,,,,,,,,,,,,,,,,,,,,,,,,,,,,,,,,,
خگلپا,,,,,,,,,,,,,,,,,,,,,,,,,,,,,,,,,,,,,,,,,,,,,,,,
خیریه اباصالح المهدی,,,,,,,,,,,,,,,,,,,,,,,,,,,,,,,,,,,,,,,,,,,,,,,,
خیریه اشرف الانبیاء,,,,,,,,,,,,,,,,,,,,,,,,,,,,,,,,,,,,,,,,,,,,,,,,
خیریه ام ابیها فاطمه الزهرا ص تهران,,,,,,,,,,,,,,,,,,,,,,,,,,,,,,,,,,,,,,,,,,,,,,,,
خیریه انصار الحجه کمک به ایتام مستمند مشهد,,,,,,,,,,,,,,,,,,,,,,,,,,,,,,,,,,,,,,,,,,,,,,,,
خیریه ایتا صالحین,,,,,,,,,,,,,,,,,,,,,,,,,,,,,,,,,,,,,,,,,,,,,,,,
خیریه توانبخشی بچه های آسمان کامران,,,,,,,,,,,,,,,,,,,,,,,,,,,,,,,,,,,,,,,,,,,,,,,,
خیریه حامی یار مهرماندگار,,,,,,,,,,,,,,,,,,,,,,,,,,,,,,,,,,,,,,,,,,,,,,,,
خیریه حمایت از بیماران مبتلا به سرطان نور,,,,,,,,,,,,,,,,,,,,,,,,,,,,,,,,,,,,,,,,,,,,,,,,
خیریه حمایت از کودکان مبتلا به سرطان اصفهان کسا,,,,,,,,,,,,,,,,,,,,,,,,,,,,,,,,,,,,,,,,,,,,,,,,
خیریه حمایت ازاسیب دیدگان اجتماعی,,,,,,,,,,,,,,,,,,,,,,,,,,,,,,,,,,,,,,,,,,,,,,,,
خیریه خیرین گمنام رفسنجان,,,,,,,,,,,,,,,,,,,,,,,,,,,,,,,,,,,,,,,,,,,,,,,,
خیریه راه ایمان مهر,,,,,,,,,,,,,,,,,,,,,,,,,,,,,,,,,,,,,,,,,,,,,,,,
خیریه روشنان ریشه ها,,,,,,,,,,,,,,,,,,,,,,,,,,,,,,,,,,,,,,,,,,,,,,,,
خیریه سید الشهدا ع پارس آباد,,,,,,,,,,,,,,,,,,,,,,,,,,,,,,,,,,,,,,,,,,,,,,,,
خیریه سید الشهداء ع,,,,,,,,,,,,,,,,,,,,,,,,,,,,,,,,,,,,,,,,,,,,,,,,
خیریه شجره طیبه اصفهان,,,,,,,,,,,,,,,,,,,,,,,,,,,,,,,,,,,,,,,,,,,,,,,,
خیریه صندوق قرض الحسنه منتظریه بهار,,,,,,,,,,,,,,,,,,,,,,,,,,,,,,,,,,,,,,,,,,,,,,,,
خیریه طلوع بی نام و نشان ها,,,,,,,,,,,,,,,,,,,,,,,,,,,,,,,,,,,,,,,,,,,,,,,,
خیریه فرهنگی تربیتی امیرالمومنین(ع),,,,,,,,,,,,,,,,,,,,,,,,,,,,,,,,,,,,,,,,,,,,,,,,
خیریه فرهنگی همره افق قریب,,,,,,,,,,,,,,,,,,,,,,,,,,,,,,,,,,,,,,,,,,,,,,,,
خیریه فیاض بخش تبریز,,,,,,,,,,,,,,,,,,,,,,,,,,,,,,,,,,,,,,,,,,,,,,,,
خیریه قدرعلوی,,,,,,,,,,,,,,,,,,,,,,,,,,,,,,,,,,,,,,,,,,,,,,,,
خیریه محبان جواد مشهد,,,,,,,,,,,,,,,,,,,,,,,,,,,,,,,,,,,,,,,,,,,,,,,,
خیریه مهر گیتی,,,,,,,,,,,,,,,,,,,,,,,,,,,,,,,,,,,,,,,,,,,,,,,,
خیریه همیاری مبتلایان به سرطان مهیار,,,,,,,,,,,,,,,,,,,,,,,,,,,,,,,,,,,,,,,,,,,,,,,,
خیریه و غیر انتفاعی توانبخشی و نگهداری معلولین جسمی حرکتی شهید فیاض بخ,,,,,,,,,,,,,,,,,,,,,,,,,,,,,,,,,,,,,,,,,,,,,,,,
خیریه کوثر مشیز,,,,,,,,,,,,,,,,,,,,,,,,,,,,,,,,,,,,,,,,,,,,,,,,
خیمن,,,,,,,,,,,,,,,,,,,,,,,,,,,,,,,,,,,,,,,,,,,,,,,,
خیمن3,,,,,,,,,,,,,,,,,,,,,,,,,,,,,,,,,,,,,,,,,,,,,,,,
دابور,0.0,2026-08-09 18:36:44.149365,38970.0,رد_نمره,,,,5.7,2026-08-09 15:06:44.146146,2026-08-09,141,0.0,201368508488.66666,1.6,0,6.523,,,0.12,97.6,,3665,2,13,5.65,"{""atr_14"": 940.0, ""symbol"": ""دابور"", ""live_pe"": 0.5, ""risk_ok"": true, ""decision"": ""رد_نمره"", ""industry"": ""مواد و محصولات دارويي"", ""pe_ratio"": 0.04, ""raw_score"": 6.2, ""trend_20d"": ""down"", ""rule_50_30"": ""رد"", ""final_score"": 6.2, ""score_macro"": 10.0, ""volume_spike"": 15.66, ""current_price"": 13100.0, ""liquidity_pct"": 136893263.8, ""position_size"": 0, ""adjusted_score"": 0.0, ""rank_in_market"": 13, ""score_feedstock"": 0.0, ""score_liquidity"": 5.0, ""score_technical"": 15.0, ""score_valuation"": 20.0, ""stop_loss_price"": 11220.0, ""nima_free_spread"": 6.523, ""percentile_score"": 97.6, ""price_change_pct"": -2.24, ""rank_in_industry"": 2, ""score_farabourse"": 0.0, ""score_fundamental"": 7.5, ""score_gov_support"": 0.0, ""institutional_ratio"": 0.0, ""score_institutional"": 0.0, ""negative_filters_count"": 0}",True,رد,0.0,0.0,7.5,5.0,7.5,0.0,5.0,10.0,15.0,0.0,0.0,0.0,6.2,20.0,20.0,1405-05-18,36242.0,دابور,2026-09-08,0.59
دابور2,,,,,,,,,,,,,,,,,,,,,,,,,,,,,,,,,,,,,,,,,,,,,,,,
دابور3,,,,,,,,,,,,,,,,,,,,,,,,,,,,,,,,,,,,,,,,,,,,,,,,
داتام,,,,,,,,,,,,,,,,,,,,,,,,,,,,,,,,,,,,,,,,,,,,,,,,
داتام3,,,,,,,,,,,,,,,,,,,,,,,,,,,,,,,,,,,,,,,,,,,,,,,,
داترا,,,,,,,,,,,,,,,,,,,,,,,,,,,,,,,,,,,,,,,,,,,,,,,,
داترا3,,,,,,,,,,,,,,,,,,,,,,,,,,,,,,,,,,,,,,,,,,,,,,,,
داتک,,,,,,,,,,,,,,,,,,,,,,,,,,,,,,,,,,,,,,,,,,,,,,,,
دارا,,,,,,,,,,,,,,,,,,,,,,,,,,,,,,,,,,,,,,,,,,,,,,,,
دارا بازار,,,,,,,,,,,,,,,,,,,,,,,,,,,,,,,,,,,,,,,,,,,,,,,,
دارا یکم,0.0,2026-08-09 18:36:44.149365,0.0,رد_نمره,,,,2.6,2026-08-09 15:06:44.146146,2026-08-09,142,0.0,0.0,0.0,0,6.523,,,0.0,4.3,,0,4,489,2.6,"{""atr_14"": 21284.0, ""symbol"": ""دارا یکم"", ""live_pe"": 5538000.0, ""risk_ok"": true, ""decision"": ""رد_نمره"", ""industry"": """", ""pe_ratio"": 852000.0, ""raw_score"": 0.9, ""trend_20d"": ""down"", ""rule_50_30"": ""رد"", ""final_score"": 0.9, ""score_macro"": 0.0, ""volume_spike"": 0.78, ""current_price"": 221520.0, ""liquidity_pct"": 1683524687283.3333, ""position_size"": 0, ""adjusted_score"": 0.0, ""rank_in_market"": 489, ""score_feedstock"": 0.0, ""score_liquidity"": 5.0, ""score_technical"": 0.0, ""score_valuation"": 0.0, ""stop_loss_price"": 178953.0, ""nima_free_spread"": 6.523, ""percentile_score"": 4.3, ""price_change_pct"": -7.95, ""rank_in_industry"": 4, ""score_farabourse"": 0.0, ""score_fundamental"": 0.0, ""score_gov_support"": 5.0, ""institutional_ratio"": 0.0, ""score_institutional"": 0.0, ""negative_filters_count"": 0}",True,رد,0.0,0.0,0.0,0.0,0.0,0.0,5.0,0.0,0.0,0.0,5.0,0.0,0.9,20.0,0.0,1405-05-18,0.0,دارا یکم,2026-09-08,0.0
دارا2,,,,,,,,,,,,,,,,,,,,,,,,,,,,,,,,,,,,,,,,,,,,,,,,
دارا4,,,,,,,,,,,,,,,,,,,,,,,,,,,,,,,,,,,,,,,,,,,,,,,,
داراب,,,,,,,,,,,,,,,,,,,,,,,,,,,,,,,,,,,,,,,,,,,,,,,,
دارو,0.0,2026-08-09 18:36:44.149365,0.0,رد_نمره,,,,4.8,2026-08-09 15:06:44.146146,2026-08-09,143,0.0,0.0,0.0,0,6.523,,,0.0,89.0,,0,4,57,4.75,"{""atr_14"": 90.0, ""symbol"": ""دارو"", ""live_pe"": 2.2, ""risk_ok"": true, ""decision"": ""رد_نمره"", ""industry"": ""مواد و محصولات دارويي"", ""pe_ratio"": 0.17, ""raw_score"": 5.0, ""trend_20d"": ""flat"", ""rule_50_30"": ""رد"", ""final_score"": 5.0, ""score_macro"": 10.0, ""volume_spike"": 0.08, ""current_price"": 7428.0, ""liquidity_pct"": 287456704.633333, ""position_size"": 0, ""adjusted_score"": 0.0, ""rank_in_market"": 57, ""score_feedstock"": 0.0, ""score_liquidity"": 5.0, ""score_technical"": 0.0, ""score_valuation"": 20.0, ""stop_loss_price"": 6908.0, ""nima_free_spread"": 6.523, ""percentile_score"": 89.0, ""price_change_pct"": 0.99, ""rank_in_industry"": 4, ""score_farabourse"": 0.0, ""score_fundamental"": 7.5, ""score_gov_support"": 0.0, ""institutional_ratio"": 0.0, ""score_institutional"": 0.0, ""negative_filters_count"": 0}",True,رد,0.0,0.0,7.5,0.0,7.5,0.0,5.0,10.0,0.0,0.0,0.0,0.0,5.0,20.0,20.0,1405-05-18,0.0,دارو,2026-09-08,0.0
دارو3,,,,,,,,,,,,,,,,,,,,,,,,,,,,,,,,,,,,,,,,,,,,,,,,
داروند,,,,,,,,,,,,,,,,,,,,,,,,,,,,,,,,,,,,,,,,,,,,,,,,
دارونو,,,,,,,,,,,,,,,,,,,,,,,,,,,,,,,,,,,,,,,,,,,,,,,,
داریوش,,,,,,,,,,,,,,,,,,,,,,,,,,,,,,,,,,,,,,,,,,,,,,,,
داریوش بازار,,,,,,,,,,,,,,,,,,,,,,,,,,,,,,,,,,,,,,,,,,,,,,,,
داریوش ثابت,,,,,,,,,,,,,,,,,,,,,,,,,,,,,,,,,,,,,,,,,,,,,,,,
داریوش2,,,,,,,,,,,,,,,,,,,,,,,,,,,,,,,,,,,,,,,,,,,,,,,,
داریوش4,,,,,,,,,,,,,,,,,,,,,,,,,,,,,,,,,,,,,,,,,,,,,,,,
داریک,,,,,,,,,,,,,,,,,,,,,,,,,,,,,,,,,,,,,,,,,,,,,,,,
داریک بازار,,,,,,,,,,,,,,,,,,,,,,,,,,,,,,,,,,,,,,,,,,,,,,,,
داریک2,,,,,,,,,,,,,,,,,,,,,,,,,,,,,,,,,,,,,,,,,,,,,,,,
داریک4,,,,,,,,,,,,,,,,,,,,,,,,,,,,,,,,,,,,,,,,,,,,,,,,
داسوه,0.0,2026-08-09 18:36:44.149365,0.0,رد_نمره,,,,6.1,2026-08-09 15:06:44.146146,2026-08-09,144,0.0,0.0,0.0,0,6.523,,,0.0,97.8,,0,1,12,6.1,"{""atr_14"": 53.0, ""symbol"": ""داسوه"", ""live_pe"": 0.3, ""risk_ok"": true, ""decision"": ""رد_نمره"", ""industry"": ""مواد و محصولات دارويي"", ""pe_ratio"": 0.05, ""raw_score"": 6.35, ""trend_20d"": ""down"", ""rule_50_30"": ""رد"", ""final_score"": 6.3, ""score_macro"": 10.0, ""volume_spike"": 0.85, ""current_price"": 7883.0, ""liquidity_pct"": 56794058.666667, ""position_size"": 0, ""adjusted_score"": 0.0, ""rank_in_market"": 12, ""score_feedstock"": 0.0, ""score_liquidity"": 5.0, ""score_technical"": 0.0, ""score_valuation"": 20.0, ""stop_loss_price"": 7331.0, ""nima_free_spread"": 6.523, ""percentile_score"": 97.8, ""price_change_pct"": -2.44, ""rank_in_industry"": 1, ""score_farabourse"": 0.0, ""score_fundamental"": 15.0, ""score_gov_support"": 0.0, ""institutional_ratio"": 0.0, ""score_institutional"": 0.0, ""negative_filters_count"": 0}",True,رد,0.0,0.0,15.0,0.0,15.0,0.0,5.0,10.0,0.0,0.0,0.0,0.0,6.3,20.0,20.0,1405-05-18,0.0,داسوه,2026-09-08,0.0
داسوه2,,,,,,,,,,,,,,,,,,,,,,,,,,,,,,,,,,,,,,,,,,,,,,,,
داسوه3,,,,,,,,,,,,,,,,,,,,,,,,,,,,,,,,,,,,,,,,,,,,,,,,
دالبر,0.0,2026-08-09 18:36:44.149365,0.0,رد_نمره,,,,4.8,2026-08-09 15:06:44.146146,2026-08-09,145,0.0,0.0,0.0,0,6.523,,,0.0,88.8,,0,5,58,4.75,"{""atr_14"": 53.0, ""symbol"": ""دالبر"", ""live_pe"": 1.6, ""risk_ok"": true, ""decision"": ""رد_نمره"", ""industry"": ""مواد و محصولات دارويي"", ""pe_ratio"": 0.12, ""raw_score"": 5.0, ""trend_20d"": ""up"", ""rule_50_30"": ""رد"", ""final_score"": 5.0, ""score_macro"": 10.0, ""volume_spike"": 0.19, ""current_price"": 11922.0, ""liquidity_pct"": 50246017.9, ""position_size"": 0, ""adjusted_score"": 0.0, ""rank_in_market"": 58, ""score_feedstock"": 0.0, ""score_liquidity"": 5.0, ""score_technical"": 0.0, ""score_valuation"": 20.0, ""stop_loss_price"": 11087.0, ""nima_free_spread"": 6.523, ""percentile_score"": 88.8, ""price_change_pct"": 0.04, ""rank_in_industry"": 5, ""score_farabourse"": 0.0, ""score_fundamental"": 7.5, ""score_gov_support"": 0.0, ""institutional_ratio"": 0.0, ""score_institutional"": 0.0, ""negative_filters_count"": 0}",True,رد,0.0,0.0,7.5,0.0,7.5,0.0,5.0,10.0,0.0,0.0,0.0,0.0,5.0,20.0,20.0,1405-05-18,0.0,دالبر,2026-09-08,0.0
دالبر2,,,,,,,,,,,,,,,,,,,,,,,,,,,,,,,,,,,,,,,,,,,,,,,,
دالبر3,,,,,,,,,,,,,,,,,,,,,,,,,,,,,,,,,,,,,,,,,,,,,,,,
دامون,,,,,,,,,,,,,,,,,,,,,,,,,,,,,,,,,,,,,,,,,,,,,,,,
دامون4,,,,,,,,,,,,,,,,,,,,,,,,,,,,,,,,,,,,,,,,,,,,,,,,
دامین,0.0,2026-08-09 18:36:44.149365,0.0,رد_نمره,,,,2.6,2026-08-09 15:06:44.146146,2026-08-09,146,0.0,0.0,0.0,0,6.523,,,0.0,49.6,,0,20,258,2.6,"{""atr_14"": 0.0, ""symbol"": ""دامين"", ""live_pe"": 0.0, ""risk_ok"": true, ""decision"": ""رد_نمره"", ""industry"": ""مواد و محصولات دارويي"", ""pe_ratio"": 0.0, ""raw_score"": 2.6, ""trend_20d"": ""flat"", ""rule_50_30"": ""رد"", ""final_score"": 2.6, ""score_macro"": 0.0, ""volume_spike"": 0.0, ""current_price"": 0.0, ""liquidity_pct"": 0.0, ""position_size"": 0, ""adjusted_score"": 0.0, ""rank_in_market"": 258, ""score_feedstock"": 0.0, ""score_liquidity"": 0.0, ""score_technical"": 0.0, ""score_valuation"": 20.0, ""stop_loss_price"": 0, ""nima_free_spread"": 6.523, ""percentile_score"": 49.6, ""price_change_pct"": 0.0, ""rank_in_industry"": 20, ""score_farabourse"": 0.0, ""score_fundamental"": 0.0, ""score_gov_support"": 0.0, ""institutional_ratio"": 0.0, ""score_institutional"": 0.0, ""negative_filters_count"": 0}",True,رد,0.0,0.0,0.0,0.0,0.0,0.0,0.0,0.0,0.0,0.0,0.0,0.0,2.6,20.0,20.0,1405-05-18,0.0,دامين,2026-09-08,0.0
دامین2,,,,,,,,,,,,,,,,,,,,,,,,,,,,,,,,,,,,,,,,,,,,,,,,
دامین3,,,,,,,,,,,,,,,,,,,,,,,,,,,,,,,,,,,,,,,,,,,,,,,,
دانا,0.0,2026-08-09 18:36:44.149365,1940.0,رد_نمره,,,,0.9,2026-08-09 15:06:44.146146,2026-08-09,147,0.0,73503489141.26666,48500.0,0,6.523,,,16220.74,2.0,,73529,7,501,0.9,"{""atr_14"": 552.0, ""symbol"": ""دانا"", ""live_pe"": 330000.0, ""risk_ok"": true, ""decision"": ""رد_نمره"", ""industry"": ""بيمه وصندوق بازنشستگي به جزتامين اجتماعي"", ""pe_ratio"": 110367.89, ""raw_score"": 0.25, ""trend_20d"": ""down"", ""rule_50_30"": ""رد"", ""final_score"": 0.2, ""score_macro"": 0.0, ""volume_spike"": 0.8, ""current_price"": 13200.0, ""liquidity_pct"": 800390000.333333, ""position_size"": 0, ""adjusted_score"": 0.0, ""rank_in_market"": 501, ""score_feedstock"": 0.0, ""score_liquidity"": 5.0, ""score_technical"": 0.0, ""score_valuation"": 0.0, ""stop_loss_price"": 12096.0, ""nima_free_spread"": 6.523, ""percentile_score"": 2.0, ""price_change_pct"": -4.0, ""rank_in_industry"": 7, ""score_farabourse"": 0.0, ""score_fundamental"": 0.0, ""score_gov_support"": 0.0, ""institutional_ratio"": 0.0, ""score_institutional"": 0.0, ""negative_filters_count"": 0}",True,رد,0.0,0.0,0.0,5.0,0.0,0.0,5.0,0.0,0.0,0.0,0.0,0.0,0.2,0.0,0.0,1405-05-18,1804.0,دانا,2026-09-08,1.07
دانا3,,,,,,,,,,,,,,,,,,,,,,,,,,,,,,,,,,,,,,,,,,,,,,,,
دانایان,,,,,,,,,,,,,,,,,,,,,,,,,,,,,,,,,,,,,,,,,,,,,,,,
دانایان بازار,,,,,,,,,,,,,,,,,,,,,,,,,,,,,,,,,,,,,,,,,,,,,,,,
دانیک,,,,,,,,,,,,,,,,,,,,,,,,,,,,,,,,,,,,,,,,,,,,,,,,
داوه,,,,,,,,,,,,,,,,,,,,,,,,,,,,,,,,,,,,,,,,,,,,,,,,
داوه3,,,,,,,,,,,,,,,,,,,,,,,,,,,,,,,,,,,,,,,,,,,,,,,,
داکسیر,,,,,,,,,,,,,,,,,,,,,,,,,,,,,,,,,,,,,,,,,,,,,,,,
دبالک,,,,,,,,,,,,,,,,,,,,,,,,,,,,,,,,,,,,,,,,,,,,,,,,
دبالک3,,,,,,,,,,,,,,,,,,,,,,,,,,,,,,,,,,,,,,,,,,,,,,,,
دتماد,0.0,2026-08-09 18:36:44.149365,0.0,رد_نمره,,,,4.8,2026-08-09 15:06:44.146146,2026-08-09,149,0.0,0.0,0.0,0,6.523,,,0.0,88.4,,0,7,60,4.75,"{""atr_14"": 2115.0, ""symbol"": ""دتماد"", ""live_pe"": 0.8, ""risk_ok"": true, ""decision"": ""رد_نمره"", ""industry"": ""مواد و محصولات دارويي"", ""pe_ratio"": 0.06, ""raw_score"": 5.0, ""trend_20d"": ""down"", ""rule_50_30"": ""رد"", ""final_score"": 5.0, ""score_macro"": 10.0, ""volume_spike"": 0.0, ""current_price"": 19115.0, ""liquidity_pct"": 8227609410.9, ""position_size"": 0, ""adjusted_score"": 0.0, ""rank_in_market"": 60, ""score_feedstock"": 0.0, ""score_liquidity"": 5.0, ""score_technical"": 0.0, ""score_valuation"": 20.0, ""stop_loss_price"": 14885.0, ""nima_free_spread"": 6.523, ""percentile_score"": 88.4, ""price_change_pct"": 0.0, ""rank_in_industry"": 7, ""score_farabourse"": 0.0, ""score_fundamental"": 7.5, ""score_gov_support"": 0.0, ""institutional_ratio"": 0.0, ""score_institutional"": 0.0, ""negative_filters_count"": 0}",True,رد,0.0,0.0,7.5,0.0,7.5,0.0,5.0,10.0,0.0,0.0,0.0,0.0,5.0,20.0,20.0,1405-05-18,0.0,دتماد,2026-09-08,0.0
دتماد2,,,,,,,,,,,,,,,,,,,,,,,,,,,,,,,,,,,,,,,,,,,,,,,,
دتماد3,,,,,,,,,,,,,,,,,,,,,,,,,,,,,,,,,,,,,,,,,,,,,,,,
دتهران,0.0,2026-08-09 18:36:44.149365,0.0,رد_نمره,,,,2.6,2026-08-09 15:06:44.146146,2026-08-09,150,0.0,0.0,0.0,0,6.523,,,0.0,49.4,,0,21,259,2.6,"{""atr_14"": 0.0, ""symbol"": ""دتهران"", ""live_pe"": 0.0, ""risk_ok"": true, ""decision"": ""رد_نمره"", ""industry"": ""مواد و محصولات دارويي"", ""pe_ratio"": 0.0, ""raw_score"": 2.6, ""trend_20d"": ""flat"", ""rule_50_30"": ""رد"", ""final_score"": 2.6, ""score_macro"": 0.0, ""volume_spike"": 0.0, ""current_price"": 0.0, ""liquidity_pct"": 0.0, ""position_size"": 0, ""adjusted_score"": 0.0, ""rank_in_market"": 259, ""score_feedstock"": 0.0, ""score_liquidity"": 0.0, ""score_technical"": 0.0, ""score_valuation"": 20.0, ""stop_loss_price"": 0, ""nima_free_spread"": 6.523, ""percentile_score"": 49.4, ""price_change_pct"": 0.0, ""rank_in_industry"": 21, ""score_farabourse"": 0.0, ""score_fundamental"": 0.0, ""score_gov_support"": 0.0, ""institutional_ratio"": 0.0, ""score_institutional"": 0.0, ""negative_filters_count"": 0}",True,رد,0.0,0.0,0.0,0.0,0.0,0.0,0.0,0.0,0.0,0.0,0.0,0.0,2.6,20.0,20.0,1405-05-18,0.0,دتهران,2026-09-08,0.0
دتوزیع,,,,,,,,,,,,,,,,,,,,,,,,,,,,,,,,,,,,,,,,,,,,,,,,
دتوزیع3,,,,,,,,,,,,,,,,,,,,,,,,,,,,,,,,,,,,,,,,,,,,,,,,
دتولید,,,,,,,,,,,,,,,,,,,,,,,,,,,,,,,,,,,,,,,,,,,,,,,,
دتولید3,,,,,,,,,,,,,,,,,,,,,,,,,,,,,,,,,,,,,,,,,,,,,,,,
دجابر,0.0,2026-08-09 18:36:44.149365,0.0,رد_نمره,,,,4.8,2026-08-09 15:06:44.146146,2026-08-09,151,0.0,0.0,0.0,0,6.523,,,0.0,88.2,,0,8,61,4.75,"{""atr_14"": 180.0, ""symbol"": ""دجابر"", ""live_pe"": 1.2, ""risk_ok"": true, ""decision"": ""رد_نمره"", ""industry"": ""مواد و محصولات دارويي"", ""pe_ratio"": 0.09, ""raw_score"": 5.0, ""trend_20d"": ""flat"", ""rule_50_30"": ""رد"", ""final_score"": 5.0, ""score_macro"": 10.0, ""volume_spike"": 0.06, ""current_price"": 20304.0, ""liquidity_pct"": 264078569.233333, ""position_size"": 0, ""adjusted_score"": 0.0, ""rank_in_market"": 61, ""score_feedstock"": 0.0, ""score_liquidity"": 5.0, ""score_technical"": 0.0, ""score_valuation"": 20.0, ""stop_loss_price"": 18883.0, ""nima_free_spread"": 6.523, ""percentile_score"": 88.2, ""price_change_pct"": -1.0, ""rank_in_industry"": 8, ""score_farabourse"": 0.0, ""score_fundamental"": 7.5, ""score_gov_support"": 0.0, ""institutional_ratio"": 0.0, ""score_institutional"": 0.0, ""negative_filters_count"": 0}",True,رد,0.0,0.0,7.5,0.0,7.5,0.0,5.0,10.0,0.0,0.0,0.0,0.0,5.0,20.0,20.0,1405-05-18,0.0,دجابر,2026-09-08,0.0
دجابر3,,,,,,,,,,,,,,,,,,,,,,,,,,,,,,,,,,,,,,,,,,,,,,,,
دجابر4,,,,,,,,,,,,,,,,,,,,,,,,,,,,,,,,,,,,,,,,,,,,,,,,
دحاوی,,,,,,,,,,,,,,,,,,,,,,,,,,,,,,,,,,,,,,,,,,,,,,,,
دخانیات,,,,,,,,,,,,,,,,,,,,,,,,,,,,,,,,,,,,,,,,,,,,,,,,
ددام,0.0,2026-08-09 18:36:44.149365,0.0,رد_نمره,,,,4.8,2026-08-09 15:06:44.146146,2026-08-09,152,0.0,0.0,0.0,0,6.523,,,0.0,93.5,,0,3,34,4.75,"{""atr_14"": 362.0, ""symbol"": ""ددام"", ""live_pe"": 3.0, ""risk_ok"": true, ""decision"": ""رد_نمره"", ""industry"": ""مواد و محصولات دارويي"", ""pe_ratio"": 0.23, ""raw_score"": 5.6, ""trend_20d"": ""up"", ""rule_50_30"": ""رد"", ""final_score"": 5.6, ""score_macro"": 10.0, ""volume_spike"": 2.19, ""current_price"": 10783.0, ""liquidity_pct"": 33511838.133333, ""position_size"": 0, ""adjusted_score"": 0.0, ""rank_in_market"": 34, ""score_feedstock"": 0.0, ""score_liquidity"": 5.0, ""score_technical"": 7.5, ""score_valuation"": 20.0, ""stop_loss_price"": 10028.0, ""nima_free_spread"": 6.523, ""percentile_score"": 93.5, ""price_change_pct"": 5.0, ""rank_in_industry"": 3, ""score_farabourse"": 0.0, ""score_fundamental"": 7.5, ""score_gov_support"": 0.0, ""institutional_ratio"": 0.0, ""score_institutional"": 0.0, ""negative_filters_count"": 0}",True,رد,0.0,0.0,7.5,0.0,7.5,0.0,5.0,10.0,7.5,0.0,0.0,0.0,5.6,20.0,20.0,1405-05-18,0.0,ددام,2026-09-08,0.0
ددام3,,,,,,,,,,,,,,,,,,,,,,,,,,,,,,,,,,,,,,,,,,,,,,,,
ددانا,,,,,,,,,,,,,,,,,,,,,,,,,,,,,,,,,,,,,,,,,,,,,,,,
ددانا3,,,,,,,,,,,,,,,,,,,,,,,,,,,,,,,,,,,,,,,,,,,,,,,,
درازک,0.0,2026-08-09 18:36:44.149365,0.0,رد_نمره,,,,2.6,2026-08-09 15:06:44.146146,2026-08-09,153,0.0,0.0,0.0,0,6.523,,,0.0,49.2,,0,22,260,2.6,"{""atr_14"": 0.0, ""symbol"": ""درازك"", ""live_pe"": 0.0, ""risk_ok"": true, ""decision"": ""رد_نمره"", ""industry"": ""مواد و محصولات دارويي"", ""pe_ratio"": 0.0, ""raw_score"": 2.6, ""trend_20d"": ""flat"", ""rule_50_30"": ""رد"", ""final_score"": 2.6, ""score_macro"": 0.0, ""volume_spike"": 0.0, ""current_price"": 0.0, ""liquidity_pct"": 0.0, ""position_size"": 0, ""adjusted_score"": 0.0, ""rank_in_market"": 260, ""score_feedstock"": 0.0, ""score_liquidity"": 0.0, ""score_technical"": 0.0, ""score_valuation"": 20.0, ""stop_loss_price"": 0, ""nima_free_spread"": 6.523, ""percentile_score"": 49.2, ""price_change_pct"": 0.0, ""rank_in_industry"": 22, ""score_farabourse"": 0.0, ""score_fundamental"": 0.0, ""score_gov_support"": 0.0, ""institutional_ratio"": 0.0, ""score_institutional"": 0.0, ""negative_filters_count"": 0}",True,رد,0.0,0.0,0.0,0.0,0.0,0.0,0.0,0.0,0.0,0.0,0.0,0.0,2.6,20.0,20.0,1405-05-18,0.0,درازك,2026-09-08,0.0
درازک2,,,,,,,,,,,,,,,,,,,,,,,,,,,,,,,,,,,,,,,,,,,,,,,,
درازک3,,,,,,,,,,,,,,,,,,,,,,,,,,,,,,,,,,,,,,,,,,,,,,,,
درازی,,,,,,,,,,,,,,,,,,,,,,,,,,,,,,,,,,,,,,,,,,,,,,,,
درازی3,,,,,,,,,,,,,,,,,,,,,,,,,,,,,,,,,,,,,,,,,,,,,,,,
درخشان,,,,,,,,,,,,,,,,,,,,,,,,,,,,,,,,,,,,,,,,,,,,,,,,
درسا,,,,,,,,,,,,,,,,,,,,,,,,,,,,,,,,,,,,,,,,,,,,,,,,
درمانگاه خیریه حضرت علی عیله السلام,,,,,,,,,,,,,,,,,,,,,,,,,,,,,,,,,,,,,,,,,,,,,,,,
درمانگاه خیریه حضرت قاسم بن الحسن ع تهران,,,,,,,,,,,,,,,,,,,,,,,,,,,,,,,,,,,,,,,,,,,,,,,,
درمانگاه خیریه صاحب کوثر,,,,,,,,,,,,,,,,,,,,,,,,,,,,,,,,,,,,,,,,,,,,,,,,
درنا,,,,,,,,,,,,,,,,,,,,,,,,,,,,,,,,,,,,,,,,,,,,,,,,
درهآور,,,,,,,,,,,,,,,,,,,,,,,,,,,,,,,,,,,,,,,,,,,,,,,,
درهآور3,,,,,,,,,,,,,,,,,,,,,,,,,,,,,,,,,,,,,,,,,,,,,,,,
دروز,0.0,2026-08-09 18:36:44.149365,0.0,رد_نمره,,,,4.8,2026-08-09 15:06:44.146146,2026-08-09,154,0.0,0.0,0.0,0,6.523,,,0.0,88.0,,0,9,62,4.75,"{""atr_14"": 138.0, ""symbol"": ""دروز"", ""live_pe"": 1.8, ""risk_ok"": true, ""decision"": ""رد_نمره"", ""industry"": ""مواد و محصولات دارويي"", ""pe_ratio"": 0.27, ""raw_score"": 5.0, ""trend_20d"": ""up"", ""rule_50_30"": ""رد"", ""final_score"": 5.0, ""score_macro"": 10.0, ""volume_spike"": 1.29, ""current_price"": 6999.0, ""liquidity_pct"": 59670444.766667, ""position_size"": 0, ""adjusted_score"": 0.0, ""rank_in_market"": 62, ""score_feedstock"": 0.0, ""score_liquidity"": 5.0, ""score_technical"": 0.0, ""score_valuation"": 20.0, ""stop_loss_price"": 6509.0, ""nima_free_spread"": 6.523, ""percentile_score"": 88.0, ""price_change_pct"": 0.0, ""rank_in_industry"": 9, ""score_farabourse"": 0.0, ""score_fundamental"": 7.5, ""score_gov_support"": 0.0, ""institutional_ratio"": 0.0, ""score_institutional"": 0.0, ""negative_filters_count"": 0}",True,رد,0.0,0.0,7.5,0.0,7.5,0.0,5.0,10.0,0.0,0.0,0.0,0.0,5.0,20.0,20.0,1405-05-18,0.0,دروز,2026-09-08,0.0
دروز3,,,,,,,,,,,,,,,,,,,,,,,,,,,,,,,,,,,,,,,,,,,,,,,,
درپاد,,,,,,,,,,,,,,,,,,,,,,,,,,,,,,,,,,,,,,,,,,,,,,,,
درپاد3,,,,,,,,,,,,,,,,,,,,,,,,,,,,,,,,,,,,,,,,,,,,,,,,
دریا,,,,,,,,,,,,,,,,,,,,,,,,,,,,,,,,,,,,,,,,,,,,,,,,
درین,,,,,,,,,,,,,,,,,,,,,,,,,,,,,,,,,,,,,,,,,,,,,,,,
درین2,,,,,,,,,,,,,,,,,,,,,,,,,,,,,,,,,,,,,,,,,,,,,,,,
دزاگرس,,,,,,,,,,,,,,,,,,,,,,,,,,,,,,,,,,,,,,,,,,,,,,,,
دزاگرس2,,,,,,,,,,,,,,,,,,,,,,,,,,,,,,,,,,,,,,,,,,,,,,,,
دزاگرس3,,,,,,,,,,,,,,,,,,,,,,,,,,,,,,,,,,,,,,,,,,,,,,,,
دزهراوی,0.0,2026-08-09 18:36:44.149365,0.0,رد_نمره,,,,2.6,2026-08-09 15:06:44.146146,2026-08-09,155,0.0,0.0,0.0,0,6.523,,,0.0,49.0,,0,23,261,2.6,"{""atr_14"": 0.0, ""symbol"": ""دزهراوي"", ""live_pe"": 0.0, ""risk_ok"": true, ""decision"": ""رد_نمره"", ""industry"": ""مواد و محصولات دارويي"", ""pe_ratio"": 0.0, ""raw_score"": 2.6, ""trend_20d"": ""flat"", ""rule_50_30"": ""رد"", ""final_score"": 2.6, ""score_macro"": 0.0, ""volume_spike"": 0.0, ""current_price"": 0.0, ""liquidity_pct"": 0.0, ""position_size"": 0, ""adjusted_score"": 0.0, ""rank_in_market"": 261, ""score_feedstock"": 0.0, ""score_liquidity"": 0.0, ""score_technical"": 0.0, ""score_valuation"": 20.0, ""stop_loss_price"": 0, ""nima_free_spread"": 6.523, ""percentile_score"": 49.0, ""price_change_pct"": 0.0, ""rank_in_industry"": 23, ""score_farabourse"": 0.0, ""score_fundamental"": 0.0, ""score_gov_support"": 0.0, ""institutional_ratio"": 0.0, ""score_institutional"": 0.0, ""negative_filters_count"": 0}",True,رد,0.0,0.0,0.0,0.0,0.0,0.0,0.0,0.0,0.0,0.0,0.0,0.0,2.6,20.0,20.0,1405-05-18,0.0,دزهراوي,2026-09-08,0.0
دزهراوی3,,,,,,,,,,,,,,,,,,,,,,,,,,,,,,,,,,,,,,,,,,,,,,,,
دسانکو,,,,,,,,,,,,,,,,,,,,,,,,,,,,,,,,,,,,,,,,,,,,,,,,
دسانکو3,,,,,,,,,,,,,,,,,,,,,,,,,,,,,,,,,,,,,,,,,,,,,,,,
دسبحا,0.0,2026-08-09 18:36:44.149365,3630.0,رد_نمره,,,,4.9,2026-08-09 15:06:44.146146,2026-08-09,156,0.0,319519132208.0,4.8,0,6.523,,,0.37,8.2,,39370,30,469,4.85,"{""atr_14"": 133.0, ""symbol"": ""دسبحا"", ""live_pe"": 24.1, ""risk_ok"": true, ""decision"": ""رد_نمره"", ""industry"": ""مواد و محصولات دارويي"", ""pe_ratio"": 1.87, ""raw_score"": 1.6, ""trend_20d"": ""up"", ""rule_50_30"": ""رد"", ""final_score"": 1.6, ""score_macro"": 0.0, ""volume_spike"": 0.1, ""current_price"": 18252.0, ""liquidity_pct"": 897635158.2, ""position_size"": 0, ""adjusted_score"": 0.0, ""rank_in_market"": 469, ""score_feedstock"": 0.0, ""score_liquidity"": 5.0, ""score_technical"": 0.0, ""score_valuation"": 0.0, ""stop_loss_price"": 16974.0, ""nima_free_spread"": 6.523, ""percentile_score"": 8.2, ""price_change_pct"": -1.0, ""rank_in_industry"": 30, ""score_farabourse"": 0.0, ""score_fundamental"": 7.5, ""score_gov_support"": 0.0, ""institutional_ratio"": 0.0, ""score_institutional"": 0.0, ""negative_filters_count"": 0}",True,رد,0.0,0.0,7.5,5.0,7.5,0.0,5.0,0.0,0.0,0.0,0.0,0.0,1.6,20.0,0.0,1405-05-18,3376.0,دسبحا,2026-09-08,0.99
دسبحا3,,,,,,,,,,,,,,,,,,,,,,,,,,,,,,,,,,,,,,,,,,,,,,,,
دسبحان,0.0,2026-08-09 18:36:44.149365,0.0,رد_نمره,,,,4.8,2026-08-09 15:06:44.146146,2026-08-09,157,0.0,0.0,0.0,0,6.523,,,0.0,87.8,,0,10,63,4.75,"{""atr_14"": 9835.0, ""symbol"": ""دسبحان"", ""live_pe"": 1.6, ""risk_ok"": true, ""decision"": ""رد_نمره"", ""industry"": ""مواد و محصولات دارويي"", ""pe_ratio"": 0.13, ""raw_score"": 5.0, ""trend_20d"": ""down"", ""rule_50_30"": ""رد"", ""final_score"": 5.0, ""score_macro"": 10.0, ""volume_spike"": 0.0, ""current_price"": 9346.0, ""liquidity_pct"": 118345936.5, ""position_size"": 0, ""adjusted_score"": 0.0, ""rank_in_market"": 63, ""score_feedstock"": 0.0, ""score_liquidity"": 5.0, ""score_technical"": 0.0, ""score_valuation"": 20.0, ""stop_loss_price"": -10325.0, ""nima_free_spread"": 6.523, ""percentile_score"": 87.8, ""price_change_pct"": 0.0, ""rank_in_industry"": 10, ""score_farabourse"": 0.0, ""score_fundamental"": 7.5, ""score_gov_support"": 0.0, ""institutional_ratio"": 0.0, ""score_institutional"": 0.0, ""negative_filters_count"": 0}",True,رد,0.0,0.0,7.5,0.0,7.5,0.0,5.0,10.0,0.0,0.0,0.0,0.0,5.0,20.0,20.0,1405-05-18,0.0,دسبحان,2026-09-08,0.0
دسبحان2,,,,,,,,,,,,,,,,,,,,,,,,,,,,,,,,,,,,,,,,,,,,,,,,
دسبحان3,,,,,,,,,,,,,,,,,,,,,,,,,,,,,,,,,,,,,,,,,,,,,,,,
دسینا,0.0,2026-08-09 18:36:44.149365,0.0,رد_نمره,,,,2.6,2026-08-09 15:06:44.146146,2026-08-09,158,0.0,0.0,0.0,0,6.523,,,0.0,48.8,,0,24,262,2.6,"{""atr_14"": 0.0, ""symbol"": ""دسينا"", ""live_pe"": 0.0, ""risk_ok"": true, ""decision"": ""رد_نمره"", ""industry"": ""مواد و محصولات دارويي"", ""pe_ratio"": 0.0, ""raw_score"": 2.6, ""trend_20d"": ""flat"", ""rule_50_30"": ""رد"", ""final_score"": 2.6, ""score_macro"": 0.0, ""volume_spike"": 0.0, ""current_price"": 0.0, ""liquidity_pct"": 0.0, ""position_size"": 0, ""adjusted_score"": 0.0, ""rank_in_market"": 262, ""score_feedstock"": 0.0, ""score_liquidity"": 0.0, ""score_technical"": 0.0, ""score_valuation"": 20.0, ""stop_loss_price"": 0, ""nima_free_spread"": 6.523, ""percentile_score"": 48.8, ""price_change_pct"": 0.0, ""rank_in_industry"": 24, ""score_farabourse"": 0.0, ""score_fundamental"": 0.0, ""score_gov_support"": 0.0, ""institutional_ratio"": 0.0, ""score_institutional"": 0.0, ""negative_filters_count"": 0}",True,رد,0.0,0.0,0.0,0.0,0.0,0.0,0.0,0.0,0.0,0.0,0.0,0.0,2.6,20.0,20.0,1405-05-18,0.0,دسينا,2026-09-08,0.0
دسینا2,,,,,,,,,,,,,,,,,,,,,,,,,,,,,,,,,,,,,,,,,,,,,,,,
دسینا3,,,,,,,,,,,,,,,,,,,,,,,,,,,,,,,,,,,,,,,,,,,,,,,,
دشیری,,,,,,,,,,,,,,,,,,,,,,,,,,,,,,,,,,,,,,,,,,,,,,,,
دشیمی,0.0,2026-08-09 18:36:44.149365,0.0,رد_نمره,,,,2.6,2026-08-09 15:06:44.146146,2026-08-09,159,0.0,0.0,0.0,0,6.523,,,0.0,48.6,,0,25,263,2.6,"{""atr_14"": 0.0, ""symbol"": ""دشيمي"", ""live_pe"": 0.0, ""risk_ok"": true, ""decision"": ""رد_نمره"", ""industry"": ""مواد و محصولات دارويي"", ""pe_ratio"": 0.0, ""raw_score"": 2.6, ""trend_20d"": ""flat"", ""rule_50_30"": ""رد"", ""final_score"": 2.6, ""score_macro"": 0.0, ""volume_spike"": 0.0, ""current_price"": 0.0, ""liquidity_pct"": 0.0, ""position_size"": 0, ""adjusted_score"": 0.0, ""rank_in_market"": 263, ""score_feedstock"": 0.0, ""score_liquidity"": 0.0, ""score_technical"": 0.0, ""score_valuation"": 20.0, ""stop_loss_price"": 0, ""nima_free_spread"": 6.523, ""percentile_score"": 48.6, ""price_change_pct"": 0.0, ""rank_in_industry"": 25, ""score_farabourse"": 0.0, ""score_fundamental"": 0.0, ""score_gov_support"": 0.0, ""institutional_ratio"": 0.0, ""score_institutional"": 0.0, ""negative_filters_count"": 0}",True,رد,0.0,0.0,0.0,0.0,0.0,0.0,0.0,0.0,0.0,0.0,0.0,0.0,2.6,20.0,20.0,1405-05-18,0.0,دشيمي,2026-09-08,0.0
دشیمی3,,,,,,,,,,,,,,,,,,,,,,,,,,,,,,,,,,,,,,,,,,,,,,,,
دعبید,0.0,2026-08-09 18:36:44.149365,0.0,رد_نمره,,,,2.6,2026-08-09 15:06:44.146146,2026-08-09,160,0.0,0.0,0.0,0,6.523,,,0.0,48.4,,0,26,264,2.6,"{""atr_14"": 0.0, ""symbol"": ""دعبيد"", ""live_pe"": 0.0, ""risk_ok"": true, ""decision"": ""رد_نمره"", ""industry"": ""مواد و محصولات دارويي"", ""pe_ratio"": 0.0, ""raw_score"": 2.6, ""trend_20d"": ""flat"", ""rule_50_30"": ""رد"", ""final_score"": 2.6, ""score_macro"": 0.0, ""volume_spike"": 0.0, ""current_price"": 0.0, ""liquidity_pct"": 0.0, ""position_size"": 0, ""adjusted_score"": 0.0, ""rank_in_market"": 264, ""score_feedstock"": 0.0, ""score_liquidity"": 0.0, ""score_technical"": 0.0, ""score_valuation"": 20.0, ""stop_loss_price"": 0, ""nima_free_spread"": 6.523, ""percentile_score"": 48.4, ""price_change_pct"": 0.0, ""rank_in_industry"": 26, ""score_farabourse"": 0.0, ""score_fundamental"": 0.0, ""score_gov_support"": 0.0, ""institutional_ratio"": 0.0, ""score_institutional"": 0.0, ""negative_filters_count"": 0}",True,رد,0.0,0.0,0.0,0.0,0.0,0.0,0.0,0.0,0.0,0.0,0.0,0.0,2.6,20.0,20.0,1405-05-18,0.0,دعبيد,2026-09-08,0.0
دعبید2,,,,,,,,,,,,,,,,,,,,,,,,,,,,,,,,,,,,,,,,,,,,,,,,
دعبید3,,,,,,,,,,,,,,,,,,,,,,,,,,,,,,,,,,,,,,,,,,,,,,,,
دفارا,0.0,2026-08-09 18:36:44.149365,0.0,رد_نمره,,,,4.8,2026-08-09 15:06:44.146146,2026-08-09,161,0.0,0.0,0.0,0,6.523,,,0.0,87.6,,0,11,64,4.75,"{""atr_14"": 76.0, ""symbol"": ""دفارا"", ""live_pe"": 1.0, ""risk_ok"": true, ""decision"": ""رد_نمره"", ""industry"": ""مواد و محصولات دارويي"", ""pe_ratio"": 0.16, ""raw_score"": 5.0, ""trend_20d"": ""up"", ""rule_50_30"": ""رد"", ""final_score"": 5.0, ""score_macro"": 10.0, ""volume_spike"": 0.21, ""current_price"": 7935.0, ""liquidity_pct"": 68935187.8, ""position_size"": 0, ""adjusted_score"": 0.0, ""rank_in_market"": 64, ""score_feedstock"": 0.0, ""score_liquidity"": 5.0, ""score_technical"": 0.0, ""score_valuation"": 20.0, ""stop_loss_price"": 7380.0, ""nima_free_spread"": 6.523, ""percentile_score"": 87.6, ""price_change_pct"": 0.99, ""rank_in_industry"": 11, ""score_farabourse"": 0.0, ""score_fundamental"": 7.5, ""score_gov_support"": 0.0, ""institutional_ratio"": 0.0, ""score_institutional"": 0.0, ""negative_filters_count"": 0}",True,رد,0.0,0.0,7.5,0.0,7.5,0.0,5.0,10.0,0.0,0.0,0.0,0.0,5.0,20.0,20.0,1405-05-18,0.0,دفارا,2026-09-08,0.0
دفارا3,,,,,,,,,,,,,,,,,,,,,,,,,,,,,,,,,,,,,,,,,,,,,,,,
دفرا,0.0,2026-08-09 18:36:44.149365,0.0,رد_نمره,,,,4.8,2026-08-09 15:06:44.146146,2026-08-09,162,0.0,0.0,0.0,0,6.523,,,0.0,87.5,,0,12,65,4.75,"{""atr_14"": 177.0, ""symbol"": ""دفرا"", ""live_pe"": 0.2, ""risk_ok"": true, ""decision"": ""رد_نمره"", ""industry"": ""مواد و محصولات دارويي"", ""pe_ratio"": 0.03, ""raw_score"": 5.0, ""trend_20d"": ""down"", ""rule_50_30"": ""رد"", ""final_score"": 5.0, ""score_macro"": 10.0, ""volume_spike"": 0.56, ""current_price"": 2276.0, ""liquidity_pct"": 108899504.266667, ""position_size"": 0, ""adjusted_score"": 0.0, ""rank_in_market"": 65, ""score_feedstock"": 0.0, ""score_liquidity"": 5.0, ""score_technical"": 0.0, ""score_valuation"": 20.0, ""stop_loss_price"": 1923.0, ""nima_free_spread"": 6.523, ""percentile_score"": 87.5, ""price_change_pct"": 4.98, ""rank_in_industry"": 12, ""score_farabourse"": 0.0, ""score_fundamental"": 7.5, ""score_gov_support"": 0.0, ""institutional_ratio"": 0.0, ""score_institutional"": 0.0, ""negative_filters_count"": 0}",True,رد,0.0,0.0,7.5,0.0,7.5,0.0,5.0,10.0,0.0,0.0,0.0,0.0,5.0,20.0,20.0,1405-05-18,0.0,دفرا,2026-09-08,0.0
دفرا2,,,,,,,,,,,,,,,,,,,,,,,,,,,,,,,,,,,,,,,,,,,,,,,,
دفرا3,,,,,,,,,,,,,,,,,,,,,,,,,,,,,,,,,,,,,,,,,,,,,,,,
دفینه,,,,,,,,,,,,,,,,,,,,,,,,,,,,,,,,,,,,,,,,,,,,,,,,
دفینه2,,,,,,,,,,,,,,,,,,,,,,,,,,,,,,,,,,,,,,,,,,,,,,,,
دقاضی,,,,,,,,,,,,,,,,,,,,,,,,,,,,,,,,,,,,,,,,,,,,,,,,
دقاضی2,,,,,,,,,,,,,,,,,,,,,,,,,,,,,,,,,,,,,,,,,,,,,,,,
دقاضی3,,,,,,,,,,,,,,,,,,,,,,,,,,,,,,,,,,,,,,,,,,,,,,,,
دلتا,,,,,,,,,,,,,,,,,,,,,,,,,,,,,,,,,,,,,,,,,,,,,,,,
دلتا2,,,,,,,,,,,,,,,,,,,,,,,,,,,,,,,,,,,,,,,,,,,,,,,,
دلر,0.0,2026-08-09 18:36:44.149365,0.0,رد_نمره,,,,4.8,2026-08-09 15:06:44.146146,2026-08-09,165,0.0,0.0,0.0,0,6.523,,,0.0,87.3,,0,13,66,4.75,"{""atr_14"": 64.0, ""symbol"": ""دلر"", ""live_pe"": 0.5, ""risk_ok"": true, ""decision"": ""رد_نمره"", ""industry"": ""مواد و محصولات دارويي"", ""pe_ratio"": 0.08, ""raw_score"": 5.0, ""trend_20d"": ""flat"", ""rule_50_30"": ""رد"", ""final_score"": 5.0, ""score_macro"": 10.0, ""volume_spike"": 0.58, ""current_price"": 5881.0, ""liquidity_pct"": 50445636.666667, ""position_size"": 0, ""adjusted_score"": 0.0, ""rank_in_market"": 66, ""score_feedstock"": 0.0, ""score_liquidity"": 5.0, ""score_technical"": 0.0, ""score_valuation"": 20.0, ""stop_loss_price"": 5469.0, ""nima_free_spread"": 6.523, ""percentile_score"": 87.3, ""price_change_pct"": 0.0, ""rank_in_industry"": 13, ""score_farabourse"": 0.0, ""score_fundamental"": 7.5, ""score_gov_support"": 0.0, ""institutional_ratio"": 0.0, ""score_institutional"": 0.0, ""negative_filters_count"": 0}",True,رد,0.0,0.0,7.5,0.0,7.5,0.0,5.0,10.0,0.0,0.0,0.0,0.0,5.0,20.0,20.0,1405-05-18,0.0,دلر,2026-09-08,0.0
دلر3,,,,,,,,,,,,,,,,,,,,,,,,,,,,,,,,,,,,,,,,,,,,,,,,
دلقما,0.0,2026-08-09 18:36:44.149365,0.0,رد_نمره,,,,4.8,2026-08-09 15:06:44.146146,2026-08-09,166,0.0,0.0,0.0,0,6.523,,,0.0,87.1,,0,14,67,4.75,"{""atr_14"": 155.0, ""symbol"": ""دلقما"", ""live_pe"": 3.2, ""risk_ok"": true, ""decision"": ""رد_نمره"", ""industry"": ""مواد و محصولات دارويي"", ""pe_ratio"": 0.49, ""raw_score"": 5.0, ""trend_20d"": ""down"", ""rule_50_30"": ""رد"", ""final_score"": 5.0, ""score_macro"": 10.0, ""volume_spike"": 0.01, ""current_price"": 14000.0, ""liquidity_pct"": 3888753184.233333, ""position_size"": 0, ""adjusted_score"": 0.0, ""rank_in_market"": 67, ""score_feedstock"": 0.0, ""score_liquidity"": 5.0, ""score_technical"": 0.0, ""score_valuation"": 20.0, ""stop_loss_price"": 13020.0, ""nima_free_spread"": 6.523, ""percentile_score"": 87.1, ""price_change_pct"": 3.12, ""rank_in_industry"": 14, ""score_farabourse"": 0.0, ""score_fundamental"": 7.5, ""score_gov_support"": 0.0, ""institutional_ratio"": 0.0, ""score_institutional"": 0.0, ""negative_filters_count"": 0}",True,رد,0.0,0.0,7.5,0.0,7.5,0.0,5.0,10.0,0.0,0.0,0.0,0.0,5.0,20.0,20.0,1405-05-18,0.0,دلقما,2026-09-08,0.0
دلقما3,,,,,,,,,,,,,,,,,,,,,,,,,,,,,,,,,,,,,,,,,,,,,,,,
دلوسه,,,,,,,,,,,,,,,,,,,,,,,,,,,,,,,,,,,,,,,,,,,,,,,,
دماسنج سهام,,,,,,,,,,,,,,,,,,,,,,,,,,,,,,,,,,,,,,,,,,,,,,,,
دماوند,,,,,,,,,,,,,,,,,,,,,,,,,,,,,,,,,,,,,,,,,,,,,,,,
دماوند بازار,,,,,,,,,,,,,,,,,,,,,,,,,,,,,,,,,,,,,,,,,,,,,,,,
دماوند ثابت,,,,,,,,,,,,,,,,,,,,,,,,,,,,,,,,,,,,,,,,,,,,,,,,
دماوند دولتی,,,,,,,,,,,,,,,,,,,,,,,,,,,,,,,,,,,,,,,,,,,,,,,,
دماوند سهام,,,,,,,,,,,,,,,,,,,,,,,,,,,,,,,,,,,,,,,,,,,,,,,,
دماوند2,,,,,,,,,,,,,,,,,,,,,,,,,,,,,,,,,,,,,,,,,,,,,,,,
دماوند3,,,,,,,,,,,,,,,,,,,,,,,,,,,,,,,,,,,,,,,,,,,,,,,,
دنیا سهام,,,,,,,,,,,,,,,,,,,,,,,,,,,,,,,,,,,,,,,,,,,,,,,,
دهدشت,,,,,,,,,,,,,,,,,,,,,,,,,,,,,,,,,,,,,,,,,,,,,,,,
دوام,,,,,,,,,,,,,,,,,,,,,,,,,,,,,,,,,,,,,,,,,,,,,,,,
دوام2,,,,,,,,,,,,,,,,,,,,,,,,,,,,,,,,,,,,,,,,,,,,,,,,
دوایکس,,,,,,,,,,,,,,,,,,,,,,,,,,,,,,,,,,,,,,,,,,,,,,,,
دورال,,,,,,,,,,,,,,,,,,,,,,,,,,,,,,,,,,,,,,,,,,,,,,,,
دپارس,0.0,2026-08-09 18:36:44.149365,0.0,رد_نمره,,,,4.8,2026-08-09 15:06:44.146146,2026-08-09,148,0.0,0.0,0.0,0,6.523,,,0.0,88.6,,0,6,59,4.75,"{""atr_14"": 127.0, ""symbol"": ""دپارس"", ""live_pe"": 0.5, ""risk_ok"": true, ""decision"": ""رد_نمره"", ""industry"": ""مواد و محصولات دارويي"", ""pe_ratio"": 0.04, ""raw_score"": 5.0, ""trend_20d"": ""up"", ""rule_50_30"": ""رد"", ""final_score"": 5.0, ""score_macro"": 10.0, ""volume_spike"": 0.83, ""current_price"": 9722.0, ""liquidity_pct"": 97366068.433333, ""position_size"": 0, ""adjusted_score"": 0.0, ""rank_in_market"": 59, ""score_feedstock"": 0.0, ""score_liquidity"": 5.0, ""score_technical"": 0.0, ""score_valuation"": 20.0, ""stop_loss_price"": 9041.0, ""nima_free_spread"": 6.523, ""percentile_score"": 88.6, ""price_change_pct"": 0.24, ""rank_in_industry"": 6, ""score_farabourse"": 0.0, ""score_fundamental"": 7.5, ""score_gov_support"": 0.0, ""institutional_ratio"": 0.0, ""score_institutional"": 0.0, ""negative_filters_count"": 0}",True,رد,0.0,0.0,7.5,0.0,7.5,0.0,5.0,10.0,0.0,0.0,0.0,0.0,5.0,20.0,20.0,1405-05-18,0.0,دپارس,2026-09-08,0.0
دپارس2,,,,,,,,,,,,,,,,,,,,,,,,,,,,,,,,,,,,,,,,,,,,,,,,
دپارس3,,,,,,,,,,,,,,,,,,,,,,,,,,,,,,,,,,,,,,,,,,,,,,,,
دکوثر,0.0,2026-08-09 18:36:44.149365,0.0,رد_نمره,,,,2.6,2026-08-09 15:06:44.146146,2026-08-09,163,0.0,0.0,0.0,0,6.523,,,0.0,48.2,,0,27,265,2.6,"{""atr_14"": 0.0, ""symbol"": ""دكوثر"", ""live_pe"": 0.0, ""risk_ok"": true, ""decision"": ""رد_نمره"", ""industry"": ""مواد و محصولات دارويي"", ""pe_ratio"": 0.0, ""raw_score"": 2.6, ""trend_20d"": ""flat"", ""rule_50_30"": ""رد"", ""final_score"": 2.6, ""score_macro"": 0.0, ""volume_spike"": 0.0, ""current_price"": 0.0, ""liquidity_pct"": 0.0, ""position_size"": 0, ""adjusted_score"": 0.0, ""rank_in_market"": 265, ""score_feedstock"": 0.0, ""score_liquidity"": 0.0, ""score_technical"": 0.0, ""score_valuation"": 20.0, ""stop_loss_price"": 0, ""nima_free_spread"": 6.523, ""percentile_score"": 48.2, ""price_change_pct"": 0.0, ""rank_in_industry"": 27, ""score_farabourse"": 0.0, ""score_fundamental"": 0.0, ""score_gov_support"": 0.0, ""institutional_ratio"": 0.0, ""score_institutional"": 0.0, ""negative_filters_count"": 0}",True,رد,0.0,0.0,0.0,0.0,0.0,0.0,0.0,0.0,0.0,0.0,0.0,0.0,2.6,20.0,20.0,1405-05-18,0.0,دكوثر,2026-09-08,0.0
دکوثر3,,,,,,,,,,,,,,,,,,,,,,,,,,,,,,,,,,,,,,,,,,,,,,,,
دکپسول,,,,,,,,,,,,,,,,,,,,,,,,,,,,,,,,,,,,,,,,,,,,,,,,
دکپسول2,,,,,,,,,,,,,,,,,,,,,,,,,,,,,,,,,,,,,,,,,,,,,,,,
دکپسول3,,,,,,,,,,,,,,,,,,,,,,,,,,,,,,,,,,,,,,,,,,,,,,,,
دکیمی,0.0,2026-08-09 18:36:44.149365,0.0,رد_نمره,,,,2.6,2026-08-09 15:06:44.146146,2026-08-09,164,0.0,0.0,0.0,0,6.523,,,0.0,48.0,,0,28,266,2.6,"{""atr_14"": 0.0, ""symbol"": ""دكيمي"", ""live_pe"": 0.0, ""risk_ok"": true, ""decision"": ""رد_نمره"", ""industry"": ""مواد و محصولات دارويي"", ""pe_ratio"": 0.0, ""raw_score"": 2.6, ""trend_20d"": ""flat"", ""rule_50_30"": ""رد"", ""final_score"": 2.6, ""score_macro"": 0.0, ""volume_spike"": 0.0, ""current_price"": 0.0, ""liquidity_pct"": 0.0, ""position_size"": 0, ""adjusted_score"": 0.0, ""rank_in_market"": 266, ""score_feedstock"": 0.0, ""score_liquidity"": 0.0, ""score_technical"": 0.0, ""score_valuation"": 20.0, ""stop_loss_price"": 0, ""nima_free_spread"": 6.523, ""percentile_score"": 48.0, ""price_change_pct"": 0.0, ""rank_in_industry"": 28, ""score_farabourse"": 0.0, ""score_fundamental"": 0.0, ""score_gov_support"": 0.0, ""institutional_ratio"": 0.0, ""score_institutional"": 0.0, ""negative_filters_count"": 0}",True,رد,0.0,0.0,0.0,0.0,0.0,0.0,0.0,0.0,0.0,0.0,0.0,0.0,2.6,20.0,20.0,1405-05-18,0.0,دكيمي,2026-09-08,0.0
دکیمی3,,,,,,,,,,,,,,,,,,,,,,,,,,,,,,,,,,,,,,,,,,,,,,,,
دی,,,,,,,,,,,,,,,,,,,,,,,,,,,,,,,,,,,,,,,,,,,,,,,,
دی بازار,,,,,,,,,,,,,,,,,,,,,,,,,,,,,,,,,,,,,,,,,,,,,,,,
دی سهام,,,,,,,,,,,,,,,,,,,,,,,,,,,,,,,,,,,,,,,,,,,,,,,,
دی سهام2,,,,,,,,,,,,,,,,,,,,,,,,,,,,,,,,,,,,,,,,,,,,,,,,
دیار,,,,,,,,,,,,,,,,,,,,,,,,,,,,,,,,,,,,,,,,,,,,,,,,
دیار2,,,,,,,,,,,,,,,,,,,,,,,,,,,,,,,,,,,,,,,,,,,,,,,,
دیبا,,,,,,,,,,,,,,,,,,,,,,,,,,,,,,,,,,,,,,,,,,,,,,,,
دیبا2,,,,,,,,,,,,,,,,,,,,,,,,,,,,,,,,,,,,,,,,,,,,,,,,
دیتا,,,,,,,,,,,,,,,,,,,,,,,,,,,,,,,,,,,,,,,,,,,,,,,,
دیران,0.0,2026-08-09 18:36:44.149365,0.0,رد_نمره,,,,2.6,2026-08-09 15:06:44.146146,2026-08-09,167,0.0,0.0,0.0,0,6.523,,,0.0,47.8,,0,29,267,2.6,"{""atr_14"": 0.0, ""symbol"": ""ديران"", ""live_pe"": 0.0, ""risk_ok"": true, ""decision"": ""رد_نمره"", ""industry"": ""مواد و محصولات دارويي"", ""pe_ratio"": 0.0, ""raw_score"": 2.6, ""trend_20d"": ""flat"", ""rule_50_30"": ""رد"", ""final_score"": 2.6, ""score_macro"": 0.0, ""volume_spike"": 0.0, ""current_price"": 0.0, ""liquidity_pct"": 0.0, ""position_size"": 0, ""adjusted_score"": 0.0, ""rank_in_market"": 267, ""score_feedstock"": 0.0, ""score_liquidity"": 0.0, ""score_technical"": 0.0, ""score_valuation"": 20.0, ""stop_loss_price"": 0, ""nima_free_spread"": 6.523, ""percentile_score"": 47.8, ""price_change_pct"": 0.0, ""rank_in_industry"": 29, ""score_farabourse"": 0.0, ""score_fundamental"": 0.0, ""score_gov_support"": 0.0, ""institutional_ratio"": 0.0, ""score_institutional"": 0.0, ""negative_filters_count"": 0}",True,رد,0.0,0.0,0.0,0.0,0.0,0.0,0.0,0.0,0.0,0.0,0.0,0.0,2.6,20.0,20.0,1405-05-18,0.0,ديران,2026-09-08,0.0
دیران3,,,,,,,,,,,,,,,,,,,,,,,,,,,,,,,,,,,,,,,,,,,,,,,,
دیوان,,,,,,,,,,,,,,,,,,,,,,,,,,,,,,,,,,,,,,,,,,,,,,,,
دیوان خصوصی,,,,,,,,,,,,,,,,,,,,,,,,,,,,,,,,,,,,,,,,,,,,,,,,
ذرت,,,,,,,,,,,,,,,,,,,,,,,,,,,,,,,,,,,,,,,,,,,,,,,,
ذرت3,,,,,,,,,,,,,,,,,,,,,,,,,,,,,,,,,,,,,,,,,,,,,,,,
ذوب,0.0,2026-08-09 18:36:44.149365,436.0,رد_نمره,,,,2.2,2026-08-09 15:06:44.146146,2026-08-09,168,0.0,793791273298.2,9.1,0,6.523,,,1.4,4.1,,322580,34,490,2.2,"{""atr_14"": 103.0, ""symbol"": ""ذوب"", ""live_pe"": 56.1, ""risk_ok"": true, ""decision"": ""رد_نمره"", ""industry"": ""فلزات اساسي"", ""pe_ratio"": 8.63, ""raw_score"": 0.9, ""trend_20d"": ""up"", ""rule_50_30"": ""رد"", ""final_score"": 0.9, ""score_macro"": 0.0, ""volume_spike"": 1.16, ""current_price"": 2694.0, ""liquidity_pct"": 133666541199.53334, ""position_size"": 0, ""adjusted_score"": 0.0, ""rank_in_market"": 490, ""score_feedstock"": 0.0, ""score_liquidity"": 5.0, ""score_technical"": 0.0, ""score_valuation"": 0.0, ""stop_loss_price"": 2487.0, ""nima_free_spread"": 6.523, ""percentile_score"": 4.1, ""price_change_pct"": -1.73, ""rank_in_industry"": 34, ""score_farabourse"": 0.0, ""score_fundamental"": 0.0, ""score_gov_support"": 5.0, ""institutional_ratio"": 0.0, ""score_institutional"": 0.0, ""negative_filters_count"": 0}",True,رد,0.0,0.0,0.0,5.0,0.0,0.0,5.0,0.0,0.0,0.0,5.0,0.0,0.9,10.0,0.0,1405-05-18,405.0,ذوب,2026-09-08,0.67
ذوب سهام,,,,,,,,,,,,,,,,,,,,,,,,,,,,,,,,,,,,,,,,,,,,,,,,
ذوب3,,,,,,,,,,,,,,,,,,,,,,,,,,,,,,,,,,,,,,,,,,,,,,,,
رابین,,,,,,,,,,,,,,,,,,,,,,,,,,,,,,,,,,,,,,,,,,,,,,,,
رابین بازار,,,,,,,,,,,,,,,,,,,,,,,,,,,,,,,,,,,,,,,,,,,,,,,,
رابین2,,,,,,,,,,,,,,,,,,,,,,,,,,,,,,,,,,,,,,,,,,,,,,,,
راد بازار,,,,,,,,,,,,,,,,,,,,,,,,,,,,,,,,,,,,,,,,,,,,,,,,
رادان,,,,,,,,,,,,,,,,,,,,,,,,,,,,,,,,,,,,,,,,,,,,,,,,
راصد صنعت توسعه,,,,,,,,,,,,,,,,,,,,,,,,,,,,,,,,,,,,,,,,,,,,,,,,
رافزا,,,,,,,,,,,,,,,,,,,,,,,,,,,,,,,,,,,,,,,,,,,,,,,,
رافزا2,,,,,,,,,,,,,,,,,,,,,,,,,,,,,,,,,,,,,,,,,,,,,,,,
رافزا3,,,,,,,,,,,,,,,,,,,,,,,,,,,,,,,,,,,,,,,,,,,,,,,,
رانفور,0.0,2026-08-09 18:36:44.149365,5720.0,رد_نمره,,,,3.5,2026-08-09 15:06:44.146146,2026-08-09,169,0.0,179772965699.26666,9.3,0,6.523,,,1.43,8.0,,25000,9,470,3.55,"{""atr_14"": 526.0, ""symbol"": ""رانفور"", ""live_pe"": 36.6, ""risk_ok"": true, ""decision"": ""رد_نمره"", ""industry"": ""رايانه و فعاليت‌هاي وابسته به آن"", ""pe_ratio"": 5.63, ""raw_score"": 1.6, ""trend_20d"": ""down"", ""rule_50_30"": ""رد"", ""final_score"": 1.6, ""score_macro"": 0.0, ""volume_spike"": 0.43, ""current_price"": 22542.0, ""liquidity_pct"": 817474674.933333, ""position_size"": 0, ""adjusted_score"": 0.0, ""rank_in_market"": 470, ""score_feedstock"": 0.0, ""score_liquidity"": 5.0, ""score_technical"": 0.0, ""score_valuation"": 0.0, ""stop_loss_price"": 20964.0, ""nima_free_spread"": 6.523, ""percentile_score"": 8.0, ""price_change_pct"": 0.62, ""rank_in_industry"": 9, ""score_farabourse"": 0.0, ""score_fundamental"": 7.5, ""score_gov_support"": 0.0, ""institutional_ratio"": 0.0, ""score_institutional"": 0.0, ""negative_filters_count"": 0}",True,رد,0.0,0.0,7.5,5.0,7.5,0.0,5.0,0.0,0.0,0.0,0.0,0.0,1.6,10.0,0.0,1405-05-18,5320.0,رانفور,2026-09-08,1.4
رانفور2,,,,,,,,,,,,,,,,,,,,,,,,,,,,,,,,,,,,,,,,,,,,,,,,
رانفور3,,,,,,,,,,,,,,,,,,,,,,,,,,,,,,,,,,,,,,,,,,,,,,,,
رانیز,,,,,,,,,,,,,,,,,,,,,,,,,,,,,,,,,,,,,,,,,,,,,,,,
رانیز3,,,,,,,,,,,,,,,,,,,,,,,,,,,,,,,,,,,,,,,,,,,,,,,,
راه آهن جمهوری اسلامی ایران,,,,,,,,,,,,,,,,,,,,,,,,,,,,,,,,,,,,,,,,,,,,,,,,
راه آهن کشش,,,,,,,,,,,,,,,,,,,,,,,,,,,,,,,,,,,,,,,,,,,,,,,,
راه و شهر,,,,,,,,,,,,,,,,,,,,,,,,,,,,,,,,,,,,,,,,,,,,,,,,
راه چاران,,,,,,,,,,,,,,,,,,,,,,,,,,,,,,,,,,,,,,,,,,,,,,,,
راهبران رستاک,,,,,,,,,,,,,,,,,,,,,,,,,,,,,,,,,,,,,,,,,,,,,,,,
راهبران هدف آرمان,,,,,,,,,,,,,,,,,,,,,,,,,,,,,,,,,,,,,,,,,,,,,,,,
راهبرد بازنشستگی صبا,,,,,,,,,,,,,,,,,,,,,,,,,,,,,,,,,,,,,,,,,,,,,,,,
راهبرد نگار آمیتیس,,,,,,,,,,,,,,,,,,,,,,,,,,,,,,,,,,,,,,,,,,,,,,,,
راهوار مس,,,,,,,,,,,,,,,,,,,,,,,,,,,,,,,,,,,,,,,,,,,,,,,,
راهکار,,,,,,,,,,,,,,,,,,,,,,,,,,,,,,,,,,,,,,,,,,,,,,,,
راهین نیکو,,,,,,,,,,,,,,,,,,,,,,,,,,,,,,,,,,,,,,,,,,,,,,,,
رایا,,,,,,,,,,,,,,,,,,,,,,,,,,,,,,,,,,,,,,,,,,,,,,,,
رایا بازار,,,,,,,,,,,,,,,,,,,,,,,,,,,,,,,,,,,,,,,,,,,,,,,,
رایا سهام,,,,,,,,,,,,,,,,,,,,,,,,,,,,,,,,,,,,,,,,,,,,,,,,
رایبد,,,,,,,,,,,,,,,,,,,,,,,,,,,,,,,,,,,,,,,,,,,,,,,,
رایبد2,,,,,,,,,,,,,,,,,,,,,,,,,,,,,,,,,,,,,,,,,,,,,,,,
رایتل,,,,,,,,,,,,,,,,,,,,,,,,,,,,,,,,,,,,,,,,,,,,,,,,
رایکا,,,,,,,,,,,,,,,,,,,,,,,,,,,,,,,,,,,,,,,,,,,,,,,,
رایکا2,,,,,,,,,,,,,,,,,,,,,,,,,,,,,,,,,,,,,,,,,,,,,,,,
رتاپ,0.0,2026-08-09 18:36:44.149365,6750.0,رد_نمره,,,,5.7,2026-08-09 15:06:44.146146,2026-08-09,170,0.0,399287964875.3333,2.1,0,6.523,,,0.32,86.9,,23584,2,68,5.65,"{""atr_14"": 223.0, ""symbol"": ""رتاپ"", ""live_pe"": 2.5, ""risk_ok"": true, ""decision"": ""رد_نمره"", ""industry"": ""رايانه و فعاليت‌هاي وابسته به آن"", ""pe_ratio"": 0.39, ""raw_score"": 5.0, ""trend_20d"": ""flat"", ""rule_50_30"": ""رد"", ""final_score"": 5.0, ""score_macro"": 10.0, ""volume_spike"": 0.79, ""current_price"": 8087.0, ""liquidity_pct"": 658186965.666667, ""position_size"": 0, ""adjusted_score"": 0.0, ""rank_in_market"": 68, ""score_feedstock"": 0.0, ""score_liquidity"": 5.0, ""score_technical"": 0.0, ""score_valuation"": 20.0, ""stop_loss_price"": 7521.0, ""nima_free_spread"": 6.523, ""percentile_score"": 86.9, ""price_change_pct"": 1.28, ""rank_in_industry"": 2, ""score_farabourse"": 0.0, ""score_fundamental"": 7.5, ""score_gov_support"": 0.0, ""institutional_ratio"": 0.0, ""score_institutional"": 0.0, ""negative_filters_count"": 0}",True,رد,0.0,0.0,7.5,5.0,7.5,0.0,5.0,10.0,0.0,0.0,0.0,0.0,5.0,20.0,20.0,1405-05-18,6326.0,رتاپ,2026-09-08,0.44
رتاپ2,,,,,,,,,,,,,,,,,,,,,,,,,,,,,,,,,,,,,,,,,,,,,,,,
رتاپ3,,,,,,,,,,,,,,,,,,,,,,,,,,,,,,,,,,,,,,,,,,,,,,,,
رتبه برهان,,,,,,,,,,,,,,,,,,,,,,,,,,,,,,,,,,,,,,,,,,,,,,,,
رتبه پارس,,,,,,,,,,,,,,,,,,,,,,,,,,,,,,,,,,,,,,,,,,,,,,,,
رتبه پایا,,,,,,,,,,,,,,,,,,,,,,,,,,,,,,,,,,,,,,,,,,,,,,,,
رتکو,0.0,2026-08-09 18:36:44.149365,0.0,رد_نمره,,,,2.6,2026-08-09 15:06:44.146146,2026-08-09,171,0.0,0.0,0.0,0,6.523,,,0.0,47.6,,0,2,268,2.6,"{""atr_14"": 0.0, ""symbol"": ""رتكو"", ""live_pe"": 0.0, ""risk_ok"": true, ""decision"": ""رد_نمره"", ""industry"": ""خدمات فني و مهندسي"", ""pe_ratio"": 0.0, ""raw_score"": 2.6, ""trend_20d"": ""flat"", ""rule_50_30"": ""رد"", ""final_score"": 2.6, ""score_macro"": 0.0, ""volume_spike"": 0.0, ""current_price"": 0.0, ""liquidity_pct"": 0.0, ""position_size"": 0, ""adjusted_score"": 0.0, ""rank_in_market"": 268, ""score_feedstock"": 0.0, ""score_liquidity"": 0.0, ""score_technical"": 0.0, ""score_valuation"": 20.0, ""stop_loss_price"": 0, ""nima_free_spread"": 6.523, ""percentile_score"": 47.6, ""price_change_pct"": 0.0, ""rank_in_industry"": 2, ""score_farabourse"": 0.0, ""score_fundamental"": 0.0, ""score_gov_support"": 0.0, ""institutional_ratio"": 0.0, ""score_institutional"": 0.0, ""negative_filters_count"": 0}",True,رد,0.0,0.0,0.0,0.0,0.0,0.0,0.0,0.0,0.0,0.0,0.0,0.0,2.6,20.0,20.0,1405-05-18,0.0,رتكو,2026-09-08,0.0
رخش,,,,,,,,,,,,,,,,,,,,,,,,,,,,,,,,,,,,,,,,,,,,,,,,
ررجا,,,,,,,,,,,,,,,,,,,,,,,,,,,,,,,,,,,,,,,,,,,,,,,,
رز ترنج,,,,,,,,,,,,,,,,,,,,,,,,,,,,,,,,,,,,,,,,,,,,,,,,
رز ترنج2,,,,,,,,,,,,,,,,,,,,,,,,,,,,,,,,,,,,,,,,,,,,,,,,
رزگلد,,,,,,,,,,,,,,,,,,,,,,,,,,,,,,,,,,,,,,,,,,,,,,,,
رسانا,,,,,,,,,,,,,,,,,,,,,,,,,,,,,,,,,,,,,,,,,,,,,,,,
رشد,,,,,,,,,,,,,,,,,,,,,,,,,,,,,,,,,,,,,,,,,,,,,,,,
رشد سهام,,,,,,,,,,,,,,,,,,,,,,,,,,,,,,,,,,,,,,,,,,,,,,,,
رشد و شکوفایی جوان,,,,,,,,,,,,,,,,,,,,,,,,,,,,,,,,,,,,,,,,,,,,,,,,
رشد4,,,,,,,,,,,,,,,,,,,,,,,,,,,,,,,,,,,,,,,,,,,,,,,,
رشدی کیان,,,,,,,,,,,,,,,,,,,,,,,,,,,,,,,,,,,,,,,,,,,,,,,,
رشدی کیان2,,,,,,,,,,,,,,,,,,,,,,,,,,,,,,,,,,,,,,,,,,,,,,,,
رضوی بازار,,,,,,,,,,,,,,,,,,,,,,,,,,,,,,,,,,,,,,,,,,,,,,,,
رفاه,,,,,,,,,,,,,,,,,,,,,,,,,,,,,,,,,,,,,,,,,,,,,,,,
رفاه بازار,,,,,,,,,,,,,,,,,,,,,,,,,,,,,,,,,,,,,,,,,,,,,,,,
رفاه سهام,,,,,,,,,,,,,,,,,,,,,,,,,,,,,,,,,,,,,,,,,,,,,,,,
رماس,,,,,,,,,,,,,,,,,,,,,,,,,,,,,,,,,,,,,,,,,,,,,,,,
رمپنا,0.0,2026-08-09 18:36:44.149365,21820.0,رد_نمره,,,,5.7,2026-08-09 15:06:44.146146,2026-08-09,173,0.0,703793450752.6666,0.8,0,6.523,,,0.12,86.7,,9487,1,69,5.65,"{""atr_14"": 21.0, ""symbol"": ""رمپنا"", ""live_pe"": 0.0, ""risk_ok"": true, ""decision"": ""رد_نمره"", ""industry"": ""خدمات فني و مهندسي"", ""pe_ratio"": 0.01, ""raw_score"": 5.0, ""trend_20d"": ""down"", ""rule_50_30"": ""رد"", ""final_score"": 5.0, ""score_macro"": 10.0, ""volume_spike"": 0.19, ""current_price"": 1350.0, ""liquidity_pct"": 14629010854.2, ""position_size"": 0, ""adjusted_score"": 0.0, ""rank_in_market"": 69, ""score_feedstock"": 0.0, ""score_liquidity"": 5.0, ""score_technical"": 0.0, ""score_valuation"": 20.0, ""stop_loss_price"": 1256.0, ""nima_free_spread"": 6.523, ""percentile_score"": 86.7, ""price_change_pct"": 0.0, ""rank_in_industry"": 1, ""score_farabourse"": 0.0, ""score_fundamental"": 7.5, ""score_gov_support"": 0.0, ""institutional_ratio"": 0.0, ""score_institutional"": 0.0, ""negative_filters_count"": 0}",True,رد,0.0,0.0,7.5,5.0,7.5,0.0,5.0,10.0,0.0,0.0,0.0,0.0,5.0,20.0,20.0,1405-05-18,20766.0,رمپنا,2026-09-08,0.37
رمپنا3,,,,,,,,,,,,,,,,,,,,,,,,,,,,,,,,,,,,,,,,,,,,,,,,
رنیک,,,,,,,,,,,,,,,,,,,,,,,,,,,,,,,,,,,,,,,,,,,,,,,,
رنیک3,,,,,,,,,,,,,,,,,,,,,,,,,,,,,,,,,,,,,,,,,,,,,,,,
ره آورد ثابت,,,,,,,,,,,,,,,,,,,,,,,,,,,,,,,,,,,,,,,,,,,,,,,,
رهجویان کیهان,,,,,,,,,,,,,,,,,,,,,,,,,,,,,,,,,,,,,,,,,,,,,,,,
رهنو,,,,,,,,,,,,,,,,,,,,,,,,,,,,,,,,,,,,,,,,,,,,,,,,
رهیاب,,,,,,,,,,,,,,,,,,,,,,,,,,,,,,,,,,,,,,,,,,,,,,,,
روشن سهام,,,,,,,,,,,,,,,,,,,,,,,,,,,,,,,,,,,,,,,,,,,,,,,,
روماک بازار,,,,,,,,,,,,,,,,,,,,,,,,,,,,,,,,,,,,,,,,,,,,,,,,
رونق,,,,,,,,,,,,,,,,,,,,,,,,,,,,,,,,,,,,,,,,,,,,,,,,
رونق2,,,,,,,,,,,,,,,,,,,,,,,,,,,,,,,,,,,,,,,,,,,,,,,,
رویان,,,,,,,,,,,,,,,,,,,,,,,,,,,,,,,,,,,,,,,,,,,,,,,,
رویان نیکو,,,,,,,,,,,,,,,,,,,,,,,,,,,,,,,,,,,,,,,,,,,,,,,,
رویش,,,,,,,,,,,,,,,,,,,,,,,,,,,,,,,,,,,,,,,,,,,,,,,,
رویش جسورانه,,,,,,,,,,,,,,,,,,,,,,,,,,,,,,,,,,,,,,,,,,,,,,,,
رویش همراه,,,,,,,,,,,,,,,,,,,,,,,,,,,,,,,,,,,,,,,,,,,,,,,,
رویش همراه2,,,,,,,,,,,,,,,,,,,,,,,,,,,,,,,,,,,,,,,,,,,,,,,,
رویین,,,,,,,,,,,,,,,,,,,,,,,,,,,,,,,,,,,,,,,,,,,,,,,,
رپویا,,,,,,,,,,,,,,,,,,,,,,,,,,,,,,,,,,,,,,,,,,,,,,,,
رکیش,0.0,2026-08-09 18:36:44.149365,0.0,رد_نمره,,,,2.6,2026-08-09 15:06:44.146146,2026-08-09,172,0.0,0.0,0.0,0,6.523,,,0.0,47.5,,0,6,269,2.6,"{""atr_14"": 0.0, ""symbol"": ""ركيش"", ""live_pe"": 0.0, ""risk_ok"": true, ""decision"": ""رد_نمره"", ""industry"": ""رايانه و فعاليت‌هاي وابسته به آن"", ""pe_ratio"": 0.0, ""raw_score"": 2.6, ""trend_20d"": ""flat"", ""rule_50_30"": ""رد"", ""final_score"": 2.6, ""score_macro"": 0.0, ""volume_spike"": 0.0, ""current_price"": 0.0, ""liquidity_pct"": 0.0, ""position_size"": 0, ""adjusted_score"": 0.0, ""rank_in_market"": 269, ""score_feedstock"": 0.0, ""score_liquidity"": 0.0, ""score_technical"": 0.0, ""score_valuation"": 20.0, ""stop_loss_price"": 0, ""nima_free_spread"": 6.523, ""percentile_score"": 47.5, ""price_change_pct"": 0.0, ""rank_in_industry"": 6, ""score_farabourse"": 0.0, ""score_fundamental"": 0.0, ""score_gov_support"": 0.0, ""institutional_ratio"": 0.0, ""score_institutional"": 0.0, ""negative_filters_count"": 0}",True,رد,0.0,0.0,0.0,0.0,0.0,0.0,0.0,0.0,0.0,0.0,0.0,0.0,2.6,20.0,20.0,1405-05-18,0.0,ركيش,2026-09-08,0.0
رکیش3,,,,,,,,,,,,,,,,,,,,,,,,,,,,,,,,,,,,,,,,,,,,,,,,
ریتون,,,,,,,,,,,,,,,,,,,,,,,,,,,,,,,,,,,,,,,,,,,,,,,,
ریتون2,,,,,,,,,,,,,,,,,,,,,,,,,,,,,,,,,,,,,,,,,,,,,,,,
ریسندگی و بافندگی بهریس اصفهان,,,,,,,,,,,,,,,,,,,,,,,,,,,,,,,,,,,,,,,,,,,,,,,,
ریسندگی و بافندگی فومنات,,,,,,,,,,,,,,,,,,,,,,,,,,,,,,,,,,,,,,,,,,,,,,,,
ریشمک,,,,,,,,,,,,,,,,,,,,,,,,,,,,,,,,,,,,,,,,,,,,,,,,
ریشمک3,,,,,,,,,,,,,,,,,,,,,,,,,,,,,,,,,,,,,,,,,,,,,,,,
زاگرس,,,,,,,,,,,,,,,,,,,,,,,,,,,,,,,,,,,,,,,,,,,,,,,,
زاگرس بازار,,,,,,,,,,,,,,,,,,,,,,,,,,,,,,,,,,,,,,,,,,,,,,,,
زاگرس ثابت,,,,,,,,,,,,,,,,,,,,,,,,,,,,,,,,,,,,,,,,,,,,,,,,
زاگرس2,,,,,,,,,,,,,,,,,,,,,,,,,,,,,,,,,,,,,,,,,,,,,,,,
زاگرس3,,,,,,,,,,,,,,,,,,,,,,,,,,,,,,,,,,,,,,,,,,,,,,,,
زبینا,,,,,,,,,,,,,,,,,,,,,,,,,,,,,,,,,,,,,,,,,,,,,,,,
زبینا3,,,,,,,,,,,,,,,,,,,,,,,,,,,,,,,,,,,,,,,,,,,,,,,,
زدشت,,,,,,,,,,,,,,,,,,,,,,,,,,,,,,,,,,,,,,,,,,,,,,,,
زدشت3,,,,,,,,,,,,,,,,,,,,,,,,,,,,,,,,,,,,,,,,,,,,,,,,
زر,,,,,,,,,,,,,,,,,,,,,,,,,,,,,,,,,,,,,,,,,,,,,,,,
زر2,,,,,,,,,,,,,,,,,,,,,,,,,,,,,,,,,,,,,,,,,,,,,,,,
زر4,,,,,,,,,,,,,,,,,,,,,,,,,,,,,,,,,,,,,,,,,,,,,,,,
زرفام,,,,,,,,,,,,,,,,,,,,,,,,,,,,,,,,,,,,,,,,,,,,,,,,
زرفام2,,,,,,,,,,,,,,,,,,,,,,,,,,,,,,,,,,,,,,,,,,,,,,,,
زرنام,0.0,2026-08-09 18:36:44.149365,0.0,رد_نمره,,,,2.6,2026-08-09 15:06:44.146146,2026-08-09,175,0.0,0.0,0.0,0,6.523,,,0.0,47.3,,0,16,270,2.6,"{""atr_14"": 0.0, ""symbol"": ""زرنام"", ""live_pe"": 0.0, ""risk_ok"": true, ""decision"": ""رد_نمره"", ""industry"": ""محصولات غذايي و آشاميدني به جز قند و شكر"", ""pe_ratio"": 0.0, ""raw_score"": 2.6, ""trend_20d"": ""flat"", ""rule_50_30"": ""رد"", ""final_score"": 2.6, ""score_macro"": 0.0, ""volume_spike"": 0.0, ""current_price"": 0.0, ""liquidity_pct"": 0.0, ""position_size"": 0, ""adjusted_score"": 0.0, ""rank_in_market"": 270, ""score_feedstock"": 0.0, ""score_liquidity"": 0.0, ""score_technical"": 0.0, ""score_valuation"": 20.0, ""stop_loss_price"": 0, ""nima_free_spread"": 6.523, ""percentile_score"": 47.3, ""price_change_pct"": 0.0, ""rank_in_industry"": 16, ""score_farabourse"": 0.0, ""score_fundamental"": 0.0, ""score_gov_support"": 0.0, ""institutional_ratio"": 0.0, ""score_institutional"": 0.0, ""negative_filters_count"": 0}",True,رد,0.0,0.0,0.0,0.0,0.0,0.0,0.0,0.0,0.0,0.0,0.0,0.0,2.6,20.0,20.0,1405-05-18,0.0,زرنام,2026-09-08,0.0
زروان,,,,,,,,,,,,,,,,,,,,,,,,,,,,,,,,,,,,,,,,,,,,,,,,
زرگر,,,,,,,,,,,,,,,,,,,,,,,,,,,,,,,,,,,,,,,,,,,,,,,,
زرگر2,,,,,,,,,,,,,,,,,,,,,,,,,,,,,,,,,,,,,,,,,,,,,,,,
زریران,,,,,,,,,,,,,,,,,,,,,,,,,,,,,,,,,,,,,,,,,,,,,,,,
زریران2,,,,,,,,,,,,,,,,,,,,,,,,,,,,,,,,,,,,,,,,,,,,,,,,
زرین,,,,,,,,,,,,,,,,,,,,,,,,,,,,,,,,,,,,,,,,,,,,,,,,
زرین ذرت شاهرود,,,,,,,,,,,,,,,,,,,,,,,,,,,,,,,,,,,,,,,,,,,,,,,,
زرین سهام,,,,,,,,,,,,,,,,,,,,,,,,,,,,,,,,,,,,,,,,,,,,,,,,
زرین2,,,,,,,,,,,,,,,,,,,,,,,,,,,,,,,,,,,,,,,,,,,,,,,,
زرینه مس,,,,,,,,,,,,,,,,,,,,,,,,,,,,,,,,,,,,,,,,,,,,,,,,
زشریف,,,,,,,,,,,,,,,,,,,,,,,,,,,,,,,,,,,,,,,,,,,,,,,,
زشریف2,,,,,,,,,,,,,,,,,,,,,,,,,,,,,,,,,,,,,,,,,,,,,,,,
زشریف3,,,,,,,,,,,,,,,,,,,,,,,,,,,,,,,,,,,,,,,,,,,,,,,,
زشگزا,,,,,,,,,,,,,,,,,,,,,,,,,,,,,,,,,,,,,,,,,,,,,,,,
زشگزا3,,,,,,,,,,,,,,,,,,,,,,,,,,,,,,,,,,,,,,,,,,,,,,,,
زفارس,,,,,,,,,,,,,,,,,,,,,,,,,,,,,,,,,,,,,,,,,,,,,,,,
زفارس3,,,,,,,,,,,,,,,,,,,,,,,,,,,,,,,,,,,,,,,,,,,,,,,,
زفجر,,,,,,,,,,,,,,,,,,,,,,,,,,,,,,,,,,,,,,,,,,,,,,,,
زفجر3,,,,,,,,,,,,,,,,,,,,,,,,,,,,,,,,,,,,,,,,,,,,,,,,
زفکا,,,,,,,,,,,,,,,,,,,,,,,,,,,,,,,,,,,,,,,,,,,,,,,,
زفکا3,,,,,,,,,,,,,,,,,,,,,,,,,,,,,,,,,,,,,,,,,,,,,,,,
زقیام,,,,,,,,,,,,,,,,,,,,,,,,,,,,,,,,,,,,,,,,,,,,,,,,
زقیام3,,,,,,,,,,,,,,,,,,,,,,,,,,,,,,,,,,,,,,,,,,,,,,,,
زماهان,,,,,,,,,,,,,,,,,,,,,,,,,,,,,,,,,,,,,,,,,,,,,,,,
زماهان3,,,,,,,,,,,,,,,,,,,,,,,,,,,,,,,,,,,,,,,,,,,,,,,,
زمرد,,,,,,,,,,,,,,,,,,,,,,,,,,,,,,,,,,,,,,,,,,,,,,,,
زمرد سهام,,,,,,,,,,,,,,,,,,,,,,,,,,,,,,,,,,,,,,,,,,,,,,,,
زمرد کوروش,,,,,,,,,,,,,,,,,,,,,,,,,,,,,,,,,,,,,,,,,,,,,,,,
زمرد کوروش2,,,,,,,,,,,,,,,,,,,,,,,,,,,,,,,,,,,,,,,,,,,,,,,,
زمرد کوروش4,,,,,,,,,,,,,,,,,,,,,,,,,,,,,,,,,,,,,,,,,,,,,,,,
زمرد2,,,,,,,,,,,,,,,,,,,,,,,,,,,,,,,,,,,,,,,,,,,,,,,,
زملارد,,,,,,,,,,,,,,,,,,,,,,,,,,,,,,,,,,,,,,,,,,,,,,,,
زملارد3,,,,,,,,,,,,,,,,,,,,,,,,,,,,,,,,,,,,,,,,,,,,,,,,
زمگسا,0.0,2026-08-09 18:36:44.149365,0.0,رد_نمره,,,,4.8,2026-08-09 15:06:44.146146,2026-08-09,177,0.0,0.0,0.0,0,6.523,,,0.0,86.5,,0,2,70,4.75,"{""atr_14"": 163.0, ""symbol"": ""زمگسا"", ""live_pe"": 0.2, ""risk_ok"": true, ""decision"": ""رد_نمره"", ""industry"": ""زراعت و خدمات وابسته"", ""pe_ratio"": 0.03, ""raw_score"": 5.0, ""trend_20d"": ""up"", ""rule_50_30"": ""رد"", ""final_score"": 5.0, ""score_macro"": 10.0, ""volume_spike"": 0.01, ""current_price"": 9388.0, ""liquidity_pct"": 52414978.1, ""position_size"": 0, ""adjusted_score"": 0.0, ""rank_in_market"": 70, ""score_feedstock"": 0.0, ""score_liquidity"": 5.0, ""score_technical"": 0.0, ""score_valuation"": 20.0, ""stop_loss_price"": 8731.0, ""nima_free_spread"": 6.523, ""percentile_score"": 86.5, ""price_change_pct"": 2.0, ""rank_in_industry"": 2, ""score_farabourse"": 0.0, ""score_fundamental"": 7.5, ""score_gov_support"": 0.0, ""institutional_ratio"": 0.0, ""score_institutional"": 0.0, ""negative_filters_count"": 0}",True,رد,0.0,0.0,7.5,0.0,7.5,0.0,5.0,10.0,0.0,0.0,0.0,0.0,5.0,20.0,20.0,1405-05-18,0.0,زمگسا,2026-09-08,0.0
زمگسا3,,,,,,,,,,,,,,,,,,,,,,,,,,,,,,,,,,,,,,,,,,,,,,,,
زنجان,,,,,,,,,,,,,,,,,,,,,,,,,,,,,,,,,,,,,,,,,,,,,,,,
زنجان2,,,,,,,,,,,,,,,,,,,,,,,,,,,,,,,,,,,,,,,,,,,,,,,,
زنده رود,,,,,,,,,,,,,,,,,,,,,,,,,,,,,,,,,,,,,,,,,,,,,,,,
زنگان,,,,,,,,,,,,,,,,,,,,,,,,,,,,,,,,,,,,,,,,,,,,,,,,
زنگان3,,,,,,,,,,,,,,,,,,,,,,,,,,,,,,,,,,,,,,,,,,,,,,,,
زهلال,,,,,,,,,,,,,,,,,,,,,,,,,,,,,,,,,,,,,,,,,,,,,,,,
زهلال3,,,,,,,,,,,,,,,,,,,,,,,,,,,,,,,,,,,,,,,,,,,,,,,,
زپارس,0.0,2026-08-09 18:36:44.149365,0.0,رد_نمره,,,,4.8,2026-08-09 15:06:44.146146,2026-08-09,174,0.0,0.0,0.0,0,6.523,,,0.0,95.7,,0,1,23,4.75,"{""atr_14"": 275.0, ""symbol"": ""زپارس"", ""live_pe"": 0.4, ""risk_ok"": true, ""decision"": ""رد_نمره"", ""industry"": ""زراعت و خدمات وابسته"", ""pe_ratio"": 0.06, ""raw_score"": 5.65, ""trend_20d"": ""flat"", ""rule_50_30"": ""رد"", ""final_score"": 5.7, ""score_macro"": 10.0, ""volume_spike"": 0.19, ""current_price"": 6911.0, ""liquidity_pct"": 39646509622.26667, ""position_size"": 0, ""adjusted_score"": 0.0, ""rank_in_market"": 23, ""score_feedstock"": 0.0, ""score_liquidity"": 5.0, ""score_technical"": 0.0, ""score_valuation"": 20.0, ""stop_loss_price"": 6361.0, ""nima_free_spread"": 6.523, ""percentile_score"": 95.7, ""price_change_pct"": -1.26, ""rank_in_industry"": 1, ""score_farabourse"": 0.0, ""score_fundamental"": 7.5, ""score_gov_support"": 5.0, ""institutional_ratio"": 0.0, ""score_institutional"": 0.0, ""negative_filters_count"": 0}",True,رد,0.0,0.0,7.5,0.0,7.5,0.0,5.0,10.0,0.0,0.0,5.0,0.0,5.7,20.0,20.0,1405-05-18,0.0,زپارس,2026-09-08,0.0
زپارس3,,,,,,,,,,,,,,,,,,,,,,,,,,,,,,,,,,,,,,,,,,,,,,,,
زکشت,,,,,,,,,,,,,,,,,,,,,,,,,,,,,,,,,,,,,,,,,,,,,,,,
زکشت3,,,,,,,,,,,,,,,,,,,,,,,,,,,,,,,,,,,,,,,,,,,,,,,,
زکوثر,0.0,2026-08-09 18:36:44.149365,0.0,رد_نمره,,,,2.6,2026-08-09 15:06:44.146146,2026-08-09,176,0.0,0.0,0.0,0,6.523,,,0.0,47.1,,0,3,271,2.6,"{""atr_14"": 0.0, ""symbol"": ""زكوثر"", ""live_pe"": 0.0, ""risk_ok"": true, ""decision"": ""رد_نمره"", ""industry"": ""زراعت و خدمات وابسته"", ""pe_ratio"": 0.0, ""raw_score"": 2.6, ""trend_20d"": ""flat"", ""rule_50_30"": ""رد"", ""final_score"": 2.6, ""score_macro"": 0.0, ""volume_spike"": 0.0, ""current_price"": 0.0, ""liquidity_pct"": 0.0, ""position_size"": 0, ""adjusted_score"": 0.0, ""rank_in_market"": 271, ""score_feedstock"": 0.0, ""score_liquidity"": 0.0, ""score_technical"": 0.0, ""score_valuation"": 20.0, ""stop_loss_price"": 0, ""nima_free_spread"": 6.523, ""percentile_score"": 47.1, ""price_change_pct"": 0.0, ""rank_in_industry"": 3, ""score_farabourse"": 0.0, ""score_fundamental"": 0.0, ""score_gov_support"": 0.0, ""institutional_ratio"": 0.0, ""score_institutional"": 0.0, ""negative_filters_count"": 0}",True,رد,0.0,0.0,0.0,0.0,0.0,0.0,0.0,0.0,0.0,0.0,0.0,0.0,2.6,20.0,20.0,1405-05-18,0.0,زكوثر,2026-09-08,0.0
زکوثر2,,,,,,,,,,,,,,,,,,,,,,,,,,,,,,,,,,,,,,,,,,,,,,,,
زکوثر3,,,,,,,,,,,,,,,,,,,,,,,,,,,,,,,,,,,,,,,,,,,,,,,,
زگلدشت,,,,,,,,,,,,,,,,,,,,,,,,,,,,,,,,,,,,,,,,,,,,,,,,
زگلدشت3,,,,,,,,,,,,,,,,,,,,,,,,,,,,,,,,,,,,,,,,,,,,,,,,
زیتون,,,,,,,,,,,,,,,,,,,,,,,,,,,,,,,,,,,,,,,,,,,,,,,,
زیتون2,,,,,,,,,,,,,,,,,,,,,,,,,,,,,,,,,,,,,,,,,,,,,,,,
زیتون4,,,,,,,,,,,,,,,,,,,,,,,,,,,,,,,,,,,,,,,,,,,,,,,,
زیر ساخت فناوری تجارت ایرانیان,,,,,,,,,,,,,,,,,,,,,,,,,,,,,,,,,,,,,,,,,,,,,,,,
زیرساخت امن خدمات تراکنشی,,,,,,,,,,,,,,,,,,,,,,,,,,,,,,,,,,,,,,,,,,,,,,,,
سآبیک,0.0,2026-08-09 18:36:44.149365,0.0,رد_نمره,,,,2.6,2026-08-09 15:06:44.146146,2026-08-09,178,0.0,0.0,0.0,0,6.523,,,0.0,46.9,,0,20,272,2.6,"{""atr_14"": 0.0, ""symbol"": ""سآبيك"", ""live_pe"": 0.0, ""risk_ok"": true, ""decision"": ""رد_نمره"", ""industry"": ""سيمان، آهك و گچ"", ""pe_ratio"": 0.0, ""raw_score"": 2.6, ""trend_20d"": ""flat"", ""rule_50_30"": ""رد"", ""final_score"": 2.6, ""score_macro"": 0.0, ""volume_spike"": 0.0, ""current_price"": 0.0, ""liquidity_pct"": 0.0, ""position_size"": 0, ""adjusted_score"": 0.0, ""rank_in_market"": 272, ""score_feedstock"": 0.0, ""score_liquidity"": 0.0, ""score_technical"": 0.0, ""score_valuation"": 20.0, ""stop_loss_price"": 0, ""nima_free_spread"": 6.523, ""percentile_score"": 46.9, ""price_change_pct"": 0.0, ""rank_in_industry"": 20, ""score_farabourse"": 0.0, ""score_fundamental"": 0.0, ""score_gov_support"": 0.0, ""institutional_ratio"": 0.0, ""score_institutional"": 0.0, ""negative_filters_count"": 0}",True,رد,0.0,0.0,0.0,0.0,0.0,0.0,0.0,0.0,0.0,0.0,0.0,0.0,2.6,20.0,20.0,1405-05-18,0.0,سآبيك,2026-09-08,0.0
سآبیک3,,,,,,,,,,,,,,,,,,,,,,,,,,,,,,,,,,,,,,,,,,,,,,,,
سابیر,,,,,,,,,,,,,,,,,,,,,,,,,,,,,,,,,,,,,,,,,,,,,,,,
ساحل,,,,,,,,,,,,,,,,,,,,,,,,,,,,,,,,,,,,,,,,,,,,,,,,
ساحل2,,,,,,,,,,,,,,,,,,,,,,,,,,,,,,,,,,,,,,,,,,,,,,,,
ساحل4,,,,,,,,,,,,,,,,,,,,,,,,,,,,,,,,,,,,,,,,,,,,,,,,
ساخت تاسیسات دریایی,,,,,,,,,,,,,,,,,,,,,,,,,,,,,,,,,,,,,,,,,,,,,,,,
ساخت رفاه,,,,,,,,,,,,,,,,,,,,,,,,,,,,,,,,,,,,,,,,,,,,,,,,
ساخت ماشین آلات و تحقیقاتی پگاه,,,,,,,,,,,,,,,,,,,,,,,,,,,,,,,,,,,,,,,,,,,,,,,,
ساخت و نگهداری آزاد راه اصفهان,,,,,,,,,,,,,,,,,,,,,,,,,,,,,,,,,,,,,,,,,,,,,,,,
ساختمانی درگاه ضامن,,,,,,,,,,,,,,,,,,,,,,,,,,,,,,,,,,,,,,,,,,,,,,,,
ساختمانی هلال,,,,,,,,,,,,,,,,,,,,,,,,,,,,,,,,,,,,,,,,,,,,,,,,
ساختمانی و شهسازی واوان,,,,,,,,,,,,,,,,,,,,,,,,,,,,,,,,,,,,,,,,,,,,,,,,
ساختمانی و عمرانی عامری,,,,,,,,,,,,,,,,,,,,,,,,,,,,,,,,,,,,,,,,,,,,,,,,
ساختمانی کار,,,,,,,,,,,,,,,,,,,,,,,,,,,,,,,,,,,,,,,,,,,,,,,,
ساذری,0.0,2026-08-09 18:36:44.149365,0.0,رد_نمره,,,,2.6,2026-08-09 15:06:44.146146,2026-08-09,179,0.0,0.0,0.0,0,6.523,,,0.0,46.7,,0,1,273,2.6,"{""atr_14"": 0.0, ""symbol"": ""ساذري"", ""live_pe"": 0.0, ""risk_ok"": true, ""decision"": ""رد_نمره"", ""industry"": ""ساير محصولات كاني غيرفلزي"", ""pe_ratio"": 0.0, ""raw_score"": 2.6, ""trend_20d"": ""flat"", ""rule_50_30"": ""رد"", ""final_score"": 2.6, ""score_macro"": 0.0, ""volume_spike"": 0.0, ""current_price"": 0.0, ""liquidity_pct"": 0.0, ""position_size"": 0, ""adjusted_score"": 0.0, ""rank_in_market"": 273, ""score_feedstock"": 0.0, ""score_liquidity"": 0.0, ""score_technical"": 0.0, ""score_valuation"": 20.0, ""stop_loss_price"": 0, ""nima_free_spread"": 6.523, ""percentile_score"": 46.7, ""price_change_pct"": 0.0, ""rank_in_industry"": 1, ""score_farabourse"": 0.0, ""score_fundamental"": 0.0, ""score_gov_support"": 0.0, ""institutional_ratio"": 0.0, ""score_institutional"": 0.0, ""negative_filters_count"": 0}",True,رد,0.0,0.0,0.0,0.0,0.0,0.0,0.0,0.0,0.0,0.0,0.0,0.0,2.6,20.0,20.0,1405-05-18,0.0,ساذري,2026-09-08,0.0
ساراب,0.0,2026-08-09 18:36:44.149365,0.0,رد_نمره,,,,2.6,2026-08-09 15:06:44.146146,2026-08-09,180,0.0,0.0,0.0,0,6.523,,,0.0,1.8,,0,36,502,2.6,"{""atr_14"": 7575.0, ""symbol"": ""ساراب"", ""live_pe"": 385250.0, ""risk_ok"": true, ""decision"": ""رد_نمره"", ""industry"": ""سيمان، آهك و گچ"", ""pe_ratio"": 59269.23, ""raw_score"": 0.25, ""trend_20d"": ""up"", ""rule_50_30"": ""رد"", ""final_score"": 0.2, ""score_macro"": 0.0, ""volume_spike"": 0.0, ""current_price"": 15410.0, ""liquidity_pct"": 6830544854.1, ""position_size"": 0, ""adjusted_score"": 0.0, ""rank_in_market"": 502, ""score_feedstock"": 0.0, ""score_liquidity"": 5.0, ""score_technical"": 0.0, ""score_valuation"": 0.0, ""stop_loss_price"": 261.0, ""nima_free_spread"": 6.523, ""percentile_score"": 1.8, ""price_change_pct"": 0.0, ""rank_in_industry"": 36, ""score_farabourse"": 0.0, ""score_fundamental"": 0.0, ""score_gov_support"": 0.0, ""institutional_ratio"": 0.0, ""score_institutional"": 0.0, ""negative_filters_count"": 0}",True,رد,0.0,0.0,0.0,0.0,0.0,0.0,5.0,0.0,0.0,0.0,0.0,0.0,0.2,20.0,0.0,1405-05-18,0.0,ساراب,2026-09-08,0.0
ساراب3,,,,,,,,,,,,,,,,,,,,,,,,,,,,,,,,,,,,,,,,,,,,,,,,
ساربيل2,,,,,,,,,,,,,,,,,,,,,,,,,,,,,,,,,,,,,,,,,,,,,,,,
ساربیل,0.0,2026-08-09 18:36:44.149365,0.0,رد_نمره,,,,2.6,2026-08-09 15:06:44.146146,2026-08-09,181,0.0,0.0,0.0,0,6.523,,,0.0,46.5,,0,21,274,2.6,"{""atr_14"": 0.0, ""symbol"": ""ساربيل"", ""live_pe"": 0.0, ""risk_ok"": true, ""decision"": ""رد_نمره"", ""industry"": ""سيمان، آهك و گچ"", ""pe_ratio"": 0.0, ""raw_score"": 2.6, ""trend_20d"": ""flat"", ""rule_50_30"": ""رد"", ""final_score"": 2.6, ""score_macro"": 0.0, ""volume_spike"": 0.0, ""current_price"": 0.0, ""liquidity_pct"": 0.0, ""position_size"": 0, ""adjusted_score"": 0.0, ""rank_in_market"": 274, ""score_feedstock"": 0.0, ""score_liquidity"": 0.0, ""score_technical"": 0.0, ""score_valuation"": 20.0, ""stop_loss_price"": 0, ""nima_free_spread"": 6.523, ""percentile_score"": 46.5, ""price_change_pct"": 0.0, ""rank_in_industry"": 21, ""score_farabourse"": 0.0, ""score_fundamental"": 0.0, ""score_gov_support"": 0.0, ""institutional_ratio"": 0.0, ""score_institutional"": 0.0, ""negative_filters_count"": 0}",True,رد,0.0,0.0,0.0,0.0,0.0,0.0,0.0,0.0,0.0,0.0,0.0,0.0,2.6,20.0,20.0,1405-05-18,0.0,ساربيل,2026-09-08,0.0
ساربیل3,,,,,,,,,,,,,,,,,,,,,,,,,,,,,,,,,,,,,,,,,,,,,,,,
ساروج,,,,,,,,,,,,,,,,,,,,,,,,,,,,,,,,,,,,,,,,,,,,,,,,
ساروج3,,,,,,,,,,,,,,,,,,,,,,,,,,,,,,,,,,,,,,,,,,,,,,,,
ساروم,0.0,2026-08-09 18:36:44.149365,174900.0,رد_نمره,,,,5.7,2026-08-09 15:06:44.146146,2026-08-09,182,0.0,738927408223.3334,1.3,0,6.523,,,0.2,86.3,,816,2,71,5.65,"{""atr_14"": 209.0, ""symbol"": ""ساروم"", ""live_pe"": 0.2, ""risk_ok"": true, ""decision"": ""رد_نمره"", ""industry"": ""سيمان، آهك و گچ"", ""pe_ratio"": 0.03, ""raw_score"": 5.0, ""trend_20d"": ""up"", ""rule_50_30"": ""رد"", ""final_score"": 5.0, ""score_macro"": 10.0, ""volume_spike"": 0.16, ""current_price"": 26014.0, ""liquidity_pct"": 104515337.833333, ""position_size"": 0, ""adjusted_score"": 0.0, ""rank_in_market"": 71, ""score_feedstock"": 0.0, ""score_liquidity"": 5.0, ""score_technical"": 0.0, ""score_valuation"": 20.0, ""stop_loss_price"": 24193.0, ""nima_free_spread"": 6.523, ""percentile_score"": 86.3, ""price_change_pct"": 1.0, ""rank_in_industry"": 2, ""score_farabourse"": 0.0, ""score_fundamental"": 7.5, ""score_gov_support"": 0.0, ""institutional_ratio"": 0.0, ""score_institutional"": 0.0, ""negative_filters_count"": 0}",True,رد,0.0,0.0,7.5,5.0,7.5,0.0,5.0,10.0,0.0,0.0,0.0,0.0,5.0,20.0,20.0,1405-05-18,162657.0,ساروم,2026-09-08,0.65
ساروم2,,,,,,,,,,,,,,,,,,,,,,,,,,,,,,,,,,,,,,,,,,,,,,,,
ساروم3,,,,,,,,,,,,,,,,,,,,,,,,,,,,,,,,,,,,,,,,,,,,,,,,
سازمان آب و برق خوزستان,,,,,,,,,,,,,,,,,,,,,,,,,,,,,,,,,,,,,,,,,,,,,,,,
سازمان آتشنشانی و خدمات ایمنی شهرداری مشهد,,,,,,,,,,,,,,,,,,,,,,,,,,,,,,,,,,,,,,,,,,,,,,,,
سازمان بازنشستگی شهرداری تهران,,,,,,,,,,,,,,,,,,,,,,,,,,,,,,,,,,,,,,,,,,,,,,,,
سازمان بنادر و دریانوردی,,,,,,,,,,,,,,,,,,,,,,,,,,,,,,,,,,,,,,,,,,,,,,,,
سازمان بیمه سلامت ایران,,,,,,,,,,,,,,,,,,,,,,,,,,,,,,,,,,,,,,,,,,,,,,,,
سازمان تامین اجتماعی,,,,,,,,,,,,,,,,,,,,,,,,,,,,,,,,,,,,,,,,,,,,,,,,
سازمان توسعه و نوسازی معادن و صنایع معدنی ایران(ایمیدرو),,,,,,,,,,,,,,,,,,,,,,,,,,,,,,,,,,,,,,,,,,,,,,,,
سازمان جمع آوری وفروش اموال تملیکی,,,,,,,,,,,,,,,,,,,,,,,,,,,,,,,,,,,,,,,,,,,,,,,,
سازمان حسابرسی,,,,,,,,,,,,,,,,,,,,,,,,,,,,,,,,,,,,,,,,,,,,,,,,
سازمان خصوصی سازی,,,,,,,,,,,,,,,,,,,,,,,,,,,,,,,,,,,,,,,,,,,,,,,,
سازمان خیریه درمانی جواد الایمه ع,,,,,,,,,,,,,,,,,,,,,,,,,,,,,,,,,,,,,,,,,,,,,,,,
سازمان راهداری و حمل و نقل جاده ای,,,,,,,,,,,,,,,,,,,,,,,,,,,,,,,,,,,,,,,,,,,,,,,,
سازمان زمین و مسکن شهرداری مشهد,,,,,,,,,,,,,,,,,,,,,,,,,,,,,,,,,,,,,,,,,,,,,,,,
سازمان عمران شهرداری مشهد,,,,,,,,,,,,,,,,,,,,,,,,,,,,,,,,,,,,,,,,,,,,,,,,
سازمان عمران کرمان,,,,,,,,,,,,,,,,,,,,,,,,,,,,,,,,,,,,,,,,,,,,,,,,
سازمان فردوسها شهرداری مشهد,,,,,,,,,,,,,,,,,,,,,,,,,,,,,,,,,,,,,,,,,,,,,,,,
سازمان فرهنگی هنری شهرداری تهران,,,,,,,,,,,,,,,,,,,,,,,,,,,,,,,,,,,,,,,,,,,,,,,,
سازمان قطار شهری اصفهان وحومه,,,,,,,,,,,,,,,,,,,,,,,,,,,,,,,,,,,,,,,,,,,,,,,,
سازمان مدیریت و نظارت بر تاکسیرانی شهرداری مشهد,,,,,,,,,,,,,,,,,,,,,,,,,,,,,,,,,,,,,,,,,,,,,,,,
سازمان مرکزی تعاون روستایی ایران,,,,,,,,,,,,,,,,,,,,,,,,,,,,,,,,,,,,,,,,,,,,,,,,
سازمان ملی زمین و مسکن,,,,,,,,,,,,,,,,,,,,,,,,,,,,,,,,,,,,,,,,,,,,,,,,
سازمان منطقه آزاد تجاری صنعتی ارس,,,,,,,,,,,,,,,,,,,,,,,,,,,,,,,,,,,,,,,,,,,,,,,,
سازمان منطقه آزاد تجاری صنعتی اروند,,,,,,,,,,,,,,,,,,,,,,,,,,,,,,,,,,,,,,,,,,,,,,,,
سازمان منطقه آزاد تجاری صنعتی انزلی,,,,,,,,,,,,,,,,,,,,,,,,,,,,,,,,,,,,,,,,,,,,,,,,
سازمان منطقه آزاد تجاری صنعتی قشم,,,,,,,,,,,,,,,,,,,,,,,,,,,,,,,,,,,,,,,,,,,,,,,,
سازمان منطقه آزاد تجاری صنعتی ماکو,,,,,,,,,,,,,,,,,,,,,,,,,,,,,,,,,,,,,,,,,,,,,,,,
سازمان منطقه آزاد تجاری صنعتی کیش,,,,,,,,,,,,,,,,,,,,,,,,,,,,,,,,,,,,,,,,,,,,,,,,
سازمان منطقه ازاد چابهار,,,,,,,,,,,,,,,,,,,,,,,,,,,,,,,,,,,,,,,,,,,,,,,,
سازمان منطقه ویژه جهرم,,,,,,,,,,,,,,,,,,,,,,,,,,,,,,,,,,,,,,,,,,,,,,,,
سازمان منطقه ویژه گرمسار,,,,,,,,,,,,,,,,,,,,,,,,,,,,,,,,,,,,,,,,,,,,,,,,
سازمان مهندسی و عمران شهرداری تهران,,,,,,,,,,,,,,,,,,,,,,,,,,,,,,,,,,,,,,,,,,,,,,,,
سازمان هدفمندی یارانه‌ها,,,,,,,,,,,,,,,,,,,,,,,,,,,,,,,,,,,,,,,,,,,,,,,,
سازمان پایانه های مسافربری شهرداری مشهد,,,,,,,,,,,,,,,,,,,,,,,,,,,,,,,,,,,,,,,,,,,,,,,,
سازمان گسترش و نوسازی صنایع ایران( ایدرو),,,,,,,,,,,,,,,,,,,,,,,,,,,,,,,,,,,,,,,,,,,,,,,,
سازنده توربو کمپرسور,,,,,,,,,,,,,,,,,,,,,,,,,,,,,,,,,,,,,,,,,,,,,,,,
سافرون,,,,,,,,,,,,,,,,,,,,,,,,,,,,,,,,,,,,,,,,,,,,,,,,
سافرون2,,,,,,,,,,,,,,,,,,,,,,,,,,,,,,,,,,,,,,,,,,,,,,,,
سام,,,,,,,,,,,,,,,,,,,,,,,,,,,,,,,,,,,,,,,,,,,,,,,,
سام4,,,,,,,,,,,,,,,,,,,,,,,,,,,,,,,,,,,,,,,,,,,,,,,,
سامان,,,,,,,,,,,,,,,,,,,,,,,,,,,,,,,,,,,,,,,,,,,,,,,,
سامان ثابت,,,,,,,,,,,,,,,,,,,,,,,,,,,,,,,,,,,,,,,,,,,,,,,,
سامان2,,,,,,,,,,,,,,,,,,,,,,,,,,,,,,,,,,,,,,,,,,,,,,,,
سامان3,,,,,,,,,,,,,,,,,,,,,,,,,,,,,,,,,,,,,,,,,,,,,,,,
ساماندهی مطالبات معوق,,,,,,,,,,,,,,,,,,,,,,,,,,,,,,,,,,,,,,,,,,,,,,,,
سامانه نگار حامی بیمه,,,,,,,,,,,,,,,,,,,,,,,,,,,,,,,,,,,,,,,,,,,,,,,,
سامانه های کاربردی کلان همگام,,,,,,,,,,,,,,,,,,,,,,,,,,,,,,,,,,,,,,,,,,,,,,,,
سانارک ,,,,,,,,,,,,,,,,,,,,,,,,,,,,,,,,,,,,,,,,,,,,,,,,
ساوه,0.0,2026-08-09 18:36:44.149365,11290.0,رد_نمره,,,,5.7,2026-08-09 15:06:44.146146,2026-08-09,183,0.0,172000278932.66666,1.9,0,6.523,,,0.29,9.8,,12658,33,461,5.65,"{""atr_14"": 6070.0, ""symbol"": ""ساوه"", ""live_pe"": 17.8, ""risk_ok"": true, ""decision"": ""رد_نمره"", ""industry"": ""سيمان، آهك و گچ"", ""pe_ratio"": 2.75, ""raw_score"": 2.25, ""trend_20d"": ""flat"", ""rule_50_30"": ""رد"", ""final_score"": 2.2, ""score_macro"": 0.0, ""volume_spike"": 0.04, ""current_price"": 106312.0, ""liquidity_pct"": 340117929019.06665, ""position_size"": 0, ""adjusted_score"": 0.0, ""rank_in_market"": 461, ""score_feedstock"": 0.0, ""score_liquidity"": 5.0, ""score_technical"": 0.0, ""score_valuation"": 0.0, ""stop_loss_price"": 94173.0, ""nima_free_spread"": 6.523, ""percentile_score"": 9.8, ""price_change_pct"": -5.0, ""rank_in_industry"": 33, ""score_farabourse"": 0.0, ""score_fundamental"": 7.5, ""score_gov_support"": 5.0, ""institutional_ratio"": 0.0, ""score_institutional"": 0.0, ""negative_filters_count"": 0}",True,رد,0.0,0.0,7.5,5.0,7.5,0.0,5.0,10.0,0.0,0.0,5.0,0.0,2.2,20.0,0.0,1405-05-18,10500.0,ساوه,2026-09-08,0.46
ساوه2,,,,,,,,,,,,,,,,,,,,,,,,,,,,,,,,,,,,,,,,,,,,,,,,
ساوه3,,,,,,,,,,,,,,,,,,,,,,,,,,,,,,,,,,,,,,,,,,,,,,,,
سايرا,0.0,2026-08-09 18:36:44.149365,0.0,رد_نمره,,,,2.6,2026-08-09 15:06:44.146146,2026-08-09,184,0.0,0.0,0.0,0,6.523,,,0.0,46.3,,0,2,275,2.6,"{""atr_14"": 0.0, ""symbol"": ""سايرا"", ""live_pe"": 0.0, ""risk_ok"": true, ""decision"": ""رد_نمره"", ""industry"": ""ساير محصولات كاني غيرفلزي"", ""pe_ratio"": 0.0, ""raw_score"": 2.6, ""trend_20d"": ""flat"", ""rule_50_30"": ""رد"", ""final_score"": 2.6, ""score_macro"": 0.0, ""volume_spike"": 0.0, ""current_price"": 0.0, ""liquidity_pct"": 0.0, ""position_size"": 0, ""adjusted_score"": 0.0, ""rank_in_market"": 275, ""score_feedstock"": 0.0, ""score_liquidity"": 0.0, ""score_technical"": 0.0, ""score_valuation"": 20.0, ""stop_loss_price"": 0, ""nima_free_spread"": 6.523, ""percentile_score"": 46.3, ""price_change_pct"": 0.0, ""rank_in_industry"": 2, ""score_farabourse"": 0.0, ""score_fundamental"": 0.0, ""score_gov_support"": 0.0, ""institutional_ratio"": 0.0, ""score_institutional"": 0.0, ""negative_filters_count"": 0}",True,رد,0.0,0.0,0.0,0.0,0.0,0.0,0.0,0.0,0.0,0.0,0.0,0.0,2.6,20.0,20.0,1405-05-18,0.0,سايرا,2026-09-08,0.0
ساگار و قطعات نسوز,,,,,,,,,,,,,,,,,,,,,,,,,,,,,,,,,,,,,,,,,,,,,,,,
ساینا,,,,,,,,,,,,,,,,,,,,,,,,,,,,,,,,,,,,,,,,,,,,,,,,
ساینا3,,,,,,,,,,,,,,,,,,,,,,,,,,,,,,,,,,,,,,,,,,,,,,,,
سایپا پرس,,,,,,,,,,,,,,,,,,,,,,,,,,,,,,,,,,,,,,,,,,,,,,,,
سایپا گام,,,,,,,,,,,,,,,,,,,,,,,,,,,,,,,,,,,,,,,,,,,,,,,,
سباقر,,,,,,,,,,,,,,,,,,,,,,,,,,,,,,,,,,,,,,,,,,,,,,,,
سباقر3,,,,,,,,,,,,,,,,,,,,,,,,,,,,,,,,,,,,,,,,,,,,,,,,
سبجنو,0.0,2026-08-09 18:36:44.149365,44920.0,رد_نمره,,,,5.7,2026-08-09 15:06:44.146146,2026-08-09,185,0.0,317249825462.6667,1.3,0,6.523,,,0.2,86.1,,3180,3,72,5.65,"{""atr_14"": 150.0, ""symbol"": ""سبجنو"", ""live_pe"": 0.6, ""risk_ok"": true, ""decision"": ""رد_نمره"", ""industry"": ""سيمان، آهك و گچ"", ""pe_ratio"": 0.09, ""raw_score"": 5.0, ""trend_20d"": ""flat"", ""rule_50_30"": ""رد"", ""final_score"": 5.0, ""score_macro"": 10.0, ""volume_spike"": 1.77, ""current_price"": 19890.0, ""liquidity_pct"": 334241396.833333, ""position_size"": 0, ""adjusted_score"": 0.0, ""rank_in_market"": 72, ""score_feedstock"": 0.0, ""score_liquidity"": 5.0, ""score_technical"": 0.0, ""score_valuation"": 20.0, ""stop_loss_price"": 18498.0, ""nima_free_spread"": 6.523, ""percentile_score"": 86.1, ""price_change_pct"": 0.01, ""rank_in_industry"": 3, ""score_farabourse"": 0.0, ""score_fundamental"": 7.5, ""score_gov_support"": 0.0, ""institutional_ratio"": 0.0, ""score_institutional"": 0.0, ""negative_filters_count"": 0}",True,رد,0.0,0.0,7.5,5.0,7.5,0.0,5.0,10.0,0.0,0.0,0.0,0.0,5.0,20.0,20.0,1405-05-18,41776.0,سبجنو,2026-09-08,0.46
سبجنو3,,,,,,,,,,,,,,,,,,,,,,,,,,,,,,,,,,,,,,,,,,,,,,,,
سبد آبان,,,,,,,,,,,,,,,,,,,,,,,,,,,,,,,,,,,,,,,,,,,,,,,,
سبد آبنوس,,,,,,,,,,,,,,,,,,,,,,,,,,,,,,,,,,,,,,,,,,,,,,,,
سبد آتا,,,,,,,,,,,,,,,,,,,,,,,,,,,,,,,,,,,,,,,,,,,,,,,,
سبد آتیه توکا,,,,,,,,,,,,,,,,,,,,,,,,,,,,,,,,,,,,,,,,,,,,,,,,
سبد آرارات,,,,,,,,,,,,,,,,,,,,,,,,,,,,,,,,,,,,,,,,,,,,,,,,
سبد آرتان,,,,,,,,,,,,,,,,,,,,,,,,,,,,,,,,,,,,,,,,,,,,,,,,
سبد آرتین,,,,,,,,,,,,,,,,,,,,,,,,,,,,,,,,,,,,,,,,,,,,,,,,
سبد آرمان,,,,,,,,,,,,,,,,,,,,,,,,,,,,,,,,,,,,,,,,,,,,,,,,
سبد آرمان آتی,,,,,,,,,,,,,,,,,,,,,,,,,,,,,,,,,,,,,,,,,,,,,,,,
سبد آروین,,,,,,,,,,,,,,,,,,,,,,,,,,,,,,,,,,,,,,,,,,,,,,,,
سبد آریا,,,,,,,,,,,,,,,,,,,,,,,,,,,,,,,,,,,,,,,,,,,,,,,,
سبد آسال,,,,,,,,,,,,,,,,,,,,,,,,,,,,,,,,,,,,,,,,,,,,,,,,
سبد آسمان,,,,,,,,,,,,,,,,,,,,,,,,,,,,,,,,,,,,,,,,,,,,,,,,
سبد آسیا,,,,,,,,,,,,,,,,,,,,,,,,,,,,,,,,,,,,,,,,,,,,,,,,
سبد آشنا,,,,,,,,,,,,,,,,,,,,,,,,,,,,,,,,,,,,,,,,,,,,,,,,
سبد آمال,,,,,,,,,,,,,,,,,,,,,,,,,,,,,,,,,,,,,,,,,,,,,,,,
سبد آمیتیس,,,,,,,,,,,,,,,,,,,,,,,,,,,,,,,,,,,,,,,,,,,,,,,,
سبد آگاه,,,,,,,,,,,,,,,,,,,,,,,,,,,,,,,,,,,,,,,,,,,,,,,,
سبد اطلس,,,,,,,,,,,,,,,,,,,,,,,,,,,,,,,,,,,,,,,,,,,,,,,,
سبد اعتبار,,,,,,,,,,,,,,,,,,,,,,,,,,,,,,,,,,,,,,,,,,,,,,,,
سبد اقتصاد,,,,,,,,,,,,,,,,,,,,,,,,,,,,,,,,,,,,,,,,,,,,,,,,
سبد الماس,,,,,,,,,,,,,,,,,,,,,,,,,,,,,,,,,,,,,,,,,,,,,,,,
سبد الگوریتم,,,,,,,,,,,,,,,,,,,,,,,,,,,,,,,,,,,,,,,,,,,,,,,,
سبد انتخاب اول,,,,,,,,,,,,,,,,,,,,,,,,,,,,,,,,,,,,,,,,,,,,,,,,
سبد اکسیژن,,,,,,,,,,,,,,,,,,,,,,,,,,,,,,,,,,,,,,,,,,,,,,,,
سبد ایرانیان,,,,,,,,,,,,,,,,,,,,,,,,,,,,,,,,,,,,,,,,,,,,,,,,
سبد ایساتیس,,,,,,,,,,,,,,,,,,,,,,,,,,,,,,,,,,,,,,,,,,,,,,,,
سبد باران,,,,,,,,,,,,,,,,,,,,,,,,,,,,,,,,,,,,,,,,,,,,,,,,
سبد بازده,,,,,,,,,,,,,,,,,,,,,,,,,,,,,,,,,,,,,,,,,,,,,,,,
سبد برلیان,,,,,,,,,,,,,,,,,,,,,,,,,,,,,,,,,,,,,,,,,,,,,,,,
سبد بهاوند,,,,,,,,,,,,,,,,,,,,,,,,,,,,,,,,,,,,,,,,,,,,,,,,
سبد تابان,,,,,,,,,,,,,,,,,,,,,,,,,,,,,,,,,,,,,,,,,,,,,,,,
سبد تجلی آفتاب,,,,,,,,,,,,,,,,,,,,,,,,,,,,,,,,,,,,,,,,,,,,,,,,
سبد تدبیر,,,,,,,,,,,,,,,,,,,,,,,,,,,,,,,,,,,,,,,,,,,,,,,,
سبد تصمیم,,,,,,,,,,,,,,,,,,,,,,,,,,,,,,,,,,,,,,,,,,,,,,,,
سبد توازن بازار,,,,,,,,,,,,,,,,,,,,,,,,,,,,,,,,,,,,,,,,,,,,,,,,
سبد توانا,,,,,,,,,,,,,,,,,,,,,,,,,,,,,,,,,,,,,,,,,,,,,,,,
سبد توسعه صبا,,,,,,,,,,,,,,,,,,,,,,,,,,,,,,,,,,,,,,,,,,,,,,,,
سبد جام جم,,,,,,,,,,,,,,,,,,,,,,,,,,,,,,,,,,,,,,,,,,,,,,,,
سبد خبره پارس,,,,,,,,,,,,,,,,,,,,,,,,,,,,,,,,,,,,,,,,,,,,,,,,
سبد داریوش,,,,,,,,,,,,,,,,,,,,,,,,,,,,,,,,,,,,,,,,,,,,,,,,
سبد داریک,,,,,,,,,,,,,,,,,,,,,,,,,,,,,,,,,,,,,,,,,,,,,,,,
سبد داناک,,,,,,,,,,,,,,,,,,,,,,,,,,,,,,,,,,,,,,,,,,,,,,,,
سبد دانایان,,,,,,,,,,,,,,,,,,,,,,,,,,,,,,,,,,,,,,,,,,,,,,,,
سبد دیاکو,,,,,,,,,,,,,,,,,,,,,,,,,,,,,,,,,,,,,,,,,,,,,,,,
سبد رئیس,,,,,,,,,,,,,,,,,,,,,,,,,,,,,,,,,,,,,,,,,,,,,,,,
سبد راد,,,,,,,,,,,,,,,,,,,,,,,,,,,,,,,,,,,,,,,,,,,,,,,,
سبد راستین,,,,,,,,,,,,,,,,,,,,,,,,,,,,,,,,,,,,,,,,,,,,,,,,
سبد رایا نیکان,,,,,,,,,,,,,,,,,,,,,,,,,,,,,,,,,,,,,,,,,,,,,,,,
سبد رایاسهم,,,,,,,,,,,,,,,,,,,,,,,,,,,,,,,,,,,,,,,,,,,,,,,,
سبد رایبد,,,,,,,,,,,,,,,,,,,,,,,,,,,,,,,,,,,,,,,,,,,,,,,,
سبد ره سود,,,,,,,,,,,,,,,,,,,,,,,,,,,,,,,,,,,,,,,,,,,,,,,,
سبد زاگرس,,,,,,,,,,,,,,,,,,,,,,,,,,,,,,,,,,,,,,,,,,,,,,,,
سبد ساتین,,,,,,,,,,,,,,,,,,,,,,,,,,,,,,,,,,,,,,,,,,,,,,,,
سبد سرآمد,,,,,,,,,,,,,,,,,,,,,,,,,,,,,,,,,,,,,,,,,,,,,,,,
سبد سرزمین,,,,,,,,,,,,,,,,,,,,,,,,,,,,,,,,,,,,,,,,,,,,,,,,
سبد سرمایه و دانش,,,,,,,,,,,,,,,,,,,,,,,,,,,,,,,,,,,,,,,,,,,,,,,,
سبد سهند,,,,,,,,,,,,,,,,,,,,,,,,,,,,,,,,,,,,,,,,,,,,,,,,
سبد سود آفرین,,,,,,,,,,,,,,,,,,,,,,,,,,,,,,,,,,,,,,,,,,,,,,,,
سبد سورنا,,,,,,,,,,,,,,,,,,,,,,,,,,,,,,,,,,,,,,,,,,,,,,,,
سبد سورین,,,,,,,,,,,,,,,,,,,,,,,,,,,,,,,,,,,,,,,,,,,,,,,,
سبد سینا,,,,,,,,,,,,,,,,,,,,,,,,,,,,,,,,,,,,,,,,,,,,,,,,
سبد سیوان,,,,,,,,,,,,,,,,,,,,,,,,,,,,,,,,,,,,,,,,,,,,,,,,
سبد فارابی,,,,,,,,,,,,,,,,,,,,,,,,,,,,,,,,,,,,,,,,,,,,,,,,
سبد فراز,,,,,,,,,,,,,,,,,,,,,,,,,,,,,,,,,,,,,,,,,,,,,,,,
سبد فیروزه,,,,,,,,,,,,,,,,,,,,,,,,,,,,,,,,,,,,,,,,,,,,,,,,
سبد قلک,,,,,,,,,,,,,,,,,,,,,,,,,,,,,,,,,,,,,,,,,,,,,,,,
سبد مانی,,,,,,,,,,,,,,,,,,,,,,,,,,,,,,,,,,,,,,,,,,,,,,,,
سبد مایا,,,,,,,,,,,,,,,,,,,,,,,,,,,,,,,,,,,,,,,,,,,,,,,,
سبد مدبر,,,,,,,,,,,,,,,,,,,,,,,,,,,,,,,,,,,,,,,,,,,,,,,,
سبد مروارید,,,,,,,,,,,,,,,,,,,,,,,,,,,,,,,,,,,,,,,,,,,,,,,,
سبد مفید,,,,,,,,,,,,,,,,,,,,,,,,,,,,,,,,,,,,,,,,,,,,,,,,
سبد مهرگان,,,,,,,,,,,,,,,,,,,,,,,,,,,,,,,,,,,,,,,,,,,,,,,,
سبد موج ثروت,,,,,,,,,,,,,,,,,,,,,,,,,,,,,,,,,,,,,,,,,,,,,,,,
سبد میلاد شهر,,,,,,,,,,,,,,,,,,,,,,,,,,,,,,,,,,,,,,,,,,,,,,,,
سبد نجم,,,,,,,,,,,,,,,,,,,,,,,,,,,,,,,,,,,,,,,,,,,,,,,,
سبد نرگس,,,,,,,,,,,,,,,,,,,,,,,,,,,,,,,,,,,,,,,,,,,,,,,,
سبد نهایت نگر,,,,,,,,,,,,,,,,,,,,,,,,,,,,,,,,,,,,,,,,,,,,,,,,
سبد نوویرا,,,,,,,,,,,,,,,,,,,,,,,,,,,,,,,,,,,,,,,,,,,,,,,,
سبد نوید,,,,,,,,,,,,,,,,,,,,,,,,,,,,,,,,,,,,,,,,,,,,,,,,
سبد نیکان,,,,,,,,,,,,,,,,,,,,,,,,,,,,,,,,,,,,,,,,,,,,,,,,
سبد نیکی,,,,,,,,,,,,,,,,,,,,,,,,,,,,,,,,,,,,,,,,,,,,,,,,
سبد هامرز,,,,,,,,,,,,,,,,,,,,,,,,,,,,,,,,,,,,,,,,,,,,,,,,
سبد هامون,,,,,,,,,,,,,,,,,,,,,,,,,,,,,,,,,,,,,,,,,,,,,,,,
سبد هدف,,,,,,,,,,,,,,,,,,,,,,,,,,,,,,,,,,,,,,,,,,,,,,,,
سبد هرمس,,,,,,,,,,,,,,,,,,,,,,,,,,,,,,,,,,,,,,,,,,,,,,,,
سبد هیوا,,,,,,,,,,,,,,,,,,,,,,,,,,,,,,,,,,,,,,,,,,,,,,,,
سبد ویستا,,,,,,,,,,,,,,,,,,,,,,,,,,,,,,,,,,,,,,,,,,,,,,,,
سبد پاداش ,,,,,,,,,,,,,,,,,,,,,,,,,,,,,,,,,,,,,,,,,,,,,,,,
سبد پایش,,,,,,,,,,,,,,,,,,,,,,,,,,,,,,,,,,,,,,,,,,,,,,,,
سبد کارا,,,,,,,,,,,,,,,,,,,,,,,,,,,,,,,,,,,,,,,,,,,,,,,,
سبد کسرا,,,,,,,,,,,,,,,,,,,,,,,,,,,,,,,,,,,,,,,,,,,,,,,,
سبد کوروش,,,,,,,,,,,,,,,,,,,,,,,,,,,,,,,,,,,,,,,,,,,,,,,,
سبد گندم,,,,,,,,,,,,,,,,,,,,,,,,,,,,,,,,,,,,,,,,,,,,,,,,
سبدکاریزما,,,,,,,,,,,,,,,,,,,,,,,,,,,,,,,,,,,,,,,,,,,,,,,,
سبدگردان آرکا,,,,,,,,,,,,,,,,,,,,,,,,,,,,,,,,,,,,,,,,,,,,,,,,
سبز آبنوس,,,,,,,,,,,,,,,,,,,,,,,,,,,,,,,,,,,,,,,,,,,,,,,,
سبزآبنوس,,,,,,,,,,,,,,,,,,,,,,,,,,,,,,,,,,,,,,,,,,,,,,,,
سبزوا,,,,,,,,,,,,,,,,,,,,,,,,,,,,,,,,,,,,,,,,,,,,,,,,
سبزوا3,,,,,,,,,,,,,,,,,,,,,,,,,,,,,,,,,,,,,,,,,,,,,,,,
سبهان,0.0,2026-08-09 18:36:44.149365,5520.0,رد_نمره,,,,5.7,2026-08-09 15:06:44.146146,2026-08-09,186,0.0,203384973204.06668,1.4,0,6.523,,,0.21,7.8,,25906,34,471,5.65,"{""atr_14"": 467.0, ""symbol"": ""سبهان"", ""live_pe"": 14.4, ""risk_ok"": true, ""decision"": ""رد_نمره"", ""industry"": ""سيمان، آهك و گچ"", ""pe_ratio"": 2.22, ""raw_score"": 1.6, ""trend_20d"": ""flat"", ""rule_50_30"": ""رد"", ""final_score"": 1.6, ""score_macro"": 0.0, ""volume_spike"": 0.02, ""current_price"": 57119.0, ""liquidity_pct"": 5774761524.666667, ""position_size"": 0, ""adjusted_score"": 0.0, ""rank_in_market"": 471, ""score_feedstock"": 0.0, ""score_liquidity"": 5.0, ""score_technical"": 0.0, ""score_valuation"": 0.0, ""stop_loss_price"": 53121.0, ""nima_free_spread"": 6.523, ""percentile_score"": 7.8, ""price_change_pct"": 0.11, ""rank_in_industry"": 34, ""score_farabourse"": 0.0, ""score_fundamental"": 7.5, ""score_gov_support"": 0.0, ""institutional_ratio"": 0.0, ""score_institutional"": 0.0, ""negative_filters_count"": 0}",True,رد,0.0,0.0,7.5,5.0,7.5,0.0,5.0,10.0,0.0,0.0,0.0,0.0,1.6,20.0,0.0,1405-05-18,5134.0,سبهان,2026-09-08,1.1
سبهان3,,,,,,,,,,,,,,,,,,,,,,,,,,,,,,,,,,,,,,,,,,,,,,,,
ستاد مردمی رسیدگی به امور دیه و کمک به زندانیان نیازمند موسسه خیریه غی,,,,,,,,,,,,,,,,,,,,,,,,,,,,,,,,,,,,,,,,,,,,,,,,
ستاره,,,,,,,,,,,,,,,,,,,,,,,,,,,,,,,,,,,,,,,,,,,,,,,,
ستاره2,,,,,,,,,,,,,,,,,,,,,,,,,,,,,,,,,,,,,,,,,,,,,,,,
ستارگان صندوق,,,,,,,,,,,,,,,,,,,,,,,,,,,,,,,,,,,,,,,,,,,,,,,,
ستران,0.0,2026-08-09 18:36:44.149365,12250.0,رد_نمره,,,,5.7,2026-08-09 15:06:44.146146,2026-08-09,191,0.0,344357301738.6667,1.6,0,6.523,,,0.25,85.9,,11655,4,73,5.65,"{""atr_14"": 181.0, ""symbol"": ""ستران"", ""live_pe"": 1.8, ""risk_ok"": true, ""decision"": ""رد_نمره"", ""industry"": ""سيمان، آهك و گچ"", ""pe_ratio"": 0.28, ""raw_score"": 5.0, ""trend_20d"": ""up"", ""rule_50_30"": ""رد"", ""final_score"": 5.0, ""score_macro"": 10.0, ""volume_spike"": 0.95, ""current_price"": 13852.0, ""liquidity_pct"": 678568023.233333, ""position_size"": 0, ""adjusted_score"": 0.0, ""rank_in_market"": 73, ""score_feedstock"": 0.0, ""score_liquidity"": 5.0, ""score_technical"": 0.0, ""score_valuation"": 20.0, ""stop_loss_price"": 12882.0, ""nima_free_spread"": 6.523, ""percentile_score"": 85.9, ""price_change_pct"": -1.06, ""rank_in_industry"": 4, ""score_farabourse"": 0.0, ""score_fundamental"": 7.5, ""score_gov_support"": 0.0, ""institutional_ratio"": 0.0, ""score_institutional"": 0.0, ""negative_filters_count"": 0}",True,رد,0.0,0.0,7.5,5.0,7.5,0.0,5.0,10.0,0.0,0.0,0.0,0.0,5.0,20.0,20.0,1405-05-18,11392.0,ستران,2026-09-08,0.74
ستران3,,,,,,,,,,,,,,,,,,,,,,,,,,,,,,,,,,,,,,,,,,,,,,,,
ستپی ریز,,,,,,,,,,,,,,,,,,,,,,,,,,,,,,,,,,,,,,,,,,,,,,,,
سجام,,,,,,,,,,,,,,,,,,,,,,,,,,,,,,,,,,,,,,,,,,,,,,,,
سجام3,,,,,,,,,,,,,,,,,,,,,,,,,,,,,,,,,,,,,,,,,,,,,,,,
سحرخیز,,,,,,,,,,,,,,,,,,,,,,,,,,,,,,,,,,,,,,,,,,,,,,,,
سخاش,0.0,2026-08-09 18:36:44.149365,10940.0,رد_نمره,,,,5.7,2026-08-09 15:06:44.146146,2026-08-09,192,0.0,189790864910.66666,1.4,0,6.523,,,0.22,85.7,,13054,5,74,5.65,"{""atr_14"": 915.0, ""symbol"": ""سخاش"", ""live_pe"": 3.0, ""risk_ok"": true, ""decision"": ""رد_نمره"", ""industry"": ""سيمان، آهك و گچ"", ""pe_ratio"": 0.46, ""raw_score"": 5.0, ""trend_20d"": ""flat"", ""rule_50_30"": ""رد"", ""final_score"": 5.0, ""score_macro"": 10.0, ""volume_spike"": 0.19, ""current_price"": 23000.0, ""liquidity_pct"": 787690813.033333, ""position_size"": 0, ""adjusted_score"": 0.0, ""rank_in_market"": 74, ""score_feedstock"": 0.0, ""score_liquidity"": 5.0, ""score_technical"": 0.0, ""score_valuation"": 20.0, ""stop_loss_price"": 21170.0, ""nima_free_spread"": 6.523, ""percentile_score"": 85.7, ""price_change_pct"": 0.0, ""rank_in_industry"": 5, ""score_farabourse"": 0.0, ""score_fundamental"": 7.5, ""score_gov_support"": 0.0, ""institutional_ratio"": 0.0, ""score_institutional"": 0.0, ""negative_filters_count"": 0}",True,رد,0.0,0.0,7.5,5.0,7.5,0.0,5.0,10.0,0.0,0.0,0.0,0.0,5.0,20.0,20.0,1405-05-18,10174.0,سخاش,2026-09-08,1.94
سخاش2,,,,,,,,,,,,,,,,,,,,,,,,,,,,,,,,,,,,,,,,,,,,,,,,
سخاش3,,,,,,,,,,,,,,,,,,,,,,,,,,,,,,,,,,,,,,,,,,,,,,,,
سخرم,,,,,,,,,,,,,,,,,,,,,,,,,,,,,,,,,,,,,,,,,,,,,,,,
سخزر,0.0,2026-08-09 18:36:44.149365,4810.0,رد_نمره,,,,5.7,2026-08-09 15:06:44.146146,2026-08-09,193,0.0,202527161390.0,1.5,0,6.523,,,0.23,7.6,,29673,35,472,5.65,"{""atr_14"": 417.0, ""symbol"": ""سخزر"", ""live_pe"": 18.7, ""risk_ok"": true, ""decision"": ""رد_نمره"", ""industry"": ""سيمان، آهك و گچ"", ""pe_ratio"": 2.88, ""raw_score"": 1.6, ""trend_20d"": ""flat"", ""rule_50_30"": ""رد"", ""final_score"": 1.6, ""score_macro"": 0.0, ""volume_spike"": 1.06, ""current_price"": 61449.0, ""liquidity_pct"": 1271622676.166667, ""position_size"": 0, ""adjusted_score"": 0.0, ""rank_in_market"": 472, ""score_feedstock"": 0.0, ""score_liquidity"": 5.0, ""score_technical"": 0.0, ""score_valuation"": 0.0, ""stop_loss_price"": 57148.0, ""nima_free_spread"": 6.523, ""percentile_score"": 7.6, ""price_change_pct"": 0.0, ""rank_in_industry"": 35, ""score_farabourse"": 0.0, ""score_fundamental"": 7.5, ""score_gov_support"": 0.0, ""institutional_ratio"": 0.0, ""score_institutional"": 0.0, ""negative_filters_count"": 0}",True,رد,0.0,0.0,7.5,5.0,7.5,0.0,5.0,10.0,0.0,0.0,0.0,0.0,1.6,20.0,0.0,1405-05-18,4473.0,سخزر,2026-09-08,1.26
سخزر2,,,,,,,,,,,,,,,,,,,,,,,,,,,,,,,,,,,,,,,,,,,,,,,,
سخزر3,,,,,,,,,,,,,,,,,,,,,,,,,,,,,,,,,,,,,,,,,,,,,,,,
سخند,,,,,,,,,,,,,,,,,,,,,,,,,,,,,,,,,,,,,,,,,,,,,,,,
سخند4,,,,,,,,,,,,,,,,,,,,,,,,,,,,,,,,,,,,,,,,,,,,,,,,
سخواف,,,,,,,,,,,,,,,,,,,,,,,,,,,,,,,,,,,,,,,,,,,,,,,,
سخوز,0.0,2026-08-09 18:36:44.149365,92100.0,رد_نمره,,,,5.7,2026-08-09 15:06:44.146146,2026-08-09,194,0.0,407216595892.0,1.5,0,6.523,,,0.23,71.8,,1551,16,145,5.65,"{""atr_14"": 1000.0, ""symbol"": ""سخوز"", ""live_pe"": 0.0, ""risk_ok"": true, ""decision"": ""رد_نمره"", ""industry"": ""سيمان، آهك و گچ"", ""pe_ratio"": 0.0, ""raw_score"": 4.75, ""trend_20d"": ""flat"", ""rule_50_30"": ""رد"", ""final_score"": 4.8, ""score_macro"": 10.0, ""volume_spike"": 0.0, ""current_price"": 1000.0, ""liquidity_pct"": 0.0, ""position_size"": 0, ""adjusted_score"": 0.0, ""rank_in_market"": 145, ""score_feedstock"": 0.0, ""score_liquidity"": 0.0, ""score_technical"": 0.0, ""score_valuation"": 20.0, ""stop_loss_price"": -1000.0, ""nima_free_spread"": 6.523, ""percentile_score"": 71.8, ""price_change_pct"": 0.0, ""rank_in_industry"": 16, ""score_farabourse"": 0.0, ""score_fundamental"": 7.5, ""score_gov_support"": 0.0, ""institutional_ratio"": 0.0, ""score_institutional"": 0.0, ""negative_filters_count"": 0}",True,رد,0.0,0.0,7.5,5.0,7.5,0.0,0.0,10.0,0.0,0.0,0.0,0.0,4.8,20.0,20.0,1405-05-18,85653.0,سخوز,2026-09-08,0.79
سخوز3,,,,,,,,,,,,,,,,,,,,,,,,,,,,,,,,,,,,,,,,,,,,,,,,
سدبیر,,,,,,,,,,,,,,,,,,,,,,,,,,,,,,,,,,,,,,,,,,,,,,,,
سدبیر3,,,,,,,,,,,,,,,,,,,,,,,,,,,,,,,,,,,,,,,,,,,,,,,,
سدشت,0.0,2026-08-09 18:36:44.149365,33650.0,رد_نمره,,,,5.6,2026-08-09 15:06:44.146146,2026-08-09,195,0.0,16100880283.333334,3.0,0,6.523,,,0.46,85.5,,4244,6,75,5.6,"{""atr_14"": 60.0, ""symbol"": ""سدشت"", ""live_pe"": 0.2, ""risk_ok"": true, ""decision"": ""رد_نمره"", ""industry"": ""سيمان، آهك و گچ"", ""pe_ratio"": 0.03, ""raw_score"": 5.0, ""trend_20d"": ""flat"", ""rule_50_30"": ""رد"", ""final_score"": 5.0, ""score_macro"": 10.0, ""volume_spike"": 0.0, ""current_price"": 2409.0, ""liquidity_pct"": 6020798240.966666, ""position_size"": 0, ""adjusted_score"": 0.0, ""rank_in_market"": 75, ""score_feedstock"": 0.0, ""score_liquidity"": 5.0, ""score_technical"": 0.0, ""score_valuation"": 20.0, ""stop_loss_price"": 2240.0, ""nima_free_spread"": 6.523, ""percentile_score"": 85.5, ""price_change_pct"": 0.0, ""rank_in_industry"": 6, ""score_farabourse"": 0.0, ""score_fundamental"": 7.5, ""score_gov_support"": 0.0, ""institutional_ratio"": 0.0, ""score_institutional"": 0.0, ""negative_filters_count"": 0}",True,رد,0.0,0.0,7.5,0.0,7.5,0.0,5.0,10.0,0.0,0.0,0.0,7.5,5.0,20.0,20.0,1405-05-18,31294.0,سدشت,2026-09-08,2.32
سدشت3,,,,,,,,,,,,,,,,,,,,,,,,,,,,,,,,,,,,,,,,,,,,,,,,
سدور,0.0,2026-08-09 18:36:44.149365,16770.0,رد_نمره,,,,0.9,2026-08-09 15:06:44.146146,2026-08-09,196,0.0,73401896315.33333,419250.0,0,6.523,,,64500.0,1.6,,8517,37,503,0.9,"{""atr_14"": 1877.0, ""symbol"": ""سدور"", ""live_pe"": 893750.0, ""risk_ok"": true, ""decision"": ""رد_نمره"", ""industry"": ""سيمان، آهك و گچ"", ""pe_ratio"": 137500.0, ""raw_score"": 0.25, ""trend_20d"": ""down"", ""rule_50_30"": ""رد"", ""final_score"": 0.2, ""score_macro"": 0.0, ""volume_spike"": 0.16, ""current_price"": 35750.0, ""liquidity_pct"": 2206512149.3, ""position_size"": 0, ""adjusted_score"": 0.0, ""rank_in_market"": 503, ""score_feedstock"": 0.0, ""score_liquidity"": 5.0, ""score_technical"": 0.0, ""score_valuation"": 0.0, ""stop_loss_price"": 31997.0, ""nima_free_spread"": 6.523, ""percentile_score"": 1.6, ""price_change_pct"": 0.0, ""rank_in_industry"": 37, ""score_farabourse"": 0.0, ""score_fundamental"": 0.0, ""score_gov_support"": 0.0, ""institutional_ratio"": 0.0, ""score_institutional"": 0.0, ""negative_filters_count"": 0}",True,رد,0.0,0.0,0.0,5.0,0.0,0.0,5.0,0.0,0.0,0.0,0.0,0.0,0.2,0.0,0.0,1405-05-18,15596.0,سدور,2026-09-08,0.84
سدور3,,,,,,,,,,,,,,,,,,,,,,,,,,,,,,,,,,,,,,,,,,,,,,,,
سرآمد بازار,,,,,,,,,,,,,,,,,,,,,,,,,,,,,,,,,,,,,,,,,,,,,,,,
سرآمد ثابت,,,,,,,,,,,,,,,,,,,,,,,,,,,,,,,,,,,,,,,,,,,,,,,,
سرمایه گذاری سیاحتی زاگرس,,,,,,,,,,,,,,,,,,,,,,,,,,,,,,,,,,,,,,,,,,,,,,,,
سرمایه گذاری شهر,,,,,,,,,,,,,,,,,,,,,,,,,,,,,,,,,,,,,,,,,,,,,,,,
سرمایه گذاری فرادریایی نیک قشم,,,,,,,,,,,,,,,,,,,,,,,,,,,,,,,,,,,,,,,,,,,,,,,,
سرمایه گذاری مسکن البرز,,,,,,,,,,,,,,,,,,,,,,,,,,,,,,,,,,,,,,,,,,,,,,,,
سرمایه گذاری مسکن شمال,,,,,,,,,,,,,,,,,,,,,,,,,,,,,,,,,,,,,,,,,,,,,,,,
سرمایه گذاری و توسعه گل گهر,,,,,,,,,,,,,,,,,,,,,,,,,,,,,,,,,,,,,,,,,,,,,,,,
سرمایه گذاری گوهران امید قشم,,,,,,,,,,,,,,,,,,,,,,,,,,,,,,,,,,,,,,,,,,,,,,,,
سرو,,,,,,,,,,,,,,,,,,,,,,,,,,,,,,,,,,,,,,,,,,,,,,,,
سرو2,,,,,,,,,,,,,,,,,,,,,,,,,,,,,,,,,,,,,,,,,,,,,,,,
سرود,0.0,2026-08-09 18:36:44.149365,14060.0,رد_نمره,,,,5.7,2026-08-09 15:06:44.146146,2026-08-09,197,0.0,1041438429430.6666,1.5,0,6.523,,,0.22,85.3,,10162,7,76,5.65,"{""atr_14"": 1140.0, ""symbol"": ""سرود"", ""live_pe"": 2.6, ""risk_ok"": true, ""decision"": ""رد_نمره"", ""industry"": ""سيمان، آهك و گچ"", ""pe_ratio"": 0.4, ""raw_score"": 5.0, ""trend_20d"": ""flat"", ""rule_50_30"": ""رد"", ""final_score"": 5.0, ""score_macro"": 10.0, ""volume_spike"": 0.62, ""current_price"": 25500.0, ""liquidity_pct"": 598230965.2, ""position_size"": 0, ""adjusted_score"": 0.0, ""rank_in_market"": 76, ""score_feedstock"": 0.0, ""score_liquidity"": 5.0, ""score_technical"": 0.0, ""score_valuation"": 20.0, ""stop_loss_price"": 23221.0, ""nima_free_spread"": 6.523, ""percentile_score"": 85.3, ""price_change_pct"": 0.0, ""rank_in_industry"": 7, ""score_farabourse"": 0.0, ""score_fundamental"": 7.5, ""score_gov_support"": 0.0, ""institutional_ratio"": 0.0, ""score_institutional"": 0.0, ""negative_filters_count"": 0}",True,رد,0.0,0.0,7.5,5.0,7.5,0.0,5.0,10.0,0.0,0.0,0.0,0.0,5.0,20.0,20.0,1405-05-18,13076.0,سرود,2026-09-08,1.2
سرود2,,,,,,,,,,,,,,,,,,,,,,,,,,,,,,,,,,,,,,,,,,,,,,,,
سرود3,,,,,,,,,,,,,,,,,,,,,,,,,,,,,,,,,,,,,,,,,,,,,,,,
سروک آذر,,,,,,,,,,,,,,,,,,,,,,,,,,,,,,,,,,,,,,,,,,,,,,,,
سرچشمه,,,,,,,,,,,,,,,,,,,,,,,,,,,,,,,,,,,,,,,,,,,,,,,,
سرچشمه3,,,,,,,,,,,,,,,,,,,,,,,,,,,,,,,,,,,,,,,,,,,,,,,,
سزنجان,,,,,,,,,,,,,,,,,,,,,,,,,,,,,,,,,,,,,,,,,,,,,,,,
سشرق,0.0,2026-08-09 18:36:44.149365,18840.0,رد_نمره,,,,5.7,2026-08-09 15:06:44.146146,2026-08-09,198,0.0,551214797534.6666,1.5,0,6.523,,,0.24,85.1,,7656,8,77,5.65,"{""atr_14"": 259.0, ""symbol"": ""سشرق"", ""live_pe"": 0.5, ""risk_ok"": true, ""decision"": ""رد_نمره"", ""industry"": ""سيمان، آهك و گچ"", ""pe_ratio"": 0.08, ""raw_score"": 5.0, ""trend_20d"": ""up"", ""rule_50_30"": ""رد"", ""final_score"": 5.0, ""score_macro"": 10.0, ""volume_spike"": 0.14, ""current_price"": 6262.0, ""liquidity_pct"": 1156539728.6, ""position_size"": 0, ""adjusted_score"": 0.0, ""rank_in_market"": 77, ""score_feedstock"": 0.0, ""score_liquidity"": 5.0, ""score_technical"": 0.0, ""score_valuation"": 20.0, ""stop_loss_price"": 5744.0, ""nima_free_spread"": 6.523, ""percentile_score"": 85.1, ""price_change_pct"": 1.0, ""rank_in_industry"": 8, ""score_farabourse"": 0.0, ""score_fundamental"": 7.5, ""score_gov_support"": 0.0, ""institutional_ratio"": 0.0, ""score_institutional"": 0.0, ""negative_filters_count"": 0}",True,رد,0.0,0.0,7.5,5.0,7.5,0.0,5.0,10.0,0.0,0.0,0.0,0.0,5.0,20.0,20.0,1405-05-18,17534.0,سشرق,2026-09-08,0.87
سشرق3,,,,,,,,,,,,,,,,,,,,,,,,,,,,,,,,,,,,,,,,,,,,,,,,
سشمال,0.0,2026-08-09 18:36:44.149365,14010.0,رد_نمره,,,,5.7,2026-08-09 15:06:44.146146,2026-08-09,199,0.0,85406634944.0,1.5,0,6.523,,,0.23,84.9,,10193,9,78,5.65,"{""atr_14"": 82.0, ""symbol"": ""سشمال"", ""live_pe"": 3.2, ""risk_ok"": true, ""decision"": ""رد_نمره"", ""industry"": ""سيمان، آهك و گچ"", ""pe_ratio"": 0.49, ""raw_score"": 5.0, ""trend_20d"": ""flat"", ""rule_50_30"": ""رد"", ""final_score"": 5.0, ""score_macro"": 10.0, ""volume_spike"": 0.12, ""current_price"": 30518.0, ""liquidity_pct"": 141727470.7, ""position_size"": 0, ""adjusted_score"": 0.0, ""rank_in_market"": 78, ""score_feedstock"": 0.0, ""score_liquidity"": 5.0, ""score_technical"": 0.0, ""score_valuation"": 20.0, ""stop_loss_price"": 28382.0, ""nima_free_spread"": 6.523, ""percentile_score"": 84.9, ""price_change_pct"": 0.29, ""rank_in_industry"": 9, ""score_farabourse"": 0.0, ""score_fundamental"": 7.5, ""score_gov_support"": 0.0, ""institutional_ratio"": 0.0, ""score_institutional"": 0.0, ""negative_filters_count"": 0}",True,رد,0.0,0.0,7.5,5.0,7.5,0.0,5.0,10.0,0.0,0.0,0.0,0.0,5.0,20.0,20.0,1405-05-18,13029.0,سشمال,2026-09-08,0.57
سشمال2,,,,,,,,,,,,,,,,,,,,,,,,,,,,,,,,,,,,,,,,,,,,,,,,
سشمال3,,,,,,,,,,,,,,,,,,,,,,,,,,,,,,,,,,,,,,,,,,,,,,,,
سشمالح,,,,,,,,,,,,,,,,,,,,,,,,,,,,,,,,,,,,,,,,,,,,,,,,
سصفها,0.0,2026-08-09 18:36:44.149365,23450.0,رد_نمره,,,,5.7,2026-08-09 15:06:44.146146,2026-08-09,200,0.0,144173420932.66666,2.0,0,6.523,,,0.31,68.8,,6090,18,160,5.65,"{""atr_14"": 769.0, ""symbol"": ""سصفها"", ""live_pe"": 4.4, ""risk_ok"": true, ""decision"": ""رد_نمره"", ""industry"": ""سيمان، آهك و گچ"", ""pe_ratio"": 0.68, ""raw_score"": 4.2, ""trend_20d"": ""flat"", ""rule_50_30"": ""رد"", ""final_score"": 4.2, ""score_macro"": 0.0, ""volume_spike"": 0.02, ""current_price"": 50845.0, ""liquidity_pct"": 668556179.166667, ""position_size"": 0, ""adjusted_score"": 0.0, ""rank_in_market"": 160, ""score_feedstock"": 0.0, ""score_liquidity"": 5.0, ""score_technical"": 0.0, ""score_valuation"": 20.0, ""stop_loss_price"": 47286.0, ""nima_free_spread"": 6.523, ""percentile_score"": 68.8, ""price_change_pct"": -0.03, ""rank_in_industry"": 18, ""score_farabourse"": 0.0, ""score_fundamental"": 7.5, ""score_gov_support"": 0.0, ""institutional_ratio"": 0.0, ""score_institutional"": 0.0, ""negative_filters_count"": 0}",True,رد,0.0,0.0,7.5,5.0,7.5,0.0,5.0,10.0,0.0,0.0,0.0,0.0,4.2,20.0,20.0,1405-05-18,21808.0,سصفها,2026-09-08,0.95
سصفها3,,,,,,,,,,,,,,,,,,,,,,,,,,,,,,,,,,,,,,,,,,,,,,,,
سصوفی,0.0,2026-08-09 18:36:44.149365,0.0,رد_نمره,,,,2.6,2026-08-09 15:06:44.146146,2026-08-09,201,0.0,0.0,0.0,0,6.523,,,0.0,45.7,,0,22,278,2.6,"{""atr_14"": 0.0, ""symbol"": ""سصوفي"", ""live_pe"": 0.0, ""risk_ok"": true, ""decision"": ""رد_نمره"", ""industry"": ""سيمان، آهك و گچ"", ""pe_ratio"": 0.0, ""raw_score"": 2.6, ""trend_20d"": ""flat"", ""rule_50_30"": ""رد"", ""final_score"": 2.6, ""score_macro"": 0.0, ""volume_spike"": 0.0, ""current_price"": 0.0, ""liquidity_pct"": 0.0, ""position_size"": 0, ""adjusted_score"": 0.0, ""rank_in_market"": 278, ""score_feedstock"": 0.0, ""score_liquidity"": 0.0, ""score_technical"": 0.0, ""score_valuation"": 20.0, ""stop_loss_price"": 0, ""nima_free_spread"": 6.523, ""percentile_score"": 45.7, ""price_change_pct"": 0.0, ""rank_in_industry"": 22, ""score_farabourse"": 0.0, ""score_fundamental"": 0.0, ""score_gov_support"": 0.0, ""institutional_ratio"": 0.0, ""score_institutional"": 0.0, ""negative_filters_count"": 0}",True,رد,0.0,0.0,0.0,0.0,0.0,0.0,0.0,0.0,0.0,0.0,0.0,0.0,2.6,20.0,20.0,1405-05-18,0.0,سصوفي,2026-09-08,0.0
سصوفی2,,,,,,,,,,,,,,,,,,,,,,,,,,,,,,,,,,,,,,,,,,,,,,,,
سصوفی3,,,,,,,,,,,,,,,,,,,,,,,,,,,,,,,,,,,,,,,,,,,,,,,,
سغدیر,0.0,2026-08-09 18:36:44.149365,0.0,رد_نمره,,,,2.6,2026-08-09 15:06:44.146146,2026-08-09,202,0.0,0.0,0.0,0,6.523,,,0.0,45.5,,0,23,279,2.6,"{""atr_14"": 0.0, ""symbol"": ""سغدير"", ""live_pe"": 0.0, ""risk_ok"": true, ""decision"": ""رد_نمره"", ""industry"": ""سيمان، آهك و گچ"", ""pe_ratio"": 0.0, ""raw_score"": 2.6, ""trend_20d"": ""flat"", ""rule_50_30"": ""رد"", ""final_score"": 2.6, ""score_macro"": 0.0, ""volume_spike"": 0.0, ""current_price"": 0.0, ""liquidity_pct"": 0.0, ""position_size"": 0, ""adjusted_score"": 0.0, ""rank_in_market"": 279, ""score_feedstock"": 0.0, ""score_liquidity"": 0.0, ""score_technical"": 0.0, ""score_valuation"": 20.0, ""stop_loss_price"": 0, ""nima_free_spread"": 6.523, ""percentile_score"": 45.5, ""price_change_pct"": 0.0, ""rank_in_industry"": 23, ""score_farabourse"": 0.0, ""score_fundamental"": 0.0, ""score_gov_support"": 0.0, ""institutional_ratio"": 0.0, ""score_institutional"": 0.0, ""negative_filters_count"": 0}",True,رد,0.0,0.0,0.0,0.0,0.0,0.0,0.0,0.0,0.0,0.0,0.0,0.0,2.6,20.0,20.0,1405-05-18,0.0,سغدير,2026-09-08,0.0
سغدیر2,,,,,,,,,,,,,,,,,,,,,,,,,,,,,,,,,,,,,,,,,,,,,,,,
سغدیر3,,,,,,,,,,,,,,,,,,,,,,,,,,,,,,,,,,,,,,,,,,,,,,,,
سغرب,0.0,2026-08-09 18:36:44.149365,7460.0,رد_نمره,,,,5.7,2026-08-09 15:06:44.146146,2026-08-09,203,0.0,100097153417.33333,1.5,0,6.523,,,0.24,84.7,,19157,10,79,5.65,"{""atr_14"": 124.0, ""symbol"": ""سغرب"", ""live_pe"": 1.8, ""risk_ok"": true, ""decision"": ""رد_نمره"", ""industry"": ""سيمان، آهك و گچ"", ""pe_ratio"": 0.28, ""raw_score"": 5.0, ""trend_20d"": ""up"", ""rule_50_30"": ""رد"", ""final_score"": 5.0, ""score_macro"": 10.0, ""volume_spike"": 0.85, ""current_price"": 8811.0, ""liquidity_pct"": 477642911.2, ""position_size"": 0, ""adjusted_score"": 0.0, ""rank_in_market"": 79, ""score_feedstock"": 0.0, ""score_liquidity"": 5.0, ""score_technical"": 0.0, ""score_valuation"": 20.0, ""stop_loss_price"": 8194.0, ""nima_free_spread"": 6.523, ""percentile_score"": 84.7, ""price_change_pct"": -1.0, ""rank_in_industry"": 10, ""score_farabourse"": 0.0, ""score_fundamental"": 7.5, ""score_gov_support"": 0.0, ""institutional_ratio"": 0.0, ""score_institutional"": 0.0, ""negative_filters_count"": 0}",True,رد,0.0,0.0,7.5,5.0,7.5,0.0,5.0,10.0,0.0,0.0,0.0,0.0,5.0,20.0,20.0,1405-05-18,6938.0,سغرب,2026-09-08,1.88
سغرب3,,,,,,,,,,,,,,,,,,,,,,,,,,,,,,,,,,,,,,,,,,,,,,,,
سفار,0.0,2026-08-09 18:36:44.149365,0.0,رد_نمره,,,,4.8,2026-08-09 15:06:44.146146,2026-08-09,204,0.0,0.0,0.0,0,6.523,,,0.0,84.5,,0,11,80,4.75,"{""atr_14"": 0.0, ""symbol"": ""سفار"", ""live_pe"": 0.2, ""risk_ok"": true, ""decision"": ""رد_نمره"", ""industry"": ""سيمان، آهك و گچ"", ""pe_ratio"": 0.03, ""raw_score"": 5.0, ""trend_20d"": ""flat"", ""rule_50_30"": ""رد"", ""final_score"": 5.0, ""score_macro"": 10.0, ""volume_spike"": 1.01, ""current_price"": 13000.0, ""liquidity_pct"": 11346923.333333, ""position_size"": 0, ""adjusted_score"": 0.0, ""rank_in_market"": 80, ""score_feedstock"": 0.0, ""score_liquidity"": 5.0, ""score_technical"": 0.0, ""score_valuation"": 20.0, ""stop_loss_price"": 12090.0, ""nima_free_spread"": 6.523, ""percentile_score"": 84.5, ""price_change_pct"": 0.0, ""rank_in_industry"": 11, ""score_farabourse"": 0.0, ""score_fundamental"": 7.5, ""score_gov_support"": 0.0, ""institutional_ratio"": 0.0, ""score_institutional"": 0.0, ""negative_filters_count"": 0}",True,رد,0.0,0.0,7.5,0.0,7.5,0.0,5.0,10.0,0.0,0.0,0.0,0.0,5.0,20.0,20.0,1405-05-18,0.0,سفار,2026-09-08,0.0
سفار3,,,,,,,,,,,,,,,,,,,,,,,,,,,,,,,,,,,,,,,,,,,,,,,,
سفارس,0.0,2026-08-09 18:36:44.149365,25500.0,رد_نمره,,,,9.7,2026-08-09 15:06:44.146146,2026-08-09,205,0.0,879742888144.0,1.7,0,6.523,,,0.26,100.0,,5602,1,1,9.7,"{""atr_14"": 64.0, ""symbol"": ""سفارس"", ""live_pe"": 0.4, ""risk_ok"": true, ""decision"": ""رد_نمره"", ""industry"": ""سيمان، آهك و گچ"", ""pe_ratio"": 0.06, ""raw_score"": 10.25, ""trend_20d"": ""up"", ""rule_50_30"": ""رد"", ""final_score"": 10.2, ""score_macro"": 10.0, ""volume_spike"": 4.31, ""current_price"": 6259.0, ""liquidity_pct"": 211080338.2, ""position_size"": 0, ""adjusted_score"": 0.2, ""rank_in_market"": 1, ""score_feedstock"": 0.0, ""score_liquidity"": 5.0, ""score_technical"": 15.0, ""score_valuation"": 20.0, ""stop_loss_price"": 5821.0, ""nima_free_spread"": 6.523, ""percentile_score"": 100.0, ""price_change_pct"": 0.5, ""rank_in_industry"": 1, ""score_farabourse"": 0.0, ""score_fundamental"": 30.0, ""score_gov_support"": 0.0, ""institutional_ratio"": 0.0, ""score_institutional"": 0.0, ""negative_filters_count"": 0}",True,رد,0.0,0.0,30.0,5.0,30.0,0.0,5.0,10.0,15.0,0.0,0.0,0.0,10.2,20.0,20.0,1405-05-18,23715.0,سفارس,2026-09-08,0.66
سفارس2,,,,,,,,,,,,,,,,,,,,,,,,,,,,,,,,,,,,,,,,,,,,,,,,
سفارس3,,,,,,,,,,,,,,,,,,,,,,,,,,,,,,,,,,,,,,,,,,,,,,,,
سفارود,0.0,2026-08-09 18:36:44.149365,0.0,رد_نمره,,,,4.0,2026-08-09 15:06:44.146146,2026-08-09,206,0.0,0.0,0.0,0,6.523,,,0.0,7.5,,0,20,473,3.95,"{""atr_14"": 122.0, ""symbol"": ""سفارود"", ""live_pe"": 18325.0, ""risk_ok"": true, ""decision"": ""رد_نمره"", ""industry"": ""ساير محصولات كاني غيرفلزي"", ""pe_ratio"": 2819.23, ""raw_score"": 1.6, ""trend_20d"": ""up"", ""rule_50_30"": ""رد"", ""final_score"": 1.6, ""score_macro"": 0.0, ""volume_spike"": 1.97, ""current_price"": 733.0, ""liquidity_pct"": 743153405.433333, ""position_size"": 0, ""adjusted_score"": 0.0, ""rank_in_market"": 473, ""score_feedstock"": 0.0, ""score_liquidity"": 5.0, ""score_technical"": 0.0, ""score_valuation"": 0.0, ""stop_loss_price"": 490.0, ""nima_free_spread"": 6.523, ""percentile_score"": 7.5, ""price_change_pct"": 6.97, ""rank_in_industry"": 20, ""score_farabourse"": 0.0, ""score_fundamental"": 7.5, ""score_gov_support"": 0.0, ""institutional_ratio"": 0.0, ""score_institutional"": 0.0, ""negative_filters_count"": 0}",True,رد,0.0,0.0,7.5,0.0,7.5,0.0,5.0,0.0,0.0,0.0,0.0,0.0,1.6,20.0,0.0,1405-05-18,0.0,سفارود,2026-09-08,0.0
سفاسيت,0.0,2026-08-09 18:36:44.149365,0.0,رد_نمره,,,,2.6,2026-08-09 15:06:44.146146,2026-08-09,207,0.0,0.0,0.0,0,6.523,,,0.0,45.3,,0,4,280,2.6,"{""atr_14"": 0.0, ""symbol"": ""سفاسيت"", ""live_pe"": 0.0, ""risk_ok"": true, ""decision"": ""رد_نمره"", ""industry"": ""ساير محصولات كاني غيرفلزي"", ""pe_ratio"": 0.0, ""raw_score"": 2.6, ""trend_20d"": ""flat"", ""rule_50_30"": ""رد"", ""final_score"": 2.6, ""score_macro"": 0.0, ""volume_spike"": 0.0, ""current_price"": 0.0, ""liquidity_pct"": 0.0, ""position_size"": 0, ""adjusted_score"": 0.0, ""rank_in_market"": 280, ""score_feedstock"": 0.0, ""score_liquidity"": 0.0, ""score_technical"": 0.0, ""score_valuation"": 20.0, ""stop_loss_price"": 0, ""nima_free_spread"": 6.523, ""percentile_score"": 45.3, ""price_change_pct"": 0.0, ""rank_in_industry"": 4, ""score_farabourse"": 0.0, ""score_fundamental"": 0.0, ""score_gov_support"": 0.0, ""institutional_ratio"": 0.0, ""score_institutional"": 0.0, ""negative_filters_count"": 0}",True,رد,0.0,0.0,0.0,0.0,0.0,0.0,0.0,0.0,0.0,0.0,0.0,0.0,2.6,20.0,20.0,1405-05-18,0.0,سفاسيت,2026-09-08,0.0
سفاسی,,,,,,,,,,,,,,,,,,,,,,,,,,,,,,,,,,,,,,,,,,,,,,,,
سفانو,0.0,2026-08-09 18:36:44.149365,0.0,رد_نمره,,,,4.8,2026-08-09 15:06:44.146146,2026-08-09,208,0.0,0.0,0.0,0,6.523,,,0.0,84.3,,0,12,81,4.75,"{""atr_14"": 80.0, ""symbol"": ""سفانو"", ""live_pe"": 0.1, ""risk_ok"": true, ""decision"": ""رد_نمره"", ""industry"": ""سيمان، آهك و گچ"", ""pe_ratio"": 0.01, ""raw_score"": 5.0, ""trend_20d"": ""up"", ""rule_50_30"": ""رد"", ""final_score"": 5.0, ""score_macro"": 10.0, ""volume_spike"": 0.09, ""current_price"": 2615.0, ""liquidity_pct"": 3604093972.0, ""position_size"": 0, ""adjusted_score"": 0.0, ""rank_in_market"": 81, ""score_feedstock"": 0.0, ""score_liquidity"": 5.0, ""score_technical"": 0.0, ""score_valuation"": 20.0, ""stop_loss_price"": 2432.0, ""nima_free_spread"": 6.523, ""percentile_score"": 84.3, ""price_change_pct"": -0.88, ""rank_in_industry"": 12, ""score_farabourse"": 0.0, ""score_fundamental"": 7.5, ""score_gov_support"": 0.0, ""institutional_ratio"": 0.0, ""score_institutional"": 0.0, ""negative_filters_count"": 0}",True,رد,0.0,0.0,7.5,0.0,7.5,0.0,5.0,10.0,0.0,0.0,0.0,0.0,5.0,20.0,20.0,1405-05-18,0.0,سفانو,2026-09-08,0.0
سفانو2,,,,,,,,,,,,,,,,,,,,,,,,,,,,,,,,,,,,,,,,,,,,,,,,
سفانو3,,,,,,,,,,,,,,,,,,,,,,,,,,,,,,,,,,,,,,,,,,,,,,,,
سفید,,,,,,,,,,,,,,,,,,,,,,,,,,,,,,,,,,,,,,,,,,,,,,,,
سفیروزکوه,,,,,,,,,,,,,,,,,,,,,,,,,,,,,,,,,,,,,,,,,,,,,,,,
سقاین,0.0,2026-08-09 18:36:44.149365,0.0,رد_نمره,,,,2.6,2026-08-09 15:06:44.146146,2026-08-09,209,0.0,0.0,0.0,0,6.523,,,0.0,45.1,,0,24,281,2.6,"{""atr_14"": 0.0, ""symbol"": ""سقاين"", ""live_pe"": 0.0, ""risk_ok"": true, ""decision"": ""رد_نمره"", ""industry"": ""سيمان، آهك و گچ"", ""pe_ratio"": 0.0, ""raw_score"": 2.6, ""trend_20d"": ""flat"", ""rule_50_30"": ""رد"", ""final_score"": 2.6, ""score_macro"": 0.0, ""volume_spike"": 0.0, ""current_price"": 0.0, ""liquidity_pct"": 0.0, ""position_size"": 0, ""adjusted_score"": 0.0, ""rank_in_market"": 281, ""score_feedstock"": 0.0, ""score_liquidity"": 0.0, ""score_technical"": 0.0, ""score_valuation"": 20.0, ""stop_loss_price"": 0, ""nima_free_spread"": 6.523, ""percentile_score"": 45.1, ""price_change_pct"": 0.0, ""rank_in_industry"": 24, ""score_farabourse"": 0.0, ""score_fundamental"": 0.0, ""score_gov_support"": 0.0, ""institutional_ratio"": 0.0, ""score_institutional"": 0.0, ""negative_filters_count"": 0}",True,رد,0.0,0.0,0.0,0.0,0.0,0.0,0.0,0.0,0.0,0.0,0.0,0.0,2.6,20.0,20.0,1405-05-18,0.0,سقاين,2026-09-08,0.0
سقاین3,,,,,,,,,,,,,,,,,,,,,,,,,,,,,,,,,,,,,,,,,,,,,,,,
سلار,,,,,,,,,,,,,,,,,,,,,,,,,,,,,,,,,,,,,,,,,,,,,,,,
سلام,,,,,,,,,,,,,,,,,,,,,,,,,,,,,,,,,,,,,,,,,,,,,,,,
سلامت تامین,,,,,,,,,,,,,,,,,,,,,,,,,,,,,,,,,,,,,,,,,,,,,,,,
سلیم,,,,,,,,,,,,,,,,,,,,,,,,,,,,,,,,,,,,,,,,,,,,,,,,
سلیم3,,,,,,,,,,,,,,,,,,,,,,,,,,,,,,,,,,,,,,,,,,,,,,,,
سلیمان,,,,,,,,,,,,,,,,,,,,,,,,,,,,,,,,,,,,,,,,,,,,,,,,
سمازن,0.0,2026-08-09 18:36:44.149365,59060.0,رد_نمره,,,,5.7,2026-08-09 15:06:44.146146,2026-08-09,213,0.0,574564861317.3334,1.3,0,6.523,,,0.19,84.1,,2418,13,82,5.65,"{""atr_14"": 1216.0, ""symbol"": ""سمازن"", ""live_pe"": 0.8, ""risk_ok"": true, ""decision"": ""رد_نمره"", ""industry"": ""سيمان، آهك و گچ"", ""pe_ratio"": 0.12, ""raw_score"": 5.0, ""trend_20d"": ""up"", ""rule_50_30"": ""رد"", ""final_score"": 5.0, ""score_macro"": 10.0, ""volume_spike"": 0.68, ""current_price"": 38300.0, ""liquidity_pct"": 44655249.0, ""position_size"": 0, ""adjusted_score"": 0.0, ""rank_in_market"": 82, ""score_feedstock"": 0.0, ""score_liquidity"": 5.0, ""score_technical"": 0.0, ""score_valuation"": 20.0, ""stop_loss_price"": 35619.0, ""nima_free_spread"": 6.523, ""percentile_score"": 84.1, ""price_change_pct"": 0.27, ""rank_in_industry"": 13, ""score_farabourse"": 0.0, ""score_fundamental"": 7.5, ""score_gov_support"": 0.0, ""institutional_ratio"": 0.0, ""score_institutional"": 0.0, ""negative_filters_count"": 0}",True,رد,0.0,0.0,7.5,5.0,7.5,0.0,5.0,10.0,0.0,0.0,0.0,0.0,5.0,20.0,20.0,1405-05-18,54926.0,سمازن,2026-09-08,1.03
سمازن2,,,,,,,,,,,,,,,,,,,,,,,,,,,,,,,,,,,,,,,,,,,,,,,,
سمازن3,,,,,,,,,,,,,,,,,,,,,,,,,,,,,,,,,,,,,,,,,,,,,,,,
سمان,,,,,,,,,,,,,,,,,,,,,,,,,,,,,,,,,,,,,,,,,,,,,,,,
سمایه,,,,,,,,,,,,,,,,,,,,,,,,,,,,,,,,,,,,,,,,,,,,,,,,
سمتاز,,,,,,,,,,,,,,,,,,,,,,,,,,,,,,,,,,,,,,,,,,,,,,,,
سمتاز3,,,,,,,,,,,,,,,,,,,,,,,,,,,,,,,,,,,,,,,,,,,,,,,,
سمرکزی,,,,,,,,,,,,,,,,,,,,,,,,,,,,,,,,,,,,,,,,,,,,,,,,
سمنتوداریوش,,,,,,,,,,,,,,,,,,,,,,,,,,,,,,,,,,,,,,,,,,,,,,,,
سمنگان بار باستان سیرجان,,,,,,,,,,,,,,,,,,,,,,,,,,,,,,,,,,,,,,,,,,,,,,,,
سمهریز,,,,,,,,,,,,,,,,,,,,,,,,,,,,,,,,,,,,,,,,,,,,,,,,
سمهریز3,,,,,,,,,,,,,,,,,,,,,,,,,,,,,,,,,,,,,,,,,,,,,,,,
سمگا,,,,,,,,,,,,,,,,,,,,,,,,,,,,,,,,,,,,,,,,,,,,,,,,
سمگا2,,,,,,,,,,,,,,,,,,,,,,,,,,,,,,,,,,,,,,,,,,,,,,,,
سمگا3,,,,,,,,,,,,,,,,,,,,,,,,,,,,,,,,,,,,,,,,,,,,,,,,
سنان شیمی سایپا,,,,,,,,,,,,,,,,,,,,,,,,,,,,,,,,,,,,,,,,,,,,,,,,
سناوند,,,,,,,,,,,,,,,,,,,,,,,,,,,,,,,,,,,,,,,,,,,,,,,,
سنوین,,,,,,,,,,,,,,,,,,,,,,,,,,,,,,,,,,,,,,,,,,,,,,,,
سنیر,0.0,2026-08-09 18:36:44.149365,0.0,رد_نمره,,,,2.6,2026-08-09 15:06:44.146146,2026-08-09,214,0.0,0.0,0.0,0,6.523,,,0.0,44.3,,0,28,285,2.6,"{""atr_14"": 0.0, ""symbol"": ""سنير"", ""live_pe"": 0.0, ""risk_ok"": true, ""decision"": ""رد_نمره"", ""industry"": ""سيمان، آهك و گچ"", ""pe_ratio"": 0.0, ""raw_score"": 2.6, ""trend_20d"": ""flat"", ""rule_50_30"": ""رد"", ""final_score"": 2.6, ""score_macro"": 0.0, ""volume_spike"": 0.0, ""current_price"": 0.0, ""liquidity_pct"": 0.0, ""position_size"": 0, ""adjusted_score"": 0.0, ""rank_in_market"": 285, ""score_feedstock"": 0.0, ""score_liquidity"": 0.0, ""score_technical"": 0.0, ""score_valuation"": 20.0, ""stop_loss_price"": 0, ""nima_free_spread"": 6.523, ""percentile_score"": 44.3, ""price_change_pct"": 0.0, ""rank_in_industry"": 28, ""score_farabourse"": 0.0, ""score_fundamental"": 0.0, ""score_gov_support"": 0.0, ""institutional_ratio"": 0.0, ""score_institutional"": 0.0, ""negative_filters_count"": 0}",True,رد,0.0,0.0,0.0,0.0,0.0,0.0,0.0,0.0,0.0,0.0,0.0,0.0,2.6,20.0,20.0,1405-05-18,0.0,سنير,2026-09-08,0.0
سنیر3,,,,,,,,,,,,,,,,,,,,,,,,,,,,,,,,,,,,,,,,,,,,,,,,
سها,,,,,,,,,,,,,,,,,,,,,,,,,,,,,,,,,,,,,,,,,,,,,,,,
سهامدار,,,,,,,,,,,,,,,,,,,,,,,,,,,,,,,,,,,,,,,,,,,,,,,,
سهامدار2,,,,,,,,,,,,,,,,,,,,,,,,,,,,,,,,,,,,,,,,,,,,,,,,
سهرمز,0.0,2026-08-09 18:36:44.149365,21710.0,رد_نمره,,,,4.9,2026-08-09 15:06:44.146146,2026-08-09,215,0.0,89898230771.33333,4.7,0,6.523,,,0.73,68.6,,6578,19,161,4.85,"{""atr_14"": 128.0, ""symbol"": ""سهرمز"", ""live_pe"": 5.5, ""risk_ok"": true, ""decision"": ""رد_نمره"", ""industry"": ""سيمان، آهك و گچ"", ""pe_ratio"": 0.85, ""raw_score"": 4.2, ""trend_20d"": ""flat"", ""rule_50_30"": ""رد"", ""final_score"": 4.2, ""score_macro"": 0.0, ""volume_spike"": 0.02, ""current_price"": 25126.0, ""liquidity_pct"": 973018812.633333, ""position_size"": 0, ""adjusted_score"": 0.0, ""rank_in_market"": 161, ""score_feedstock"": 0.0, ""score_liquidity"": 5.0, ""score_technical"": 0.0, ""score_valuation"": 20.0, ""stop_loss_price"": 23367.0, ""nima_free_spread"": 6.523, ""percentile_score"": 68.6, ""price_change_pct"": 0.17, ""rank_in_industry"": 19, ""score_farabourse"": 0.0, ""score_fundamental"": 7.5, ""score_gov_support"": 0.0, ""institutional_ratio"": 0.0, ""score_institutional"": 0.0, ""negative_filters_count"": 0}",True,رد,0.0,0.0,7.5,5.0,7.5,0.0,5.0,0.0,0.0,0.0,0.0,0.0,4.2,20.0,20.0,1405-05-18,20190.0,سهرمز,2026-09-08,0.58
سهرمز2,,,,,,,,,,,,,,,,,,,,,,,,,,,,,,,,,,,,,,,,,,,,,,,,
سهرمز3,,,,,,,,,,,,,,,,,,,,,,,,,,,,,,,,,,,,,,,,,,,,,,,,
سهشتم,,,,,,,,,,,,,,,,,,,,,,,,,,,,,,,,,,,,,,,,,,,,,,,,
سهم آشنا سهام,,,,,,,,,,,,,,,,,,,,,,,,,,,,,,,,,,,,,,,,,,,,,,,,
سهم آشنا یکم بازار,,,,,,,,,,,,,,,,,,,,,,,,,,,,,,,,,,,,,,,,,,,,,,,,
سهند بازار,,,,,,,,,,,,,,,,,,,,,,,,,,,,,,,,,,,,,,,,,,,,,,,,
سهگمت,0.0,2026-08-09 18:36:44.149365,142600.0,رد_نمره,,,,5.7,2026-08-09 15:06:44.146146,2026-08-09,216,0.0,476576586876.6667,1.3,0,6.523,,,0.2,83.9,,1001,14,83,5.65,"{""atr_14"": 654.0, ""symbol"": ""سهگمت"", ""live_pe"": 0.2, ""risk_ok"": true, ""decision"": ""رد_نمره"", ""industry"": ""سيمان، آهك و گچ"", ""pe_ratio"": 0.03, ""raw_score"": 5.0, ""trend_20d"": ""flat"", ""rule_50_30"": ""رد"", ""final_score"": 5.0, ""score_macro"": 10.0, ""volume_spike"": 0.22, ""current_price"": 19698.0, ""liquidity_pct"": 2297376008.266667, ""position_size"": 0, ""adjusted_score"": 0.0, ""rank_in_market"": 83, ""score_feedstock"": 0.0, ""score_liquidity"": 5.0, ""score_technical"": 0.0, ""score_valuation"": 20.0, ""stop_loss_price"": 18319.0, ""nima_free_spread"": 6.523, ""percentile_score"": 83.9, ""price_change_pct"": -0.5, ""rank_in_industry"": 14, ""score_farabourse"": 0.0, ""score_fundamental"": 7.5, ""score_gov_support"": 0.0, ""institutional_ratio"": 0.0, ""score_institutional"": 0.0, ""negative_filters_count"": 0}",True,رد,0.0,0.0,7.5,5.0,7.5,0.0,5.0,10.0,0.0,0.0,0.0,0.0,5.0,20.0,20.0,1405-05-18,132618.0,سهگمت,2026-09-08,1.23
سهگمت3,,,,,,,,,,,,,,,,,,,,,,,,,,,,,,,,,,,,,,,,,,,,,,,,
سودآفرین بازار,,,,,,,,,,,,,,,,,,,,,,,,,,,,,,,,,,,,,,,,,,,,,,,,
سورنا بازار,,,,,,,,,,,,,,,,,,,,,,,,,,,,,,,,,,,,,,,,,,,,,,,,
سورنا ثابت,,,,,,,,,,,,,,,,,,,,,,,,,,,,,,,,,,,,,,,,,,,,,,,,
سورنافود,,,,,,,,,,,,,,,,,,,,,,,,,,,,,,,,,,,,,,,,,,,,,,,,
سورین بازار,,,,,,,,,,,,,,,,,,,,,,,,,,,,,,,,,,,,,,,,,,,,,,,,
سولار,,,,,,,,,,,,,,,,,,,,,,,,,,,,,,,,,,,,,,,,,,,,,,,,
سولار4,,,,,,,,,,,,,,,,,,,,,,,,,,,,,,,,,,,,,,,,,,,,,,,,
سينا,0.0,2026-08-09 18:36:44.149365,0.0,رد_نمره,,,,2.6,2026-08-09 15:06:44.146146,2026-08-09,223,0.0,0.0,0.0,0,6.523,,,0.0,43.1,,0,4,291,2.6,"{""atr_14"": 0.0, ""symbol"": ""سينا"", ""live_pe"": 0.0, ""risk_ok"": true, ""decision"": ""رد_نمره"", ""industry"": ""شرکتهاي چند رشته اي صنعتي"", ""pe_ratio"": 0.0, ""raw_score"": 2.6, ""trend_20d"": ""flat"", ""rule_50_30"": ""رد"", ""final_score"": 2.6, ""score_macro"": 0.0, ""volume_spike"": 0.0, ""current_price"": 0.0, ""liquidity_pct"": 0.0, ""position_size"": 0, ""adjusted_score"": 0.0, ""rank_in_market"": 291, ""score_feedstock"": 0.0, ""score_liquidity"": 0.0, ""score_technical"": 0.0, ""score_valuation"": 20.0, ""stop_loss_price"": 0, ""nima_free_spread"": 6.523, ""percentile_score"": 43.1, ""price_change_pct"": 0.0, ""rank_in_industry"": 4, ""score_farabourse"": 0.0, ""score_fundamental"": 0.0, ""score_gov_support"": 0.0, ""institutional_ratio"": 0.0, ""score_institutional"": 0.0, ""negative_filters_count"": 0}",True,رد,0.0,0.0,0.0,0.0,0.0,0.0,0.0,0.0,0.0,0.0,0.0,0.0,2.6,20.0,20.0,1405-05-18,0.0,سينا,2026-09-08,0.0
سپ,0.0,2026-08-09 18:36:44.149365,0.0,رد_نمره,,,,4.8,2026-08-09 15:06:44.146146,2026-08-09,187,0.0,0.0,0.0,0,6.523,,,0.0,73.9,,0,3,134,4.75,"{""atr_14"": 848.0, ""symbol"": ""سپ"", ""live_pe"": 3.6, ""risk_ok"": true, ""decision"": ""رد_نمره"", ""industry"": ""رايانه و فعاليت‌هاي وابسته به آن"", ""pe_ratio"": 0.56, ""raw_score"": 4.85, ""trend_20d"": ""up"", ""rule_50_30"": ""رد"", ""final_score"": 4.9, ""score_macro"": 0.0, ""volume_spike"": 0.88, ""current_price"": 9599.0, ""liquidity_pct"": 121631579754.53334, ""position_size"": 0, ""adjusted_score"": 0.0, ""rank_in_market"": 134, ""score_feedstock"": 0.0, ""score_liquidity"": 5.0, ""score_technical"": 0.0, ""score_valuation"": 20.0, ""stop_loss_price"": 7903.0, ""nima_free_spread"": 6.523, ""percentile_score"": 73.9, ""price_change_pct"": -2.26, ""rank_in_industry"": 3, ""score_farabourse"": 0.0, ""score_fundamental"": 7.5, ""score_gov_support"": 5.0, ""institutional_ratio"": 0.0, ""score_institutional"": 0.0, ""negative_filters_count"": 0}",True,رد,0.0,0.0,7.5,0.0,7.5,0.0,5.0,10.0,0.0,0.0,5.0,0.0,4.9,20.0,20.0,1405-05-18,0.0,سپ,2026-09-08,0.0
سپ3,,,,,,,,,,,,,,,,,,,,,,,,,,,,,,,,,,,,,,,,,,,,,,,,
سپاها,0.0,2026-08-09 18:36:44.149365,16480.0,رد_نمره,,,,5.7,2026-08-09 15:06:44.146146,2026-08-09,188,0.0,608748204644.0,1.7,0,6.523,,,0.26,69.0,,8741,17,159,5.65,"{""atr_14"": 200.0, ""symbol"": ""سپاها"", ""live_pe"": 4.7, ""risk_ok"": true, ""decision"": ""رد_نمره"", ""industry"": ""سيمان، آهك و گچ"", ""pe_ratio"": 0.72, ""raw_score"": 4.2, ""trend_20d"": ""flat"", ""rule_50_30"": ""رد"", ""final_score"": 4.2, ""score_macro"": 0.0, ""volume_spike"": 0.12, ""current_price"": 45431.0, ""liquidity_pct"": 263438255.6, ""position_size"": 0, ""adjusted_score"": 0.0, ""rank_in_market"": 159, ""score_feedstock"": 0.0, ""score_liquidity"": 5.0, ""score_technical"": 0.0, ""score_valuation"": 20.0, ""stop_loss_price"": 42251.0, ""nima_free_spread"": 6.523, ""percentile_score"": 69.0, ""price_change_pct"": 1.0, ""rank_in_industry"": 17, ""score_farabourse"": 0.0, ""score_fundamental"": 7.5, ""score_gov_support"": 0.0, ""institutional_ratio"": 0.0, ""score_institutional"": 0.0, ""negative_filters_count"": 0}",True,رد,0.0,0.0,7.5,5.0,7.5,0.0,5.0,10.0,0.0,0.0,0.0,0.0,4.2,20.0,20.0,1405-05-18,15336.0,سپاها,2026-09-08,0.6
سپاها3,,,,,,,,,,,,,,,,,,,,,,,,,,,,,,,,,,,,,,,,,,,,,,,,
سپر,,,,,,,,,,,,,,,,,,,,,,,,,,,,,,,,,,,,,,,,,,,,,,,,
سپر2,,,,,,,,,,,,,,,,,,,,,,,,,,,,,,,,,,,,,,,,,,,,,,,,
سپر4,,,,,,,,,,,,,,,,,,,,,,,,,,,,,,,,,,,,,,,,,,,,,,,,
سپرده,,,,,,,,,,,,,,,,,,,,,,,,,,,,,,,,,,,,,,,,,,,,,,,,
سپرمي,0.0,2026-08-09 18:36:44.149365,0.0,رد_نمره,,,,2.6,2026-08-09 15:06:44.146146,2026-08-09,189,0.0,0.0,0.0,0,6.523,,,0.0,46.1,,0,3,276,2.6,"{""atr_14"": 0.0, ""symbol"": ""سپرمي"", ""live_pe"": 0.0, ""risk_ok"": true, ""decision"": ""رد_نمره"", ""industry"": ""ساير محصولات كاني غيرفلزي"", ""pe_ratio"": 0.0, ""raw_score"": 2.6, ""trend_20d"": ""flat"", ""rule_50_30"": ""رد"", ""final_score"": 2.6, ""score_macro"": 0.0, ""volume_spike"": 0.0, ""current_price"": 0.0, ""liquidity_pct"": 0.0, ""position_size"": 0, ""adjusted_score"": 0.0, ""rank_in_market"": 276, ""score_feedstock"": 0.0, ""score_liquidity"": 0.0, ""score_technical"": 0.0, ""score_valuation"": 20.0, ""stop_loss_price"": 0, ""nima_free_spread"": 6.523, ""percentile_score"": 46.1, ""price_change_pct"": 0.0, ""rank_in_industry"": 3, ""score_farabourse"": 0.0, ""score_fundamental"": 0.0, ""score_gov_support"": 0.0, ""institutional_ratio"": 0.0, ""score_institutional"": 0.0, ""negative_filters_count"": 0}",True,رد,0.0,0.0,0.0,0.0,0.0,0.0,0.0,0.0,0.0,0.0,0.0,0.0,2.6,20.0,20.0,1405-05-18,0.0,سپرمي,2026-09-08,0.0
سپنتارود,,,,,,,,,,,,,,,,,,,,,,,,,,,,,,,,,,,,,,,,,,,,,,,,
سپه ساختمان امید,,,,,,,,,,,,,,,,,,,,,,,,,,,,,,,,,,,,,,,,,,,,,,,,
سپه ساختمان خراسان,,,,,,,,,,,,,,,,,,,,,,,,,,,,,,,,,,,,,,,,,,,,,,,,
سپهر,,,,,,,,,,,,,,,,,,,,,,,,,,,,,,,,,,,,,,,,,,,,,,,,
سپهر بازار,,,,,,,,,,,,,,,,,,,,,,,,,,,,,,,,,,,,,,,,,,,,,,,,
سپهر ثابت,,,,,,,,,,,,,,,,,,,,,,,,,,,,,,,,,,,,,,,,,,,,,,,,
سپهر سهام,,,,,,,,,,,,,,,,,,,,,,,,,,,,,,,,,,,,,,,,,,,,,,,,
سپید,0.0,2026-08-09 18:36:44.149365,0.0,رد_نمره,,,,2.6,2026-08-09 15:06:44.146146,2026-08-09,190,0.0,0.0,0.0,0,6.523,,,0.0,45.9,,0,4,277,2.6,"{""atr_14"": 0.0, ""symbol"": ""سپيد"", ""live_pe"": 0.0, ""risk_ok"": true, ""decision"": ""رد_نمره"", ""industry"": ""زراعت و خدمات وابسته"", ""pe_ratio"": 0.0, ""raw_score"": 2.6, ""trend_20d"": ""flat"", ""rule_50_30"": ""رد"", ""final_score"": 2.6, ""score_macro"": 0.0, ""volume_spike"": 0.0, ""current_price"": 0.0, ""liquidity_pct"": 0.0, ""position_size"": 0, ""adjusted_score"": 0.0, ""rank_in_market"": 277, ""score_feedstock"": 0.0, ""score_liquidity"": 0.0, ""score_technical"": 0.0, ""score_valuation"": 20.0, ""stop_loss_price"": 0, ""nima_free_spread"": 6.523, ""percentile_score"": 45.9, ""price_change_pct"": 0.0, ""rank_in_industry"": 4, ""score_farabourse"": 0.0, ""score_fundamental"": 0.0, ""score_gov_support"": 0.0, ""institutional_ratio"": 0.0, ""score_institutional"": 0.0, ""negative_filters_count"": 0}",True,رد,0.0,0.0,0.0,0.0,0.0,0.0,0.0,0.0,0.0,0.0,0.0,0.0,2.6,20.0,20.0,1405-05-18,0.0,سپيد,2026-09-08,0.0
سپید2,,,,,,,,,,,,,,,,,,,,,,,,,,,,,,,,,,,,,,,,,,,,,,,,
سپید3,,,,,,,,,,,,,,,,,,,,,,,,,,,,,,,,,,,,,,,,,,,,,,,,
سپیدار,,,,,,,,,,,,,,,,,,,,,,,,,,,,,,,,,,,,,,,,,,,,,,,,
سپیدار3,,,,,,,,,,,,,,,,,,,,,,,,,,,,,,,,,,,,,,,,,,,,,,,,
سپیدما,,,,,,,,,,,,,,,,,,,,,,,,,,,,,,,,,,,,,,,,,,,,,,,,
سپیدما2,,,,,,,,,,,,,,,,,,,,,,,,,,,,,,,,,,,,,,,,,,,,,,,,
سپیدما4,,,,,,,,,,,,,,,,,,,,,,,,,,,,,,,,,,,,,,,,,,,,,,,,
سپینود,,,,,,,,,,,,,,,,,,,,,,,,,,,,,,,,,,,,,,,,,,,,,,,,
سکارون,0.0,2026-08-09 18:36:44.149365,0.0,رد_نمره,,,,2.6,2026-08-09 15:06:44.146146,2026-08-09,210,0.0,0.0,0.0,0,6.523,,,0.0,44.9,,0,25,282,2.6,"{""atr_14"": 0.0, ""symbol"": ""سكارون"", ""live_pe"": 0.0, ""risk_ok"": true, ""decision"": ""رد_نمره"", ""industry"": ""سيمان، آهك و گچ"", ""pe_ratio"": 0.0, ""raw_score"": 2.6, ""trend_20d"": ""flat"", ""rule_50_30"": ""رد"", ""final_score"": 2.6, ""score_macro"": 0.0, ""volume_spike"": 0.0, ""current_price"": 0.0, ""liquidity_pct"": 0.0, ""position_size"": 0, ""adjusted_score"": 0.0, ""rank_in_market"": 282, ""score_feedstock"": 0.0, ""score_liquidity"": 0.0, ""score_technical"": 0.0, ""score_valuation"": 20.0, ""stop_loss_price"": 0, ""nima_free_spread"": 6.523, ""percentile_score"": 44.9, ""price_change_pct"": 0.0, ""rank_in_industry"": 25, ""score_farabourse"": 0.0, ""score_fundamental"": 0.0, ""score_gov_support"": 0.0, ""institutional_ratio"": 0.0, ""score_institutional"": 0.0, ""negative_filters_count"": 0}",True,رد,0.0,0.0,0.0,0.0,0.0,0.0,0.0,0.0,0.0,0.0,0.0,0.0,2.6,20.0,20.0,1405-05-18,0.0,سكارون,2026-09-08,0.0
سکارون2,,,,,,,,,,,,,,,,,,,,,,,,,,,,,,,,,,,,,,,,,,,,,,,,
سکرد,0.0,2026-08-09 18:36:44.149365,0.0,رد_نمره,,,,2.6,2026-08-09 15:06:44.146146,2026-08-09,211,0.0,0.0,0.0,0,6.523,,,0.0,44.7,,0,26,283,2.6,"{""atr_14"": 0.0, ""symbol"": ""سكرد"", ""live_pe"": 0.0, ""risk_ok"": true, ""decision"": ""رد_نمره"", ""industry"": ""سيمان، آهك و گچ"", ""pe_ratio"": 0.0, ""raw_score"": 2.6, ""trend_20d"": ""flat"", ""rule_50_30"": ""رد"", ""final_score"": 2.6, ""score_macro"": 0.0, ""volume_spike"": 0.0, ""current_price"": 0.0, ""liquidity_pct"": 0.0, ""position_size"": 0, ""adjusted_score"": 0.0, ""rank_in_market"": 283, ""score_feedstock"": 0.0, ""score_liquidity"": 0.0, ""score_technical"": 0.0, ""score_valuation"": 20.0, ""stop_loss_price"": 0, ""nima_free_spread"": 6.523, ""percentile_score"": 44.7, ""price_change_pct"": 0.0, ""rank_in_industry"": 26, ""score_farabourse"": 0.0, ""score_fundamental"": 0.0, ""score_gov_support"": 0.0, ""institutional_ratio"": 0.0, ""score_institutional"": 0.0, ""negative_filters_count"": 0}",True,رد,0.0,0.0,0.0,0.0,0.0,0.0,0.0,0.0,0.0,0.0,0.0,0.0,2.6,20.0,20.0,1405-05-18,0.0,سكرد,2026-09-08,0.0
سکرد3,,,,,,,,,,,,,,,,,,,,,,,,,,,,,,,,,,,,,,,,,,,,,,,,
سکرما,0.0,2026-08-09 18:36:44.149365,0.0,رد_نمره,,,,2.6,2026-08-09 15:06:44.146146,2026-08-09,212,0.0,0.0,0.0,0,6.523,,,0.0,44.5,,0,27,284,2.6,"{""atr_14"": 0.0, ""symbol"": ""سكرما"", ""live_pe"": 0.0, ""risk_ok"": true, ""decision"": ""رد_نمره"", ""industry"": ""سيمان، آهك و گچ"", ""pe_ratio"": 0.0, ""raw_score"": 2.6, ""trend_20d"": ""flat"", ""rule_50_30"": ""رد"", ""final_score"": 2.6, ""score_macro"": 0.0, ""volume_spike"": 0.0, ""current_price"": 0.0, ""liquidity_pct"": 0.0, ""position_size"": 0, ""adjusted_score"": 0.0, ""rank_in_market"": 284, ""score_feedstock"": 0.0, ""score_liquidity"": 0.0, ""score_technical"": 0.0, ""score_valuation"": 20.0, ""stop_loss_price"": 0, ""nima_free_spread"": 6.523, ""percentile_score"": 44.5, ""price_change_pct"": 0.0, ""rank_in_industry"": 27, ""score_farabourse"": 0.0, ""score_fundamental"": 0.0, ""score_gov_support"": 0.0, ""institutional_ratio"": 0.0, ""score_institutional"": 0.0, ""negative_filters_count"": 0}",True,رد,0.0,0.0,0.0,0.0,0.0,0.0,0.0,0.0,0.0,0.0,0.0,0.0,2.6,20.0,20.0,1405-05-18,0.0,سكرما,2026-09-08,0.0
سکرما2,,,,,,,,,,,,,,,,,,,,,,,,,,,,,,,,,,,,,,,,,,,,,,,,
سکرما3,,,,,,,,,,,,,,,,,,,,,,,,,,,,,,,,,,,,,,,,,,,,,,,,
سیاحتی امیرکبیر,,,,,,,,,,,,,,,,,,,,,,,,,,,,,,,,,,,,,,,,,,,,,,,,
سیاحتی علیصدر,,,,,,,,,,,,,,,,,,,,,,,,,,,,,,,,,,,,,,,,,,,,,,,,
سیان,,,,,,,,,,,,,,,,,,,,,,,,,,,,,,,,,,,,,,,,,,,,,,,,
سیتا,0.0,2026-08-09 18:36:44.149365,0.0,رد_نمره,,,,2.6,2026-08-09 15:06:44.146146,2026-08-09,217,0.0,0.0,0.0,0,6.523,,,0.0,44.1,,0,29,286,2.6,"{""atr_14"": 0.0, ""symbol"": ""سيتا"", ""live_pe"": 0.0, ""risk_ok"": true, ""decision"": ""رد_نمره"", ""industry"": ""سيمان، آهك و گچ"", ""pe_ratio"": 0.0, ""raw_score"": 2.6, ""trend_20d"": ""flat"", ""rule_50_30"": ""رد"", ""final_score"": 2.6, ""score_macro"": 0.0, ""volume_spike"": 0.0, ""current_price"": 0.0, ""liquidity_pct"": 0.0, ""position_size"": 0, ""adjusted_score"": 0.0, ""rank_in_market"": 286, ""score_feedstock"": 0.0, ""score_liquidity"": 0.0, ""score_technical"": 0.0, ""score_valuation"": 20.0, ""stop_loss_price"": 0, ""nima_free_spread"": 6.523, ""percentile_score"": 44.1, ""price_change_pct"": 0.0, ""rank_in_industry"": 29, ""score_farabourse"": 0.0, ""score_fundamental"": 0.0, ""score_gov_support"": 0.0, ""institutional_ratio"": 0.0, ""score_institutional"": 0.0, ""negative_filters_count"": 0}",True,رد,0.0,0.0,0.0,0.0,0.0,0.0,0.0,0.0,0.0,0.0,0.0,0.0,2.6,20.0,20.0,1405-05-18,0.0,سيتا,2026-09-08,0.0
سیتا2,,,,,,,,,,,,,,,,,,,,,,,,,,,,,,,,,,,,,,,,,,,,,,,,
سیتا3,,,,,,,,,,,,,,,,,,,,,,,,,,,,,,,,,,,,,,,,,,,,,,,,
سیدکو,0.0,2026-08-09 18:36:44.149365,0.0,رد_نمره,,,,2.6,2026-08-09 15:06:44.146146,2026-08-09,218,0.0,0.0,0.0,0,6.523,,,0.0,43.9,,0,30,287,2.6,"{""atr_14"": 0.0, ""symbol"": ""سيدكو"", ""live_pe"": 0.0, ""risk_ok"": true, ""decision"": ""رد_نمره"", ""industry"": ""سيمان، آهك و گچ"", ""pe_ratio"": 0.0, ""raw_score"": 2.6, ""trend_20d"": ""flat"", ""rule_50_30"": ""رد"", ""final_score"": 2.6, ""score_macro"": 0.0, ""volume_spike"": 0.0, ""current_price"": 0.0, ""liquidity_pct"": 0.0, ""position_size"": 0, ""adjusted_score"": 0.0, ""rank_in_market"": 287, ""score_feedstock"": 0.0, ""score_liquidity"": 0.0, ""score_technical"": 0.0, ""score_valuation"": 20.0, ""stop_loss_price"": 0, ""nima_free_spread"": 6.523, ""percentile_score"": 43.9, ""price_change_pct"": 0.0, ""rank_in_industry"": 30, ""score_farabourse"": 0.0, ""score_fundamental"": 0.0, ""score_gov_support"": 0.0, ""institutional_ratio"": 0.0, ""score_institutional"": 0.0, ""negative_filters_count"": 0}",True,رد,0.0,0.0,0.0,0.0,0.0,0.0,0.0,0.0,0.0,0.0,0.0,0.0,2.6,20.0,20.0,1405-05-18,0.0,سيدكو,2026-09-08,0.0
سیدکو3,,,,,,,,,,,,,,,,,,,,,,,,,,,,,,,,,,,,,,,,,,,,,,,,
سیستم,0.0,2026-08-09 18:36:44.149365,0.0,رد_نمره,,,,2.6,2026-08-09 15:06:44.146146,2026-08-09,219,0.0,0.0,0.0,0,6.523,,,0.0,43.7,,0,7,288,2.6,"{""atr_14"": 0.0, ""symbol"": ""سيستم"", ""live_pe"": 0.0, ""risk_ok"": true, ""decision"": ""رد_نمره"", ""industry"": ""رايانه و فعاليت‌هاي وابسته به آن"", ""pe_ratio"": 0.0, ""raw_score"": 2.6, ""trend_20d"": ""flat"", ""rule_50_30"": ""رد"", ""final_score"": 2.6, ""score_macro"": 0.0, ""volume_spike"": 0.0, ""current_price"": 0.0, ""liquidity_pct"": 0.0, ""position_size"": 0, ""adjusted_score"": 0.0, ""rank_in_market"": 288, ""score_feedstock"": 0.0, ""score_liquidity"": 0.0, ""score_technical"": 0.0, ""score_valuation"": 20.0, ""stop_loss_price"": 0, ""nima_free_spread"": 6.523, ""percentile_score"": 43.7, ""price_change_pct"": 0.0, ""rank_in_industry"": 7, ""score_farabourse"": 0.0, ""score_fundamental"": 0.0, ""score_gov_support"": 0.0, ""institutional_ratio"": 0.0, ""score_institutional"": 0.0, ""negative_filters_count"": 0}",True,رد,0.0,0.0,0.0,0.0,0.0,0.0,0.0,0.0,0.0,0.0,0.0,0.0,2.6,20.0,20.0,1405-05-18,0.0,سيستم,2026-09-08,0.0
سیستم2,,,,,,,,,,,,,,,,,,,,,,,,,,,,,,,,,,,,,,,,,,,,,,,,
سیستم3,,,,,,,,,,,,,,,,,,,,,,,,,,,,,,,,,,,,,,,,,,,,,,,,
سیسکو,,,,,,,,,,,,,,,,,,,,,,,,,,,,,,,,,,,,,,,,,,,,,,,,
سیسکو2,,,,,,,,,,,,,,,,,,,,,,,,,,,,,,,,,,,,,,,,,,,,,,,,
سیسکو3,,,,,,,,,,,,,,,,,,,,,,,,,,,,,,,,,,,,,,,,,,,,,,,,
سیلام,0.0,2026-08-09 18:36:44.149365,0.0,رد_نمره,,,,2.6,2026-08-09 15:06:44.146146,2026-08-09,220,0.0,0.0,0.0,0,6.523,,,0.0,43.5,,0,31,289,2.6,"{""atr_14"": 0.0, ""symbol"": ""سيلام"", ""live_pe"": 0.0, ""risk_ok"": true, ""decision"": ""رد_نمره"", ""industry"": ""سيمان، آهك و گچ"", ""pe_ratio"": 0.0, ""raw_score"": 2.6, ""trend_20d"": ""flat"", ""rule_50_30"": ""رد"", ""final_score"": 2.6, ""score_macro"": 0.0, ""volume_spike"": 0.0, ""current_price"": 0.0, ""liquidity_pct"": 0.0, ""position_size"": 0, ""adjusted_score"": 0.0, ""rank_in_market"": 289, ""score_feedstock"": 0.0, ""score_liquidity"": 0.0, ""score_technical"": 0.0, ""score_valuation"": 20.0, ""stop_loss_price"": 0, ""nima_free_spread"": 6.523, ""percentile_score"": 43.5, ""price_change_pct"": 0.0, ""rank_in_industry"": 31, ""score_farabourse"": 0.0, ""score_fundamental"": 0.0, ""score_gov_support"": 0.0, ""institutional_ratio"": 0.0, ""score_institutional"": 0.0, ""negative_filters_count"": 0}",True,رد,0.0,0.0,0.0,0.0,0.0,0.0,0.0,0.0,0.0,0.0,0.0,0.0,2.6,20.0,20.0,1405-05-18,0.0,سيلام,2026-09-08,0.0
سیلام3,,,,,,,,,,,,,,,,,,,,,,,,,,,,,,,,,,,,,,,,,,,,,,,,
سیلوا,,,,,,,,,,,,,,,,,,,,,,,,,,,,,,,,,,,,,,,,,,,,,,,,
سیلوا2,,,,,,,,,,,,,,,,,,,,,,,,,,,,,,,,,,,,,,,,,,,,,,,,
سیلور,0.0,2026-08-09 18:36:44.149365,0.0,رد_نمره,,,,2.6,2026-08-09 15:06:44.146146,2026-08-09,221,0.0,0.0,0.0,0,6.523,,,0.0,3.9,,0,5,491,2.6,"{""atr_14"": 4409.0, ""symbol"": ""سیلور"", ""live_pe"": 431700.0, ""risk_ok"": true, ""decision"": ""رد_نمره"", ""industry"": """", ""pe_ratio"": 66415.38, ""raw_score"": 0.9, ""trend_20d"": ""up"", ""rule_50_30"": ""رد"", ""final_score"": 0.9, ""score_macro"": 0.0, ""volume_spike"": 0.04, ""current_price"": 17268.0, ""liquidity_pct"": 995881206006.2333, ""position_size"": 0, ""adjusted_score"": 0.0, ""rank_in_market"": 491, ""score_feedstock"": 0.0, ""score_liquidity"": 5.0, ""score_technical"": 0.0, ""score_valuation"": 0.0, ""stop_loss_price"": 8450.0, ""nima_free_spread"": 6.523, ""percentile_score"": 3.9, ""price_change_pct"": 4.0, ""rank_in_industry"": 5, ""score_farabourse"": 0.0, ""score_fundamental"": 0.0, ""score_gov_support"": 5.0, ""institutional_ratio"": 0.0, ""score_institutional"": 0.0, ""negative_filters_count"": 0}",True,رد,0.0,0.0,0.0,0.0,0.0,0.0,5.0,0.0,0.0,0.0,5.0,0.0,0.9,20.0,0.0,1405-05-18,0.0,سیلور,2026-09-08,0.0
سیلور2,,,,,,,,,,,,,,,,,,,,,,,,,,,,,,,,,,,,,,,,,,,,,,,,
سیمان,,,,,,,,,,,,,,,,,,,,,,,,,,,,,,,,,,,,,,,,,,,,,,,,
سیمان2,,,,,,,,,,,,,,,,,,,,,,,,,,,,,,,,,,,,,,,,,,,,,,,,
سیمانا,,,,,,,,,,,,,,,,,,,,,,,,,,,,,,,,,,,,,,,,,,,,,,,,
سیمانو,,,,,,,,,,,,,,,,,,,,,,,,,,,,,,,,,,,,,,,,,,,,,,,,
سیمانو4,,,,,,,,,,,,,,,,,,,,,,,,,,,,,,,,,,,,,,,,,,,,,,,,
سیمانیا,,,,,,,,,,,,,,,,,,,,,,,,,,,,,,,,,,,,,,,,,,,,,,,,
سیمرغ,0.0,2026-08-09 18:36:44.149365,0.0,رد_نمره,,,,2.6,2026-08-09 15:06:44.146146,2026-08-09,222,0.0,0.0,0.0,0,6.523,,,0.0,43.3,,0,5,290,2.6,"{""atr_14"": 0.0, ""symbol"": ""سيمرغ"", ""live_pe"": 0.0, ""risk_ok"": true, ""decision"": ""رد_نمره"", ""industry"": ""زراعت و خدمات وابسته"", ""pe_ratio"": 0.0, ""raw_score"": 2.6, ""trend_20d"": ""flat"", ""rule_50_30"": ""رد"", ""final_score"": 2.6, ""score_macro"": 0.0, ""volume_spike"": 0.0, ""current_price"": 0.0, ""liquidity_pct"": 0.0, ""position_size"": 0, ""adjusted_score"": 0.0, ""rank_in_market"": 290, ""score_feedstock"": 0.0, ""score_liquidity"": 0.0, ""score_technical"": 0.0, ""score_valuation"": 20.0, ""stop_loss_price"": 0, ""nima_free_spread"": 6.523, ""percentile_score"": 43.3, ""price_change_pct"": 0.0, ""rank_in_industry"": 5, ""score_farabourse"": 0.0, ""score_fundamental"": 0.0, ""score_gov_support"": 0.0, ""institutional_ratio"": 0.0, ""score_institutional"": 0.0, ""negative_filters_count"": 0}",True,رد,0.0,0.0,0.0,0.0,0.0,0.0,0.0,0.0,0.0,0.0,0.0,0.0,2.6,20.0,20.0,1405-05-18,0.0,سيمرغ,2026-09-08,0.0
سیمرغ3,,,,,,,,,,,,,,,,,,,,,,,,,,,,,,,,,,,,,,,,,,,,,,,,
سیمکات,,,,,,,,,,,,,,,,,,,,,,,,,,,,,,,,,,,,,,,,,,,,,,,,
سیمین,,,,,,,,,,,,,,,,,,,,,,,,,,,,,,,,,,,,,,,,,,,,,,,,
سینا بازار,,,,,,,,,,,,,,,,,,,,,,,,,,,,,,,,,,,,,,,,,,,,,,,,
سینا ثابت,,,,,,,,,,,,,,,,,,,,,,,,,,,,,,,,,,,,,,,,,,,,,,,,
سینا سهام,,,,,,,,,,,,,,,,,,,,,,,,,,,,,,,,,,,,,,,,,,,,,,,,
سیناد,,,,,,,,,,,,,,,,,,,,,,,,,,,,,,,,,,,,,,,,,,,,,,,,
سیناد4,,,,,,,,,,,,,,,,,,,,,,,,,,,,,,,,,,,,,,,,,,,,,,,,
سینرژی,,,,,,,,,,,,,,,,,,,,,,,,,,,,,,,,,,,,,,,,,,,,,,,,
سیگلو,,,,,,,,,,,,,,,,,,,,,,,,,,,,,,,,,,,,,,,,,,,,,,,,
سیگلو2,,,,,,,,,,,,,,,,,,,,,,,,,,,,,,,,,,,,,,,,,,,,,,,,
شاراک,0.0,2026-08-09 18:36:44.149365,0.0,رد_نمره,,,,2.6,2026-08-09 15:06:44.146146,2026-08-09,224,0.0,0.0,0.0,0,6.523,,,0.0,42.9,,0,22,292,2.6,"{""atr_14"": 0.0, ""symbol"": ""شاراك"", ""live_pe"": 0.0, ""risk_ok"": true, ""decision"": ""رد_نمره"", ""industry"": ""محصولات شيميايي"", ""pe_ratio"": 0.0, ""raw_score"": 2.6, ""trend_20d"": ""flat"", ""rule_50_30"": ""رد"", ""final_score"": 2.6, ""score_macro"": 0.0, ""volume_spike"": 0.0, ""current_price"": 0.0, ""liquidity_pct"": 0.0, ""position_size"": 0, ""adjusted_score"": 0.0, ""rank_in_market"": 292, ""score_feedstock"": 0.0, ""score_liquidity"": 0.0, ""score_technical"": 0.0, ""score_valuation"": 20.0, ""stop_loss_price"": 0, ""nima_free_spread"": 6.523, ""percentile_score"": 42.9, ""price_change_pct"": 0.0, ""rank_in_industry"": 22, ""score_farabourse"": 0.0, ""score_fundamental"": 0.0, ""score_gov_support"": 0.0, ""institutional_ratio"": 0.0, ""score_institutional"": 0.0, ""negative_filters_count"": 0}",True,رد,0.0,0.0,0.0,0.0,0.0,0.0,0.0,0.0,0.0,0.0,0.0,0.0,2.6,20.0,20.0,1405-05-18,0.0,شاراك,2026-09-08,0.0
شاراک3,,,,,,,,,,,,,,,,,,,,,,,,,,,,,,,,,,,,,,,,,,,,,,,,
شاروم,,,,,,,,,,,,,,,,,,,,,,,,,,,,,,,,,,,,,,,,,,,,,,,,
شاروم3,,,,,,,,,,,,,,,,,,,,,,,,,,,,,,,,,,,,,,,,,,,,,,,,
شارپیلن,,,,,,,,,,,,,,,,,,,,,,,,,,,,,,,,,,,,,,,,,,,,,,,,
شاملا,0.0,2026-08-09 18:36:44.149365,28830.0,رد_نمره,,,,5.7,2026-08-09 15:06:44.146146,2026-08-09,225,0.0,502561630440.6667,1.7,0,6.523,,,0.26,83.7,,4955,7,84,5.65,"{""atr_14"": 141.0, ""symbol"": ""شاملا"", ""live_pe"": 0.3, ""risk_ok"": true, ""decision"": ""رد_نمره"", ""industry"": ""محصولات شيميايي"", ""pe_ratio"": 0.04, ""raw_score"": 5.0, ""trend_20d"": ""flat"", ""rule_50_30"": ""رد"", ""final_score"": 5.0, ""score_macro"": 10.0, ""volume_spike"": 0.0, ""current_price"": 4987.0, ""liquidity_pct"": 2441839117.233333, ""position_size"": 0, ""adjusted_score"": 0.0, ""rank_in_market"": 84, ""score_feedstock"": 0.0, ""score_liquidity"": 5.0, ""score_technical"": 0.0, ""score_valuation"": 20.0, ""stop_loss_price"": 4638.0, ""nima_free_spread"": 6.523, ""percentile_score"": 83.7, ""price_change_pct"": -0.04, ""rank_in_industry"": 7, ""score_farabourse"": 0.0, ""score_fundamental"": 7.5, ""score_gov_support"": 0.0, ""institutional_ratio"": 0.0, ""score_institutional"": 0.0, ""negative_filters_count"": 0}",True,رد,0.0,0.0,7.5,5.0,7.5,0.0,5.0,10.0,0.0,0.0,0.0,0.0,5.0,20.0,20.0,1405-05-18,26812.0,شاملا,2026-09-08,0.33
شاملا2,,,,,,,,,,,,,,,,,,,,,,,,,,,,,,,,,,,,,,,,,,,,,,,,
شاملا3,,,,,,,,,,,,,,,,,,,,,,,,,,,,,,,,,,,,,,,,,,,,,,,,
شاوان,,,,,,,,,,,,,,,,,,,,,,,,,,,,,,,,,,,,,,,,,,,,,,,,
شاوان3,,,,,,,,,,,,,,,,,,,,,,,,,,,,,,,,,,,,,,,,,,,,,,,,
شایلام,,,,,,,,,,,,,,,,,,,,,,,,,,,,,,,,,,,,,,,,,,,,,,,,
شباتا,,,,,,,,,,,,,,,,,,,,,,,,,,,,,,,,,,,,,,,,,,,,,,,,
شبریز,0.0,2026-08-09 18:36:44.149365,0.0,رد_نمره,,,,2.6,2026-08-09 15:06:44.146146,2026-08-09,226,0.0,0.0,0.0,0,6.523,,,0.0,42.7,,0,8,293,2.6,"{""atr_14"": 0.0, ""symbol"": ""شبريز"", ""live_pe"": 0.0, ""risk_ok"": true, ""decision"": ""رد_نمره"", ""industry"": ""فراورده هاي نفتي، كك و سوخت هسته اي"", ""pe_ratio"": 0.0, ""raw_score"": 2.6, ""trend_20d"": ""flat"", ""rule_50_30"": ""رد"", ""final_score"": 2.6, ""score_macro"": 0.0, ""volume_spike"": 0.0, ""current_price"": 0.0, ""liquidity_pct"": 0.0, ""position_size"": 0, ""adjusted_score"": 0.0, ""rank_in_market"": 293, ""score_feedstock"": 0.0, ""score_liquidity"": 0.0, ""score_technical"": 0.0, ""score_valuation"": 20.0, ""stop_loss_price"": 0, ""nima_free_spread"": 6.523, ""percentile_score"": 42.7, ""price_change_pct"": 0.0, ""rank_in_industry"": 8, ""score_farabourse"": 0.0, ""score_fundamental"": 0.0, ""score_gov_support"": 0.0, ""institutional_ratio"": 0.0, ""score_institutional"": 0.0, ""negative_filters_count"": 0}",True,رد,0.0,0.0,0.0,0.0,0.0,0.0,0.0,0.0,0.0,0.0,0.0,0.0,2.6,20.0,20.0,1405-05-18,0.0,شبريز,2026-09-08,0.0
شبریز2,,,,,,,,,,,,,,,,,,,,,,,,,,,,,,,,,,,,,,,,,,,,,,,,
شبریز3,,,,,,,,,,,,,,,,,,,,,,,,,,,,,,,,,,,,,,,,,,,,,,,,
شبصیر,,,,,,,,,,,,,,,,,,,,,,,,,,,,,,,,,,,,,,,,,,,,,,,,
شبصیر3,,,,,,,,,,,,,,,,,,,,,,,,,,,,,,,,,,,,,,,,,,,,,,,,
شبندر,0.0,2026-08-09 18:36:44.149365,12470.0,رد_نمره,,,,5.7,2026-08-09 15:06:44.146146,2026-08-09,227,0.0,8036057067869.333,1.2,0,6.523,,,0.19,95.5,,11764,1,24,5.65,"{""atr_14"": 892.0, ""symbol"": ""شبندر"", ""live_pe"": 0.1, ""risk_ok"": true, ""decision"": ""رد_نمره"", ""industry"": ""فراورده هاي نفتي، كك و سوخت هسته اي"", ""pe_ratio"": 0.02, ""raw_score"": 5.65, ""trend_20d"": ""up"", ""rule_50_30"": ""رد"", ""final_score"": 5.7, ""score_macro"": 10.0, ""volume_spike"": 0.0, ""current_price"": 1358.0, ""liquidity_pct"": 48367610229.0, ""position_size"": 0, ""adjusted_score"": 0.0, ""rank_in_market"": 24, ""score_feedstock"": 0.0, ""score_liquidity"": 5.0, ""score_technical"": 0.0, ""score_valuation"": 20.0, ""stop_loss_price"": -425.0, ""nima_free_spread"": 6.523, ""percentile_score"": 95.5, ""price_change_pct"": 0.0, ""rank_in_industry"": 1, ""score_farabourse"": 0.0, ""score_fundamental"": 7.5, ""score_gov_support"": 5.0, ""institutional_ratio"": 0.0, ""score_institutional"": 0.0, ""negative_filters_count"": 0}",True,رد,0.0,0.0,7.5,5.0,7.5,0.0,5.0,10.0,0.0,0.0,5.0,0.0,5.7,20.0,20.0,1405-05-18,11620.0,شبندر,2026-09-08,0.61
شبندر2,,,,,,,,,,,,,,,,,,,,,,,,,,,,,,,,,,,,,,,,,,,,,,,,
شبندر3,,,,,,,,,,,,,,,,,,,,,,,,,,,,,,,,,,,,,,,,,,,,,,,,
شبهرن,0.0,2026-08-09 18:36:44.149365,31130.0,رد_نمره,,,,4.3,2026-08-09 15:06:44.146146,2026-08-09,228,0.0,536466443534.0,1.8,0,6.523,,,0.28,71.6,,4589,4,146,4.3,"{""atr_14"": 476.0, ""symbol"": ""شبهرن"", ""live_pe"": 3.0, ""risk_ok"": true, ""decision"": ""رد_نمره"", ""industry"": ""فراورده هاي نفتي، كك و سوخت هسته اي"", ""pe_ratio"": 0.46, ""raw_score"": 4.85, ""trend_20d"": ""up"", ""rule_50_30"": ""رد"", ""final_score"": 4.8, ""score_macro"": 10.0, ""volume_spike"": 6.81, ""current_price"": 51280.0, ""liquidity_pct"": 1799063860.7, ""position_size"": 0, ""adjusted_score"": 0.0, ""rank_in_market"": 146, ""score_feedstock"": 0.0, ""score_liquidity"": 5.0, ""score_technical"": 15.0, ""score_valuation"": 20.0, ""stop_loss_price"": 47690.0, ""nima_free_spread"": 6.523, ""percentile_score"": 71.6, ""price_change_pct"": 1.0, ""rank_in_industry"": 4, ""score_farabourse"": 0.0, ""score_fundamental"": 0.0, ""score_gov_support"": 0.0, ""institutional_ratio"": 0.0, ""score_institutional"": 0.0, ""negative_filters_count"": 0}",True,رد,0.0,0.0,0.0,5.0,0.0,0.0,5.0,10.0,15.0,0.0,0.0,0.0,4.8,20.0,20.0,1405-05-18,28951.0,شبهرن,2026-09-08,0.64
شبهرن3,,,,,,,,,,,,,,,,,,,,,,,,,,,,,,,,,,,,,,,,,,,,,,,,
شبکه سازان کیهان,,,,,,,,,,,,,,,,,,,,,,,,,,,,,,,,,,,,,,,,,,,,,,,,
شبکه صرافی صنعت و معدن,,,,,,,,,,,,,,,,,,,,,,,,,,,,,,,,,,,,,,,,,,,,,,,,
شتاب,,,,,,,,,,,,,,,,,,,,,,,,,,,,,,,,,,,,,,,,,,,,,,,,
شتبریز,,,,,,,,,,,,,,,,,,,,,,,,,,,,,,,,,,,,,,,,,,,,,,,,
شتران,0.0,2026-08-09 18:36:44.149365,5250.0,رد_نمره,,,,4.3,2026-08-09 15:06:44.146146,2026-08-09,236,0.0,5647136980329.6,1.1,0,6.523,,,0.16,69.6,,27173,6,156,4.3,"{""atr_14"": 99.0, ""symbol"": ""شتران"", ""live_pe"": 0.5, ""risk_ok"": true, ""decision"": ""رد_نمره"", ""industry"": ""فراورده هاي نفتي، كك و سوخت هسته اي"", ""pe_ratio"": 0.08, ""raw_score"": 4.3, ""trend_20d"": ""flat"", ""rule_50_30"": ""رد"", ""final_score"": 4.3, ""score_macro"": 10.0, ""volume_spike"": 0.23, ""current_price"": 2691.0, ""liquidity_pct"": 27042349004.633335, ""position_size"": 0, ""adjusted_score"": 0.0, ""rank_in_market"": 156, ""score_feedstock"": 0.0, ""score_liquidity"": 5.0, ""score_technical"": 0.0, ""score_valuation"": 20.0, ""stop_loss_price"": 2492.0, ""nima_free_spread"": 6.523, ""percentile_score"": 69.6, ""price_change_pct"": -1.99, ""rank_in_industry"": 6, ""score_farabourse"": 0.0, ""score_fundamental"": 0.0, ""score_gov_support"": 5.0, ""institutional_ratio"": 0.0, ""score_institutional"": 0.0, ""negative_filters_count"": 0}",True,رد,0.0,0.0,0.0,5.0,0.0,0.0,5.0,10.0,0.0,0.0,5.0,0.0,4.3,20.0,20.0,1405-05-18,4882.0,شتران,2026-09-08,0.72
شتران2,,,,,,,,,,,,,,,,,,,,,,,,,,,,,,,,,,,,,,,,,,,,,,,,
شتران3,,,,,,,,,,,,,,,,,,,,,,,,,,,,,,,,,,,,,,,,,,,,,,,,
شتهران,0.0,2026-08-09 18:36:44.149365,0.0,رد_نمره,,,,2.6,2026-08-09 15:06:44.146146,2026-08-09,237,0.0,0.0,0.0,0,6.523,,,0.0,1.4,,0,31,504,2.6,"{""atr_14"": 4923.0, ""symbol"": ""شتهران"", ""live_pe"": 25000.0, ""risk_ok"": true, ""decision"": ""رد_نمره"", ""industry"": ""مواد و محصولات دارويي"", ""pe_ratio"": 3846.15, ""raw_score"": 0.25, ""trend_20d"": ""down"", ""rule_50_30"": ""رد"", ""final_score"": 0.2, ""score_macro"": 0.0, ""volume_spike"": 0.0, ""current_price"": 1000.0, ""liquidity_pct"": 40057169.366667, ""position_size"": 0, ""adjusted_score"": 0.0, ""rank_in_market"": 504, ""score_feedstock"": 0.0, ""score_liquidity"": 5.0, ""score_technical"": 0.0, ""score_valuation"": 0.0, ""stop_loss_price"": -8846.0, ""nima_free_spread"": 6.523, ""percentile_score"": 1.4, ""price_change_pct"": 0.0, ""rank_in_industry"": 31, ""score_farabourse"": 0.0, ""score_fundamental"": 0.0, ""score_gov_support"": 0.0, ""institutional_ratio"": 0.0, ""score_institutional"": 0.0, ""negative_filters_count"": 0}",True,رد,0.0,0.0,0.0,0.0,0.0,0.0,5.0,0.0,0.0,0.0,0.0,0.0,0.2,20.0,0.0,1405-05-18,0.0,شتهران,2026-09-08,0.0
شتولي,0.0,2026-08-09 18:36:44.149365,0.0,رد_نمره,,,,2.6,2026-08-09 15:06:44.146146,2026-08-09,238,0.0,0.0,0.0,0,6.523,,,0.0,41.8,,0,27,298,2.6,"{""atr_14"": 0.0, ""symbol"": ""شتولي"", ""live_pe"": 0.0, ""risk_ok"": true, ""decision"": ""رد_نمره"", ""industry"": ""محصولات شيميايي"", ""pe_ratio"": 0.0, ""raw_score"": 2.6, ""trend_20d"": ""flat"", ""rule_50_30"": ""رد"", ""final_score"": 2.6, ""score_macro"": 0.0, ""volume_spike"": 0.0, ""current_price"": 0.0, ""liquidity_pct"": 0.0, ""position_size"": 0, ""adjusted_score"": 0.0, ""rank_in_market"": 298, ""score_feedstock"": 0.0, ""score_liquidity"": 0.0, ""score_technical"": 0.0, ""score_valuation"": 20.0, ""stop_loss_price"": 0, ""nima_free_spread"": 6.523, ""percentile_score"": 41.8, ""price_change_pct"": 0.0, ""rank_in_industry"": 27, ""score_farabourse"": 0.0, ""score_fundamental"": 0.0, ""score_gov_support"": 0.0, ""institutional_ratio"": 0.0, ""score_institutional"": 0.0, ""negative_filters_count"": 0}",True,رد,0.0,0.0,0.0,0.0,0.0,0.0,0.0,0.0,0.0,0.0,0.0,0.0,2.6,20.0,20.0,1405-05-18,0.0,شتولي,2026-09-08,0.0
شتوکا,,,,,,,,,,,,,,,,,,,,,,,,,,,,,,,,,,,,,,,,,,,,,,,,
شتوکا3,,,,,,,,,,,,,,,,,,,,,,,,,,,,,,,,,,,,,,,,,,,,,,,,
شجم,,,,,,,,,,,,,,,,,,,,,,,,,,,,,,,,,,,,,,,,,,,,,,,,
شجم2,,,,,,,,,,,,,,,,,,,,,,,,,,,,,,,,,,,,,,,,,,,,,,,,
شجم3,,,,,,,,,,,,,,,,,,,,,,,,,,,,,,,,,,,,,,,,,,,,,,,,
شجي,0.0,2026-08-09 18:36:44.149365,0.0,رد_نمره,,,,2.6,2026-08-09 15:06:44.146146,2026-08-09,239,0.0,0.0,0.0,0,6.523,,,0.0,41.6,,0,9,299,2.6,"{""atr_14"": 0.0, ""symbol"": ""شجي"", ""live_pe"": 0.0, ""risk_ok"": true, ""decision"": ""رد_نمره"", ""industry"": ""فراورده هاي نفتي، كك و سوخت هسته اي"", ""pe_ratio"": 0.0, ""raw_score"": 2.6, ""trend_20d"": ""flat"", ""rule_50_30"": ""رد"", ""final_score"": 2.6, ""score_macro"": 0.0, ""volume_spike"": 0.0, ""current_price"": 0.0, ""liquidity_pct"": 0.0, ""position_size"": 0, ""adjusted_score"": 0.0, ""rank_in_market"": 299, ""score_feedstock"": 0.0, ""score_liquidity"": 0.0, ""score_technical"": 0.0, ""score_valuation"": 20.0, ""stop_loss_price"": 0, ""nima_free_spread"": 6.523, ""percentile_score"": 41.6, ""price_change_pct"": 0.0, ""rank_in_industry"": 9, ""score_farabourse"": 0.0, ""score_fundamental"": 0.0, ""score_gov_support"": 0.0, ""institutional_ratio"": 0.0, ""score_institutional"": 0.0, ""negative_filters_count"": 0}",True,رد,0.0,0.0,0.0,0.0,0.0,0.0,0.0,0.0,0.0,0.0,0.0,0.0,2.6,20.0,20.0,1405-05-18,0.0,شجي,2026-09-08,0.0
شجی هرمز,,,,,,,,,,,,,,,,,,,,,,,,,,,,,,,,,,,,,,,,,,,,,,,,
شخارك,0.0,2026-08-09 18:36:44.149365,0.0,رد_نمره,,,,2.6,2026-08-09 15:06:44.146146,2026-08-09,240,0.0,0.0,0.0,0,6.523,,,0.0,41.4,,0,28,300,2.6,"{""atr_14"": 0.0, ""symbol"": ""شخارك"", ""live_pe"": 0.0, ""risk_ok"": true, ""decision"": ""رد_نمره"", ""industry"": ""محصولات شيميايي"", ""pe_ratio"": 0.0, ""raw_score"": 2.6, ""trend_20d"": ""flat"", ""rule_50_30"": ""رد"", ""final_score"": 2.6, ""score_macro"": 0.0, ""volume_spike"": 0.0, ""current_price"": 0.0, ""liquidity_pct"": 0.0, ""position_size"": 0, ""adjusted_score"": 0.0, ""rank_in_market"": 300, ""score_feedstock"": 0.0, ""score_liquidity"": 0.0, ""score_technical"": 0.0, ""score_valuation"": 20.0, ""stop_loss_price"": 0, ""nima_free_spread"": 6.523, ""percentile_score"": 41.4, ""price_change_pct"": 0.0, ""rank_in_industry"": 28, ""score_farabourse"": 0.0, ""score_fundamental"": 0.0, ""score_gov_support"": 0.0, ""institutional_ratio"": 0.0, ""score_institutional"": 0.0, ""negative_filters_count"": 0}",True,رد,0.0,0.0,0.0,0.0,0.0,0.0,0.0,0.0,0.0,0.0,0.0,0.0,2.6,20.0,20.0,1405-05-18,0.0,شخارك,2026-09-08,0.0
شدهلران,,,,,,,,,,,,,,,,,,,,,,,,,,,,,,,,,,,,,,,,,,,,,,,,
شدوص,0.0,2026-08-09 18:36:44.149365,0.0,رد_نمره,,,,4.8,2026-08-09 15:06:44.146146,2026-08-09,241,0.0,0.0,0.0,0,6.523,,,0.0,71.4,,0,13,147,4.75,"{""atr_14"": 314.0, ""symbol"": ""شدوص"", ""live_pe"": 6.1, ""risk_ok"": true, ""decision"": ""رد_نمره"", ""industry"": ""محصولات شيميايي"", ""pe_ratio"": 0.94, ""raw_score"": 4.8, ""trend_20d"": ""up"", ""rule_50_30"": ""رد"", ""final_score"": 4.8, ""score_macro"": 0.0, ""volume_spike"": 2.09, ""current_price"": 25601.0, ""liquidity_pct"": 76272490.3, ""position_size"": 0, ""adjusted_score"": 0.0, ""rank_in_market"": 147, ""score_feedstock"": 0.0, ""score_liquidity"": 5.0, ""score_technical"": 7.5, ""score_valuation"": 20.0, ""stop_loss_price"": 23809.0, ""nima_free_spread"": 6.523, ""percentile_score"": 71.4, ""price_change_pct"": 0.59, ""rank_in_industry"": 13, ""score_farabourse"": 0.0, ""score_fundamental"": 7.5, ""score_gov_support"": 0.0, ""institutional_ratio"": 0.0, ""score_institutional"": 0.0, ""negative_filters_count"": 0}",True,رد,0.0,0.0,7.5,0.0,7.5,0.0,5.0,10.0,7.5,0.0,0.0,0.0,4.8,20.0,20.0,1405-05-18,0.0,شدوص,2026-09-08,0.0
شدوص3,,,,,,,,,,,,,,,,,,,,,,,,,,,,,,,,,,,,,,,,,,,,,,,,
شراز,,,,,,,,,,,,,,,,,,,,,,,,,,,,,,,,,,,,,,,,,,,,,,,,
شراز3,,,,,,,,,,,,,,,,,,,,,,,,,,,,,,,,,,,,,,,,,,,,,,,,
شرانل,,,,,,,,,,,,,,,,,,,,,,,,,,,,,,,,,,,,,,,,,,,,,,,,
شرانل3,,,,,,,,,,,,,,,,,,,,,,,,,,,,,,,,,,,,,,,,,,,,,,,,
شرسولی,,,,,,,,,,,,,,,,,,,,,,,,,,,,,,,,,,,,,,,,,,,,,,,,
شرنگی,0.0,2026-08-09 18:36:44.149365,0.0,رد_نمره,,,,2.6,2026-08-09 15:06:44.146146,2026-08-09,242,0.0,0.0,0.0,0,6.523,,,0.0,41.2,,0,29,301,2.6,"{""atr_14"": 0.0, ""symbol"": ""شرنگي"", ""live_pe"": 0.0, ""risk_ok"": true, ""decision"": ""رد_نمره"", ""industry"": ""محصولات شيميايي"", ""pe_ratio"": 0.0, ""raw_score"": 2.6, ""trend_20d"": ""flat"", ""rule_50_30"": ""رد"", ""final_score"": 2.6, ""score_macro"": 0.0, ""volume_spike"": 0.0, ""current_price"": 0.0, ""liquidity_pct"": 0.0, ""position_size"": 0, ""adjusted_score"": 0.0, ""rank_in_market"": 301, ""score_feedstock"": 0.0, ""score_liquidity"": 0.0, ""score_technical"": 0.0, ""score_valuation"": 20.0, ""stop_loss_price"": 0, ""nima_free_spread"": 6.523, ""percentile_score"": 41.2, ""price_change_pct"": 0.0, ""rank_in_industry"": 29, ""score_farabourse"": 0.0, ""score_fundamental"": 0.0, ""score_gov_support"": 0.0, ""institutional_ratio"": 0.0, ""score_institutional"": 0.0, ""negative_filters_count"": 0}",True,رد,0.0,0.0,0.0,0.0,0.0,0.0,0.0,0.0,0.0,0.0,0.0,0.0,2.6,20.0,20.0,1405-05-18,0.0,شرنگي,2026-09-08,0.0
شرنگی3,,,,,,,,,,,,,,,,,,,,,,,,,,,,,,,,,,,,,,,,,,,,,,,,
شرکت آب و برق و تاسیسات قشم,,,,,,,,,,,,,,,,,,,,,,,,,,,,,,,,,,,,,,,,,,,,,,,,
شرکت توسعه خدمات بازرگانی نورد ایران,,,,,,,,,,,,,,,,,,,,,,,,,,,,,,,,,,,,,,,,,,,,,,,,
شرکت توسعه گردشگری ایران,,,,,,,,,,,,,,,,,,,,,,,,,,,,,,,,,,,,,,,,,,,,,,,,
شرکت تولید نیروی برق خلیج فارس	,,,,,,,,,,,,,,,,,,,,,,,,,,,,,,,,,,,,,,,,,,,,,,,,
شرکت تولید نیروی برق سبز بینالود,,,,,,,,,,,,,,,,,,,,,,,,,,,,,,,,,,,,,,,,,,,,,,,,
شرکت راه آهن تعمیرات پارس,,,,,,,,,,,,,,,,,,,,,,,,,,,,,,,,,,,,,,,,,,,,,,,,
شرکت رسان ریل پارس,,,,,,,,,,,,,,,,,,,,,,,,,,,,,,,,,,,,,,,,,,,,,,,,
شرکت ساخت و بهره برداری اسکله حرا قشم,,,,,,,,,,,,,,,,,,,,,,,,,,,,,,,,,,,,,,,,,,,,,,,,
شرکت سازمان تدارکات پزشکی هلال,,,,,,,,,,,,,,,,,,,,,,,,,,,,,,,,,,,,,,,,,,,,,,,,
شرکت سبدگردان اندیشه صبا,,,,,,,,,,,,,,,,,,,,,,,,,,,,,,,,,,,,,,,,,,,,,,,,
شرکت سرمایه گذاری و توسعه سازمان منطقه آزاد ارس,,,,,,,,,,,,,,,,,,,,,,,,,,,,,,,,,,,,,,,,,,,,,,,,
شرکت سرمایه گذاری و توسعه سازمان منطقه آزاد انزلی,,,,,,,,,,,,,,,,,,,,,,,,,,,,,,,,,,,,,,,,,,,,,,,,
شرکت سرمایه گذاری و توسعه سازمان منطقه آزاد ماکو,,,,,,,,,,,,,,,,,,,,,,,,,,,,,,,,,,,,,,,,,,,,,,,,
شرکت سرمایه گذاری و توسعه قشم,,,,,,,,,,,,,,,,,,,,,,,,,,,,,,,,,,,,,,,,,,,,,,,,
شرکت سنگ آهن شرق ایران(در حال تصفیه),,,,,,,,,,,,,,,,,,,,,,,,,,,,,,,,,,,,,,,,,,,,,,,,
شرکت سهامی بیمه ایران,,,,,,,,,,,,,,,,,,,,,,,,,,,,,,,,,,,,,,,,,,,,,,,,
شرکت سهامی صنایع چوب ،فلز و پلاستیک سیما چوب,,,,,,,,,,,,,,,,,,,,,,,,,,,,,,,,,,,,,,,,,,,,,,,,
شرکت سوخت رسانی و خدمات کشتی رانی ستاره قشم,,,,,,,,,,,,,,,,,,,,,,,,,,,,,,,,,,,,,,,,,,,,,,,,
شرکت صابر بناب,,,,,,,,,,,,,,,,,,,,,,,,,,,,,,,,,,,,,,,,,,,,,,,,
شرکت عمران قشم,,,,,,,,,,,,,,,,,,,,,,,,,,,,,,,,,,,,,,,,,,,,,,,,
شرکت عمران، آب  و خدمات سازمان منطقه آزاد کیش,,,,,,,,,,,,,,,,,,,,,,,,,,,,,,,,,,,,,,,,,,,,,,,,
شرکت فرو آلیاژ نیزار احیا سپاهان,,,,,,,,,,,,,,,,,,,,,,,,,,,,,,,,,,,,,,,,,,,,,,,,
شرکت مادر تخصصی اب و فاضلاب کشور,,,,,,,,,,,,,,,,,,,,,,,,,,,,,,,,,,,,,,,,,,,,,,,,
شرکت مدیریت و توسعه ملی,,,,,,,,,,,,,,,,,,,,,,,,,,,,,,,,,,,,,,,,,,,,,,,,
شرکت ملی نفتکش ایران ,,,,,,,,,,,,,,,,,,,,,,,,,,,,,,,,,,,,,,,,,,,,,,,,
شرکت ملی پالایش و پخش فرآورده های نفتی ایران,,,,,,,,,,,,,,,,,,,,,,,,,,,,,,,,,,,,,,,,,,,,,,,,
شرکت مهر گسترش زیاران,,,,,,,,,,,,,,,,,,,,,,,,,,,,,,,,,,,,,,,,,,,,,,,,
شرکت نظارت بر ضوابط بهداشت انسانی و استاندارد قشم,,,,,,,,,,,,,,,,,,,,,,,,,,,,,,,,,,,,,,,,,,,,,,,,
شرکت کارگزاری اعتبار تابان,,,,,,,,,,,,,,,,,,,,,,,,,,,,,,,,,,,,,,,,,,,,,,,,
شرکت کارگزاری اوراق بهادار آسمان,,,,,,,,,,,,,,,,,,,,,,,,,,,,,,,,,,,,,,,,,,,,,,,,
شرکت کارگزاری اوراق بهادار پاداش,,,,,,,,,,,,,,,,,,,,,,,,,,,,,,,,,,,,,,,,,,,,,,,,
شرکت کارگزاری ایده آل کوشا,,,,,,,,,,,,,,,,,,,,,,,,,,,,,,,,,,,,,,,,,,,,,,,,
شرکت کارگزاری بهین پویا,,,,,,,,,,,,,,,,,,,,,,,,,,,,,,,,,,,,,,,,,,,,,,,,
شرکت کارگزاری توسعه فردا,,,,,,,,,,,,,,,,,,,,,,,,,,,,,,,,,,,,,,,,,,,,,,,,
شرکت کارگزاری توسعه معاملات خردمند,,,,,,,,,,,,,,,,,,,,,,,,,,,,,,,,,,,,,,,,,,,,,,,,
شرکت کارگزاری راهین,,,,,,,,,,,,,,,,,,,,,,,,,,,,,,,,,,,,,,,,,,,,,,,,
شرکت کارگزاری فاخر,,,,,,,,,,,,,,,,,,,,,,,,,,,,,,,,,,,,,,,,,,,,,,,,
شرکت کارگزاری معاملات آرتان,,,,,,,,,,,,,,,,,,,,,,,,,,,,,,,,,,,,,,,,,,,,,,,,
شرکت کارگزاری هامرز,,,,,,,,,,,,,,,,,,,,,,,,,,,,,,,,,,,,,,,,,,,,,,,,
شرکت کارگزاری ویستا,,,,,,,,,,,,,,,,,,,,,,,,,,,,,,,,,,,,,,,,,,,,,,,,
شرکت کارگزاری پویان,,,,,,,,,,,,,,,,,,,,,,,,,,,,,,,,,,,,,,,,,,,,,,,,
شرکت کارگزاری پویش البرز,,,,,,,,,,,,,,,,,,,,,,,,,,,,,,,,,,,,,,,,,,,,,,,,
شرکت کارگزاری یزدان,,,,,,,,,,,,,,,,,,,,,,,,,,,,,,,,,,,,,,,,,,,,,,,,
شرکت کشتیرانی کلان کیش,,,,,,,,,,,,,,,,,,,,,,,,,,,,,,,,,,,,,,,,,,,,,,,,
شرکت گروه صنعتی غدیر یزد,,,,,,,,,,,,,,,,,,,,,,,,,,,,,,,,,,,,,,,,,,,,,,,,
شزنگ,0.0,2026-08-09 18:36:44.149365,0.0,رد_نمره,,,,2.6,2026-08-09 15:06:44.146146,2026-08-09,243,0.0,0.0,0.0,0,6.523,,,0.0,41.0,,0,10,302,2.6,"{""atr_14"": 0.0, ""symbol"": ""شزنگ"", ""live_pe"": 0.0, ""risk_ok"": true, ""decision"": ""رد_نمره"", ""industry"": ""فراورده هاي نفتي، كك و سوخت هسته اي"", ""pe_ratio"": 0.0, ""raw_score"": 2.6, ""trend_20d"": ""flat"", ""rule_50_30"": ""رد"", ""final_score"": 2.6, ""score_macro"": 0.0, ""volume_spike"": 0.0, ""current_price"": 0.0, ""liquidity_pct"": 0.0, ""position_size"": 0, ""adjusted_score"": 0.0, ""rank_in_market"": 302, ""score_feedstock"": 0.0, ""score_liquidity"": 0.0, ""score_technical"": 0.0, ""score_valuation"": 20.0, ""stop_loss_price"": 0, ""nima_free_spread"": 6.523, ""percentile_score"": 41.0, ""price_change_pct"": 0.0, ""rank_in_industry"": 10, ""score_farabourse"": 0.0, ""score_fundamental"": 0.0, ""score_gov_support"": 0.0, ""institutional_ratio"": 0.0, ""score_institutional"": 0.0, ""negative_filters_count"": 0}",True,رد,0.0,0.0,0.0,0.0,0.0,0.0,0.0,0.0,0.0,0.0,0.0,0.0,2.6,20.0,20.0,1405-05-18,0.0,شزنگ,2026-09-08,0.0
شساخت,,,,,,,,,,,,,,,,,,,,,,,,,,,,,,,,,,,,,,,,,,,,,,,,
شستا,0.0,2026-08-09 18:36:44.149365,2353.0,رد_نمره,,,,7.0,2026-08-09 15:06:44.146146,2026-08-09,245,0.0,6061077166418.667,3.0,0,6.523,,,0.47,65.9,,73529,2,175,7.0,"{""atr_14"": 10202.0, ""symbol"": ""شستا"", ""live_pe"": 54.7, ""risk_ok"": true, ""decision"": ""رد_نمره"", ""industry"": ""شرکتهاي چند رشته اي صنعتي"", ""pe_ratio"": 8.41, ""raw_score"": 3.6, ""trend_20d"": ""up"", ""rule_50_30"": ""رد"", ""final_score"": 3.6, ""score_macro"": 0.0, ""volume_spike"": 0.17, ""current_price"": 42440.0, ""liquidity_pct"": 4200766361788.3667, ""position_size"": 0, ""adjusted_score"": 0.0, ""rank_in_market"": 175, ""score_feedstock"": 0.0, ""score_liquidity"": 5.0, ""score_technical"": 0.0, ""score_valuation"": 0.0, ""stop_loss_price"": 22036.0, ""nima_free_spread"": 6.523, ""percentile_score"": 65.9, ""price_change_pct"": 5.0, ""rank_in_industry"": 2, ""score_farabourse"": 0.0, ""score_fundamental"": 15.0, ""score_gov_support"": 5.0, ""institutional_ratio"": 0.0, ""score_institutional"": 0.0, ""negative_filters_count"": 0}",True,رد,0.0,0.0,15.0,5.0,15.0,0.0,5.0,10.0,0.0,0.0,5.0,0.0,3.6,20.0,0.0,1405-05-18,2217.0,شستا,2026-09-08,0.83
شستا2,,,,,,,,,,,,,,,,,,,,,,,,,,,,,,,,,,,,,,,,,,,,,,,,
شستا3,,,,,,,,,,,,,,,,,,,,,,,,,,,,,,,,,,,,,,,,,,,,,,,,
شستان,,,,,,,,,,,,,,,,,,,,,,,,,,,,,,,,,,,,,,,,,,,,,,,,
شسم,0.0,2026-08-09 18:36:44.149365,0.0,رد_نمره,,,,2.6,2026-08-09 15:06:44.146146,2026-08-09,246,0.0,0.0,0.0,0,6.523,,,0.0,40.8,,0,30,303,2.6,"{""atr_14"": 0.0, ""symbol"": ""شسم"", ""live_pe"": 0.0, ""risk_ok"": true, ""decision"": ""رد_نمره"", ""industry"": ""محصولات شيميايي"", ""pe_ratio"": 0.0, ""raw_score"": 2.6, ""trend_20d"": ""flat"", ""rule_50_30"": ""رد"", ""final_score"": 2.6, ""score_macro"": 0.0, ""volume_spike"": 0.0, ""current_price"": 0.0, ""liquidity_pct"": 0.0, ""position_size"": 0, ""adjusted_score"": 0.0, ""rank_in_market"": 303, ""score_feedstock"": 0.0, ""score_liquidity"": 0.0, ""score_technical"": 0.0, ""score_valuation"": 20.0, ""stop_loss_price"": 0, ""nima_free_spread"": 6.523, ""percentile_score"": 40.8, ""price_change_pct"": 0.0, ""rank_in_industry"": 30, ""score_farabourse"": 0.0, ""score_fundamental"": 0.0, ""score_gov_support"": 0.0, ""institutional_ratio"": 0.0, ""score_institutional"": 0.0, ""negative_filters_count"": 0}",True,رد,0.0,0.0,0.0,0.0,0.0,0.0,0.0,0.0,0.0,0.0,0.0,0.0,2.6,20.0,20.0,1405-05-18,0.0,شسم,2026-09-08,0.0
شسپا,0.0,2026-08-09 18:36:44.149365,17260.0,رد_نمره,,,,5.7,2026-08-09 15:06:44.146146,2026-08-09,244,0.0,1160865375658.0,1.2,0,6.523,,,0.18,71.2,,10101,5,148,5.65,"{""atr_14"": 1000.0, ""symbol"": ""شسپا"", ""live_pe"": 0.1, ""risk_ok"": true, ""decision"": ""رد_نمره"", ""industry"": ""فراورده هاي نفتي، كك و سوخت هسته اي"", ""pe_ratio"": 0.01, ""raw_score"": 4.75, ""trend_20d"": ""flat"", ""rule_50_30"": ""رد"", ""final_score"": 4.8, ""score_macro"": 10.0, ""volume_spike"": 0.0, ""current_price"": 1000.0, ""liquidity_pct"": 0.0, ""position_size"": 0, ""adjusted_score"": 0.0, ""rank_in_market"": 148, ""score_feedstock"": 0.0, ""score_liquidity"": 0.0, ""score_technical"": 0.0, ""score_valuation"": 20.0, ""stop_loss_price"": -1000.0, ""nima_free_spread"": 6.523, ""percentile_score"": 71.2, ""price_change_pct"": 0.0, ""rank_in_industry"": 5, ""score_farabourse"": 0.0, ""score_fundamental"": 7.5, ""score_gov_support"": 0.0, ""institutional_ratio"": 0.0, ""score_institutional"": 0.0, ""negative_filters_count"": 0}",True,رد,0.0,0.0,7.5,5.0,7.5,0.0,0.0,10.0,0.0,0.0,0.0,0.0,4.8,20.0,20.0,1405-05-18,16270.0,شسپا,2026-09-08,0.31
شسپا2,,,,,,,,,,,,,,,,,,,,,,,,,,,,,,,,,,,,,,,,,,,,,,,,
شسپا3,,,,,,,,,,,,,,,,,,,,,,,,,,,,,,,,,,,,,,,,,,,,,,,,
شسینا,0.0,2026-08-09 18:36:44.149365,0.0,رد_نمره,,,,2.6,2026-08-09 15:06:44.146146,2026-08-09,247,0.0,0.0,0.0,0,6.523,,,0.0,40.6,,0,31,304,2.6,"{""atr_14"": 0.0, ""symbol"": ""شسينا"", ""live_pe"": 0.0, ""risk_ok"": true, ""decision"": ""رد_نمره"", ""industry"": ""محصولات شيميايي"", ""pe_ratio"": 0.0, ""raw_score"": 2.6, ""trend_20d"": ""flat"", ""rule_50_30"": ""رد"", ""final_score"": 2.6, ""score_macro"": 0.0, ""volume_spike"": 0.0, ""current_price"": 0.0, ""liquidity_pct"": 0.0, ""position_size"": 0, ""adjusted_score"": 0.0, ""rank_in_market"": 304, ""score_feedstock"": 0.0, ""score_liquidity"": 0.0, ""score_technical"": 0.0, ""score_valuation"": 20.0, ""stop_loss_price"": 0, ""nima_free_spread"": 6.523, ""percentile_score"": 40.6, ""price_change_pct"": 0.0, ""rank_in_industry"": 31, ""score_farabourse"": 0.0, ""score_fundamental"": 0.0, ""score_gov_support"": 0.0, ""institutional_ratio"": 0.0, ""score_institutional"": 0.0, ""negative_filters_count"": 0}",True,رد,0.0,0.0,0.0,0.0,0.0,0.0,0.0,0.0,0.0,0.0,0.0,0.0,2.6,20.0,20.0,1405-05-18,0.0,شسينا,2026-09-08,0.0
شسینا3,,,,,,,,,,,,,,,,,,,,,,,,,,,,,,,,,,,,,,,,,,,,,,,,
شصدف,,,,,,,,,,,,,,,,,,,,,,,,,,,,,,,,,,,,,,,,,,,,,,,,
شصدف2,,,,,,,,,,,,,,,,,,,,,,,,,,,,,,,,,,,,,,,,,,,,,,,,
شصدف3,,,,,,,,,,,,,,,,,,,,,,,,,,,,,,,,,,,,,,,,,,,,,,,,
شصفها,0.0,2026-08-09 18:36:44.149365,0.0,رد_نمره,,,,4.8,2026-08-09 15:06:44.146146,2026-08-09,248,0.0,0.0,0.0,0,6.523,,,0.0,83.5,,0,8,85,4.75,"{""atr_14"": 984.0, ""symbol"": ""شصفها"", ""live_pe"": 1.3, ""risk_ok"": true, ""decision"": ""رد_نمره"", ""industry"": ""محصولات شيميايي"", ""pe_ratio"": 0.21, ""raw_score"": 5.0, ""trend_20d"": ""up"", ""rule_50_30"": ""رد"", ""final_score"": 5.0, ""score_macro"": 10.0, ""volume_spike"": 1.66, ""current_price"": 6554.0, ""liquidity_pct"": 799876914.033333, ""position_size"": 0, ""adjusted_score"": 0.0, ""rank_in_market"": 85, ""score_feedstock"": 0.0, ""score_liquidity"": 5.0, ""score_technical"": 0.0, ""score_valuation"": 20.0, ""stop_loss_price"": 4586.0, ""nima_free_spread"": 6.523, ""percentile_score"": 83.5, ""price_change_pct"": 0.84, ""rank_in_industry"": 8, ""score_farabourse"": 0.0, ""score_fundamental"": 7.5, ""score_gov_support"": 0.0, ""institutional_ratio"": 0.0, ""score_institutional"": 0.0, ""negative_filters_count"": 0}",True,رد,0.0,0.0,7.5,0.0,7.5,0.0,5.0,10.0,0.0,0.0,0.0,0.0,5.0,20.0,20.0,1405-05-18,0.0,شصفها,2026-09-08,0.0
شصفهاح,,,,,,,,,,,,,,,,,,,,,,,,,,,,,,,,,,,,,,,,,,,,,,,,
شغدیر,0.0,2026-08-09 18:36:44.149365,0.0,رد_نمره,,,,2.6,2026-08-09 15:06:44.146146,2026-08-09,249,0.0,0.0,0.0,0,6.523,,,0.0,40.4,,0,32,305,2.6,"{""atr_14"": 0.0, ""symbol"": ""شغدير"", ""live_pe"": 0.0, ""risk_ok"": true, ""decision"": ""رد_نمره"", ""industry"": ""محصولات شيميايي"", ""pe_ratio"": 0.0, ""raw_score"": 2.6, ""trend_20d"": ""flat"", ""rule_50_30"": ""رد"", ""final_score"": 2.6, ""score_macro"": 0.0, ""volume_spike"": 0.0, ""current_price"": 0.0, ""liquidity_pct"": 0.0, ""position_size"": 0, ""adjusted_score"": 0.0, ""rank_in_market"": 305, ""score_feedstock"": 0.0, ""score_liquidity"": 0.0, ""score_technical"": 0.0, ""score_valuation"": 20.0, ""stop_loss_price"": 0, ""nima_free_spread"": 6.523, ""percentile_score"": 40.4, ""price_change_pct"": 0.0, ""rank_in_industry"": 32, ""score_farabourse"": 0.0, ""score_fundamental"": 0.0, ""score_gov_support"": 0.0, ""institutional_ratio"": 0.0, ""score_institutional"": 0.0, ""negative_filters_count"": 0}",True,رد,0.0,0.0,0.0,0.0,0.0,0.0,0.0,0.0,0.0,0.0,0.0,0.0,2.6,20.0,20.0,1405-05-18,0.0,شغدير,2026-09-08,0.0
شغدیر3,,,,,,,,,,,,,,,,,,,,,,,,,,,,,,,,,,,,,,,,,,,,,,,,
شفا,0.0,2026-08-09 18:36:44.149365,0.0,رد_نمره,,,,4.8,2026-08-09 15:06:44.146146,2026-08-09,250,0.0,0.0,0.0,0,6.523,,,0.0,71.0,,0,16,149,4.75,"{""atr_14"": 1000.0, ""symbol"": ""شفا"", ""live_pe"": 0.1, ""risk_ok"": true, ""decision"": ""رد_نمره"", ""industry"": ""مواد و محصولات دارويي"", ""pe_ratio"": 0.02, ""raw_score"": 4.75, ""trend_20d"": ""flat"", ""rule_50_30"": ""رد"", ""final_score"": 4.8, ""score_macro"": 10.0, ""volume_spike"": 0.0, ""current_price"": 1000.0, ""liquidity_pct"": 0.0, ""position_size"": 0, ""adjusted_score"": 0.0, ""rank_in_market"": 149, ""score_feedstock"": 0.0, ""score_liquidity"": 0.0, ""score_technical"": 0.0, ""score_valuation"": 20.0, ""stop_loss_price"": -1000.0, ""nima_free_spread"": 6.523, ""percentile_score"": 71.0, ""price_change_pct"": 0.0, ""rank_in_industry"": 16, ""score_farabourse"": 0.0, ""score_fundamental"": 7.5, ""score_gov_support"": 0.0, ""institutional_ratio"": 0.0, ""score_institutional"": 0.0, ""negative_filters_count"": 0}",True,رد,0.0,0.0,7.5,0.0,7.5,0.0,0.0,10.0,0.0,0.0,0.0,0.0,4.8,20.0,20.0,1405-05-18,0.0,شفا,2026-09-08,0.0
شفا3,,,,,,,,,,,,,,,,,,,,,,,,,,,,,,,,,,,,,,,,,,,,,,,,
شفارا,0.0,2026-08-09 18:36:44.149365,0.0,رد_نمره,,,,4.8,2026-08-09 15:06:44.146146,2026-08-09,251,0.0,0.0,0.0,0,6.523,,,0.0,68.4,,0,14,162,4.75,"{""atr_14"": 3254.0, ""symbol"": ""شفارا"", ""live_pe"": 7.5, ""risk_ok"": true, ""decision"": ""رد_نمره"", ""industry"": ""محصولات شيميايي"", ""pe_ratio"": 1.15, ""raw_score"": 4.2, ""trend_20d"": ""up"", ""rule_50_30"": ""رد"", ""final_score"": 4.2, ""score_macro"": 0.0, ""volume_spike"": 0.0, ""current_price"": 3770.0, ""liquidity_pct"": 3129563556.966667, ""position_size"": 0, ""adjusted_score"": 0.0, ""rank_in_market"": 162, ""score_feedstock"": 0.0, ""score_liquidity"": 5.0, ""score_technical"": 0.0, ""score_valuation"": 20.0, ""stop_loss_price"": -2737.0, ""nima_free_spread"": 6.523, ""percentile_score"": 68.4, ""price_change_pct"": 0.0, ""rank_in_industry"": 14, ""score_farabourse"": 0.0, ""score_fundamental"": 7.5, ""score_gov_support"": 0.0, ""institutional_ratio"": 0.0, ""score_institutional"": 0.0, ""negative_filters_count"": 0}",True,رد,0.0,0.0,7.5,0.0,7.5,0.0,5.0,10.0,0.0,0.0,0.0,0.0,4.2,20.0,20.0,1405-05-18,0.0,شفارا,2026-09-08,0.0
شفارس,0.0,2026-08-09 18:36:44.149365,1817.0,رد_نمره,,,,5.7,2026-08-09 15:06:44.146146,2026-08-09,252,0.0,97890630928.26666,2.0,0,6.523,,,0.3,65.1,,78740,16,179,5.65,"{""atr_14"": 91.0, ""symbol"": ""شفارس"", ""live_pe"": 8.7, ""risk_ok"": true, ""decision"": ""رد_نمره"", ""industry"": ""محصولات شيميايي"", ""pe_ratio"": 1.33, ""raw_score"": 2.9, ""trend_20d"": ""up"", ""rule_50_30"": ""رد"", ""final_score"": 2.9, ""score_macro"": 0.0, ""volume_spike"": 0.38, ""current_price"": 8000.0, ""liquidity_pct"": 30082011.966667, ""position_size"": 0, ""adjusted_score"": 0.0, ""rank_in_market"": 179, ""score_feedstock"": 0.0, ""score_liquidity"": 5.0, ""score_technical"": 0.0, ""score_valuation"": 10.0, ""stop_loss_price"": 7440.0, ""nima_free_spread"": 6.523, ""percentile_score"": 65.1, ""price_change_pct"": 0.0, ""rank_in_industry"": 16, ""score_farabourse"": 0.0, ""score_fundamental"": 7.5, ""score_gov_support"": 0.0, ""institutional_ratio"": 0.0, ""score_institutional"": 0.0, ""negative_filters_count"": 0}",True,رد,0.0,0.0,7.5,5.0,7.5,0.0,5.0,10.0,0.0,0.0,0.0,0.0,2.9,20.0,10.0,1405-05-18,1690.0,شفارس,2026-09-08,1.07
شفارس2,,,,,,,,,,,,,,,,,,,,,,,,,,,,,,,,,,,,,,,,,,,,,,,,
شفارس3,,,,,,,,,,,,,,,,,,,,,,,,,,,,,,,,,,,,,,,,,,,,,,,,
شفام,,,,,,,,,,,,,,,,,,,,,,,,,,,,,,,,,,,,,,,,,,,,,,,,
شفام3,,,,,,,,,,,,,,,,,,,,,,,,,,,,,,,,,,,,,,,,,,,,,,,,
شفن,0.0,2026-08-09 18:36:44.149365,0.0,رد_نمره,,,,4.8,2026-08-09 15:06:44.146146,2026-08-09,253,0.0,0.0,0.0,0,6.523,,,0.0,73.7,,0,10,135,4.75,"{""atr_14"": 138.0, ""symbol"": ""شفن"", ""live_pe"": 6.5, ""risk_ok"": true, ""decision"": ""رد_نمره"", ""industry"": ""محصولات شيميايي"", ""pe_ratio"": 0.99, ""raw_score"": 4.85, ""trend_20d"": ""up"", ""rule_50_30"": ""رد"", ""final_score"": 4.9, ""score_macro"": 0.0, ""volume_spike"": 0.18, ""current_price"": 7332.0, ""liquidity_pct"": 50997763136.333336, ""position_size"": 0, ""adjusted_score"": 0.0, ""rank_in_market"": 135, ""score_feedstock"": 0.0, ""score_liquidity"": 5.0, ""score_technical"": 0.0, ""score_valuation"": 20.0, ""stop_loss_price"": 6819.0, ""nima_free_spread"": 6.523, ""percentile_score"": 73.7, ""price_change_pct"": -0.74, ""rank_in_industry"": 10, ""score_farabourse"": 0.0, ""score_fundamental"": 7.5, ""score_gov_support"": 5.0, ""institutional_ratio"": 0.0, ""score_institutional"": 0.0, ""negative_filters_count"": 0}",True,رد,0.0,0.0,7.5,0.0,7.5,0.0,5.0,10.0,0.0,0.0,5.0,0.0,4.9,20.0,20.0,1405-05-18,0.0,شفن,2026-09-08,0.0
شفن3,,,,,,,,,,,,,,,,,,,,,,,,,,,,,,,,,,,,,,,,,,,,,,,,
شكف,0.0,2026-08-09 18:36:44.149365,0.0,رد_نمره,,,,2.6,2026-08-09 15:06:44.146146,2026-08-09,255,0.0,0.0,0.0,0,6.523,,,0.0,40.0,,0,34,307,2.6,"{""atr_14"": 0.0, ""symbol"": ""شكف"", ""live_pe"": 0.0, ""risk_ok"": true, ""decision"": ""رد_نمره"", ""industry"": ""محصولات شيميايي"", ""pe_ratio"": 0.0, ""raw_score"": 2.6, ""trend_20d"": ""flat"", ""rule_50_30"": ""رد"", ""final_score"": 2.6, ""score_macro"": 0.0, ""volume_spike"": 0.0, ""current_price"": 0.0, ""liquidity_pct"": 0.0, ""position_size"": 0, ""adjusted_score"": 0.0, ""rank_in_market"": 307, ""score_feedstock"": 0.0, ""score_liquidity"": 0.0, ""score_technical"": 0.0, ""score_valuation"": 20.0, ""stop_loss_price"": 0, ""nima_free_spread"": 6.523, ""percentile_score"": 40.0, ""price_change_pct"": 0.0, ""rank_in_industry"": 34, ""score_farabourse"": 0.0, ""score_fundamental"": 0.0, ""score_gov_support"": 0.0, ""institutional_ratio"": 0.0, ""score_institutional"": 0.0, ""negative_filters_count"": 0}",True,رد,0.0,0.0,0.0,0.0,0.0,0.0,0.0,0.0,0.0,0.0,0.0,0.0,2.6,20.0,20.0,1405-05-18,0.0,شكف,2026-09-08,0.0
شلرد,,,,,,,,,,,,,,,,,,,,,,,,,,,,,,,,,,,,,,,,,,,,,,,,
شلعاب,0.0,2026-08-09 18:36:44.149365,1011.0,رد_نمره,,,,4.9,2026-08-09 15:06:44.146146,2026-08-09,258,0.0,27736402052.466667,3.6,0,6.523,,,0.56,7.1,,140845,45,475,4.85,"{""atr_14"": 51.0, ""symbol"": ""شلعاب"", ""live_pe"": 16.8, ""risk_ok"": true, ""decision"": ""رد_نمره"", ""industry"": ""محصولات شيميايي"", ""pe_ratio"": 2.58, ""raw_score"": 1.6, ""trend_20d"": ""flat"", ""rule_50_30"": ""رد"", ""final_score"": 1.6, ""score_macro"": 0.0, ""volume_spike"": 0.09, ""current_price"": 4700.0, ""liquidity_pct"": 51827514.166667, ""position_size"": 0, ""adjusted_score"": 0.0, ""rank_in_market"": 475, ""score_feedstock"": 0.0, ""score_liquidity"": 5.0, ""score_technical"": 0.0, ""score_valuation"": 0.0, ""stop_loss_price"": 4371.0, ""nima_free_spread"": 6.523, ""percentile_score"": 7.1, ""price_change_pct"": 0.0, ""rank_in_industry"": 45, ""score_farabourse"": 0.0, ""score_fundamental"": 7.5, ""score_gov_support"": 0.0, ""institutional_ratio"": 0.0, ""score_institutional"": 0.0, ""negative_filters_count"": 0}",True,رد,0.0,0.0,7.5,5.0,7.5,0.0,5.0,0.0,0.0,0.0,0.0,0.0,1.6,20.0,0.0,1405-05-18,940.0,شلعاب,2026-09-08,0.71
شلعاب3,,,,,,,,,,,,,,,,,,,,,,,,,,,,,,,,,,,,,,,,,,,,,,,,
شلوان,0.0,2026-08-09 18:36:44.149365,0.0,رد_نمره,,,,2.6,2026-08-09 15:06:44.146146,2026-08-09,259,0.0,0.0,0.0,0,6.523,,,0.0,39.6,,0,36,309,2.6,"{""atr_14"": 0.0, ""symbol"": ""شلوان"", ""live_pe"": 0.0, ""risk_ok"": true, ""decision"": ""رد_نمره"", ""industry"": ""محصولات شيميايي"", ""pe_ratio"": 0.0, ""raw_score"": 2.6, ""trend_20d"": ""flat"", ""rule_50_30"": ""رد"", ""final_score"": 2.6, ""score_macro"": 0.0, ""volume_spike"": 0.0, ""current_price"": 0.0, ""liquidity_pct"": 0.0, ""position_size"": 0, ""adjusted_score"": 0.0, ""rank_in_market"": 309, ""score_feedstock"": 0.0, ""score_liquidity"": 0.0, ""score_technical"": 0.0, ""score_valuation"": 20.0, ""stop_loss_price"": 0, ""nima_free_spread"": 6.523, ""percentile_score"": 39.6, ""price_change_pct"": 0.0, ""rank_in_industry"": 36, ""score_farabourse"": 0.0, ""score_fundamental"": 0.0, ""score_gov_support"": 0.0, ""institutional_ratio"": 0.0, ""score_institutional"": 0.0, ""negative_filters_count"": 0}",True,رد,0.0,0.0,0.0,0.0,0.0,0.0,0.0,0.0,0.0,0.0,0.0,0.0,2.6,20.0,20.0,1405-05-18,0.0,شلوان,2026-09-08,0.0
شلیا,,,,,,,,,,,,,,,,,,,,,,,,,,,,,,,,,,,,,,,,,,,,,,,,
شمرجان,,,,,,,,,,,,,,,,,,,,,,,,,,,,,,,,,,,,,,,,,,,,,,,,
شمروارید,,,,,,,,,,,,,,,,,,,,,,,,,,,,,,,,,,,,,,,,,,,,,,,,
شمس,,,,,,,,,,,,,,,,,,,,,,,,,,,,,,,,,,,,,,,,,,,,,,,,
شمس2,,,,,,,,,,,,,,,,,,,,,,,,,,,,,,,,,,,,,,,,,,,,,,,,
شمس3,,,,,,,,,,,,,,,,,,,,,,,,,,,,,,,,,,,,,,,,,,,,,,,,
شملی,,,,,,,,,,,,,,,,,,,,,,,,,,,,,,,,,,,,,,,,,,,,,,,,
شملی3,,,,,,,,,,,,,,,,,,,,,,,,,,,,,,,,,,,,,,,,,,,,,,,,
شمواد,0.0,2026-08-09 18:36:44.149365,0.0,رد_نمره,,,,4.8,2026-08-09 15:06:44.146146,2026-08-09,260,0.0,0.0,0.0,0,6.523,,,0.0,93.3,,0,3,35,4.75,"{""atr_14"": 1296.0, ""symbol"": ""شمواد"", ""live_pe"": 0.5, ""risk_ok"": true, ""decision"": ""رد_نمره"", ""industry"": ""محصولات شيميايي"", ""pe_ratio"": 0.08, ""raw_score"": 5.6, ""trend_20d"": ""up"", ""rule_50_30"": ""رد"", ""final_score"": 5.6, ""score_macro"": 10.0, ""volume_spike"": 2.79, ""current_price"": 3808.0, ""liquidity_pct"": 1793566389.933333, ""position_size"": 0, ""adjusted_score"": 0.0, ""rank_in_market"": 35, ""score_feedstock"": 0.0, ""score_liquidity"": 5.0, ""score_technical"": 7.5, ""score_valuation"": 20.0, ""stop_loss_price"": 1216.0, ""nima_free_spread"": 6.523, ""percentile_score"": 93.3, ""price_change_pct"": -1.99, ""rank_in_industry"": 3, ""score_farabourse"": 0.0, ""score_fundamental"": 7.5, ""score_gov_support"": 0.0, ""institutional_ratio"": 0.0, ""score_institutional"": 0.0, ""negative_filters_count"": 0}",True,رد,0.0,0.0,7.5,0.0,7.5,0.0,5.0,10.0,7.5,0.0,0.0,0.0,5.6,20.0,20.0,1405-05-18,0.0,شمواد,2026-09-08,0.0
شمیم,,,,,,,,,,,,,,,,,,,,,,,,,,,,,,,,,,,,,,,,,,,,,,,,
شمیم2,,,,,,,,,,,,,,,,,,,,,,,,,,,,,,,,,,,,,,,,,,,,,,,,
شنفت,0.0,2026-08-09 18:36:44.149365,14090.0,رد_نمره,,,,4.3,2026-08-09 15:06:44.146146,2026-08-09,261,0.0,334940588877.3333,1.5,0,6.523,,,0.24,66.5,,10141,7,172,4.3,"{""atr_14"": 209.0, ""symbol"": ""شنفت"", ""live_pe"": 2.4, ""risk_ok"": true, ""decision"": ""رد_نمره"", ""industry"": ""فراورده هاي نفتي، كك و سوخت هسته اي"", ""pe_ratio"": 0.37, ""raw_score"": 3.65, ""trend_20d"": ""flat"", ""rule_50_30"": ""رد"", ""final_score"": 3.7, ""score_macro"": 10.0, ""volume_spike"": 1.13, ""current_price"": 22204.0, ""liquidity_pct"": 96955922.933333, ""position_size"": 0, ""adjusted_score"": 0.0, ""rank_in_market"": 172, ""score_feedstock"": 0.0, ""score_liquidity"": 5.0, ""score_technical"": 0.0, ""score_valuation"": 20.0, ""stop_loss_price"": 20650.0, ""nima_free_spread"": 6.523, ""percentile_score"": 66.5, ""price_change_pct"": 0.93, ""rank_in_industry"": 7, ""score_farabourse"": 0.0, ""score_fundamental"": 0.0, ""score_gov_support"": 0.0, ""institutional_ratio"": 0.0, ""score_institutional"": 0.0, ""negative_filters_count"": 0}",True,رد,0.0,0.0,0.0,5.0,0.0,0.0,5.0,10.0,0.0,0.0,0.0,0.0,3.7,20.0,20.0,1405-05-18,13104.0,شنفت,2026-09-08,1.23
شنفت3,,,,,,,,,,,,,,,,,,,,,,,,,,,,,,,,,,,,,,,,,,,,,,,,
شهر,,,,,,,,,,,,,,,,,,,,,,,,,,,,,,,,,,,,,,,,,,,,,,,,
شهر آفتاب,,,,,,,,,,,,,,,,,,,,,,,,,,,,,,,,,,,,,,,,,,,,,,,,
شهر بازار,,,,,,,,,,,,,,,,,,,,,,,,,,,,,,,,,,,,,,,,,,,,,,,,
شهر فرودگاهی امام خمینی (ره),,,,,,,,,,,,,,,,,,,,,,,,,,,,,,,,,,,,,,,,,,,,,,,,
شهر ‌فرش,,,,,,,,,,,,,,,,,,,,,,,,,,,,,,,,,,,,,,,,,,,,,,,,
شهر3,,,,,,,,,,,,,,,,,,,,,,,,,,,,,,,,,,,,,,,,,,,,,,,,
شهربان,,,,,,,,,,,,,,,,,,,,,,,,,,,,,,,,,,,,,,,,,,,,,,,,
شهرداری ارومیه,,,,,,,,,,,,,,,,,,,,,,,,,,,,,,,,,,,,,,,,,,,,,,,,
شهرداری اصفهان,,,,,,,,,,,,,,,,,,,,,,,,,,,,,,,,,,,,,,,,,,,,,,,,
شهرداری اهواز,,,,,,,,,,,,,,,,,,,,,,,,,,,,,,,,,,,,,,,,,,,,,,,,
شهرداری بجنورد,,,,,,,,,,,,,,,,,,,,,,,,,,,,,,,,,,,,,,,,,,,,,,,,
شهرداری بناب,,,,,,,,,,,,,,,,,,,,,,,,,,,,,,,,,,,,,,,,,,,,,,,,
شهرداری بیرجند,,,,,,,,,,,,,,,,,,,,,,,,,,,,,,,,,,,,,,,,,,,,,,,,
شهرداری زنجان,,,,,,,,,,,,,,,,,,,,,,,,,,,,,,,,,,,,,,,,,,,,,,,,
شهرداری شهر اردبیل,,,,,,,,,,,,,,,,,,,,,,,,,,,,,,,,,,,,,,,,,,,,,,,,
شهرداری شهرکرد,,,,,,,,,,,,,,,,,,,,,,,,,,,,,,,,,,,,,,,,,,,,,,,,
شهرداری قزوین,,,,,,,,,,,,,,,,,,,,,,,,,,,,,,,,,,,,,,,,,,,,,,,,
شهرداری قم,,,,,,,,,,,,,,,,,,,,,,,,,,,,,,,,,,,,,,,,,,,,,,,,
شهرداری مشهد,,,,,,,,,,,,,,,,,,,,,,,,,,,,,,,,,,,,,,,,,,,,,,,,
شهرداری همدان,,,,,,,,,,,,,,,,,,,,,,,,,,,,,,,,,,,,,,,,,,,,,,,,
شهرداری کاشان,,,,,,,,,,,,,,,,,,,,,,,,,,,,,,,,,,,,,,,,,,,,,,,,
شهرداری کرج,,,,,,,,,,,,,,,,,,,,,,,,,,,,,,,,,,,,,,,,,,,,,,,,
شهرداری کرمانشاه,,,,,,,,,,,,,,,,,,,,,,,,,,,,,,,,,,,,,,,,,,,,,,,,
شهرداری گنبدکاووس,,,,,,,,,,,,,,,,,,,,,,,,,,,,,,,,,,,,,,,,,,,,,,,,
شهرسالم,,,,,,,,,,,,,,,,,,,,,,,,,,,,,,,,,,,,,,,,,,,,,,,,
شهروند,,,,,,,,,,,,,,,,,,,,,,,,,,,,,,,,,,,,,,,,,,,,,,,,
شهرکهای کشاورزی,,,,,,,,,,,,,,,,,,,,,,,,,,,,,,,,,,,,,,,,,,,,,,,,
شوش,0.0,2026-08-09 18:36:44.149365,0.0,رد_نمره,,,,2.6,2026-08-09 15:06:44.146146,2026-08-09,262,0.0,0.0,0.0,0,6.523,,,0.0,39.4,,0,37,310,2.6,"{""atr_14"": 0.0, ""symbol"": ""شوش"", ""live_pe"": 0.0, ""risk_ok"": true, ""decision"": ""رد_نمره"", ""industry"": ""محصولات شيميايي"", ""pe_ratio"": 0.0, ""raw_score"": 2.6, ""trend_20d"": ""flat"", ""rule_50_30"": ""رد"", ""final_score"": 2.6, ""score_macro"": 0.0, ""volume_spike"": 0.0, ""current_price"": 0.0, ""liquidity_pct"": 0.0, ""position_size"": 0, ""adjusted_score"": 0.0, ""rank_in_market"": 310, ""score_feedstock"": 0.0, ""score_liquidity"": 0.0, ""score_technical"": 0.0, ""score_valuation"": 20.0, ""stop_loss_price"": 0, ""nima_free_spread"": 6.523, ""percentile_score"": 39.4, ""price_change_pct"": 0.0, ""rank_in_industry"": 37, ""score_farabourse"": 0.0, ""score_fundamental"": 0.0, ""score_gov_support"": 0.0, ""institutional_ratio"": 0.0, ""score_institutional"": 0.0, ""negative_filters_count"": 0}",True,رد,0.0,0.0,0.0,0.0,0.0,0.0,0.0,0.0,0.0,0.0,0.0,0.0,2.6,20.0,20.0,1405-05-18,0.0,شوش,2026-09-08,0.0
شوینده,0.0,2026-08-09 18:36:44.149365,0.0,رد_نمره,,,,2.6,2026-08-09 15:06:44.146146,2026-08-09,263,0.0,0.0,0.0,0,6.523,,,0.0,39.2,,0,38,311,2.6,"{""atr_14"": 0.0, ""symbol"": ""شوينده"", ""live_pe"": 0.0, ""risk_ok"": true, ""decision"": ""رد_نمره"", ""industry"": ""محصولات شيميايي"", ""pe_ratio"": 0.0, ""raw_score"": 2.6, ""trend_20d"": ""flat"", ""rule_50_30"": ""رد"", ""final_score"": 2.6, ""score_macro"": 0.0, ""volume_spike"": 0.0, ""current_price"": 0.0, ""liquidity_pct"": 0.0, ""position_size"": 0, ""adjusted_score"": 0.0, ""rank_in_market"": 311, ""score_feedstock"": 0.0, ""score_liquidity"": 0.0, ""score_technical"": 0.0, ""score_valuation"": 20.0, ""stop_loss_price"": 0, ""nima_free_spread"": 6.523, ""percentile_score"": 39.2, ""price_change_pct"": 0.0, ""rank_in_industry"": 38, ""score_farabourse"": 0.0, ""score_fundamental"": 0.0, ""score_gov_support"": 0.0, ""institutional_ratio"": 0.0, ""score_institutional"": 0.0, ""negative_filters_count"": 0}",True,رد,0.0,0.0,0.0,0.0,0.0,0.0,0.0,0.0,0.0,0.0,0.0,0.0,2.6,20.0,20.0,1405-05-18,0.0,شوينده,2026-09-08,0.0
شوینده3,,,,,,,,,,,,,,,,,,,,,,,,,,,,,,,,,,,,,,,,,,,,,,,,
شپارس,0.0,2026-08-09 18:36:44.149365,1307.0,رد_نمره,,,,5.7,2026-08-09 15:06:44.146146,2026-08-09,229,0.0,84263101137.13333,0.9,0,6.523,,,0.14,7.3,,109890,44,474,5.65,"{""atr_14"": 1108.0, ""symbol"": ""شپارس"", ""live_pe"": 11.1, ""risk_ok"": true, ""decision"": ""رد_نمره"", ""industry"": ""محصولات شيميايي"", ""pe_ratio"": 1.71, ""raw_score"": 1.6, ""trend_20d"": ""down"", ""rule_50_30"": ""رد"", ""final_score"": 1.6, ""score_macro"": 0.0, ""volume_spike"": 0.09, ""current_price"": 16498.0, ""liquidity_pct"": 22813892.933333, ""position_size"": 0, ""adjusted_score"": 0.0, ""rank_in_market"": 474, ""score_feedstock"": 0.0, ""score_liquidity"": 5.0, ""score_technical"": 0.0, ""score_valuation"": 0.0, ""stop_loss_price"": 14282.0, ""nima_free_spread"": 6.523, ""percentile_score"": 7.3, ""price_change_pct"": -0.01, ""rank_in_industry"": 44, ""score_farabourse"": 0.0, ""score_fundamental"": 7.5, ""score_gov_support"": 0.0, ""institutional_ratio"": 0.0, ""score_institutional"": 0.0, ""negative_filters_count"": 0}",True,رد,0.0,0.0,7.5,5.0,7.5,0.0,5.0,10.0,0.0,0.0,0.0,0.0,1.6,20.0,0.0,1405-05-18,1216.0,شپارس,2026-09-08,1.31
شپارس3,,,,,,,,,,,,,,,,,,,,,,,,,,,,,,,,,,,,,,,,,,,,,,,,
شپاس,,,,,,,,,,,,,,,,,,,,,,,,,,,,,,,,,,,,,,,,,,,,,,,,
شپاس3,,,,,,,,,,,,,,,,,,,,,,,,,,,,,,,,,,,,,,,,,,,,,,,,
شپاکسا,0.0,2026-08-09 18:36:44.149365,0.0,رد_نمره,,,,2.6,2026-08-09 15:06:44.146146,2026-08-09,230,0.0,0.0,0.0,0,6.523,,,0.0,42.5,,0,23,294,2.6,"{""atr_14"": 0.0, ""symbol"": ""شپاكسا"", ""live_pe"": 0.0, ""risk_ok"": true, ""decision"": ""رد_نمره"", ""industry"": ""محصولات شيميايي"", ""pe_ratio"": 0.0, ""raw_score"": 2.6, ""trend_20d"": ""flat"", ""rule_50_30"": ""رد"", ""final_score"": 2.6, ""score_macro"": 0.0, ""volume_spike"": 0.0, ""current_price"": 0.0, ""liquidity_pct"": 0.0, ""position_size"": 0, ""adjusted_score"": 0.0, ""rank_in_market"": 294, ""score_feedstock"": 0.0, ""score_liquidity"": 0.0, ""score_technical"": 0.0, ""score_valuation"": 20.0, ""stop_loss_price"": 0, ""nima_free_spread"": 6.523, ""percentile_score"": 42.5, ""price_change_pct"": 0.0, ""rank_in_industry"": 23, ""score_farabourse"": 0.0, ""score_fundamental"": 0.0, ""score_gov_support"": 0.0, ""institutional_ratio"": 0.0, ""score_institutional"": 0.0, ""negative_filters_count"": 0}",True,رد,0.0,0.0,0.0,0.0,0.0,0.0,0.0,0.0,0.0,0.0,0.0,0.0,2.6,20.0,20.0,1405-05-18,0.0,شپاكسا,2026-09-08,0.0
شپاکسا3,,,,,,,,,,,,,,,,,,,,,,,,,,,,,,,,,,,,,,,,,,,,,,,,
شپاکساح,,,,,,,,,,,,,,,,,,,,,,,,,,,,,,,,,,,,,,,,,,,,,,,,
شپترو,0.0,2026-08-09 18:36:44.149365,1811.0,رد_نمره,,,,1.5,2026-08-09 15:06:44.146146,2026-08-09,231,0.0,67449192467.26667,45275.0,0,6.523,,,6965.38,5.5,,78740,46,483,1.5,"{""atr_14"": 115.0, ""symbol"": ""شپترو"", ""live_pe"": 86550.0, ""risk_ok"": true, ""decision"": ""رد_نمره"", ""industry"": ""محصولات شيميايي"", ""pe_ratio"": 13315.38, ""raw_score"": 1.5, ""trend_20d"": ""up"", ""rule_50_30"": ""رد"", ""final_score"": 1.5, ""score_macro"": 0.0, ""volume_spike"": 2.12, ""current_price"": 3462.0, ""liquidity_pct"": 60070222990.933334, ""position_size"": 0, ""adjusted_score"": 0.0, ""rank_in_market"": 483, ""score_feedstock"": 0.0, ""score_liquidity"": 5.0, ""score_technical"": 7.5, ""score_valuation"": 0.0, ""stop_loss_price"": 3220.0, ""nima_free_spread"": 6.523, ""percentile_score"": 5.5, ""price_change_pct"": -2.99, ""rank_in_industry"": 46, ""score_farabourse"": 0.0, ""score_fundamental"": 0.0, ""score_gov_support"": 5.0, ""institutional_ratio"": 0.0, ""score_institutional"": 0.0, ""negative_filters_count"": 0}",True,رد,0.0,0.0,0.0,5.0,0.0,0.0,5.0,0.0,7.5,0.0,5.0,7.5,1.5,0.0,0.0,1405-05-18,1684.0,شپترو,2026-09-08,2.01
شپدیس,0.0,2026-08-09 18:36:44.149365,0.0,رد_نمره,,,,2.6,2026-08-09 15:06:44.146146,2026-08-09,232,0.0,0.0,0.0,0,6.523,,,0.0,42.4,,0,24,295,2.6,"{""atr_14"": 0.0, ""symbol"": ""شپديس"", ""live_pe"": 0.0, ""risk_ok"": true, ""decision"": ""رد_نمره"", ""industry"": ""محصولات شيميايي"", ""pe_ratio"": 0.0, ""raw_score"": 2.6, ""trend_20d"": ""flat"", ""rule_50_30"": ""رد"", ""final_score"": 2.6, ""score_macro"": 0.0, ""volume_spike"": 0.0, ""current_price"": 0.0, ""liquidity_pct"": 0.0, ""position_size"": 0, ""adjusted_score"": 0.0, ""rank_in_market"": 295, ""score_feedstock"": 0.0, ""score_liquidity"": 0.0, ""score_technical"": 0.0, ""score_valuation"": 20.0, ""stop_loss_price"": 0, ""nima_free_spread"": 6.523, ""percentile_score"": 42.4, ""price_change_pct"": 0.0, ""rank_in_industry"": 24, ""score_farabourse"": 0.0, ""score_fundamental"": 0.0, ""score_gov_support"": 0.0, ""institutional_ratio"": 0.0, ""score_institutional"": 0.0, ""negative_filters_count"": 0}",True,رد,0.0,0.0,0.0,0.0,0.0,0.0,0.0,0.0,0.0,0.0,0.0,0.0,2.6,20.0,20.0,1405-05-18,0.0,شپديس,2026-09-08,0.0
شپدیس2,,,,,,,,,,,,,,,,,,,,,,,,,,,,,,,,,,,,,,,,,,,,,,,,
شپدیس3,,,,,,,,,,,,,,,,,,,,,,,,,,,,,,,,,,,,,,,,,,,,,,,,
شپلی,0.0,2026-08-09 18:36:44.149365,0.0,رد_نمره,,,,2.6,2026-08-09 15:06:44.146146,2026-08-09,233,0.0,0.0,0.0,0,6.523,,,0.0,42.2,,0,25,296,2.6,"{""atr_14"": 0.0, ""symbol"": ""شپلي"", ""live_pe"": 0.0, ""risk_ok"": true, ""decision"": ""رد_نمره"", ""industry"": ""محصولات شيميايي"", ""pe_ratio"": 0.0, ""raw_score"": 2.6, ""trend_20d"": ""flat"", ""rule_50_30"": ""رد"", ""final_score"": 2.6, ""score_macro"": 0.0, ""volume_spike"": 0.0, ""current_price"": 0.0, ""liquidity_pct"": 0.0, ""position_size"": 0, ""adjusted_score"": 0.0, ""rank_in_market"": 296, ""score_feedstock"": 0.0, ""score_liquidity"": 0.0, ""score_technical"": 0.0, ""score_valuation"": 20.0, ""stop_loss_price"": 0, ""nima_free_spread"": 6.523, ""percentile_score"": 42.2, ""price_change_pct"": 0.0, ""rank_in_industry"": 25, ""score_farabourse"": 0.0, ""score_fundamental"": 0.0, ""score_gov_support"": 0.0, ""institutional_ratio"": 0.0, ""score_institutional"": 0.0, ""negative_filters_count"": 0}",True,رد,0.0,0.0,0.0,0.0,0.0,0.0,0.0,0.0,0.0,0.0,0.0,0.0,2.6,20.0,20.0,1405-05-18,0.0,شپلي,2026-09-08,0.0
شپلی2,,,,,,,,,,,,,,,,,,,,,,,,,,,,,,,,,,,,,,,,,,,,,,,,
شپمچا,0.0,2026-08-09 18:36:44.149365,0.0,رد_نمره,,,,2.6,2026-08-09 15:06:44.146146,2026-08-09,234,0.0,0.0,0.0,0,6.523,,,0.0,42.0,,0,26,297,2.6,"{""atr_14"": 0.0, ""symbol"": ""شپمچا"", ""live_pe"": 0.0, ""risk_ok"": true, ""decision"": ""رد_نمره"", ""industry"": ""محصولات شيميايي"", ""pe_ratio"": 0.0, ""raw_score"": 2.6, ""trend_20d"": ""flat"", ""rule_50_30"": ""رد"", ""final_score"": 2.6, ""score_macro"": 0.0, ""volume_spike"": 0.0, ""current_price"": 0.0, ""liquidity_pct"": 0.0, ""position_size"": 0, ""adjusted_score"": 0.0, ""rank_in_market"": 297, ""score_feedstock"": 0.0, ""score_liquidity"": 0.0, ""score_technical"": 0.0, ""score_valuation"": 20.0, ""stop_loss_price"": 0, ""nima_free_spread"": 6.523, ""percentile_score"": 42.0, ""price_change_pct"": 0.0, ""rank_in_industry"": 26, ""score_farabourse"": 0.0, ""score_fundamental"": 0.0, ""score_gov_support"": 0.0, ""institutional_ratio"": 0.0, ""score_institutional"": 0.0, ""negative_filters_count"": 0}",True,رد,0.0,0.0,0.0,0.0,0.0,0.0,0.0,0.0,0.0,0.0,0.0,0.0,2.6,20.0,20.0,1405-05-18,0.0,شپمچا,2026-09-08,0.0
شپنا,0.0,2026-08-09 18:36:44.149365,0.0,رد_نمره,,,,4.8,2026-08-09 15:06:44.146146,2026-08-09,235,0.0,0.0,0.0,0,6.523,,,0.0,95.3,,0,2,25,4.75,"{""atr_14"": 271.0, ""symbol"": ""شپنا"", ""live_pe"": 0.9, ""risk_ok"": true, ""decision"": ""رد_نمره"", ""industry"": ""فراورده هاي نفتي، كك و سوخت هسته اي"", ""pe_ratio"": 0.21, ""raw_score"": 5.65, ""trend_20d"": ""flat"", ""rule_50_30"": ""رد"", ""final_score"": 5.7, ""score_macro"": 10.0, ""volume_spike"": 0.15, ""current_price"": 6766.0, ""liquidity_pct"": 98906540238.5, ""position_size"": 0, ""adjusted_score"": 0.0, ""rank_in_market"": 25, ""score_feedstock"": 0.0, ""score_liquidity"": 5.0, ""score_technical"": 0.0, ""score_valuation"": 20.0, ""stop_loss_price"": 6223.0, ""nima_free_spread"": 6.523, ""percentile_score"": 95.3, ""price_change_pct"": -3.0, ""rank_in_industry"": 2, ""score_farabourse"": 0.0, ""score_fundamental"": 7.5, ""score_gov_support"": 5.0, ""institutional_ratio"": 0.0, ""score_institutional"": 0.0, ""negative_filters_count"": 0}",True,رد,0.0,0.0,7.5,0.0,7.5,0.0,5.0,10.0,0.0,0.0,5.0,0.0,5.7,20.0,20.0,1405-05-18,0.0,شپنا,2026-09-08,0.0
شپنا2,,,,,,,,,,,,,,,,,,,,,,,,,,,,,,,,,,,,,,,,,,,,,,,,
شپنا3,,,,,,,,,,,,,,,,,,,,,,,,,,,,,,,,,,,,,,,,,,,,,,,,
شکارون,,,,,,,,,,,,,,,,,,,,,,,,,,,,,,,,,,,,,,,,,,,,,,,,
شکام,,,,,,,,,,,,,,,,,,,,,,,,,,,,,,,,,,,,,,,,,,,,,,,,
شکام2,,,,,,,,,,,,,,,,,,,,,,,,,,,,,,,,,,,,,,,,,,,,,,,,
شکام3,,,,,,,,,,,,,,,,,,,,,,,,,,,,,,,,,,,,,,,,,,,,,,,,
شکبیر,,,,,,,,,,,,,,,,,,,,,,,,,,,,,,,,,,,,,,,,,,,,,,,,
شکربن,0.0,2026-08-09 18:36:44.149365,0.0,رد_نمره,,,,2.6,2026-08-09 15:06:44.146146,2026-08-09,254,0.0,0.0,0.0,0,6.523,,,0.0,40.2,,0,33,306,2.6,"{""atr_14"": 0.0, ""symbol"": ""شكربن"", ""live_pe"": 0.0, ""risk_ok"": true, ""decision"": ""رد_نمره"", ""industry"": ""محصولات شيميايي"", ""pe_ratio"": 0.0, ""raw_score"": 2.6, ""trend_20d"": ""flat"", ""rule_50_30"": ""رد"", ""final_score"": 2.6, ""score_macro"": 0.0, ""volume_spike"": 0.0, ""current_price"": 0.0, ""liquidity_pct"": 0.0, ""position_size"": 0, ""adjusted_score"": 0.0, ""rank_in_market"": 306, ""score_feedstock"": 0.0, ""score_liquidity"": 0.0, ""score_technical"": 0.0, ""score_valuation"": 20.0, ""stop_loss_price"": 0, ""nima_free_spread"": 6.523, ""percentile_score"": 40.2, ""price_change_pct"": 0.0, ""rank_in_industry"": 33, ""score_farabourse"": 0.0, ""score_fundamental"": 0.0, ""score_gov_support"": 0.0, ""institutional_ratio"": 0.0, ""score_institutional"": 0.0, ""negative_filters_count"": 0}",True,رد,0.0,0.0,0.0,0.0,0.0,0.0,0.0,0.0,0.0,0.0,0.0,0.0,2.6,20.0,20.0,1405-05-18,0.0,شكربن,2026-09-08,0.0
شکربن3,,,,,,,,,,,,,,,,,,,,,,,,,,,,,,,,,,,,,,,,,,,,,,,,
شکلر,0.0,2026-08-09 18:36:44.149365,0.0,رد_نمره,,,,2.6,2026-08-09 15:06:44.146146,2026-08-09,256,0.0,0.0,0.0,0,6.523,,,0.0,39.8,,0,35,308,2.6,"{""atr_14"": 0.0, ""symbol"": ""شكلر"", ""live_pe"": 0.0, ""risk_ok"": true, ""decision"": ""رد_نمره"", ""industry"": ""محصولات شيميايي"", ""pe_ratio"": 0.0, ""raw_score"": 2.6, ""trend_20d"": ""flat"", ""rule_50_30"": ""رد"", ""final_score"": 2.6, ""score_macro"": 0.0, ""volume_spike"": 0.0, ""current_price"": 0.0, ""liquidity_pct"": 0.0, ""position_size"": 0, ""adjusted_score"": 0.0, ""rank_in_market"": 308, ""score_feedstock"": 0.0, ""score_liquidity"": 0.0, ""score_technical"": 0.0, ""score_valuation"": 20.0, ""stop_loss_price"": 0, ""nima_free_spread"": 6.523, ""percentile_score"": 39.8, ""price_change_pct"": 0.0, ""rank_in_industry"": 35, ""score_farabourse"": 0.0, ""score_fundamental"": 0.0, ""score_gov_support"": 0.0, ""institutional_ratio"": 0.0, ""score_institutional"": 0.0, ""negative_filters_count"": 0}",True,رد,0.0,0.0,0.0,0.0,0.0,0.0,0.0,0.0,0.0,0.0,0.0,0.0,2.6,20.0,20.0,1405-05-18,0.0,شكلر,2026-09-08,0.0
شکلر3,,,,,,,,,,,,,,,,,,,,,,,,,,,,,,,,,,,,,,,,,,,,,,,,
شکیمیا,,,,,,,,,,,,,,,,,,,,,,,,,,,,,,,,,,,,,,,,,,,,,,,,
شگامرن,,,,,,,,,,,,,,,,,,,,,,,,,,,,,,,,,,,,,,,,,,,,,,,,
شگامرن2,,,,,,,,,,,,,,,,,,,,,,,,,,,,,,,,,,,,,,,,,,,,,,,,
شگستر,,,,,,,,,,,,,,,,,,,,,,,,,,,,,,,,,,,,,,,,,,,,,,,,
شگل,0.0,2026-08-09 18:36:44.149365,0.0,رد_نمره,,,,4.8,2026-08-09 15:06:44.146146,2026-08-09,257,0.0,0.0,0.0,0,6.523,,,0.0,83.3,,0,9,86,4.75,"{""atr_14"": 70.0, ""symbol"": ""شگل"", ""live_pe"": 3.3, ""risk_ok"": true, ""decision"": ""رد_نمره"", ""industry"": ""محصولات شيميايي"", ""pe_ratio"": 0.51, ""raw_score"": 5.0, ""trend_20d"": ""up"", ""rule_50_30"": ""رد"", ""final_score"": 5.0, ""score_macro"": 10.0, ""volume_spike"": 1.69, ""current_price"": 4650.0, ""liquidity_pct"": 46614498.566667, ""position_size"": 0, ""adjusted_score"": 0.0, ""rank_in_market"": 86, ""score_feedstock"": 0.0, ""score_liquidity"": 5.0, ""score_technical"": 0.0, ""score_valuation"": 20.0, ""stop_loss_price"": 4324.0, ""nima_free_spread"": 6.523, ""percentile_score"": 83.3, ""price_change_pct"": -1.06, ""rank_in_industry"": 9, ""score_farabourse"": 0.0, ""score_fundamental"": 7.5, ""score_gov_support"": 0.0, ""institutional_ratio"": 0.0, ""score_institutional"": 0.0, ""negative_filters_count"": 0}",True,رد,0.0,0.0,7.5,0.0,7.5,0.0,5.0,10.0,0.0,0.0,0.0,0.0,5.0,20.0,20.0,1405-05-18,0.0,شگل,2026-09-08,0.0
شگل3,,,,,,,,,,,,,,,,,,,,,,,,,,,,,,,,,,,,,,,,,,,,,,,,
شگلح,,,,,,,,,,,,,,,,,,,,,,,,,,,,,,,,,,,,,,,,,,,,,,,,
شگویا,,,,,,,,,,,,,,,,,,,,,,,,,,,,,,,,,,,,,,,,,,,,,,,,
شگویا2,,,,,,,,,,,,,,,,,,,,,,,,,,,,,,,,,,,,,,,,,,,,,,,,
شگویا3,,,,,,,,,,,,,,,,,,,,,,,,,,,,,,,,,,,,,,,,,,,,,,,,
شیراز,0.0,2026-08-09 18:36:44.149365,0.0,رد_نمره,,,,2.6,2026-08-09 15:06:44.146146,2026-08-09,264,0.0,0.0,0.0,0,6.523,,,0.0,39.0,,0,39,312,2.6,"{""atr_14"": 0.0, ""symbol"": ""شيراز"", ""live_pe"": 0.0, ""risk_ok"": true, ""decision"": ""رد_نمره"", ""industry"": ""محصولات شيميايي"", ""pe_ratio"": 0.0, ""raw_score"": 2.6, ""trend_20d"": ""flat"", ""rule_50_30"": ""رد"", ""final_score"": 2.6, ""score_macro"": 0.0, ""volume_spike"": 0.0, ""current_price"": 0.0, ""liquidity_pct"": 0.0, ""position_size"": 0, ""adjusted_score"": 0.0, ""rank_in_market"": 312, ""score_feedstock"": 0.0, ""score_liquidity"": 0.0, ""score_technical"": 0.0, ""score_valuation"": 20.0, ""stop_loss_price"": 0, ""nima_free_spread"": 6.523, ""percentile_score"": 39.0, ""price_change_pct"": 0.0, ""rank_in_industry"": 39, ""score_farabourse"": 0.0, ""score_fundamental"": 0.0, ""score_gov_support"": 0.0, ""institutional_ratio"": 0.0, ""score_institutional"": 0.0, ""negative_filters_count"": 0}",True,رد,0.0,0.0,0.0,0.0,0.0,0.0,0.0,0.0,0.0,0.0,0.0,0.0,2.6,20.0,20.0,1405-05-18,0.0,شيراز,2026-09-08,0.0
شیراز2,,,,,,,,,,,,,,,,,,,,,,,,,,,,,,,,,,,,,,,,,,,,,,,,
شیراز3,,,,,,,,,,,,,,,,,,,,,,,,,,,,,,,,,,,,,,,,,,,,,,,,
شیران,0.0,2026-08-09 18:36:44.149365,0.0,رد_نمره,,,,2.6,2026-08-09 15:06:44.146146,2026-08-09,265,0.0,0.0,0.0,0,6.523,,,0.0,38.8,,0,40,313,2.6,"{""atr_14"": 0.0, ""symbol"": ""شيران"", ""live_pe"": 0.0, ""risk_ok"": true, ""decision"": ""رد_نمره"", ""industry"": ""محصولات شيميايي"", ""pe_ratio"": 0.0, ""raw_score"": 2.6, ""trend_20d"": ""flat"", ""rule_50_30"": ""رد"", ""final_score"": 2.6, ""score_macro"": 0.0, ""volume_spike"": 0.0, ""current_price"": 0.0, ""liquidity_pct"": 0.0, ""position_size"": 0, ""adjusted_score"": 0.0, ""rank_in_market"": 313, ""score_feedstock"": 0.0, ""score_liquidity"": 0.0, ""score_technical"": 0.0, ""score_valuation"": 20.0, ""stop_loss_price"": 0, ""nima_free_spread"": 6.523, ""percentile_score"": 38.8, ""price_change_pct"": 0.0, ""rank_in_industry"": 40, ""score_farabourse"": 0.0, ""score_fundamental"": 0.0, ""score_gov_support"": 0.0, ""institutional_ratio"": 0.0, ""score_institutional"": 0.0, ""negative_filters_count"": 0}",True,رد,0.0,0.0,0.0,0.0,0.0,0.0,0.0,0.0,0.0,0.0,0.0,0.0,2.6,20.0,20.0,1405-05-18,0.0,شيران,2026-09-08,0.0
شیران2,,,,,,,,,,,,,,,,,,,,,,,,,,,,,,,,,,,,,,,,,,,,,,,,
شیران3,,,,,,,,,,,,,,,,,,,,,,,,,,,,,,,,,,,,,,,,,,,,,,,,
شیفته,,,,,,,,,,,,,,,,,,,,,,,,,,,,,,,,,,,,,,,,,,,,,,,,
شیفته2,,,,,,,,,,,,,,,,,,,,,,,,,,,,,,,,,,,,,,,,,,,,,,,,
شیفته3,,,,,,,,,,,,,,,,,,,,,,,,,,,,,,,,,,,,,,,,,,,,,,,,
شیلد,,,,,,,,,,,,,,,,,,,,,,,,,,,,,,,,,,,,,,,,,,,,,,,,
شیمی بافت,,,,,,,,,,,,,,,,,,,,,,,,,,,,,,,,,,,,,,,,,,,,,,,,
شیمیایی لاوان,,,,,,,,,,,,,,,,,,,,,,,,,,,,,,,,,,,,,,,,,,,,,,,,
صادرات بازار,,,,,,,,,,,,,,,,,,,,,,,,,,,,,,,,,,,,,,,,,,,,,,,,
صایند,,,,,,,,,,,,,,,,,,,,,,,,,,,,,,,,,,,,,,,,,,,,,,,,
صایند2,,,,,,,,,,,,,,,,,,,,,,,,,,,,,,,,,,,,,,,,,,,,,,,,
صبا,,,,,,,,,,,,,,,,,,,,,,,,,,,,,,,,,,,,,,,,,,,,,,,,
صبا اروند,,,,,,,,,,,,,,,,,,,,,,,,,,,,,,,,,,,,,,,,,,,,,,,,
صبا انرژی جهان گستر,,,,,,,,,,,,,,,,,,,,,,,,,,,,,,,,,,,,,,,,,,,,,,,,
صبا بخشی,,,,,,,,,,,,,,,,,,,,,,,,,,,,,,,,,,,,,,,,,,,,,,,,
صبا سهام,,,,,,,,,,,,,,,,,,,,,,,,,,,,,,,,,,,,,,,,,,,,,,,,
صبا2,,,,,,,,,,,,,,,,,,,,,,,,,,,,,,,,,,,,,,,,,,,,,,,,
صبا3,,,,,,,,,,,,,,,,,,,,,,,,,,,,,,,,,,,,,,,,,,,,,,,,
صبانیک بازار,,,,,,,,,,,,,,,,,,,,,,,,,,,,,,,,,,,,,,,,,,,,,,,,
صبای کنگان,,,,,,,,,,,,,,,,,,,,,,,,,,,,,,,,,,,,,,,,,,,,,,,,
صبسته فارس و خوزستان,,,,,,,,,,,,,,,,,,,,,,,,,,,,,,,,,,,,,,,,,,,,,,,,
صخره ثابت,,,,,,,,,,,,,,,,,,,,,,,,,,,,,,,,,,,,,,,,,,,,,,,,
صدر انرژی کویر,,,,,,,,,,,,,,,,,,,,,,,,,,,,,,,,,,,,,,,,,,,,,,,,
صدف,,,,,,,,,,,,,,,,,,,,,,,,,,,,,,,,,,,,,,,,,,,,,,,,
صدف2,,,,,,,,,,,,,,,,,,,,,,,,,,,,,,,,,,,,,,,,,,,,,,,,
صرافی امید سپه,,,,,,,,,,,,,,,,,,,,,,,,,,,,,,,,,,,,,,,,,,,,,,,,
صرافی تجارت,,,,,,,,,,,,,,,,,,,,,,,,,,,,,,,,,,,,,,,,,,,,,,,,
صرافی توسعه تعاون,,,,,,,,,,,,,,,,,,,,,,,,,,,,,,,,,,,,,,,,,,,,,,,,
صرافی توسعه صادرات,,,,,,,,,,,,,,,,,,,,,,,,,,,,,,,,,,,,,,,,,,,,,,,,
صرافی سرمایه,,,,,,,,,,,,,,,,,,,,,,,,,,,,,,,,,,,,,,,,,,,,,,,,
صرافی فراز اعتماد,,,,,,,,,,,,,,,,,,,,,,,,,,,,,,,,,,,,,,,,,,,,,,,,
صرفاه,,,,,,,,,,,,,,,,,,,,,,,,,,,,,,,,,,,,,,,,,,,,,,,,
صنایع آموزشی,,,,,,,,,,,,,,,,,,,,,,,,,,,,,,,,,,,,,,,,,,,,,,,,
صنایع خودرو سازی کرمان,,,,,,,,,,,,,,,,,,,,,,,,,,,,,,,,,,,,,,,,,,,,,,,,
صنایع شیمیایی پترو ثمین سپاهان,,,,,,,,,,,,,,,,,,,,,,,,,,,,,,,,,,,,,,,,,,,,,,,,
صنایع غذایی دریاچه گهر لرستان,,,,,,,,,,,,,,,,,,,,,,,,,,,,,,,,,,,,,,,,,,,,,,,,
صنایع غذایی فراز نمونه قشم,,,,,,,,,,,,,,,,,,,,,,,,,,,,,,,,,,,,,,,,,,,,,,,,
صنایع معدنی نوظهور کویر بافق,,,,,,,,,,,,,,,,,,,,,,,,,,,,,,,,,,,,,,,,,,,,,,,,
صنایع معدنی و تولیدی مهر اصل,,,,,,,,,,,,,,,,,,,,,,,,,,,,,,,,,,,,,,,,,,,,,,,,
صنایع و صادرات فارس,,,,,,,,,,,,,,,,,,,,,,,,,,,,,,,,,,,,,,,,,,,,,,,,
صنایع پتروشیمی سبلان,,,,,,,,,,,,,,,,,,,,,,,,,,,,,,,,,,,,,,,,,,,,,,,,
صنایع پتروشیمی پردیس آذربایجان منطقه آزاد ماکو,,,,,,,,,,,,,,,,,,,,,,,,,,,,,,,,,,,,,,,,,,,,,,,,
صندوق بازنشستگی,,,,,,,,,,,,,,,,,,,,,,,,,,,,,,,,,,,,,,,,,,,,,,,,
صندوق بازنشستگی آینده ساز ,,,,,,,,,,,,,,,,,,,,,,,,,,,,,,,,,,,,,,,,,,,,,,,,
صندوق بازنشستگی مستخدمین بیمه مرکزی ج.ا.ا,,,,,,,,,,,,,,,,,,,,,,,,,,,,,,,,,,,,,,,,,,,,,,,,
صندوق بازنشستگی و وظیفه مستخدمین سازمان بنادر ودریانوردی,,,,,,,,,,,,,,,,,,,,,,,,,,,,,,,,,,,,,,,,,,,,,,,,
صندوق بازنشستگی وظیفه از کار افتادگی و پس انداز کارکنان بانکهای ملی و ,,,,,,,,,,,,,,,,,,,,,,,,,,,,,,,,,,,,,,,,,,,,,,,,
صندوق بیمه اجتماعی روستاییان و عشایر,,,,,,,,,,,,,,,,,,,,,,,,,,,,,,,,,,,,,,,,,,,,,,,,
صندوق بیمه سرمایه گذاری فعالیتهای معدنی,,,,,,,,,,,,,,,,,,,,,,,,,,,,,,,,,,,,,,,,,,,,,,,,
صندوق رفاه و تأمین آتیه,,,,,,,,,,,,,,,,,,,,,,,,,,,,,,,,,,,,,,,,,,,,,,,,
صندوق ضمانت صادرات ایران,,,,,,,,,,,,,,,,,,,,,,,,,,,,,,,,,,,,,,,,,,,,,,,,
صندوق قرض الحسنه بانک پارسیان,,,,,,,,,,,,,,,,,,,,,,,,,,,,,,,,,,,,,,,,,,,,,,,,
صندوق قرض الحسنه جام جم,,,,,,,,,,,,,,,,,,,,,,,,,,,,,,,,,,,,,,,,,,,,,,,,
صندوق قرض الحسنه دانشجویان ایران,,,,,,,,,,,,,,,,,,,,,,,,,,,,,,,,,,,,,,,,,,,,,,,,
صندوق پژوهش و فناوری غیر دولتی نوآفرین,,,,,,,,,,,,,,,,,,,,,,,,,,,,,,,,,,,,,,,,,,,,,,,,
صندوق پژوهش وفناوری غیر دولتی توسعه صادرات وفناوری شریف,,,,,,,,,,,,,,,,,,,,,,,,,,,,,,,,,,,,,,,,,,,,,,,,
صنعت دارو بازار,,,,,,,,,,,,,,,,,,,,,,,,,,,,,,,,,,,,,,,,,,,,,,,,
صنعت سهام,,,,,,,,,,,,,,,,,,,,,,,,,,,,,,,,,,,,,,,,,,,,,,,,
صنعتی مقواسازی شرق,,,,,,,,,,,,,,,,,,,,,,,,,,,,,,,,,,,,,,,,,,,,,,,,
صنم,,,,,,,,,,,,,,,,,,,,,,,,,,,,,,,,,,,,,,,,,,,,,,,,
صنم2,,,,,,,,,,,,,,,,,,,,,,,,,,,,,,,,,,,,,,,,,,,,,,,,
صنهال,,,,,,,,,,,,,,,,,,,,,,,,,,,,,,,,,,,,,,,,,,,,,,,,
صنهال2,,,,,,,,,,,,,,,,,,,,,,,,,,,,,,,,,,,,,,,,,,,,,,,,
صنوین,,,,,,,,,,,,,,,,,,,,,,,,,,,,,,,,,,,,,,,,,,,,,,,,
ضمان,,,,,,,,,,,,,,,,,,,,,,,,,,,,,,,,,,,,,,,,,,,,,,,,
طارم,,,,,,,,,,,,,,,,,,,,,,,,,,,,,,,,,,,,,,,,,,,,,,,,
طراحی مهندسی و تامین قطعات ایران خودرو,,,,,,,,,,,,,,,,,,,,,,,,,,,,,,,,,,,,,,,,,,,,,,,,
طراحی مهندسی پارس پنگان,,,,,,,,,,,,,,,,,,,,,,,,,,,,,,,,,,,,,,,,,,,,,,,,
طراحی و مهندسی صنایع انرژی,,,,,,,,,,,,,,,,,,,,,,,,,,,,,,,,,,,,,,,,,,,,,,,,
طعام,,,,,,,,,,,,,,,,,,,,,,,,,,,,,,,,,,,,,,,,,,,,,,,,
طعام2,,,,,,,,,,,,,,,,,,,,,,,,,,,,,,,,,,,,,,,,,,,,,,,,
طلا,0.0,2026-08-09 18:36:44.149365,0.0,رد_نمره,,,,2.6,2026-08-09 15:06:44.146146,2026-08-09,266,0.0,0.0,0.0,0,6.523,,,0.0,1.2,,0,11,505,2.6,"{""atr_14"": 202.0, ""symbol"": ""طلا"", ""live_pe"": 293900.0, ""risk_ok"": true, ""decision"": ""رد_نمره"", ""industry"": """", ""pe_ratio"": 45215.38, ""raw_score"": 0.25, ""trend_20d"": ""flat"", ""rule_50_30"": ""رد"", ""final_score"": 0.2, ""score_macro"": 0.0, ""volume_spike"": 1.08, ""current_price"": 11756.0, ""liquidity_pct"": 3530824677.666667, ""position_size"": 0, ""adjusted_score"": 0.0, ""rank_in_market"": 505, ""score_feedstock"": 0.0, ""score_liquidity"": 5.0, ""score_technical"": 0.0, ""score_valuation"": 0.0, ""stop_loss_price"": 10933.0, ""nima_free_spread"": 6.523, ""percentile_score"": 1.2, ""price_change_pct"": 1.66, ""rank_in_industry"": 11, ""score_farabourse"": 0.0, ""score_fundamental"": 0.0, ""score_gov_support"": 0.0, ""institutional_ratio"": 0.0, ""score_institutional"": 0.0, ""negative_filters_count"": 0}",True,رد,0.0,0.0,0.0,0.0,0.0,0.0,5.0,0.0,0.0,0.0,0.0,0.0,0.2,20.0,0.0,1405-05-18,0.0,طلا,2026-09-08,0.0
طلا2,,,,,,,,,,,,,,,,,,,,,,,,,,,,,,,,,,,,,,,,,,,,,,,,
طلای نور امین,,,,,,,,,,,,,,,,,,,,,,,,,,,,,,,,,,,,,,,,,,,,,,,,
طلوع,,,,,,,,,,,,,,,,,,,,,,,,,,,,,,,,,,,,,,,,,,,,,,,,
طلوع2,,,,,,,,,,,,,,,,,,,,,,,,,,,,,,,,,,,,,,,,,,,,,,,,
طیور,,,,,,,,,,,,,,,,,,,,,,,,,,,,,,,,,,,,,,,,,,,,,,,,
طیور فارس,,,,,,,,,,,,,,,,,,,,,,,,,,,,,,,,,,,,,,,,,,,,,,,,
عالیس,,,,,,,,,,,,,,,,,,,,,,,,,,,,,,,,,,,,,,,,,,,,,,,,
عالیس2,,,,,,,,,,,,,,,,,,,,,,,,,,,,,,,,,,,,,,,,,,,,,,,,
عالیس3,,,,,,,,,,,,,,,,,,,,,,,,,,,,,,,,,,,,,,,,,,,,,,,,
عدالت بازار,,,,,,,,,,,,,,,,,,,,,,,,,,,,,,,,,,,,,,,,,,,,,,,,
عرش,,,,,,,,,,,,,,,,,,,,,,,,,,,,,,,,,,,,,,,,,,,,,,,,
عقیق,,,,,,,,,,,,,,,,,,,,,,,,,,,,,,,,,,,,,,,,,,,,,,,,
عقیق سهام,,,,,,,,,,,,,,,,,,,,,,,,,,,,,,,,,,,,,,,,,,,,,,,,
عقیق2,,,,,,,,,,,,,,,,,,,,,,,,,,,,,,,,,,,,,,,,,,,,,,,,
عمارت دی,,,,,,,,,,,,,,,,,,,,,,,,,,,,,,,,,,,,,,,,,,,,,,,,
عمران آذر ابنیه,,,,,,,,,,,,,,,,,,,,,,,,,,,,,,,,,,,,,,,,,,,,,,,,
عمران اطلس گل گهر,,,,,,,,,,,,,,,,,,,,,,,,,,,,,,,,,,,,,,,,,,,,,,,,
عمران توسعه گران پیشگام,,,,,,,,,,,,,,,,,,,,,,,,,,,,,,,,,,,,,,,,,,,,,,,,
عمران سامان حریم شرق,,,,,,,,,,,,,,,,,,,,,,,,,,,,,,,,,,,,,,,,,,,,,,,,
عمران شهر جدید رامین,,,,,,,,,,,,,,,,,,,,,,,,,,,,,,,,,,,,,,,,,,,,,,,,
عمران شهر جدید سهند,,,,,,,,,,,,,,,,,,,,,,,,,,,,,,,,,,,,,,,,,,,,,,,,
عمران شهر جدید صدرا,,,,,,,,,,,,,,,,,,,,,,,,,,,,,,,,,,,,,,,,,,,,,,,,
عمران شهر جدید عالیشهر,,,,,,,,,,,,,,,,,,,,,,,,,,,,,,,,,,,,,,,,,,,,,,,,
عمران شهر جدید پردیس,,,,,,,,,,,,,,,,,,,,,,,,,,,,,,,,,,,,,,,,,,,,,,,,
عمران شهر جدید گلبهار,,,,,,,,,,,,,,,,,,,,,,,,,,,,,,,,,,,,,,,,,,,,,,,,
عمران طوبی,,,,,,,,,,,,,,,,,,,,,,,,,,,,,,,,,,,,,,,,,,,,,,,,
عمران علوی ماهان کرمان,,,,,,,,,,,,,,,,,,,,,,,,,,,,,,,,,,,,,,,,,,,,,,,,
عمران ومسکن سازان خراسان جنوبی,,,,,,,,,,,,,,,,,,,,,,,,,,,,,,,,,,,,,,,,,,,,,,,,
عمران پارس آینده,,,,,,,,,,,,,,,,,,,,,,,,,,,,,,,,,,,,,,,,,,,,,,,,
عمرانی مسکن گستر,,,,,,,,,,,,,,,,,,,,,,,,,,,,,,,,,,,,,,,,,,,,,,,,
عیار,0.0,2026-08-09 18:36:44.149365,0.0,رد_نمره,,,,2.6,2026-08-09 15:06:44.146146,2026-08-09,267,0.0,0.0,0.0,0,6.523,,,0.0,3.7,,0,6,492,2.6,"{""atr_14"": 3650.0, ""symbol"": ""عیار"", ""live_pe"": 250000.0, ""risk_ok"": true, ""decision"": ""رد_نمره"", ""industry"": """", ""pe_ratio"": 38461.54, ""raw_score"": 0.9, ""trend_20d"": ""flat"", ""rule_50_30"": ""رد"", ""final_score"": 0.9, ""score_macro"": 0.0, ""volume_spike"": 0.0, ""current_price"": 10000.0, ""liquidity_pct"": 24668523306.266666, ""position_size"": 0, ""adjusted_score"": 0.0, ""rank_in_market"": 492, ""score_feedstock"": 0.0, ""score_liquidity"": 5.0, ""score_technical"": 0.0, ""score_valuation"": 0.0, ""stop_loss_price"": 2699.0, ""nima_free_spread"": 6.523, ""percentile_score"": 3.7, ""price_change_pct"": 0.0, ""rank_in_industry"": 6, ""score_farabourse"": 0.0, ""score_fundamental"": 0.0, ""score_gov_support"": 5.0, ""institutional_ratio"": 0.0, ""score_institutional"": 0.0, ""negative_filters_count"": 0}",True,رد,0.0,0.0,0.0,0.0,0.0,0.0,5.0,0.0,0.0,0.0,5.0,0.0,0.9,20.0,0.0,1405-05-18,0.0,عیار,2026-09-08,0.0
غاذر,0.0,2026-08-09 18:36:44.149365,0.0,رد_نمره,,,,4.8,2026-08-09 15:06:44.146146,2026-08-09,268,0.0,0.0,0.0,0,6.523,,,0.0,93.1,,0,3,36,4.75,"{""atr_14"": 222.0, ""symbol"": ""غاذر"", ""live_pe"": 0.3, ""risk_ok"": true, ""decision"": ""رد_نمره"", ""industry"": ""محصولات غذايي و آشاميدني به جز قند و شكر"", ""pe_ratio"": 0.04, ""raw_score"": 5.6, ""trend_20d"": ""up"", ""rule_50_30"": ""رد"", ""final_score"": 5.6, ""score_macro"": 10.0, ""volume_spike"": 2.12, ""current_price"": 3619.0, ""liquidity_pct"": 196660801.3, ""position_size"": 0, ""adjusted_score"": 0.0, ""rank_in_market"": 36, ""score_feedstock"": 0.0, ""score_liquidity"": 5.0, ""score_technical"": 7.5, ""score_valuation"": 20.0, ""stop_loss_price"": 3174.0, ""nima_free_spread"": 6.523, ""percentile_score"": 93.1, ""price_change_pct"": -4.99, ""rank_in_industry"": 3, ""score_farabourse"": 0.0, ""score_fundamental"": 7.5, ""score_gov_support"": 0.0, ""institutional_ratio"": 0.0, ""score_institutional"": 0.0, ""negative_filters_count"": 0}",True,رد,0.0,0.0,7.5,0.0,7.5,0.0,5.0,10.0,7.5,0.0,0.0,0.0,5.6,20.0,20.0,1405-05-18,0.0,غاذر,2026-09-08,0.0
غاذر3,,,,,,,,,,,,,,,,,,,,,,,,,,,,,,,,,,,,,,,,,,,,,,,,
غالبر,0.0,2026-08-09 18:36:44.149365,26870.0,رد_نمره,,,,2.2,2026-08-09 15:06:44.146146,2026-08-09,269,0.0,273496159649.33334,671750.0,0,6.523,,,103346.15,6.9,,5316,26,476,2.25,"{""atr_14"": 210.0, ""symbol"": ""غالبر"", ""live_pe"": 132400.0, ""risk_ok"": true, ""decision"": ""رد_نمره"", ""industry"": ""محصولات غذايي و آشاميدني به جز قند و شكر"", ""pe_ratio"": 20369.23, ""raw_score"": 1.6, ""trend_20d"": ""flat"", ""rule_50_30"": ""رد"", ""final_score"": 1.6, ""score_macro"": 0.0, ""volume_spike"": 0.32, ""current_price"": 5296.0, ""liquidity_pct"": 24332536.9, ""position_size"": 0, ""adjusted_score"": 0.0, ""rank_in_market"": 476, ""score_feedstock"": 0.0, ""score_liquidity"": 5.0, ""score_technical"": 0.0, ""score_valuation"": 0.0, ""stop_loss_price"": 4876.0, ""nima_free_spread"": 6.523, ""percentile_score"": 6.9, ""price_change_pct"": 0.67, ""rank_in_industry"": 26, ""score_farabourse"": 0.0, ""score_fundamental"": 7.5, ""score_gov_support"": 0.0, ""institutional_ratio"": 0.0, ""score_institutional"": 0.0, ""negative_filters_count"": 0}",True,رد,0.0,0.0,7.5,5.0,7.5,0.0,5.0,0.0,0.0,0.0,0.0,0.0,1.6,0.0,0.0,1405-05-18,24989.0,غالبر,2026-09-08,0.69
غالبر3,,,,,,,,,,,,,,,,,,,,,,,,,,,,,,,,,,,,,,,,,,,,,,,,
غانیزان,,,,,,,,,,,,,,,,,,,,,,,,,,,,,,,,,,,,,,,,,,,,,,,,
غانیزان3,,,,,,,,,,,,,,,,,,,,,,,,,,,,,,,,,,,,,,,,,,,,,,,,
غانیزانح,,,,,,,,,,,,,,,,,,,,,,,,,,,,,,,,,,,,,,,,,,,,,,,,
غبشهر,0.0,2026-08-09 18:36:44.149365,8070.0,رد_نمره,,,,6.9,2026-08-09 15:06:44.146146,2026-08-09,270,0.0,76963752670.4,1.0,0,6.523,,,0.15,97.5,,17699,1,14,6.85,"{""atr_14"": 229.0, ""symbol"": ""غبشهر"", ""live_pe"": 1.5, ""risk_ok"": true, ""decision"": ""رد_نمره"", ""industry"": ""محصولات غذايي و آشاميدني به جز قند و شكر"", ""pe_ratio"": 0.22, ""raw_score"": 6.2, ""trend_20d"": ""up"", ""rule_50_30"": ""رد"", ""final_score"": 6.2, ""score_macro"": 10.0, ""volume_spike"": 8.34, ""current_price"": 11800.0, ""liquidity_pct"": 190267887.866667, ""position_size"": 0, ""adjusted_score"": 0.0, ""rank_in_market"": 14, ""score_feedstock"": 0.0, ""score_liquidity"": 5.0, ""score_technical"": 15.0, ""score_valuation"": 20.0, ""stop_loss_price"": 10974.0, ""nima_free_spread"": 6.523, ""percentile_score"": 97.5, ""price_change_pct"": -0.84, ""rank_in_industry"": 1, ""score_farabourse"": 0.0, ""score_fundamental"": 7.5, ""score_gov_support"": 0.0, ""institutional_ratio"": 0.0, ""score_institutional"": 0.0, ""negative_filters_count"": 0}",True,رد,0.0,0.0,7.5,5.0,7.5,0.0,5.0,10.0,15.0,0.0,0.0,15.0,6.2,20.0,20.0,1405-05-18,7505.0,غبشهر,2026-09-08,12.98
غبشهر3,,,,,,,,,,,,,,,,,,,,,,,,,,,,,,,,,,,,,,,,,,,,,,,,
غبهار,,,,,,,,,,,,,,,,,,,,,,,,,,,,,,,,,,,,,,,,,,,,,,,,
غبهنوش,0.0,2026-08-09 18:36:44.149365,0.0,رد_نمره,,,,4.8,2026-08-09 15:06:44.146146,2026-08-09,272,0.0,0.0,0.0,0,6.523,,,0.0,83.1,,0,5,87,4.75,"{""atr_14"": 45.0, ""symbol"": ""غبهنوش"", ""live_pe"": 0.2, ""risk_ok"": true, ""decision"": ""رد_نمره"", ""industry"": ""محصولات غذايي و آشاميدني به جز قند و شكر"", ""pe_ratio"": 0.03, ""raw_score"": 5.0, ""trend_20d"": ""flat"", ""rule_50_30"": ""رد"", ""final_score"": 5.0, ""score_macro"": 10.0, ""volume_spike"": 0.98, ""current_price"": 5900.0, ""liquidity_pct"": 23388317.133333, ""position_size"": 0, ""adjusted_score"": 0.0, ""rank_in_market"": 87, ""score_feedstock"": 0.0, ""score_liquidity"": 5.0, ""score_technical"": 0.0, ""score_valuation"": 20.0, ""stop_loss_price"": 5487.0, ""nima_free_spread"": 6.523, ""percentile_score"": 83.1, ""price_change_pct"": -1.67, ""rank_in_industry"": 5, ""score_farabourse"": 0.0, ""score_fundamental"": 7.5, ""score_gov_support"": 0.0, ""institutional_ratio"": 0.0, ""score_institutional"": 0.0, ""negative_filters_count"": 0}",True,رد,0.0,0.0,7.5,0.0,7.5,0.0,5.0,10.0,0.0,0.0,0.0,0.0,5.0,20.0,20.0,1405-05-18,0.0,غبهنوش,2026-09-08,0.0
غبهنوش3,,,,,,,,,,,,,,,,,,,,,,,,,,,,,,,,,,,,,,,,,,,,,,,,
غبهپاك,0.0,2026-08-09 18:36:44.149365,0.0,رد_نمره,,,,2.6,2026-08-09 15:06:44.146146,2026-08-09,271,0.0,0.0,0.0,0,6.523,,,0.0,38.6,,0,17,314,2.6,"{""atr_14"": 0.0, ""symbol"": ""غبهپاك"", ""live_pe"": 0.0, ""risk_ok"": true, ""decision"": ""رد_نمره"", ""industry"": ""محصولات غذايي و آشاميدني به جز قند و شكر"", ""pe_ratio"": 0.0, ""raw_score"": 2.6, ""trend_20d"": ""flat"", ""rule_50_30"": ""رد"", ""final_score"": 2.6, ""score_macro"": 0.0, ""volume_spike"": 0.0, ""current_price"": 0.0, ""liquidity_pct"": 0.0, ""position_size"": 0, ""adjusted_score"": 0.0, ""rank_in_market"": 314, ""score_feedstock"": 0.0, ""score_liquidity"": 0.0, ""score_technical"": 0.0, ""score_valuation"": 20.0, ""stop_loss_price"": 0, ""nima_free_spread"": 6.523, ""percentile_score"": 38.6, ""price_change_pct"": 0.0, ""rank_in_industry"": 17, ""score_farabourse"": 0.0, ""score_fundamental"": 0.0, ""score_gov_support"": 0.0, ""institutional_ratio"": 0.0, ""score_institutional"": 0.0, ""negative_filters_count"": 0}",True,رد,0.0,0.0,0.0,0.0,0.0,0.0,0.0,0.0,0.0,0.0,0.0,0.0,2.6,20.0,20.0,1405-05-18,0.0,غبهپاك,2026-09-08,0.0
غدام,0.0,2026-08-09 18:36:44.149365,0.0,رد_نمره,,,,4.8,2026-08-09 15:06:44.146146,2026-08-09,276,0.0,0.0,0.0,0,6.523,,,0.0,6.7,,0,27,477,4.75,"{""atr_14"": 246.0, ""symbol"": ""غدام"", ""live_pe"": 17.9, ""risk_ok"": true, ""decision"": ""رد_نمره"", ""industry"": ""محصولات غذايي و آشاميدني به جز قند و شكر"", ""pe_ratio"": 2.75, ""raw_score"": 1.6, ""trend_20d"": ""up"", ""rule_50_30"": ""رد"", ""final_score"": 1.6, ""score_macro"": 0.0, ""volume_spike"": 0.2, ""current_price"": 4505.0, ""liquidity_pct"": 21137265.5, ""position_size"": 0, ""adjusted_score"": 0.0, ""rank_in_market"": 477, ""score_feedstock"": 0.0, ""score_liquidity"": 5.0, ""score_technical"": 0.0, ""score_valuation"": 0.0, ""stop_loss_price"": 4014.0, ""nima_free_spread"": 6.523, ""percentile_score"": 6.7, ""price_change_pct"": 4.48, ""rank_in_industry"": 27, ""score_farabourse"": 0.0, ""score_fundamental"": 7.5, ""score_gov_support"": 0.0, ""institutional_ratio"": 0.0, ""score_institutional"": 0.0, ""negative_filters_count"": 0}",True,رد,0.0,0.0,7.5,0.0,7.5,0.0,5.0,10.0,0.0,0.0,0.0,0.0,1.6,20.0,0.0,1405-05-18,0.0,غدام,2026-09-08,0.0
غدام3,,,,,,,,,,,,,,,,,,,,,,,,,,,,,,,,,,,,,,,,,,,,,,,,
غدانه,,,,,,,,,,,,,,,,,,,,,,,,,,,,,,,,,,,,,,,,,,,,,,,,
غدانه3,,,,,,,,,,,,,,,,,,,,,,,,,,,,,,,,,,,,,,,,,,,,,,,,
غدشت,0.0,2026-08-09 18:36:44.149365,3090.0,رد_نمره,,,,5.7,2026-08-09 15:06:44.146146,2026-08-09,277,0.0,60019914596.933334,2.2,0,6.523,,,0.33,82.9,,46296,6,88,5.65,"{""atr_14"": 115.0, ""symbol"": ""غدشت"", ""live_pe"": 2.6, ""risk_ok"": true, ""decision"": ""رد_نمره"", ""industry"": ""محصولات غذايي و آشاميدني به جز قند و شكر"", ""pe_ratio"": 0.4, ""raw_score"": 5.0, ""trend_20d"": ""up"", ""rule_50_30"": ""رد"", ""final_score"": 5.0, ""score_macro"": 10.0, ""volume_spike"": 0.69, ""current_price"": 3683.0, ""liquidity_pct"": 101713724.333333, ""position_size"": 0, ""adjusted_score"": 0.0, ""rank_in_market"": 88, ""score_feedstock"": 0.0, ""score_liquidity"": 5.0, ""score_technical"": 0.0, ""score_valuation"": 20.0, ""stop_loss_price"": 3425.0, ""nima_free_spread"": 6.523, ""percentile_score"": 82.9, ""price_change_pct"": 4.99, ""rank_in_industry"": 6, ""score_farabourse"": 0.0, ""score_fundamental"": 7.5, ""score_gov_support"": 0.0, ""institutional_ratio"": 0.0, ""score_institutional"": 0.0, ""negative_filters_count"": 0}",True,رد,0.0,0.0,7.5,5.0,7.5,0.0,5.0,10.0,0.0,0.0,0.0,0.0,5.0,20.0,20.0,1405-05-18,2874.0,غدشت,2026-09-08,1.56
غدشت3,,,,,,,,,,,,,,,,,,,,,,,,,,,,,,,,,,,,,,,,,,,,,,,,
غدشتح,,,,,,,,,,,,,,,,,,,,,,,,,,,,,,,,,,,,,,,,,,,,,,,,
غدیس,,,,,,,,,,,,,,,,,,,,,,,,,,,,,,,,,,,,,,,,,,,,,,,,
غدیس2,,,,,,,,,,,,,,,,,,,,,,,,,,,,,,,,,,,,,,,,,,,,,,,,
غدیس3,,,,,,,,,,,,,,,,,,,,,,,,,,,,,,,,,,,,,,,,,,,,,,,,
غزر,0.0,2026-08-09 18:36:44.149365,3340.0,رد_نمره,,,,5.7,2026-08-09 15:06:44.146146,2026-08-09,278,0.0,273225607568.73334,1.3,0,6.523,,,0.21,9.6,,42735,25,462,5.65,"{""atr_14"": 5094.0, ""symbol"": ""غزر"", ""live_pe"": 28.8, ""risk_ok"": true, ""decision"": ""رد_نمره"", ""industry"": ""محصولات غذايي و آشاميدني به جز قند و شكر"", ""pe_ratio"": 4.42, ""raw_score"": 2.25, ""trend_20d"": ""up"", ""rule_50_30"": ""رد"", ""final_score"": 2.2, ""score_macro"": 0.0, ""volume_spike"": 0.39, ""current_price"": 71320.0, ""liquidity_pct"": 274468999285.33334, ""position_size"": 0, ""adjusted_score"": 0.0, ""rank_in_market"": 462, ""score_feedstock"": 0.0, ""score_liquidity"": 5.0, ""score_technical"": 0.0, ""score_valuation"": 0.0, ""stop_loss_price"": 61131.0, ""nima_free_spread"": 6.523, ""percentile_score"": 9.6, ""price_change_pct"": 4.99, ""rank_in_industry"": 25, ""score_farabourse"": 0.0, ""score_fundamental"": 7.5, ""score_gov_support"": 5.0, ""institutional_ratio"": 0.0, ""score_institutional"": 0.0, ""negative_filters_count"": 0}",True,رد,0.0,0.0,7.5,5.0,7.5,0.0,5.0,10.0,0.0,0.0,5.0,0.0,2.2,20.0,0.0,1405-05-18,3106.0,غزر,2026-09-08,1.7
غزر2,,,,,,,,,,,,,,,,,,,,,,,,,,,,,,,,,,,,,,,,,,,,,,,,
غزر3,,,,,,,,,,,,,,,,,,,,,,,,,,,,,,,,,,,,,,,,,,,,,,,,
غزنجان,,,,,,,,,,,,,,,,,,,,,,,,,,,,,,,,,,,,,,,,,,,,,,,,
غساسا,0.0,2026-08-09 18:36:44.149365,0.0,رد_نمره,,,,2.6,2026-08-09 15:06:44.146146,2026-08-09,279,0.0,0.0,0.0,0,6.523,,,0.0,37.8,,0,21,318,2.6,"{""atr_14"": 0.0, ""symbol"": ""غساسا"", ""live_pe"": 0.0, ""risk_ok"": true, ""decision"": ""رد_نمره"", ""industry"": ""محصولات غذايي و آشاميدني به جز قند و شكر"", ""pe_ratio"": 0.0, ""raw_score"": 2.6, ""trend_20d"": ""flat"", ""rule_50_30"": ""رد"", ""final_score"": 2.6, ""score_macro"": 0.0, ""volume_spike"": 0.0, ""current_price"": 0.0, ""liquidity_pct"": 0.0, ""position_size"": 0, ""adjusted_score"": 0.0, ""rank_in_market"": 318, ""score_feedstock"": 0.0, ""score_liquidity"": 0.0, ""score_technical"": 0.0, ""score_valuation"": 20.0, ""stop_loss_price"": 0, ""nima_free_spread"": 6.523, ""percentile_score"": 37.8, ""price_change_pct"": 0.0, ""rank_in_industry"": 21, ""score_farabourse"": 0.0, ""score_fundamental"": 0.0, ""score_gov_support"": 0.0, ""institutional_ratio"": 0.0, ""score_institutional"": 0.0, ""negative_filters_count"": 0}",True,رد,0.0,0.0,0.0,0.0,0.0,0.0,0.0,0.0,0.0,0.0,0.0,0.0,2.6,20.0,20.0,1405-05-18,0.0,غساسا,2026-09-08,0.0
غسالم,0.0,2026-08-09 18:36:44.149365,7810.0,رد_نمره,,,,5.7,2026-08-09 15:06:44.146146,2026-08-09,280,0.0,128590427972.0,1.4,0,6.523,,,0.22,82.7,,18281,7,89,5.65,"{""atr_14"": 79.0, ""symbol"": ""غسالم"", ""live_pe"": 0.5, ""risk_ok"": true, ""decision"": ""رد_نمره"", ""industry"": ""محصولات غذايي و آشاميدني به جز قند و شكر"", ""pe_ratio"": 0.07, ""raw_score"": 5.0, ""trend_20d"": ""flat"", ""rule_50_30"": ""رد"", ""final_score"": 5.0, ""score_macro"": 10.0, ""volume_spike"": 0.1, ""current_price"": 2546.0, ""liquidity_pct"": 33858805.366667, ""position_size"": 0, ""adjusted_score"": 0.0, ""rank_in_market"": 89, ""score_feedstock"": 0.0, ""score_liquidity"": 5.0, ""score_technical"": 0.0, ""score_valuation"": 20.0, ""stop_loss_price"": 2368.0, ""nima_free_spread"": 6.523, ""percentile_score"": 82.7, ""price_change_pct"": 0.08, ""rank_in_industry"": 7, ""score_farabourse"": 0.0, ""score_fundamental"": 7.5, ""score_gov_support"": 0.0, ""institutional_ratio"": 0.0, ""score_institutional"": 0.0, ""negative_filters_count"": 0}",True,رد,0.0,0.0,7.5,5.0,7.5,0.0,5.0,10.0,0.0,0.0,0.0,0.0,5.0,20.0,20.0,1405-05-18,7263.0,غسالم,2026-09-08,0.43
غسالم2,,,,,,,,,,,,,,,,,,,,,,,,,,,,,,,,,,,,,,,,,,,,,,,,
غسالم3,,,,,,,,,,,,,,,,,,,,,,,,,,,,,,,,,,,,,,,,,,,,,,,,
غشاذر,0.0,2026-08-09 18:36:44.149365,0.0,رد_نمره,,,,4.8,2026-08-09 15:06:44.146146,2026-08-09,281,0.0,0.0,0.0,0,6.523,,,0.0,82.5,,0,8,90,4.75,"{""atr_14"": 943.0, ""symbol"": ""غشاذر"", ""live_pe"": 0.6, ""risk_ok"": true, ""decision"": ""رد_نمره"", ""industry"": ""محصولات غذايي و آشاميدني به جز قند و شكر"", ""pe_ratio"": 0.1, ""raw_score"": 5.0, ""trend_20d"": ""down"", ""rule_50_30"": ""رد"", ""final_score"": 5.0, ""score_macro"": 10.0, ""volume_spike"": 0.18, ""current_price"": 6963.0, ""liquidity_pct"": 733728240.1, ""position_size"": 0, ""adjusted_score"": 0.0, ""rank_in_market"": 90, ""score_feedstock"": 0.0, ""score_liquidity"": 5.0, ""score_technical"": 0.0, ""score_valuation"": 20.0, ""stop_loss_price"": 5077.0, ""nima_free_spread"": 6.523, ""percentile_score"": 82.5, ""price_change_pct"": -0.37, ""rank_in_industry"": 8, ""score_farabourse"": 0.0, ""score_fundamental"": 7.5, ""score_gov_support"": 0.0, ""institutional_ratio"": 0.0, ""score_institutional"": 0.0, ""negative_filters_count"": 0}",True,رد,0.0,0.0,7.5,0.0,7.5,0.0,5.0,10.0,0.0,0.0,0.0,0.0,5.0,20.0,20.0,1405-05-18,0.0,غشاذر,2026-09-08,0.0
غشاذر3,,,,,,,,,,,,,,,,,,,,,,,,,,,,,,,,,,,,,,,,,,,,,,,,
غشان,0.0,2026-08-09 18:36:44.149365,8240.0,رد_نمره,,,,5.7,2026-08-09 15:06:44.146146,2026-08-09,282,0.0,192344153510.66666,1.4,0,6.523,,,0.21,97.3,,18726,2,15,5.65,"{""atr_14"": 116.0, ""symbol"": ""غشان"", ""live_pe"": 0.9, ""risk_ok"": true, ""decision"": ""رد_نمره"", ""industry"": ""محصولات غذايي و آشاميدني به جز قند و شكر"", ""pe_ratio"": 0.14, ""raw_score"": 6.2, ""trend_20d"": ""up"", ""rule_50_30"": ""رد"", ""final_score"": 6.2, ""score_macro"": 10.0, ""volume_spike"": 5.73, ""current_price"": 5262.0, ""liquidity_pct"": 111915274.9, ""position_size"": 0, ""adjusted_score"": 0.0, ""rank_in_market"": 15, ""score_feedstock"": 0.0, ""score_liquidity"": 5.0, ""score_technical"": 15.0, ""score_valuation"": 20.0, ""stop_loss_price"": 4894.0, ""nima_free_spread"": 6.523, ""percentile_score"": 97.3, ""price_change_pct"": 2.51, ""rank_in_industry"": 2, ""score_farabourse"": 0.0, ""score_fundamental"": 7.5, ""score_gov_support"": 0.0, ""institutional_ratio"": 0.0, ""score_institutional"": 0.0, ""negative_filters_count"": 0}",True,رد,0.0,0.0,7.5,5.0,7.5,0.0,5.0,10.0,15.0,0.0,0.0,0.0,6.2,20.0,20.0,1405-05-18,7706.0,غشان,2026-09-08,1.27
غشان3,,,,,,,,,,,,,,,,,,,,,,,,,,,,,,,,,,,,,,,,,,,,,,,,
غشصفا,0.0,2026-08-09 18:36:44.149365,15180.0,رد_نمره,,,,5.7,2026-08-09 15:06:44.146146,2026-08-09,283,0.0,56567525451.333336,1.1,0,6.523,,,0.16,82.4,,9532,9,91,5.65,"{""atr_14"": 357.0, ""symbol"": ""غشصفا"", ""live_pe"": 0.9, ""risk_ok"": true, ""decision"": ""رد_نمره"", ""industry"": ""محصولات غذايي و آشاميدني به جز قند و شكر"", ""pe_ratio"": 0.14, ""raw_score"": 5.0, ""trend_20d"": ""up"", ""rule_50_30"": ""رد"", ""final_score"": 5.0, ""score_macro"": 10.0, ""volume_spike"": 0.67, ""current_price"": 13198.0, ""liquidity_pct"": 529879982.8, ""position_size"": 0, ""adjusted_score"": 0.0, ""rank_in_market"": 91, ""score_feedstock"": 0.0, ""score_liquidity"": 5.0, ""score_technical"": 0.0, ""score_valuation"": 20.0, ""stop_loss_price"": 12274.0, ""nima_free_spread"": 6.523, ""percentile_score"": 82.4, ""price_change_pct"": 0.02, ""rank_in_industry"": 9, ""score_farabourse"": 0.0, ""score_fundamental"": 7.5, ""score_gov_support"": 0.0, ""institutional_ratio"": 0.0, ""score_institutional"": 0.0, ""negative_filters_count"": 0}",True,رد,0.0,0.0,7.5,5.0,7.5,0.0,5.0,10.0,0.0,0.0,0.0,0.0,5.0,20.0,20.0,1405-05-18,14131.0,غشصفا,2026-09-08,1.11
غشصفا3,,,,,,,,,,,,,,,,,,,,,,,,,,,,,,,,,,,,,,,,,,,,,,,,
غشهد,0.0,2026-08-09 18:36:44.149365,0.0,رد_نمره,,,,4.8,2026-08-09 15:06:44.146146,2026-08-09,284,0.0,0.0,0.0,0,6.523,,,0.0,82.2,,0,10,92,4.75,"{""atr_14"": 107.0, ""symbol"": ""غشهد"", ""live_pe"": 0.6, ""risk_ok"": true, ""decision"": ""رد_نمره"", ""industry"": ""محصولات غذايي و آشاميدني به جز قند و شكر"", ""pe_ratio"": 0.09, ""raw_score"": 5.0, ""trend_20d"": ""up"", ""rule_50_30"": ""رد"", ""final_score"": 5.0, ""score_macro"": 10.0, ""volume_spike"": 0.96, ""current_price"": 3249.0, ""liquidity_pct"": 215648042.966667, ""position_size"": 0, ""adjusted_score"": 0.0, ""rank_in_market"": 92, ""score_feedstock"": 0.0, ""score_liquidity"": 5.0, ""score_technical"": 0.0, ""score_valuation"": 20.0, ""stop_loss_price"": 3022.0, ""nima_free_spread"": 6.523, ""percentile_score"": 82.2, ""price_change_pct"": 1.53, ""rank_in_industry"": 10, ""score_farabourse"": 0.0, ""score_fundamental"": 7.5, ""score_gov_support"": 0.0, ""institutional_ratio"": 0.0, ""score_institutional"": 0.0, ""negative_filters_count"": 0}",True,رد,0.0,0.0,7.5,0.0,7.5,0.0,5.0,10.0,0.0,0.0,0.0,0.0,5.0,20.0,20.0,1405-05-18,0.0,غشهد,2026-09-08,0.0
غشهد3,,,,,,,,,,,,,,,,,,,,,,,,,,,,,,,,,,,,,,,,,,,,,,,,
غشهداب,,,,,,,,,,,,,,,,,,,,,,,,,,,,,,,,,,,,,,,,,,,,,,,,
غشهداب3,,,,,,,,,,,,,,,,,,,,,,,,,,,,,,,,,,,,,,,,,,,,,,,,
غشوکو,,,,,,,,,,,,,,,,,,,,,,,,,,,,,,,,,,,,,,,,,,,,,,,,
غصینو,,,,,,,,,,,,,,,,,,,,,,,,,,,,,,,,,,,,,,,,,,,,,,,,
غصینو2,,,,,,,,,,,,,,,,,,,,,,,,,,,,,,,,,,,,,,,,,,,,,,,,
غصینو3,,,,,,,,,,,,,,,,,,,,,,,,,,,,,,,,,,,,,,,,,,,,,,,,
غفارس,,,,,,,,,,,,,,,,,,,,,,,,,,,,,,,,,,,,,,,,,,,,,,,,
غفارس3,,,,,,,,,,,,,,,,,,,,,,,,,,,,,,,,,,,,,,,,,,,,,,,,
غلبنی,,,,,,,,,,,,,,,,,,,,,,,,,,,,,,,,,,,,,,,,,,,,,,,,
غمارگ,0.0,2026-08-09 18:36:44.149365,1363.0,رد_نمره,,,,5.7,2026-08-09 15:06:44.146146,2026-08-09,288,0.0,70576111869.0,2.8,0,6.523,,,0.44,82.0,,105263,11,93,5.65,"{""atr_14"": 35.0, ""symbol"": ""غمارگ"", ""live_pe"": 3.2, ""risk_ok"": true, ""decision"": ""رد_نمره"", ""industry"": ""محصولات غذايي و آشاميدني به جز قند و شكر"", ""pe_ratio"": 0.49, ""raw_score"": 5.0, ""trend_20d"": ""down"", ""rule_50_30"": ""رد"", ""final_score"": 5.0, ""score_macro"": 10.0, ""volume_spike"": 1.58, ""current_price"": 1537.0, ""liquidity_pct"": 3496169284.466667, ""position_size"": 0, ""adjusted_score"": 0.0, ""rank_in_market"": 93, ""score_feedstock"": 0.0, ""score_liquidity"": 5.0, ""score_technical"": 0.0, ""score_valuation"": 20.0, ""stop_loss_price"": 1429.0, ""nima_free_spread"": 6.523, ""percentile_score"": 82.0, ""price_change_pct"": -1.98, ""rank_in_industry"": 11, ""score_farabourse"": 0.0, ""score_fundamental"": 7.5, ""score_gov_support"": 0.0, ""institutional_ratio"": 0.0, ""score_institutional"": 0.0, ""negative_filters_count"": 0}",True,رد,0.0,0.0,7.5,5.0,7.5,0.0,5.0,10.0,0.0,0.0,0.0,0.0,5.0,20.0,20.0,1405-05-18,1268.0,غمارگ,2026-09-08,1.31
غمایه,,,,,,,,,,,,,,,,,,,,,,,,,,,,,,,,,,,,,,,,,,,,,,,,
غمایه2,,,,,,,,,,,,,,,,,,,,,,,,,,,,,,,,,,,,,,,,,,,,,,,,
غمایه3,,,,,,,,,,,,,,,,,,,,,,,,,,,,,,,,,,,,,,,,,,,,,,,,
غمهرا,0.0,2026-08-09 18:36:44.149365,0.0,رد_نمره,,,,4.8,2026-08-09 15:06:44.146146,2026-08-09,289,0.0,0.0,0.0,0,6.523,,,0.0,81.8,,0,12,94,4.75,"{""atr_14"": 209.0, ""symbol"": ""غمهرا"", ""live_pe"": 0.7, ""risk_ok"": true, ""decision"": ""رد_نمره"", ""industry"": ""محصولات غذايي و آشاميدني به جز قند و شكر"", ""pe_ratio"": 0.11, ""raw_score"": 5.0, ""trend_20d"": ""flat"", ""rule_50_30"": ""رد"", ""final_score"": 5.0, ""score_macro"": 10.0, ""volume_spike"": 0.32, ""current_price"": 7200.0, ""liquidity_pct"": 197576851.366667, ""position_size"": 0, ""adjusted_score"": 0.0, ""rank_in_market"": 94, ""score_feedstock"": 0.0, ""score_liquidity"": 5.0, ""score_technical"": 0.0, ""score_valuation"": 20.0, ""stop_loss_price"": 6696.0, ""nima_free_spread"": 6.523, ""percentile_score"": 81.8, ""price_change_pct"": 0.1, ""rank_in_industry"": 12, ""score_farabourse"": 0.0, ""score_fundamental"": 7.5, ""score_gov_support"": 0.0, ""institutional_ratio"": 0.0, ""score_institutional"": 0.0, ""negative_filters_count"": 0}",True,رد,0.0,0.0,7.5,0.0,7.5,0.0,5.0,10.0,0.0,0.0,0.0,0.0,5.0,20.0,20.0,1405-05-18,0.0,غمهرا,2026-09-08,0.0
غمهرا3,,,,,,,,,,,,,,,,,,,,,,,,,,,,,,,,,,,,,,,,,,,,,,,,
غمینو,,,,,,,,,,,,,,,,,,,,,,,,,,,,,,,,,,,,,,,,,,,,,,,,
غمینو3,,,,,,,,,,,,,,,,,,,,,,,,,,,,,,,,,,,,,,,,,,,,,,,,
غناب,0.0,2026-08-09 18:36:44.149365,0.0,رد_نمره,,,,4.8,2026-08-09 15:06:44.146146,2026-08-09,290,0.0,0.0,0.0,0,6.523,,,0.0,67.1,,0,15,169,4.75,"{""atr_14"": 1000.0, ""symbol"": ""غناب"", ""live_pe"": 6.1, ""risk_ok"": true, ""decision"": ""رد_نمره"", ""industry"": ""محصولات غذايي و آشاميدني به جز قند و شكر"", ""pe_ratio"": 0.94, ""raw_score"": 3.95, ""trend_20d"": ""flat"", ""rule_50_30"": ""رد"", ""final_score"": 4.0, ""score_macro"": 0.0, ""volume_spike"": 0.0, ""current_price"": 1000.0, ""liquidity_pct"": 0.0, ""position_size"": 0, ""adjusted_score"": 0.0, ""rank_in_market"": 169, ""score_feedstock"": 0.0, ""score_liquidity"": 0.0, ""score_technical"": 0.0, ""score_valuation"": 20.0, ""stop_loss_price"": -1000.0, ""nima_free_spread"": 6.523, ""percentile_score"": 67.1, ""price_change_pct"": 0.0, ""rank_in_industry"": 15, ""score_farabourse"": 0.0, ""score_fundamental"": 7.5, ""score_gov_support"": 0.0, ""institutional_ratio"": 0.0, ""score_institutional"": 0.0, ""negative_filters_count"": 0}",True,رد,0.0,0.0,7.5,0.0,7.5,0.0,0.0,10.0,0.0,0.0,0.0,0.0,4.0,20.0,20.0,1405-05-18,0.0,غناب,2026-09-08,0.0
غنوش,0.0,2026-08-09 18:36:44.149365,17730.0,رد_نمره,,,,3.5,2026-08-09 15:06:44.146146,2026-08-09,291,0.0,194628729480.0,9.1,0,6.523,,,1.4,81.6,,8058,13,95,3.55,"{""atr_14"": 18.0, ""symbol"": ""غنوش"", ""live_pe"": 2.9, ""risk_ok"": true, ""decision"": ""رد_نمره"", ""industry"": ""محصولات غذايي و آشاميدني به جز قند و شكر"", ""pe_ratio"": 0.45, ""raw_score"": 5.0, ""trend_20d"": ""flat"", ""rule_50_30"": ""رد"", ""final_score"": 5.0, ""score_macro"": 10.0, ""volume_spike"": 0.44, ""current_price"": 5680.0, ""liquidity_pct"": 7654384.0, ""position_size"": 0, ""adjusted_score"": 0.0, ""rank_in_market"": 95, ""score_feedstock"": 0.0, ""score_liquidity"": 5.0, ""score_technical"": 0.0, ""score_valuation"": 20.0, ""stop_loss_price"": 5282.0, ""nima_free_spread"": 6.523, ""percentile_score"": 81.6, ""price_change_pct"": -0.14, ""rank_in_industry"": 13, ""score_farabourse"": 0.0, ""score_fundamental"": 7.5, ""score_gov_support"": 0.0, ""institutional_ratio"": 0.0, ""score_institutional"": 0.0, ""negative_filters_count"": 0}",True,رد,0.0,0.0,7.5,5.0,7.5,0.0,5.0,0.0,0.0,0.0,0.0,0.0,5.0,10.0,20.0,1405-05-18,16489.0,غنوش,2026-09-08,1.02
غنوش2,,,,,,,,,,,,,,,,,,,,,,,,,,,,,,,,,,,,,,,,,,,,,,,,
غنوش3,,,,,,,,,,,,,,,,,,,,,,,,,,,,,,,,,,,,,,,,,,,,,,,,
غنیلی,,,,,,,,,,,,,,,,,,,,,,,,,,,,,,,,,,,,,,,,,,,,,,,,
غویتا,,,,,,,,,,,,,,,,,,,,,,,,,,,,,,,,,,,,,,,,,,,,,,,,
غویتا3,,,,,,,,,,,,,,,,,,,,,,,,,,,,,,,,,,,,,,,,,,,,,,,,
غيوان,0.0,2026-08-09 18:36:44.149365,0.0,رد_نمره,,,,2.6,2026-08-09 15:06:44.146146,2026-08-09,292,0.0,0.0,0.0,0,6.523,,,0.0,37.3,,0,24,321,2.6,"{""atr_14"": 0.0, ""symbol"": ""غيوان"", ""live_pe"": 0.0, ""risk_ok"": true, ""decision"": ""رد_نمره"", ""industry"": ""محصولات غذايي و آشاميدني به جز قند و شكر"", ""pe_ratio"": 0.0, ""raw_score"": 2.6, ""trend_20d"": ""flat"", ""rule_50_30"": ""رد"", ""final_score"": 2.6, ""score_macro"": 0.0, ""volume_spike"": 0.0, ""current_price"": 0.0, ""liquidity_pct"": 0.0, ""position_size"": 0, ""adjusted_score"": 0.0, ""rank_in_market"": 321, ""score_feedstock"": 0.0, ""score_liquidity"": 0.0, ""score_technical"": 0.0, ""score_valuation"": 20.0, ""stop_loss_price"": 0, ""nima_free_spread"": 6.523, ""percentile_score"": 37.3, ""price_change_pct"": 0.0, ""rank_in_industry"": 24, ""score_farabourse"": 0.0, ""score_fundamental"": 0.0, ""score_gov_support"": 0.0, ""institutional_ratio"": 0.0, ""score_institutional"": 0.0, ""negative_filters_count"": 0}",True,رد,0.0,0.0,0.0,0.0,0.0,0.0,0.0,0.0,0.0,0.0,0.0,0.0,2.6,20.0,20.0,1405-05-18,0.0,غيوان,2026-09-08,0.0
غپآذر,,,,,,,,,,,,,,,,,,,,,,,,,,,,,,,,,,,,,,,,,,,,,,,,
غپآذر3,,,,,,,,,,,,,,,,,,,,,,,,,,,,,,,,,,,,,,,,,,,,,,,,
غپاذر,,,,,,,,,,,,,,,,,,,,,,,,,,,,,,,,,,,,,,,,,,,,,,,,
غپاک,0.0,2026-08-09 18:36:44.149365,0.0,رد_نمره,,,,2.6,2026-08-09 15:06:44.146146,2026-08-09,273,0.0,0.0,0.0,0,6.523,,,0.0,38.4,,0,18,315,2.6,"{""atr_14"": 0.0, ""symbol"": ""غپاك"", ""live_pe"": 0.0, ""risk_ok"": true, ""decision"": ""رد_نمره"", ""industry"": ""محصولات غذايي و آشاميدني به جز قند و شكر"", ""pe_ratio"": 0.0, ""raw_score"": 2.6, ""trend_20d"": ""flat"", ""rule_50_30"": ""رد"", ""final_score"": 2.6, ""score_macro"": 0.0, ""volume_spike"": 0.0, ""current_price"": 0.0, ""liquidity_pct"": 0.0, ""position_size"": 0, ""adjusted_score"": 0.0, ""rank_in_market"": 315, ""score_feedstock"": 0.0, ""score_liquidity"": 0.0, ""score_technical"": 0.0, ""score_valuation"": 20.0, ""stop_loss_price"": 0, ""nima_free_spread"": 6.523, ""percentile_score"": 38.4, ""price_change_pct"": 0.0, ""rank_in_industry"": 18, ""score_farabourse"": 0.0, ""score_fundamental"": 0.0, ""score_gov_support"": 0.0, ""institutional_ratio"": 0.0, ""score_institutional"": 0.0, ""negative_filters_count"": 0}",True,رد,0.0,0.0,0.0,0.0,0.0,0.0,0.0,0.0,0.0,0.0,0.0,0.0,2.6,20.0,20.0,1405-05-18,0.0,غپاك,2026-09-08,0.0
غپاک3,,,,,,,,,,,,,,,,,,,,,,,,,,,,,,,,,,,,,,,,,,,,,,,,
غپونه,,,,,,,,,,,,,,,,,,,,,,,,,,,,,,,,,,,,,,,,,,,,,,,,
غپونه3,,,,,,,,,,,,,,,,,,,,,,,,,,,,,,,,,,,,,,,,,,,,,,,,
غپینو,0.0,2026-08-09 18:36:44.149365,0.0,رد_نمره,,,,2.6,2026-08-09 15:06:44.146146,2026-08-09,274,0.0,0.0,0.0,0,6.523,,,0.0,38.2,,0,19,316,2.6,"{""atr_14"": 0.0, ""symbol"": ""غپينو"", ""live_pe"": 0.0, ""risk_ok"": true, ""decision"": ""رد_نمره"", ""industry"": ""محصولات غذايي و آشاميدني به جز قند و شكر"", ""pe_ratio"": 0.0, ""raw_score"": 2.6, ""trend_20d"": ""flat"", ""rule_50_30"": ""رد"", ""final_score"": 2.6, ""score_macro"": 0.0, ""volume_spike"": 0.0, ""current_price"": 0.0, ""liquidity_pct"": 0.0, ""position_size"": 0, ""adjusted_score"": 0.0, ""rank_in_market"": 316, ""score_feedstock"": 0.0, ""score_liquidity"": 0.0, ""score_technical"": 0.0, ""score_valuation"": 20.0, ""stop_loss_price"": 0, ""nima_free_spread"": 6.523, ""percentile_score"": 38.2, ""price_change_pct"": 0.0, ""rank_in_industry"": 19, ""score_farabourse"": 0.0, ""score_fundamental"": 0.0, ""score_gov_support"": 0.0, ""institutional_ratio"": 0.0, ""score_institutional"": 0.0, ""negative_filters_count"": 0}",True,رد,0.0,0.0,0.0,0.0,0.0,0.0,0.0,0.0,0.0,0.0,0.0,0.0,2.6,20.0,20.0,1405-05-18,0.0,غپينو,2026-09-08,0.0
غپینو3,,,,,,,,,,,,,,,,,,,,,,,,,,,,,,,,,,,,,,,,,,,,,,,,
غپیچک,,,,,,,,,,,,,,,,,,,,,,,,,,,,,,,,,,,,,,,,,,,,,,,,
غچین,0.0,2026-08-09 18:36:44.149365,0.0,رد_نمره,,,,2.6,2026-08-09 15:06:44.146146,2026-08-09,275,0.0,0.0,0.0,0,6.523,,,0.0,38.0,,0,20,317,2.6,"{""atr_14"": 0.0, ""symbol"": ""غچين"", ""live_pe"": 0.0, ""risk_ok"": true, ""decision"": ""رد_نمره"", ""industry"": ""محصولات غذايي و آشاميدني به جز قند و شكر"", ""pe_ratio"": 0.0, ""raw_score"": 2.6, ""trend_20d"": ""flat"", ""rule_50_30"": ""رد"", ""final_score"": 2.6, ""score_macro"": 0.0, ""volume_spike"": 0.0, ""current_price"": 0.0, ""liquidity_pct"": 0.0, ""position_size"": 0, ""adjusted_score"": 0.0, ""rank_in_market"": 317, ""score_feedstock"": 0.0, ""score_liquidity"": 0.0, ""score_technical"": 0.0, ""score_valuation"": 20.0, ""stop_loss_price"": 0, ""nima_free_spread"": 6.523, ""percentile_score"": 38.0, ""price_change_pct"": 0.0, ""rank_in_industry"": 20, ""score_farabourse"": 0.0, ""score_fundamental"": 0.0, ""score_gov_support"": 0.0, ""institutional_ratio"": 0.0, ""score_institutional"": 0.0, ""negative_filters_count"": 0}",True,رد,0.0,0.0,0.0,0.0,0.0,0.0,0.0,0.0,0.0,0.0,0.0,0.0,2.6,20.0,20.0,1405-05-18,0.0,غچين,2026-09-08,0.0
غچین3,,,,,,,,,,,,,,,,,,,,,,,,,,,,,,,,,,,,,,,,,,,,,,,,
غکورش,0.0,2026-08-09 18:36:44.149365,0.0,رد_نمره,,,,2.6,2026-08-09 15:06:44.146146,2026-08-09,285,0.0,0.0,0.0,0,6.523,,,0.0,37.6,,0,22,319,2.6,"{""atr_14"": 0.0, ""symbol"": ""غكورش"", ""live_pe"": 0.0, ""risk_ok"": true, ""decision"": ""رد_نمره"", ""industry"": ""محصولات غذايي و آشاميدني به جز قند و شكر"", ""pe_ratio"": 0.0, ""raw_score"": 2.6, ""trend_20d"": ""flat"", ""rule_50_30"": ""رد"", ""final_score"": 2.6, ""score_macro"": 0.0, ""volume_spike"": 0.0, ""current_price"": 0.0, ""liquidity_pct"": 0.0, ""position_size"": 0, ""adjusted_score"": 0.0, ""rank_in_market"": 319, ""score_feedstock"": 0.0, ""score_liquidity"": 0.0, ""score_technical"": 0.0, ""score_valuation"": 20.0, ""stop_loss_price"": 0, ""nima_free_spread"": 6.523, ""percentile_score"": 37.6, ""price_change_pct"": 0.0, ""rank_in_industry"": 22, ""score_farabourse"": 0.0, ""score_fundamental"": 0.0, ""score_gov_support"": 0.0, ""institutional_ratio"": 0.0, ""score_institutional"": 0.0, ""negative_filters_count"": 0}",True,رد,0.0,0.0,0.0,0.0,0.0,0.0,0.0,0.0,0.0,0.0,0.0,0.0,2.6,20.0,20.0,1405-05-18,0.0,غكورش,2026-09-08,0.0
غکورش2,,,,,,,,,,,,,,,,,,,,,,,,,,,,,,,,,,,,,,,,,,,,,,,,
غکورش3,,,,,,,,,,,,,,,,,,,,,,,,,,,,,,,,,,,,,,,,,,,,,,,,
غگرجی,0.0,2026-08-09 18:36:44.149365,0.0,رد_نمره,,,,2.6,2026-08-09 15:06:44.146146,2026-08-09,286,0.0,0.0,0.0,0,6.523,,,0.0,37.5,,0,23,320,2.6,"{""atr_14"": 0.0, ""symbol"": ""غگرجي"", ""live_pe"": 0.0, ""risk_ok"": true, ""decision"": ""رد_نمره"", ""industry"": ""محصولات غذايي و آشاميدني به جز قند و شكر"", ""pe_ratio"": 0.0, ""raw_score"": 2.6, ""trend_20d"": ""flat"", ""rule_50_30"": ""رد"", ""final_score"": 2.6, ""score_macro"": 0.0, ""volume_spike"": 0.0, ""current_price"": 0.0, ""liquidity_pct"": 0.0, ""position_size"": 0, ""adjusted_score"": 0.0, ""rank_in_market"": 320, ""score_feedstock"": 0.0, ""score_liquidity"": 0.0, ""score_technical"": 0.0, ""score_valuation"": 20.0, ""stop_loss_price"": 0, ""nima_free_spread"": 6.523, ""percentile_score"": 37.5, ""price_change_pct"": 0.0, ""rank_in_industry"": 23, ""score_farabourse"": 0.0, ""score_fundamental"": 0.0, ""score_gov_support"": 0.0, ""institutional_ratio"": 0.0, ""score_institutional"": 0.0, ""negative_filters_count"": 0}",True,رد,0.0,0.0,0.0,0.0,0.0,0.0,0.0,0.0,0.0,0.0,0.0,0.0,2.6,20.0,20.0,1405-05-18,0.0,غگرجي,2026-09-08,0.0
غگرجی3,,,,,,,,,,,,,,,,,,,,,,,,,,,,,,,,,,,,,,,,,,,,,,,,
غگز,,,,,,,,,,,,,,,,,,,,,,,,,,,,,,,,,,,,,,,,,,,,,,,,
غگل,0.0,2026-08-09 18:36:44.149365,6890.0,رد_نمره,,,,5.7,2026-08-09 15:06:44.146146,2026-08-09,287,0.0,139481842369.33334,2.4,0,6.523,,,0.38,92.2,,20746,4,41,5.65,"{""atr_14"": 124.0, ""symbol"": ""غگل"", ""live_pe"": 4.5, ""risk_ok"": true, ""decision"": ""رد_نمره"", ""industry"": ""محصولات غذايي و آشاميدني به جز قند و شكر"", ""pe_ratio"": 0.7, ""raw_score"": 5.4, ""trend_20d"": ""down"", ""rule_50_30"": ""رد"", ""final_score"": 5.4, ""score_macro"": 0.0, ""volume_spike"": 3.56, ""current_price"": 12803.0, ""liquidity_pct"": 53373687.533333, ""position_size"": 0, ""adjusted_score"": 0.0, ""rank_in_market"": 41, ""score_feedstock"": 0.0, ""score_liquidity"": 5.0, ""score_technical"": 15.0, ""score_valuation"": 20.0, ""stop_loss_price"": 11907.0, ""nima_free_spread"": 6.523, ""percentile_score"": 92.2, ""price_change_pct"": -4.67, ""rank_in_industry"": 4, ""score_farabourse"": 0.0, ""score_fundamental"": 7.5, ""score_gov_support"": 0.0, ""institutional_ratio"": 0.0, ""score_institutional"": 0.0, ""negative_filters_count"": 0}",True,رد,0.0,0.0,7.5,5.0,7.5,0.0,5.0,10.0,15.0,0.0,0.0,0.0,5.4,20.0,20.0,1405-05-18,6408.0,غگل,2026-09-08,0.63
غگل3,,,,,,,,,,,,,,,,,,,,,,,,,,,,,,,,,,,,,,,,,,,,,,,,
غگلستا,,,,,,,,,,,,,,,,,,,,,,,,,,,,,,,,,,,,,,,,,,,,,,,,
غگلستا3,,,,,,,,,,,,,,,,,,,,,,,,,,,,,,,,,,,,,,,,,,,,,,,,
غگلپا,,,,,,,,,,,,,,,,,,,,,,,,,,,,,,,,,,,,,,,,,,,,,,,,
غگلپا2,,,,,,,,,,,,,,,,,,,,,,,,,,,,,,,,,,,,,,,,,,,,,,,,
غگلپا3,,,,,,,,,,,,,,,,,,,,,,,,,,,,,,,,,,,,,,,,,,,,,,,,
غگیلا,,,,,,,,,,,,,,,,,,,,,,,,,,,,,,,,,,,,,,,,,,,,,,,,
غگیلا3,,,,,,,,,,,,,,,,,,,,,,,,,,,,,,,,,,,,,,,,,,,,,,,,
غیرصنعتی وخدمات پتروشیمی,,,,,,,,,,,,,,,,,,,,,,,,,,,,,,,,,,,,,,,,,,,,,,,,
فاخر,,,,,,,,,,,,,,,,,,,,,,,,,,,,,,,,,,,,,,,,,,,,,,,,
فاخر2,,,,,,,,,,,,,,,,,,,,,,,,,,,,,,,,,,,,,,,,,,,,,,,,
فاخر4,,,,,,,,,,,,,,,,,,,,,,,,,,,,,,,,,,,,,,,,,,,,,,,,
فاذر,0.0,2026-08-09 18:36:44.149365,0.0,رد_نمره,,,,4.8,2026-08-09 15:06:44.146146,2026-08-09,293,0.0,0.0,0.0,0,6.523,,,0.0,6.5,,0,10,478,4.75,"{""atr_14"": 371.0, ""symbol"": ""فاذر"", ""live_pe"": 15.4, ""risk_ok"": true, ""decision"": ""رد_نمره"", ""industry"": ""ساخت محصولات فلزي"", ""pe_ratio"": 2.37, ""raw_score"": 1.6, ""trend_20d"": ""down"", ""rule_50_30"": ""رد"", ""final_score"": 1.6, ""score_macro"": 0.0, ""volume_spike"": 0.01, ""current_price"": 3702.0, ""liquidity_pct"": 658651554.466667, ""position_size"": 0, ""adjusted_score"": 0.0, ""rank_in_market"": 478, ""score_feedstock"": 0.0, ""score_liquidity"": 5.0, ""score_technical"": 0.0, ""score_valuation"": 0.0, ""stop_loss_price"": 2959.0, ""nima_free_spread"": 6.523, ""percentile_score"": 6.5, ""price_change_pct"": 0.05, ""rank_in_industry"": 10, ""score_farabourse"": 0.0, ""score_fundamental"": 7.5, ""score_gov_support"": 0.0, ""institutional_ratio"": 0.0, ""score_institutional"": 0.0, ""negative_filters_count"": 0}",True,رد,0.0,0.0,7.5,0.0,7.5,0.0,5.0,10.0,0.0,0.0,0.0,0.0,1.6,20.0,0.0,1405-05-18,0.0,فاذر,2026-09-08,0.0
فاذر3,,,,,,,,,,,,,,,,,,,,,,,,,,,,,,,,,,,,,,,,,,,,,,,,
فارابی بازار,,,,,,,,,,,,,,,,,,,,,,,,,,,,,,,,,,,,,,,,,,,,,,,,
فارابی ثابت,,,,,,,,,,,,,,,,,,,,,,,,,,,,,,,,,,,,,,,,,,,,,,,,
فارابی سهام,,,,,,,,,,,,,,,,,,,,,,,,,,,,,,,,,,,,,,,,,,,,,,,,
فاراک,0.0,2026-08-09 18:36:44.149365,0.0,رد_نمره,,,,2.6,2026-08-09 15:06:44.146146,2026-08-09,294,0.0,0.0,0.0,0,6.523,,,0.0,37.1,,0,5,322,2.6,"{""atr_14"": 0.0, ""symbol"": ""فاراك"", ""live_pe"": 0.0, ""risk_ok"": true, ""decision"": ""رد_نمره"", ""industry"": ""ساخت محصولات فلزي"", ""pe_ratio"": 0.0, ""raw_score"": 2.6, ""trend_20d"": ""flat"", ""rule_50_30"": ""رد"", ""final_score"": 2.6, ""score_macro"": 0.0, ""volume_spike"": 0.0, ""current_price"": 0.0, ""liquidity_pct"": 0.0, ""position_size"": 0, ""adjusted_score"": 0.0, ""rank_in_market"": 322, ""score_feedstock"": 0.0, ""score_liquidity"": 0.0, ""score_technical"": 0.0, ""score_valuation"": 20.0, ""stop_loss_price"": 0, ""nima_free_spread"": 6.523, ""percentile_score"": 37.1, ""price_change_pct"": 0.0, ""rank_in_industry"": 5, ""score_farabourse"": 0.0, ""score_fundamental"": 0.0, ""score_gov_support"": 0.0, ""institutional_ratio"": 0.0, ""score_institutional"": 0.0, ""negative_filters_count"": 0}",True,رد,0.0,0.0,0.0,0.0,0.0,0.0,0.0,0.0,0.0,0.0,0.0,0.0,2.6,20.0,20.0,1405-05-18,0.0,فاراك,2026-09-08,0.0
فاراک3,,,,,,,,,,,,,,,,,,,,,,,,,,,,,,,,,,,,,,,,,,,,,,,,
فارس,0.0,2026-08-09 18:36:44.149365,12780.0,رد_نمره,,,,5.7,2026-08-09 15:06:44.146146,2026-08-09,295,0.0,5071411749952.0,1.7,0,6.523,,,0.26,95.1,,11173,1,26,5.65,"{""atr_14"": 8158.0, ""symbol"": ""فارس"", ""live_pe"": 1.1, ""risk_ok"": true, ""decision"": ""رد_نمره"", ""industry"": ""محصولات شيميايي"", ""pe_ratio"": 0.17, ""raw_score"": 5.65, ""trend_20d"": ""down"", ""rule_50_30"": ""رد"", ""final_score"": 5.7, ""score_macro"": 10.0, ""volume_spike"": 1.7, ""current_price"": 8603.0, ""liquidity_pct"": 79550096533.0, ""position_size"": 0, ""adjusted_score"": 0.0, ""rank_in_market"": 26, ""score_feedstock"": 0.0, ""score_liquidity"": 5.0, ""score_technical"": 0.0, ""score_valuation"": 20.0, ""stop_loss_price"": -7713.0, ""nima_free_spread"": 6.523, ""percentile_score"": 95.1, ""price_change_pct"": -3.96, ""rank_in_industry"": 1, ""score_farabourse"": 0.0, ""score_fundamental"": 7.5, ""score_gov_support"": 5.0, ""institutional_ratio"": 0.0, ""score_institutional"": 0.0, ""negative_filters_count"": 0}",True,رد,0.0,0.0,7.5,5.0,7.5,0.0,5.0,10.0,0.0,0.0,5.0,0.0,5.7,20.0,20.0,1405-05-18,11885.0,فارس,2026-09-08,0.53
فارس2,,,,,,,,,,,,,,,,,,,,,,,,,,,,,,,,,,,,,,,,,,,,,,,,
فارس3,,,,,,,,,,,,,,,,,,,,,,,,,,,,,,,,,,,,,,,,,,,,,,,,
فارما کیان,,,,,,,,,,,,,,,,,,,,,,,,,,,,,,,,,,,,,,,,,,,,,,,,
فارما کیان2,,,,,,,,,,,,,,,,,,,,,,,,,,,,,,,,,,,,,,,,,,,,,,,,
فارماشیمی,,,,,,,,,,,,,,,,,,,,,,,,,,,,,,,,,,,,,,,,,,,,,,,,
فارمانی,,,,,,,,,,,,,,,,,,,,,,,,,,,,,,,,,,,,,,,,,,,,,,,,
فاسمين,0.0,2026-08-09 18:36:44.149365,0.0,رد_نمره,,,,2.6,2026-08-09 15:06:44.146146,2026-08-09,296,0.0,0.0,0.0,0,6.523,,,0.0,36.9,,0,17,323,2.6,"{""atr_14"": 0.0, ""symbol"": ""فاسمين"", ""live_pe"": 0.0, ""risk_ok"": true, ""decision"": ""رد_نمره"", ""industry"": ""فلزات اساسي"", ""pe_ratio"": 0.0, ""raw_score"": 2.6, ""trend_20d"": ""flat"", ""rule_50_30"": ""رد"", ""final_score"": 2.6, ""score_macro"": 0.0, ""volume_spike"": 0.0, ""current_price"": 0.0, ""liquidity_pct"": 0.0, ""position_size"": 0, ""adjusted_score"": 0.0, ""rank_in_market"": 323, ""score_feedstock"": 0.0, ""score_liquidity"": 0.0, ""score_technical"": 0.0, ""score_valuation"": 20.0, ""stop_loss_price"": 0, ""nima_free_spread"": 6.523, ""percentile_score"": 36.9, ""price_change_pct"": 0.0, ""rank_in_industry"": 17, ""score_farabourse"": 0.0, ""score_fundamental"": 0.0, ""score_gov_support"": 0.0, ""institutional_ratio"": 0.0, ""score_institutional"": 0.0, ""negative_filters_count"": 0}",True,رد,0.0,0.0,0.0,0.0,0.0,0.0,0.0,0.0,0.0,0.0,0.0,0.0,2.6,20.0,20.0,1405-05-18,0.0,فاسمين,2026-09-08,0.0
فافزا,,,,,,,,,,,,,,,,,,,,,,,,,,,,,,,,,,,,,,,,,,,,,,,,
فافق,,,,,,,,,,,,,,,,,,,,,,,,,,,,,,,,,,,,,,,,,,,,,,,,
فافق2,,,,,,,,,,,,,,,,,,,,,,,,,,,,,,,,,,,,,,,,,,,,,,,,
فالوم,0.0,2026-08-09 18:36:44.149365,0.0,رد_نمره,,,,4.0,2026-08-09 15:06:44.146146,2026-08-09,297,0.0,0.0,0.0,0,6.523,,,0.0,9.4,,0,31,463,3.95,"{""atr_14"": 1726.0, ""symbol"": ""فالوم"", ""live_pe"": 378250.0, ""risk_ok"": true, ""decision"": ""رد_نمره"", ""industry"": ""فلزات اساسي"", ""pe_ratio"": 58192.31, ""raw_score"": 2.25, ""trend_20d"": ""up"", ""rule_50_30"": ""رد"", ""final_score"": 2.2, ""score_macro"": 0.0, ""volume_spike"": 0.55, ""current_price"": 15130.0, ""liquidity_pct"": 34498288692.0, ""position_size"": 0, ""adjusted_score"": 0.0, ""rank_in_market"": 463, ""score_feedstock"": 0.0, ""score_liquidity"": 5.0, ""score_technical"": 0.0, ""score_valuation"": 0.0, ""stop_loss_price"": 11677.0, ""nima_free_spread"": 6.523, ""percentile_score"": 9.4, ""price_change_pct"": 1.95, ""rank_in_industry"": 31, ""score_farabourse"": 0.0, ""score_fundamental"": 7.5, ""score_gov_support"": 5.0, ""institutional_ratio"": 0.0, ""score_institutional"": 0.0, ""negative_filters_count"": 0}",True,رد,0.0,0.0,7.5,0.0,7.5,0.0,5.0,0.0,0.0,0.0,5.0,0.0,2.2,20.0,0.0,1405-05-18,0.0,فالوم,2026-09-08,0.0
فالوم3,,,,,,,,,,,,,,,,,,,,,,,,,,,,,,,,,,,,,,,,,,,,,,,,
فاما,0.0,2026-08-09 18:36:44.149365,0.0,رد_نمره,,,,4.8,2026-08-09 15:06:44.146146,2026-08-09,298,0.0,0.0,0.0,0,6.523,,,0.0,81.4,,0,2,96,4.75,"{""atr_14"": 46.0, ""symbol"": ""فاما"", ""live_pe"": 1.4, ""risk_ok"": true, ""decision"": ""رد_نمره"", ""industry"": ""ساخت محصولات فلزي"", ""pe_ratio"": 0.21, ""raw_score"": 5.0, ""trend_20d"": ""up"", ""rule_50_30"": ""رد"", ""final_score"": 5.0, ""score_macro"": 10.0, ""volume_spike"": 0.78, ""current_price"": 5102.0, ""liquidity_pct"": 41996653.3, ""position_size"": 0, ""adjusted_score"": 0.0, ""rank_in_market"": 96, ""score_feedstock"": 0.0, ""score_liquidity"": 5.0, ""score_technical"": 0.0, ""score_valuation"": 20.0, ""stop_loss_price"": 4745.0, ""nima_free_spread"": 6.523, ""percentile_score"": 81.4, ""price_change_pct"": 0.81, ""rank_in_industry"": 2, ""score_farabourse"": 0.0, ""score_fundamental"": 7.5, ""score_gov_support"": 0.0, ""institutional_ratio"": 0.0, ""score_institutional"": 0.0, ""negative_filters_count"": 0}",True,رد,0.0,0.0,7.5,0.0,7.5,0.0,5.0,10.0,0.0,0.0,0.0,0.0,5.0,20.0,20.0,1405-05-18,0.0,فاما,2026-09-08,0.0
فاما2,,,,,,,,,,,,,,,,,,,,,,,,,,,,,,,,,,,,,,,,,,,,,,,,
فاما3,,,,,,,,,,,,,,,,,,,,,,,,,,,,,,,,,,,,,,,,,,,,,,,,
فاهواز,0.0,2026-08-09 18:36:44.149365,0.0,رد_نمره,,,,4.8,2026-08-09 15:06:44.146146,2026-08-09,299,0.0,0.0,0.0,0,6.523,,,0.0,92.9,,0,4,37,4.75,"{""atr_14"": 54.0, ""symbol"": ""فاهواز"", ""live_pe"": 0.1, ""risk_ok"": true, ""decision"": ""رد_نمره"", ""industry"": ""فلزات اساسي"", ""pe_ratio"": 0.02, ""raw_score"": 5.6, ""trend_20d"": ""up"", ""rule_50_30"": ""رد"", ""final_score"": 5.6, ""score_macro"": 10.0, ""volume_spike"": 2.13, ""current_price"": 630.0, ""liquidity_pct"": 9451371107.566668, ""position_size"": 0, ""adjusted_score"": 0.0, ""rank_in_market"": 37, ""score_feedstock"": 0.0, ""score_liquidity"": 5.0, ""score_technical"": 7.5, ""score_valuation"": 20.0, ""stop_loss_price"": 522.0, ""nima_free_spread"": 6.523, ""percentile_score"": 92.9, ""price_change_pct"": 5.36, ""rank_in_industry"": 4, ""score_farabourse"": 0.0, ""score_fundamental"": 7.5, ""score_gov_support"": 0.0, ""institutional_ratio"": 0.0, ""score_institutional"": 0.0, ""negative_filters_count"": 0}",True,رد,0.0,0.0,7.5,0.0,7.5,0.0,5.0,10.0,7.5,0.0,0.0,0.0,5.6,20.0,20.0,1405-05-18,0.0,فاهواز,2026-09-08,0.0
فایرا,0.0,2026-08-09 18:36:44.149365,0.0,رد_نمره,,,,2.6,2026-08-09 15:06:44.146146,2026-08-09,300,0.0,0.0,0.0,0,6.523,,,0.0,36.7,,0,18,324,2.6,"{""atr_14"": 0.0, ""symbol"": ""فايرا"", ""live_pe"": 0.0, ""risk_ok"": true, ""decision"": ""رد_نمره"", ""industry"": ""فلزات اساسي"", ""pe_ratio"": 0.0, ""raw_score"": 2.6, ""trend_20d"": ""flat"", ""rule_50_30"": ""رد"", ""final_score"": 2.6, ""score_macro"": 0.0, ""volume_spike"": 0.0, ""current_price"": 0.0, ""liquidity_pct"": 0.0, ""position_size"": 0, ""adjusted_score"": 0.0, ""rank_in_market"": 324, ""score_feedstock"": 0.0, ""score_liquidity"": 0.0, ""score_technical"": 0.0, ""score_valuation"": 20.0, ""stop_loss_price"": 0, ""nima_free_spread"": 6.523, ""percentile_score"": 36.7, ""price_change_pct"": 0.0, ""rank_in_industry"": 18, ""score_farabourse"": 0.0, ""score_fundamental"": 0.0, ""score_gov_support"": 0.0, ""institutional_ratio"": 0.0, ""score_institutional"": 0.0, ""negative_filters_count"": 0}",True,رد,0.0,0.0,0.0,0.0,0.0,0.0,0.0,0.0,0.0,0.0,0.0,0.0,2.6,20.0,20.0,1405-05-18,0.0,فايرا,2026-09-08,0.0
فایرا3,,,,,,,,,,,,,,,,,,,,,,,,,,,,,,,,,,,,,,,,,,,,,,,,
فباهنر,0.0,2026-08-09 18:36:44.149365,10340.0,رد_نمره,,,,5.7,2026-08-09 15:06:44.146146,2026-08-09,301,0.0,874252123001.3334,2.4,0,6.523,,,0.37,81.2,,13812,5,97,5.65,"{""atr_14"": 104.0, ""symbol"": ""فباهنر"", ""live_pe"": 1.5, ""risk_ok"": true, ""decision"": ""رد_نمره"", ""industry"": ""فلزات اساسي"", ""pe_ratio"": 0.24, ""raw_score"": 5.0, ""trend_20d"": ""flat"", ""rule_50_30"": ""رد"", ""final_score"": 5.0, ""score_macro"": 10.0, ""volume_spike"": 0.09, ""current_price"": 6550.0, ""liquidity_pct"": 201461319.7, ""position_size"": 0, ""adjusted_score"": 0.0, ""rank_in_market"": 97, ""score_feedstock"": 0.0, ""score_liquidity"": 5.0, ""score_technical"": 0.0, ""score_valuation"": 20.0, ""stop_loss_price"": 6092.0, ""nima_free_spread"": 6.523, ""percentile_score"": 81.2, ""price_change_pct"": -0.98, ""rank_in_industry"": 5, ""score_farabourse"": 0.0, ""score_fundamental"": 7.5, ""score_gov_support"": 0.0, ""institutional_ratio"": 0.0, ""score_institutional"": 0.0, ""negative_filters_count"": 0}",True,رد,0.0,0.0,7.5,5.0,7.5,0.0,5.0,10.0,0.0,0.0,0.0,0.0,5.0,20.0,20.0,1405-05-18,9616.0,فباهنر,2026-09-08,0.57
فباهنر3,,,,,,,,,,,,,,,,,,,,,,,,,,,,,,,,,,,,,,,,,,,,,,,,
فبستم,0.0,2026-08-09 18:36:44.149365,0.0,رد_نمره,,,,4.8,2026-08-09 15:06:44.146146,2026-08-09,302,0.0,0.0,0.0,0,6.523,,,0.0,70.8,,0,4,150,4.75,"{""atr_14"": 1000.0, ""symbol"": ""فبستم"", ""live_pe"": 0.7, ""risk_ok"": true, ""decision"": ""رد_نمره"", ""industry"": ""ساخت محصولات فلزي"", ""pe_ratio"": 0.1, ""raw_score"": 4.75, ""trend_20d"": ""flat"", ""rule_50_30"": ""رد"", ""final_score"": 4.8, ""score_macro"": 10.0, ""volume_spike"": 0.0, ""current_price"": 1000.0, ""liquidity_pct"": 0.0, ""position_size"": 0, ""adjusted_score"": 0.0, ""rank_in_market"": 150, ""score_feedstock"": 0.0, ""score_liquidity"": 0.0, ""score_technical"": 0.0, ""score_valuation"": 20.0, ""stop_loss_price"": -1000.0, ""nima_free_spread"": 6.523, ""percentile_score"": 70.8, ""price_change_pct"": 0.0, ""rank_in_industry"": 4, ""score_farabourse"": 0.0, ""score_fundamental"": 7.5, ""score_gov_support"": 0.0, ""institutional_ratio"": 0.0, ""score_institutional"": 0.0, ""negative_filters_count"": 0}",True,رد,0.0,0.0,7.5,0.0,7.5,0.0,0.0,10.0,0.0,0.0,0.0,0.0,4.8,20.0,20.0,1405-05-18,0.0,فبستم,2026-09-08,0.0
فبیرا,0.0,2026-08-09 18:36:44.149365,0.0,رد_نمره,,,,2.6,2026-08-09 15:06:44.146146,2026-08-09,303,0.0,0.0,0.0,0,6.523,,,0.0,36.5,,0,6,325,2.6,"{""atr_14"": 0.0, ""symbol"": ""فبيرا"", ""live_pe"": 0.0, ""risk_ok"": true, ""decision"": ""رد_نمره"", ""industry"": ""ساخت محصولات فلزي"", ""pe_ratio"": 0.0, ""raw_score"": 2.6, ""trend_20d"": ""flat"", ""rule_50_30"": ""رد"", ""final_score"": 2.6, ""score_macro"": 0.0, ""volume_spike"": 0.0, ""current_price"": 0.0, ""liquidity_pct"": 0.0, ""position_size"": 0, ""adjusted_score"": 0.0, ""rank_in_market"": 325, ""score_feedstock"": 0.0, ""score_liquidity"": 0.0, ""score_technical"": 0.0, ""score_valuation"": 20.0, ""stop_loss_price"": 0, ""nima_free_spread"": 6.523, ""percentile_score"": 36.5, ""price_change_pct"": 0.0, ""rank_in_industry"": 6, ""score_farabourse"": 0.0, ""score_fundamental"": 0.0, ""score_gov_support"": 0.0, ""institutional_ratio"": 0.0, ""score_institutional"": 0.0, ""negative_filters_count"": 0}",True,رد,0.0,0.0,0.0,0.0,0.0,0.0,0.0,0.0,0.0,0.0,0.0,0.0,2.6,20.0,20.0,1405-05-18,0.0,فبيرا,2026-09-08,0.0
فتوسا,,,,,,,,,,,,,,,,,,,,,,,,,,,,,,,,,,,,,,,,,,,,,,,,
فتوسا3,,,,,,,,,,,,,,,,,,,,,,,,,,,,,,,,,,,,,,,,,,,,,,,,
فجام,0.0,2026-08-09 18:36:44.149365,0.0,رد_نمره,,,,4.8,2026-08-09 15:06:44.146146,2026-08-09,306,0.0,0.0,0.0,0,6.523,,,0.0,80.8,,0,3,99,4.75,"{""atr_14"": 22.0, ""symbol"": ""فجام"", ""live_pe"": 0.3, ""risk_ok"": true, ""decision"": ""رد_نمره"", ""industry"": ""ساخت محصولات فلزي"", ""pe_ratio"": 0.04, ""raw_score"": 5.0, ""trend_20d"": ""up"", ""rule_50_30"": ""رد"", ""final_score"": 5.0, ""score_macro"": 10.0, ""volume_spike"": 0.14, ""current_price"": 2252.0, ""liquidity_pct"": 7396279.0, ""position_size"": 0, ""adjusted_score"": 0.0, ""rank_in_market"": 99, ""score_feedstock"": 0.0, ""score_liquidity"": 5.0, ""score_technical"": 0.0, ""score_valuation"": 20.0, ""stop_loss_price"": 2094.0, ""nima_free_spread"": 6.523, ""percentile_score"": 80.8, ""price_change_pct"": 0.13, ""rank_in_industry"": 3, ""score_farabourse"": 0.0, ""score_fundamental"": 7.5, ""score_gov_support"": 0.0, ""institutional_ratio"": 0.0, ""score_institutional"": 0.0, ""negative_filters_count"": 0}",True,رد,0.0,0.0,7.5,0.0,7.5,0.0,5.0,10.0,0.0,0.0,0.0,0.0,5.0,20.0,20.0,1405-05-18,0.0,فجام,2026-09-08,0.0
فجام3,,,,,,,,,,,,,,,,,,,,,,,,,,,,,,,,,,,,,,,,,,,,,,,,
فجر,0.0,2026-08-09 18:36:44.149365,3380.0,رد_نمره,,,,5.7,2026-08-09 15:06:44.146146,2026-08-09,307,0.0,333506264325.6,0.8,0,6.523,,,0.12,80.6,,42194,7,100,5.65,"{""atr_14"": 259.0, ""symbol"": ""فجر"", ""live_pe"": 0.7, ""risk_ok"": true, ""decision"": ""رد_نمره"", ""industry"": ""فلزات اساسي"", ""pe_ratio"": 0.11, ""raw_score"": 5.0, ""trend_20d"": ""up"", ""rule_50_30"": ""رد"", ""final_score"": 5.0, ""score_macro"": 10.0, ""volume_spike"": 1.08, ""current_price"": 2974.0, ""liquidity_pct"": 1757313487.533333, ""position_size"": 0, ""adjusted_score"": 0.0, ""rank_in_market"": 100, ""score_feedstock"": 0.0, ""score_liquidity"": 5.0, ""score_technical"": 0.0, ""score_valuation"": 20.0, ""stop_loss_price"": 2457.0, ""nima_free_spread"": 6.523, ""percentile_score"": 80.6, ""price_change_pct"": 4.83, ""rank_in_industry"": 7, ""score_farabourse"": 0.0, ""score_fundamental"": 7.5, ""score_gov_support"": 0.0, ""institutional_ratio"": 0.0, ""score_institutional"": 0.0, ""negative_filters_count"": 0}",True,رد,0.0,0.0,7.5,5.0,7.5,0.0,5.0,10.0,0.0,0.0,0.0,0.0,5.0,20.0,20.0,1405-05-18,3143.0,فجر,2026-09-08,0.44
فجر توسعه,,,,,,,,,,,,,,,,,,,,,,,,,,,,,,,,,,,,,,,,,,,,,,,,
فجر3,,,,,,,,,,,,,,,,,,,,,,,,,,,,,,,,,,,,,,,,,,,,,,,,
فجهان,,,,,,,,,,,,,,,,,,,,,,,,,,,,,,,,,,,,,,,,,,,,,,,,
فجهان3,,,,,,,,,,,,,,,,,,,,,,,,,,,,,,,,,,,,,,,,,,,,,,,,
فجهانح,,,,,,,,,,,,,,,,,,,,,,,,,,,,,,,,,,,,,,,,,,,,,,,,
فجوش,0.0,2026-08-09 18:36:44.149365,0.0,رد_نمره,,,,2.6,2026-08-09 15:06:44.146146,2026-08-09,308,0.0,0.0,0.0,0,6.523,,,0.0,0.2,,0,11,510,2.6,"{""atr_14"": 1000.0, ""symbol"": ""فجوش"", ""live_pe"": 25000.0, ""risk_ok"": true, ""decision"": ""رد_نمره"", ""industry"": ""ساخت محصولات فلزي"", ""pe_ratio"": 3846.15, ""raw_score"": 0.0, ""trend_20d"": ""flat"", ""rule_50_30"": ""رد"", ""final_score"": 0.0, ""score_macro"": 0.0, ""volume_spike"": 0.0, ""current_price"": 1000.0, ""liquidity_pct"": 0.0, ""position_size"": 0, ""adjusted_score"": 0.0, ""rank_in_market"": 510, ""score_feedstock"": 0.0, ""score_liquidity"": 0.0, ""score_technical"": 0.0, ""score_valuation"": 0.0, ""stop_loss_price"": -1000.0, ""nima_free_spread"": 6.523, ""percentile_score"": 0.2, ""price_change_pct"": 0.0, ""rank_in_industry"": 11, ""score_farabourse"": 0.0, ""score_fundamental"": 0.0, ""score_gov_support"": 0.0, ""institutional_ratio"": 0.0, ""score_institutional"": 0.0, ""negative_filters_count"": 0}",True,رد,0.0,0.0,0.0,0.0,0.0,0.0,0.0,0.0,0.0,0.0,0.0,0.0,0.0,20.0,0.0,1405-05-18,0.0,فجوش,2026-09-08,0.0
فخاس,0.0,2026-08-09 18:36:44.149365,0.0,رد_نمره,,,,4.8,2026-08-09 15:06:44.146146,2026-08-09,309,0.0,0.0,0.0,0,6.523,,,0.0,80.4,,0,8,101,4.75,"{""atr_14"": 234.0, ""symbol"": ""فخاس"", ""live_pe"": 2.4, ""risk_ok"": true, ""decision"": ""رد_نمره"", ""industry"": ""فلزات اساسي"", ""pe_ratio"": 0.37, ""raw_score"": 5.0, ""trend_20d"": ""down"", ""rule_50_30"": ""رد"", ""final_score"": 5.0, ""score_macro"": 10.0, ""volume_spike"": 0.22, ""current_price"": 3490.0, ""liquidity_pct"": 4113172773.866667, ""position_size"": 0, ""adjusted_score"": 0.0, ""rank_in_market"": 101, ""score_feedstock"": 0.0, ""score_liquidity"": 5.0, ""score_technical"": 0.0, ""score_valuation"": 20.0, ""stop_loss_price"": 3022.0, ""nima_free_spread"": 6.523, ""percentile_score"": 80.4, ""price_change_pct"": 1.07, ""rank_in_industry"": 8, ""score_farabourse"": 0.0, ""score_fundamental"": 7.5, ""score_gov_support"": 0.0, ""institutional_ratio"": 0.0, ""score_institutional"": 0.0, ""negative_filters_count"": 0}",True,رد,0.0,0.0,7.5,0.0,7.5,0.0,5.0,10.0,0.0,0.0,0.0,0.0,5.0,20.0,20.0,1405-05-18,0.0,فخاس,2026-09-08,0.0
فخاس3,,,,,,,,,,,,,,,,,,,,,,,,,,,,,,,,,,,,,,,,,,,,,,,,
فخراسان,,,,,,,,,,,,,,,,,,,,,,,,,,,,,,,,,,,,,,,,,,,,,,,,
فخوز,0.0,2026-08-09 18:36:44.149365,0.0,رد_نمره,,,,2.6,2026-08-09 15:06:44.146146,2026-08-09,310,0.0,0.0,0.0,0,6.523,,,0.0,2.9,,0,35,496,2.6,"{""atr_14"": 112.0, ""symbol"": ""فخوز"", ""live_pe"": 153125.0, ""risk_ok"": true, ""decision"": ""رد_نمره"", ""industry"": ""فلزات اساسي"", ""pe_ratio"": 23557.69, ""raw_score"": 0.85, ""trend_20d"": ""up"", ""rule_50_30"": ""رد"", ""final_score"": 0.8, ""score_macro"": 0.0, ""volume_spike"": 2.29, ""current_price"": 6125.0, ""liquidity_pct"": 5910535197.466666, ""position_size"": 0, ""adjusted_score"": 0.0, ""rank_in_market"": 496, ""score_feedstock"": 0.0, ""score_liquidity"": 5.0, ""score_technical"": 7.5, ""score_valuation"": 0.0, ""stop_loss_price"": 5696.0, ""nima_free_spread"": 6.523, ""percentile_score"": 2.9, ""price_change_pct"": 1.68, ""rank_in_industry"": 35, ""score_farabourse"": 0.0, ""score_fundamental"": 0.0, ""score_gov_support"": 0.0, ""institutional_ratio"": 0.0, ""score_institutional"": 0.0, ""negative_filters_count"": 0}",True,رد,0.0,0.0,0.0,0.0,0.0,0.0,5.0,0.0,7.5,0.0,0.0,0.0,0.8,20.0,0.0,1405-05-18,0.0,فخوز,2026-09-08,0.0
فدراسیون اسکیت جمهوری اسلامی ایران,,,,,,,,,,,,,,,,,,,,,,,,,,,,,,,,,,,,,,,,,,,,,,,,
فدراسیون بدنسازی و پرورش اندام جمهوری اسلامی ایران,,,,,,,,,,,,,,,,,,,,,,,,,,,,,,,,,,,,,,,,,,,,,,,,
فدراسیون بسکتبال,,,,,,,,,,,,,,,,,,,,,,,,,,,,,,,,,,,,,,,,,,,,,,,,
فدراسیون بولینگ و بیلیارد جمهوری اسلامی ایران,,,,,,,,,,,,,,,,,,,,,,,,,,,,,,,,,,,,,,,,,,,,,,,,
فدراسیون دو و میدانی,,,,,,,,,,,,,,,,,,,,,,,,,,,,,,,,,,,,,,,,,,,,,,,,
فدراسیون روئینگ جمهوری اسلامی ایران,,,,,,,,,,,,,,,,,,,,,,,,,,,,,,,,,,,,,,,,,,,,,,,,
فدراسیون شطرنج,,,,,,,,,,,,,,,,,,,,,,,,,,,,,,,,,,,,,,,,,,,,,,,,
فدراسیون شنای جمهوری اسلامی ایران,,,,,,,,,,,,,,,,,,,,,,,,,,,,,,,,,,,,,,,,,,,,,,,,
فدراسیون هنرهای رزمی و کونگ فو جمهوری اسلامی ایران,,,,,,,,,,,,,,,,,,,,,,,,,,,,,,,,,,,,,,,,,,,,,,,,
فدراسیون والیبال جمهوری اسلامی ایران,,,,,,,,,,,,,,,,,,,,,,,,,,,,,,,,,,,,,,,,,,,,,,,,
فدراسیون ورزش های جانبازان و معلولین,,,,,,,,,,,,,,,,,,,,,,,,,,,,,,,,,,,,,,,,,,,,,,,,
فدراسیون ورزش های ناشنوایان,,,,,,,,,,,,,,,,,,,,,,,,,,,,,,,,,,,,,,,,,,,,,,,,
فدراسیون ورزشهای زورخانه ای و کشتی پهلوانی,,,,,,,,,,,,,,,,,,,,,,,,,,,,,,,,,,,,,,,,,,,,,,,,
فدراسیون وزنه برداری,,,,,,,,,,,,,,,,,,,,,,,,,,,,,,,,,,,,,,,,,,,,,,,,
فدراسیون ووشو,,,,,,,,,,,,,,,,,,,,,,,,,,,,,,,,,,,,,,,,,,,,,,,,
فدراسیون کاراته جمهوری اسلامی ایران,,,,,,,,,,,,,,,,,,,,,,,,,,,,,,,,,,,,,,,,,,,,,,,,
فرآور,0.0,2026-08-09 18:36:44.149365,0.0,رد_نمره,,,,4.8,2026-08-09 15:06:44.146146,2026-08-09,311,0.0,0.0,0.0,0,6.523,,,0.0,97.1,,0,2,16,4.75,"{""atr_14"": 68.0, ""symbol"": ""فرآور"", ""live_pe"": 2.6, ""risk_ok"": true, ""decision"": ""رد_نمره"", ""industry"": ""فلزات اساسي"", ""pe_ratio"": 0.4, ""raw_score"": 6.2, ""trend_20d"": ""up"", ""rule_50_30"": ""رد"", ""final_score"": 6.2, ""score_macro"": 10.0, ""volume_spike"": 12.98, ""current_price"": 3100.0, ""liquidity_pct"": 580416973.533333, ""position_size"": 0, ""adjusted_score"": 0.0, ""rank_in_market"": 16, ""score_feedstock"": 0.0, ""score_liquidity"": 5.0, ""score_technical"": 15.0, ""score_valuation"": 20.0, ""stop_loss_price"": 2883.0, ""nima_free_spread"": 6.523, ""percentile_score"": 97.1, ""price_change_pct"": 3.64, ""rank_in_industry"": 2, ""score_farabourse"": 0.0, ""score_fundamental"": 7.5, ""score_gov_support"": 0.0, ""institutional_ratio"": 0.0, ""score_institutional"": 0.0, ""negative_filters_count"": 0}",True,رد,0.0,0.0,7.5,0.0,7.5,0.0,5.0,10.0,15.0,0.0,0.0,0.0,6.2,20.0,20.0,1405-05-18,0.0,فرآور,2026-09-08,0.0
فرآور3,,,,,,,,,,,,,,,,,,,,,,,,,,,,,,,,,,,,,,,,,,,,,,,,
فرآورده های ساختمانی(فراسا),,,,,,,,,,,,,,,,,,,,,,,,,,,,,,,,,,,,,,,,,,,,,,,,
فرآورده های شیمیایی تامین باختر,,,,,,,,,,,,,,,,,,,,,,,,,,,,,,,,,,,,,,,,,,,,,,,,
فرآوری مواد پروتئینی یزد,,,,,,,,,,,,,,,,,,,,,,,,,,,,,,,,,,,,,,,,,,,,,,,,
فرآیند بوشهر,,,,,,,,,,,,,,,,,,,,,,,,,,,,,,,,,,,,,,,,,,,,,,,,
فرا الگوریتم,,,,,,,,,,,,,,,,,,,,,,,,,,,,,,,,,,,,,,,,,,,,,,,,
فرا الگوریتم4,,,,,,,,,,,,,,,,,,,,,,,,,,,,,,,,,,,,,,,,,,,,,,,,
فرابورس,,,,,,,,,,,,,,,,,,,,,,,,,,,,,,,,,,,,,,,,,,,,,,,,
فرابورس3,,,,,,,,,,,,,,,,,,,,,,,,,,,,,,,,,,,,,,,,,,,,,,,,
فراز,,,,,,,,,,,,,,,,,,,,,,,,,,,,,,,,,,,,,,,,,,,,,,,,
فراز آریا,,,,,,,,,,,,,,,,,,,,,,,,,,,,,,,,,,,,,,,,,,,,,,,,
فراز باتری نوین پارسیان,,,,,,,,,,,,,,,,,,,,,,,,,,,,,,,,,,,,,,,,,,,,,,,,
فراز بازار,,,,,,,,,,,,,,,,,,,,,,,,,,,,,,,,,,,,,,,,,,,,,,,,
فراز2,,,,,,,,,,,,,,,,,,,,,,,,,,,,,,,,,,,,,,,,,,,,,,,,
فراسوی شرق خراسان,,,,,,,,,,,,,,,,,,,,,,,,,,,,,,,,,,,,,,,,,,,,,,,,
فراسکو عسلویه,,,,,,,,,,,,,,,,,,,,,,,,,,,,,,,,,,,,,,,,,,,,,,,,
فردا,,,,,,,,,,,,,,,,,,,,,,,,,,,,,,,,,,,,,,,,,,,,,,,,
فردا4,,,,,,,,,,,,,,,,,,,,,,,,,,,,,,,,,,,,,,,,,,,,,,,,
فردوس,,,,,,,,,,,,,,,,,,,,,,,,,,,,,,,,,,,,,,,,,,,,,,,,
فرصت,,,,,,,,,,,,,,,,,,,,,,,,,,,,,,,,,,,,,,,,,,,,,,,,
فرهنگی هاتف شهر,,,,,,,,,,,,,,,,,,,,,,,,,,,,,,,,,,,,,,,,,,,,,,,,
فرهنگی ورزشی تامین,,,,,,,,,,,,,,,,,,,,,,,,,,,,,,,,,,,,,,,,,,,,,,,,
فرهنگی ورزشی فولاد مبارکه سپاهان,,,,,,,,,,,,,,,,,,,,,,,,,,,,,,,,,,,,,,,,,,,,,,,,
فرهنگی ورزشی مجتمع گل گهر,,,,,,,,,,,,,,,,,,,,,,,,,,,,,,,,,,,,,,,,,,,,,,,,
فرهنگی پردیس آزادی,,,,,,,,,,,,,,,,,,,,,,,,,,,,,,,,,,,,,,,,,,,,,,,,
فرود,,,,,,,,,,,,,,,,,,,,,,,,,,,,,,,,,,,,,,,,,,,,,,,,
فرود3,,,,,,,,,,,,,,,,,,,,,,,,,,,,,,,,,,,,,,,,,,,,,,,,
فرودگاه ها و ناوبری هوایی ایران,,,,,,,,,,,,,,,,,,,,,,,,,,,,,,,,,,,,,,,,,,,,,,,,
فروس,0.0,2026-08-09 18:36:44.149365,0.0,رد_نمره,,,,4.8,2026-08-09 15:06:44.146146,2026-08-09,312,0.0,0.0,0.0,0,6.523,,,0.0,80.2,,0,9,102,4.75,"{""atr_14"": 49.0, ""symbol"": ""فروس"", ""live_pe"": 0.7, ""risk_ok"": true, ""decision"": ""رد_نمره"", ""industry"": ""فلزات اساسي"", ""pe_ratio"": 0.12, ""raw_score"": 5.0, ""trend_20d"": ""down"", ""rule_50_30"": ""رد"", ""final_score"": 5.0, ""score_macro"": 10.0, ""volume_spike"": 0.3, ""current_price"": 1317.0, ""liquidity_pct"": 26759829.433333, ""position_size"": 0, ""adjusted_score"": 0.0, ""rank_in_market"": 102, ""score_feedstock"": 0.0, ""score_liquidity"": 5.0, ""score_technical"": 0.0, ""score_valuation"": 20.0, ""stop_loss_price"": 1220.0, ""nima_free_spread"": 6.523, ""percentile_score"": 80.2, ""price_change_pct"": 0.23, ""rank_in_industry"": 9, ""score_farabourse"": 0.0, ""score_fundamental"": 7.5, ""score_gov_support"": 0.0, ""institutional_ratio"": 0.0, ""score_institutional"": 0.0, ""negative_filters_count"": 0}",True,رد,0.0,0.0,7.5,0.0,7.5,0.0,5.0,10.0,0.0,0.0,0.0,0.0,5.0,20.0,20.0,1405-05-18,0.0,فروس,2026-09-08,0.0
فروس2,,,,,,,,,,,,,,,,,,,,,,,,,,,,,,,,,,,,,,,,,,,,,,,,
فروس3,,,,,,,,,,,,,,,,,,,,,,,,,,,,,,,,,,,,,,,,,,,,,,,,
فروسیل,,,,,,,,,,,,,,,,,,,,,,,,,,,,,,,,,,,,,,,,,,,,,,,,
فروسیل3,,,,,,,,,,,,,,,,,,,,,,,,,,,,,,,,,,,,,,,,,,,,,,,,
فروش اموال مازاد بانکها (فام),,,,,,,,,,,,,,,,,,,,,,,,,,,,,,,,,,,,,,,,,,,,,,,,
فروم,0.0,2026-08-09 18:36:44.149365,0.0,رد_نمره,,,,2.6,2026-08-09 15:06:44.146146,2026-08-09,313,0.0,0.0,0.0,0,6.523,,,0.0,36.1,,0,20,327,2.6,"{""atr_14"": 0.0, ""symbol"": ""فروم"", ""live_pe"": 0.0, ""risk_ok"": true, ""decision"": ""رد_نمره"", ""industry"": ""فلزات اساسي"", ""pe_ratio"": 0.0, ""raw_score"": 2.6, ""trend_20d"": ""flat"", ""rule_50_30"": ""رد"", ""final_score"": 2.6, ""score_macro"": 0.0, ""volume_spike"": 0.0, ""current_price"": 0.0, ""liquidity_pct"": 0.0, ""position_size"": 0, ""adjusted_score"": 0.0, ""rank_in_market"": 327, ""score_feedstock"": 0.0, ""score_liquidity"": 0.0, ""score_technical"": 0.0, ""score_valuation"": 20.0, ""stop_loss_price"": 0, ""nima_free_spread"": 6.523, ""percentile_score"": 36.1, ""price_change_pct"": 0.0, ""rank_in_industry"": 20, ""score_farabourse"": 0.0, ""score_fundamental"": 0.0, ""score_gov_support"": 0.0, ""institutional_ratio"": 0.0, ""score_institutional"": 0.0, ""negative_filters_count"": 0}",True,رد,0.0,0.0,0.0,0.0,0.0,0.0,0.0,0.0,0.0,0.0,0.0,0.0,2.6,20.0,20.0,1405-05-18,0.0,فروم,2026-09-08,0.0
فرومولیبدن رفسنجان,,,,,,,,,,,,,,,,,,,,,,,,,,,,,,,,,,,,,,,,,,,,,,,,
فروژ,,,,,,,,,,,,,,,,,,,,,,,,,,,,,,,,,,,,,,,,,,,,,,,,
فروژ3,,,,,,,,,,,,,,,,,,,,,,,,,,,,,,,,,,,,,,,,,,,,,,,,
فروی,,,,,,,,,,,,,,,,,,,,,,,,,,,,,,,,,,,,,,,,,,,,,,,,
فروی3,,,,,,,,,,,,,,,,,,,,,,,,,,,,,,,,,,,,,,,,,,,,,,,,
فرویح,,,,,,,,,,,,,,,,,,,,,,,,,,,,,,,,,,,,,,,,,,,,,,,,
فزر,,,,,,,,,,,,,,,,,,,,,,,,,,,,,,,,,,,,,,,,,,,,,,,,
فزر2,,,,,,,,,,,,,,,,,,,,,,,,,,,,,,,,,,,,,,,,,,,,,,,,
فزر3,,,,,,,,,,,,,,,,,,,,,,,,,,,,,,,,,,,,,,,,,,,,,,,,
فزرین,,,,,,,,,,,,,,,,,,,,,,,,,,,,,,,,,,,,,,,,,,,,,,,,
فزرین3,,,,,,,,,,,,,,,,,,,,,,,,,,,,,,,,,,,,,,,,,,,,,,,,
فسا,,,,,,,,,,,,,,,,,,,,,,,,,,,,,,,,,,,,,,,,,,,,,,,,
فساز,0.0,2026-08-09 18:36:44.149365,0.0,رد_نمره,,,,2.6,2026-08-09 15:06:44.146146,2026-08-09,314,0.0,0.0,0.0,0,6.523,,,0.0,35.9,,0,21,328,2.6,"{""atr_14"": 0.0, ""symbol"": ""فساز"", ""live_pe"": 0.0, ""risk_ok"": true, ""decision"": ""رد_نمره"", ""industry"": ""فلزات اساسي"", ""pe_ratio"": 0.0, ""raw_score"": 2.6, ""trend_20d"": ""flat"", ""rule_50_30"": ""رد"", ""final_score"": 2.6, ""score_macro"": 0.0, ""volume_spike"": 0.0, ""current_price"": 0.0, ""liquidity_pct"": 0.0, ""position_size"": 0, ""adjusted_score"": 0.0, ""rank_in_market"": 328, ""score_feedstock"": 0.0, ""score_liquidity"": 0.0, ""score_technical"": 0.0, ""score_valuation"": 20.0, ""stop_loss_price"": 0, ""nima_free_spread"": 6.523, ""percentile_score"": 35.9, ""price_change_pct"": 0.0, ""rank_in_industry"": 21, ""score_farabourse"": 0.0, ""score_fundamental"": 0.0, ""score_gov_support"": 0.0, ""institutional_ratio"": 0.0, ""score_institutional"": 0.0, ""negative_filters_count"": 0}",True,رد,0.0,0.0,0.0,0.0,0.0,0.0,0.0,0.0,0.0,0.0,0.0,0.0,2.6,20.0,20.0,1405-05-18,0.0,فساز,2026-09-08,0.0
فسازان,0.0,2026-08-09 18:36:44.149365,7930.0,رد_نمره,,,,6.2,2026-08-09 15:06:44.146146,2026-08-09,315,0.0,191287396781.33334,0.8,0,6.523,,,0.12,70.6,,18018,14,151,6.25,"{""atr_14"": 1000.0, ""symbol"": ""فسازان"", ""live_pe"": 0.1, ""risk_ok"": true, ""decision"": ""رد_نمره"", ""industry"": ""فلزات اساسي"", ""pe_ratio"": 0.01, ""raw_score"": 4.75, ""trend_20d"": ""flat"", ""rule_50_30"": ""رد"", ""final_score"": 4.8, ""score_macro"": 10.0, ""volume_spike"": 0.0, ""current_price"": 1000.0, ""liquidity_pct"": 0.0, ""position_size"": 0, ""adjusted_score"": 0.0, ""rank_in_market"": 151, ""score_feedstock"": 0.0, ""score_liquidity"": 0.0, ""score_technical"": 0.0, ""score_valuation"": 20.0, ""stop_loss_price"": -1000.0, ""nima_free_spread"": 6.523, ""percentile_score"": 70.6, ""price_change_pct"": 0.0, ""rank_in_industry"": 14, ""score_farabourse"": 0.0, ""score_fundamental"": 7.5, ""score_gov_support"": 0.0, ""institutional_ratio"": 0.0, ""score_institutional"": 0.0, ""negative_filters_count"": 0}",True,رد,0.0,0.0,7.5,5.0,7.5,0.0,0.0,10.0,0.0,0.0,0.0,7.5,4.8,20.0,20.0,1405-05-18,7375.0,فسازان,2026-09-08,2.28
فسازان3,,,,,,,,,,,,,,,,,,,,,,,,,,,,,,,,,,,,,,,,,,,,,,,,
فسبزوار,0.0,2026-08-09 18:36:44.149365,60060.0,رد_نمره,,,,6.2,2026-08-09 15:06:44.146146,2026-08-09,316,0.0,825556423730.6666,1.0,0,6.523,,,0.16,94.9,,2744,3,27,6.25,"{""atr_14"": 3725.0, ""symbol"": ""فسبزوار"", ""live_pe"": 0.6, ""risk_ok"": true, ""decision"": ""رد_نمره"", ""industry"": ""فلزات اساسي"", ""pe_ratio"": 0.1, ""raw_score"": 5.65, ""trend_20d"": ""up"", ""rule_50_30"": ""رد"", ""final_score"": 5.7, ""score_macro"": 10.0, ""volume_spike"": 1.52, ""current_price"": 37140.0, ""liquidity_pct"": 1286683365834.3333, ""position_size"": 0, ""adjusted_score"": 0.0, ""rank_in_market"": 27, ""score_feedstock"": 0.0, ""score_liquidity"": 5.0, ""score_technical"": 0.0, ""score_valuation"": 20.0, ""stop_loss_price"": 29690.0, ""nima_free_spread"": 6.523, ""percentile_score"": 94.9, ""price_change_pct"": 1.44, ""rank_in_industry"": 3, ""score_farabourse"": 0.0, ""score_fundamental"": 7.5, ""score_gov_support"": 5.0, ""institutional_ratio"": 0.0, ""score_institutional"": 0.0, ""negative_filters_count"": 0}",True,رد,0.0,0.0,7.5,5.0,7.5,0.0,5.0,10.0,0.0,0.0,5.0,7.5,5.7,20.0,20.0,1405-05-18,56417.0,فسبزوار,2026-09-08,2.25
فسبزوار3,,,,,,,,,,,,,,,,,,,,,,,,,,,,,,,,,,,,,,,,,,,,,,,,
فسدید,0.0,2026-08-09 18:36:44.149365,0.0,رد_نمره,,,,2.6,2026-08-09 15:06:44.146146,2026-08-09,318,0.0,0.0,0.0,0,6.523,,,0.0,35.7,,0,22,329,2.6,"{""atr_14"": 0.0, ""symbol"": ""فسديد"", ""live_pe"": 0.0, ""risk_ok"": true, ""decision"": ""رد_نمره"", ""industry"": ""فلزات اساسي"", ""pe_ratio"": 0.0, ""raw_score"": 2.6, ""trend_20d"": ""flat"", ""rule_50_30"": ""رد"", ""final_score"": 2.6, ""score_macro"": 0.0, ""volume_spike"": 0.0, ""current_price"": 0.0, ""liquidity_pct"": 0.0, ""position_size"": 0, ""adjusted_score"": 0.0, ""rank_in_market"": 329, ""score_feedstock"": 0.0, ""score_liquidity"": 0.0, ""score_technical"": 0.0, ""score_valuation"": 20.0, ""stop_loss_price"": 0, ""nima_free_spread"": 6.523, ""percentile_score"": 35.7, ""price_change_pct"": 0.0, ""rank_in_industry"": 22, ""score_farabourse"": 0.0, ""score_fundamental"": 0.0, ""score_gov_support"": 0.0, ""institutional_ratio"": 0.0, ""score_institutional"": 0.0, ""negative_filters_count"": 0}",True,رد,0.0,0.0,0.0,0.0,0.0,0.0,0.0,0.0,0.0,0.0,0.0,0.0,2.6,20.0,20.0,1405-05-18,0.0,فسديد,2026-09-08,0.0
فسرب,0.0,2026-08-09 18:36:44.149365,1700.0,رد_نمره,,,,2.2,2026-08-09 15:06:44.146146,2026-08-09,319,0.0,63569411998.333336,42500.0,0,6.523,,,6538.46,6.3,,84033,32,479,2.25,"{""atr_14"": 112.0, ""symbol"": ""فسرب"", ""live_pe"": 160100.0, ""risk_ok"": true, ""decision"": ""رد_نمره"", ""industry"": ""فلزات اساسي"", ""pe_ratio"": 24630.77, ""raw_score"": 1.6, ""trend_20d"": ""flat"", ""rule_50_30"": ""رد"", ""final_score"": 1.6, ""score_macro"": 0.0, ""volume_spike"": 0.0, ""current_price"": 6404.0, ""liquidity_pct"": 202528454.4, ""position_size"": 0, ""adjusted_score"": 0.0, ""rank_in_market"": 479, ""score_feedstock"": 0.0, ""score_liquidity"": 5.0, ""score_technical"": 0.0, ""score_valuation"": 0.0, ""stop_loss_price"": 5956.0, ""nima_free_spread"": 6.523, ""percentile_score"": 6.3, ""price_change_pct"": -0.02, ""rank_in_industry"": 32, ""score_farabourse"": 0.0, ""score_fundamental"": 7.5, ""score_gov_support"": 0.0, ""institutional_ratio"": 0.0, ""score_institutional"": 0.0, ""negative_filters_count"": 0}",True,رد,0.0,0.0,7.5,5.0,7.5,0.0,5.0,0.0,0.0,0.0,0.0,0.0,1.6,0.0,0.0,1405-05-18,1581.0,فسرب,2026-09-08,1.23
فسرب3,,,,,,,,,,,,,,,,,,,,,,,,,,,,,,,,,,,,,,,,,,,,,,,,
فسفات,,,,,,,,,,,,,,,,,,,,,,,,,,,,,,,,,,,,,,,,,,,,,,,,
فسلير,0.0,2026-08-09 18:36:44.149365,0.0,رد_نمره,,,,2.6,2026-08-09 15:06:44.146146,2026-08-09,320,0.0,0.0,0.0,0,6.523,,,0.0,35.5,,0,7,330,2.6,"{""atr_14"": 0.0, ""symbol"": ""فسلير"", ""live_pe"": 0.0, ""risk_ok"": true, ""decision"": ""رد_نمره"", ""industry"": ""ساخت محصولات فلزي"", ""pe_ratio"": 0.0, ""raw_score"": 2.6, ""trend_20d"": ""flat"", ""rule_50_30"": ""رد"", ""final_score"": 2.6, ""score_macro"": 0.0, ""volume_spike"": 0.0, ""current_price"": 0.0, ""liquidity_pct"": 0.0, ""position_size"": 0, ""adjusted_score"": 0.0, ""rank_in_market"": 330, ""score_feedstock"": 0.0, ""score_liquidity"": 0.0, ""score_technical"": 0.0, ""score_valuation"": 20.0, ""stop_loss_price"": 0, ""nima_free_spread"": 6.523, ""percentile_score"": 35.5, ""price_change_pct"": 0.0, ""rank_in_industry"": 7, ""score_farabourse"": 0.0, ""score_fundamental"": 0.0, ""score_gov_support"": 0.0, ""institutional_ratio"": 0.0, ""score_institutional"": 0.0, ""negative_filters_count"": 0}",True,رد,0.0,0.0,0.0,0.0,0.0,0.0,0.0,0.0,0.0,0.0,0.0,0.0,2.6,20.0,20.0,1405-05-18,0.0,فسلير,2026-09-08,0.0
فسوژ,,,,,,,,,,,,,,,,,,,,,,,,,,,,,,,,,,,,,,,,,,,,,,,,
فسوژ2,,,,,,,,,,,,,,,,,,,,,,,,,,,,,,,,,,,,,,,,,,,,,,,,
فسوژ3,,,,,,,,,,,,,,,,,,,,,,,,,,,,,,,,,,,,,,,,,,,,,,,,
فسپا,0.0,2026-08-09 18:36:44.149365,3900.0,رد_نمره,,,,5.7,2026-08-09 15:06:44.146146,2026-08-09,317,0.0,149298888879.2,0.8,0,6.523,,,0.12,80.0,,36630,10,103,5.65,"{""atr_14"": 62.0, ""symbol"": ""فسپا"", ""live_pe"": 0.9, ""risk_ok"": true, ""decision"": ""رد_نمره"", ""industry"": ""فلزات اساسي"", ""pe_ratio"": 0.14, ""raw_score"": 5.0, ""trend_20d"": ""down"", ""rule_50_30"": ""رد"", ""final_score"": 5.0, ""score_macro"": 10.0, ""volume_spike"": 0.04, ""current_price"": 4566.0, ""liquidity_pct"": 193161487.5, ""position_size"": 0, ""adjusted_score"": 0.0, ""rank_in_market"": 103, ""score_feedstock"": 0.0, ""score_liquidity"": 5.0, ""score_technical"": 0.0, ""score_valuation"": 20.0, ""stop_loss_price"": 4246.0, ""nima_free_spread"": 6.523, ""percentile_score"": 80.0, ""price_change_pct"": 0.0, ""rank_in_industry"": 10, ""score_farabourse"": 0.0, ""score_fundamental"": 7.5, ""score_gov_support"": 0.0, ""institutional_ratio"": 0.0, ""score_institutional"": 0.0, ""negative_filters_count"": 0}",True,رد,0.0,0.0,7.5,5.0,7.5,0.0,5.0,10.0,0.0,0.0,0.0,0.0,5.0,20.0,20.0,1405-05-18,3627.0,فسپا,2026-09-08,1.31
فسپا2,,,,,,,,,,,,,,,,,,,,,,,,,,,,,,,,,,,,,,,,,,,,,,,,
فسپا3,,,,,,,,,,,,,,,,,,,,,,,,,,,,,,,,,,,,,,,,,,,,,,,,
فسیکو,,,,,,,,,,,,,,,,,,,,,,,,,,,,,,,,,,,,,,,,,,,,,,,,
فصبا,,,,,,,,,,,,,,,,,,,,,,,,,,,,,,,,,,,,,,,,,,,,,,,,
فصبا2,,,,,,,,,,,,,,,,,,,,,,,,,,,,,,,,,,,,,,,,,,,,,,,,
فصبا3,,,,,,,,,,,,,,,,,,,,,,,,,,,,,,,,,,,,,,,,,,,,,,,,
فصنایع مس,,,,,,,,,,,,,,,,,,,,,,,,,,,,,,,,,,,,,,,,,,,,,,,,
فطلوع,,,,,,,,,,,,,,,,,,,,,,,,,,,,,,,,,,,,,,,,,,,,,,,,
فطلوع2,,,,,,,,,,,,,,,,,,,,,,,,,,,,,,,,,,,,,,,,,,,,,,,,
فغدیر,,,,,,,,,,,,,,,,,,,,,,,,,,,,,,,,,,,,,,,,,,,,,,,,
فلات,,,,,,,,,,,,,,,,,,,,,,,,,,,,,,,,,,,,,,,,,,,,,,,,
فلامی,0.0,2026-08-09 18:36:44.149365,0.0,رد_نمره,,,,2.6,2026-08-09 15:06:44.146146,2026-08-09,321,0.0,0.0,0.0,0,6.523,,,0.0,35.3,,0,8,331,2.6,"{""atr_14"": 0.0, ""symbol"": ""فلامي"", ""live_pe"": 0.0, ""risk_ok"": true, ""decision"": ""رد_نمره"", ""industry"": ""ساخت محصولات فلزي"", ""pe_ratio"": 0.0, ""raw_score"": 2.6, ""trend_20d"": ""flat"", ""rule_50_30"": ""رد"", ""final_score"": 2.6, ""score_macro"": 0.0, ""volume_spike"": 0.0, ""current_price"": 0.0, ""liquidity_pct"": 0.0, ""position_size"": 0, ""adjusted_score"": 0.0, ""rank_in_market"": 331, ""score_feedstock"": 0.0, ""score_liquidity"": 0.0, ""score_technical"": 0.0, ""score_valuation"": 20.0, ""stop_loss_price"": 0, ""nima_free_spread"": 6.523, ""percentile_score"": 35.3, ""price_change_pct"": 0.0, ""rank_in_industry"": 8, ""score_farabourse"": 0.0, ""score_fundamental"": 0.0, ""score_gov_support"": 0.0, ""institutional_ratio"": 0.0, ""score_institutional"": 0.0, ""negative_filters_count"": 0}",True,رد,0.0,0.0,0.0,0.0,0.0,0.0,0.0,0.0,0.0,0.0,0.0,0.0,2.6,20.0,20.0,1405-05-18,0.0,فلامي,2026-09-08,0.0
فلامی3,,,,,,,,,,,,,,,,,,,,,,,,,,,,,,,,,,,,,,,,,,,,,,,,
فلزا,,,,,,,,,,,,,,,,,,,,,,,,,,,,,,,,,,,,,,,,,,,,,,,,
فلزا2,,,,,,,,,,,,,,,,,,,,,,,,,,,,,,,,,,,,,,,,,,,,,,,,
فلزفارابی,,,,,,,,,,,,,,,,,,,,,,,,,,,,,,,,,,,,,,,,,,,,,,,,
فلوله,0.0,2026-08-09 18:36:44.149365,0.0,رد_نمره,,,,4.8,2026-08-09 15:06:44.146146,2026-08-09,322,0.0,0.0,0.0,0,6.523,,,0.0,68.2,,0,15,163,4.75,"{""atr_14"": 58.0, ""symbol"": ""فلوله"", ""live_pe"": 5.5, ""risk_ok"": true, ""decision"": ""رد_نمره"", ""industry"": ""فلزات اساسي"", ""pe_ratio"": 0.85, ""raw_score"": 4.2, ""trend_20d"": ""up"", ""rule_50_30"": ""رد"", ""final_score"": 4.2, ""score_macro"": 0.0, ""volume_spike"": 0.95, ""current_price"": 4999.0, ""liquidity_pct"": 25678732.066667, ""position_size"": 0, ""adjusted_score"": 0.0, ""rank_in_market"": 163, ""score_feedstock"": 0.0, ""score_liquidity"": 5.0, ""score_technical"": 0.0, ""score_valuation"": 20.0, ""stop_loss_price"": 4649.0, ""nima_free_spread"": 6.523, ""percentile_score"": 68.2, ""price_change_pct"": 1.61, ""rank_in_industry"": 15, ""score_farabourse"": 0.0, ""score_fundamental"": 7.5, ""score_gov_support"": 0.0, ""institutional_ratio"": 0.0, ""score_institutional"": 0.0, ""negative_filters_count"": 0}",True,رد,0.0,0.0,7.5,0.0,7.5,0.0,5.0,10.0,0.0,0.0,0.0,0.0,4.2,20.0,20.0,1405-05-18,0.0,فلوله,2026-09-08,0.0
فلوله3,,,,,,,,,,,,,,,,,,,,,,,,,,,,,,,,,,,,,,,,,,,,,,,,
فماک,,,,,,,,,,,,,,,,,,,,,,,,,,,,,,,,,,,,,,,,,,,,,,,,
فمتال,0.0,2026-08-09 18:36:44.149365,0.0,رد_نمره,,,,2.6,2026-08-09 15:06:44.146146,2026-08-09,323,0.0,0.0,0.0,0,6.523,,,0.0,35.1,,0,23,332,2.6,"{""atr_14"": 0.0, ""symbol"": ""فمتال"", ""live_pe"": 0.0, ""risk_ok"": true, ""decision"": ""رد_نمره"", ""industry"": ""فلزات اساسي"", ""pe_ratio"": 0.0, ""raw_score"": 2.6, ""trend_20d"": ""flat"", ""rule_50_30"": ""رد"", ""final_score"": 2.6, ""score_macro"": 0.0, ""volume_spike"": 0.0, ""current_price"": 0.0, ""liquidity_pct"": 0.0, ""position_size"": 0, ""adjusted_score"": 0.0, ""rank_in_market"": 332, ""score_feedstock"": 0.0, ""score_liquidity"": 0.0, ""score_technical"": 0.0, ""score_valuation"": 20.0, ""stop_loss_price"": 0, ""nima_free_spread"": 6.523, ""percentile_score"": 35.1, ""price_change_pct"": 0.0, ""rank_in_industry"": 23, ""score_farabourse"": 0.0, ""score_fundamental"": 0.0, ""score_gov_support"": 0.0, ""institutional_ratio"": 0.0, ""score_institutional"": 0.0, ""negative_filters_count"": 0}",True,رد,0.0,0.0,0.0,0.0,0.0,0.0,0.0,0.0,0.0,0.0,0.0,0.0,2.6,20.0,20.0,1405-05-18,0.0,فمتال,2026-09-08,0.0
فمراد,0.0,2026-08-09 18:36:44.149365,0.0,رد_نمره,,,,4.0,2026-08-09 15:06:44.146146,2026-08-09,324,0.0,0.0,0.0,0,6.523,,,0.0,6.1,,0,33,480,3.95,"{""atr_14"": 792.0, ""symbol"": ""فمراد"", ""live_pe"": 326075.0, ""risk_ok"": true, ""decision"": ""رد_نمره"", ""industry"": ""فلزات اساسي"", ""pe_ratio"": 50165.38, ""raw_score"": 1.6, ""trend_20d"": ""up"", ""rule_50_30"": ""رد"", ""final_score"": 1.6, ""score_macro"": 0.0, ""volume_spike"": 1.11, ""current_price"": 13043.0, ""liquidity_pct"": 878392648.166667, ""position_size"": 0, ""adjusted_score"": 0.0, ""rank_in_market"": 480, ""score_feedstock"": 0.0, ""score_liquidity"": 5.0, ""score_technical"": 0.0, ""score_valuation"": 0.0, ""stop_loss_price"": 11458.0, ""nima_free_spread"": 6.523, ""percentile_score"": 6.1, ""price_change_pct"": -4.45, ""rank_in_industry"": 33, ""score_farabourse"": 0.0, ""score_fundamental"": 7.5, ""score_gov_support"": 0.0, ""institutional_ratio"": 0.0, ""score_institutional"": 0.0, ""negative_filters_count"": 0}",True,رد,0.0,0.0,7.5,0.0,7.5,0.0,5.0,0.0,0.0,0.0,0.0,0.0,1.6,20.0,0.0,1405-05-18,0.0,فمراد,2026-09-08,0.0
فمراد3,,,,,,,,,,,,,,,,,,,,,,,,,,,,,,,,,,,,,,,,,,,,,,,,
فملی,0.0,2026-08-09 18:36:44.149365,0.0,رد_نمره,,,,2.6,2026-08-09 15:06:44.146146,2026-08-09,325,0.0,0.0,0.0,0,6.523,,,0.0,34.9,,0,24,333,2.6,"{""atr_14"": 0.0, ""symbol"": ""فملي"", ""live_pe"": 0.0, ""risk_ok"": true, ""decision"": ""رد_نمره"", ""industry"": ""فلزات اساسي"", ""pe_ratio"": 0.0, ""raw_score"": 2.6, ""trend_20d"": ""flat"", ""rule_50_30"": ""رد"", ""final_score"": 2.6, ""score_macro"": 0.0, ""volume_spike"": 0.0, ""current_price"": 0.0, ""liquidity_pct"": 0.0, ""position_size"": 0, ""adjusted_score"": 0.0, ""rank_in_market"": 333, ""score_feedstock"": 0.0, ""score_liquidity"": 0.0, ""score_technical"": 0.0, ""score_valuation"": 20.0, ""stop_loss_price"": 0, ""nima_free_spread"": 6.523, ""percentile_score"": 34.9, ""price_change_pct"": 0.0, ""rank_in_industry"": 24, ""score_farabourse"": 0.0, ""score_fundamental"": 0.0, ""score_gov_support"": 0.0, ""institutional_ratio"": 0.0, ""score_institutional"": 0.0, ""negative_filters_count"": 0}",True,رد,0.0,0.0,0.0,0.0,0.0,0.0,0.0,0.0,0.0,0.0,0.0,0.0,2.6,20.0,20.0,1405-05-18,0.0,فملي,2026-09-08,0.0
فملی2,,,,,,,,,,,,,,,,,,,,,,,,,,,,,,,,,,,,,,,,,,,,,,,,
فملی3,,,,,,,,,,,,,,,,,,,,,,,,,,,,,,,,,,,,,,,,,,,,,,,,
فن آوا,,,,,,,,,,,,,,,,,,,,,,,,,,,,,,,,,,,,,,,,,,,,,,,,
فن آوران دریا گستر جنوب اروند,,,,,,,,,,,,,,,,,,,,,,,,,,,,,,,,,,,,,,,,,,,,,,,,
فن افزار,,,,,,,,,,,,,,,,,,,,,,,,,,,,,,,,,,,,,,,,,,,,,,,,
فن افزار3,,,,,,,,,,,,,,,,,,,,,,,,,,,,,,,,,,,,,,,,,,,,,,,,
فناوران بردسیر,,,,,,,,,,,,,,,,,,,,,,,,,,,,,,,,,,,,,,,,,,,,,,,,
فناوران شهر تهران,,,,,,,,,,,,,,,,,,,,,,,,,,,,,,,,,,,,,,,,,,,,,,,,
فناوری جسورانه,,,,,,,,,,,,,,,,,,,,,,,,,,,,,,,,,,,,,,,,,,,,,,,,
فناوری های اطلاعاتی و مالی توزیع شده یکتا ققنوس پارس,,,,,,,,,,,,,,,,,,,,,,,,,,,,,,,,,,,,,,,,,,,,,,,,
فناوری های بتنی بهده آفتاب,,,,,,,,,,,,,,,,,,,,,,,,,,,,,,,,,,,,,,,,,,,,,,,,
فناوری و پژوهش سهند آهن و فولاد خاورمیانه,,,,,,,,,,,,,,,,,,,,,,,,,,,,,,,,,,,,,,,,,,,,,,,,
فنر,,,,,,,,,,,,,,,,,,,,,,,,,,,,,,,,,,,,,,,,,,,,,,,,
فنر3,,,,,,,,,,,,,,,,,,,,,,,,,,,,,,,,,,,,,,,,,,,,,,,,
فنرژي,0.0,2026-08-09 18:36:44.149365,0.0,رد_نمره,,,,2.6,2026-08-09 15:06:44.146146,2026-08-09,326,0.0,0.0,0.0,0,6.523,,,0.0,34.7,,0,9,334,2.6,"{""atr_14"": 0.0, ""symbol"": ""فنرژي"", ""live_pe"": 0.0, ""risk_ok"": true, ""decision"": ""رد_نمره"", ""industry"": ""ساخت محصولات فلزي"", ""pe_ratio"": 0.0, ""raw_score"": 2.6, ""trend_20d"": ""flat"", ""rule_50_30"": ""رد"", ""final_score"": 2.6, ""score_macro"": 0.0, ""volume_spike"": 0.0, ""current_price"": 0.0, ""liquidity_pct"": 0.0, ""position_size"": 0, ""adjusted_score"": 0.0, ""rank_in_market"": 334, ""score_feedstock"": 0.0, ""score_liquidity"": 0.0, ""score_technical"": 0.0, ""score_valuation"": 20.0, ""stop_loss_price"": 0, ""nima_free_spread"": 6.523, ""percentile_score"": 34.7, ""price_change_pct"": 0.0, ""rank_in_industry"": 9, ""score_farabourse"": 0.0, ""score_fundamental"": 0.0, ""score_gov_support"": 0.0, ""institutional_ratio"": 0.0, ""score_institutional"": 0.0, ""negative_filters_count"": 0}",True,رد,0.0,0.0,0.0,0.0,0.0,0.0,0.0,0.0,0.0,0.0,0.0,0.0,2.6,20.0,20.0,1405-05-18,0.0,فنرژي,2026-09-08,0.0
فنفت,,,,,,,,,,,,,,,,,,,,,,,,,,,,,,,,,,,,,,,,,,,,,,,,
فنفت3,,,,,,,,,,,,,,,,,,,,,,,,,,,,,,,,,,,,,,,,,,,,,,,,
فنقره,,,,,,,,,,,,,,,,,,,,,,,,,,,,,,,,,,,,,,,,,,,,,,,,
فنوال,0.0,2026-08-09 18:36:44.149365,10410.0,رد_نمره,,,,5.7,2026-08-09 15:06:44.146146,2026-08-09,327,0.0,173279825199.33334,1.6,0,6.523,,,0.25,79.8,,15151,11,104,5.65,"{""atr_14"": 474.0, ""symbol"": ""فنوال"", ""live_pe"": 1.6, ""risk_ok"": true, ""decision"": ""رد_نمره"", ""industry"": ""فلزات اساسي"", ""pe_ratio"": 0.25, ""raw_score"": 5.0, ""trend_20d"": ""up"", ""rule_50_30"": ""رد"", ""final_score"": 5.0, ""score_macro"": 10.0, ""volume_spike"": 0.14, ""current_price"": 10472.0, ""liquidity_pct"": 96060200.233333, ""position_size"": 0, ""adjusted_score"": 0.0, ""rank_in_market"": 104, ""score_feedstock"": 0.0, ""score_liquidity"": 5.0, ""score_technical"": 0.0, ""score_valuation"": 20.0, ""stop_loss_price"": 9524.0, ""nima_free_spread"": 6.523, ""percentile_score"": 79.8, ""price_change_pct"": 0.99, ""rank_in_industry"": 11, ""score_farabourse"": 0.0, ""score_fundamental"": 7.5, ""score_gov_support"": 0.0, ""institutional_ratio"": 0.0, ""score_institutional"": 0.0, ""negative_filters_count"": 0}",True,رد,0.0,0.0,7.5,5.0,7.5,0.0,5.0,10.0,0.0,0.0,0.0,0.0,5.0,20.0,20.0,1405-05-18,9750.0,فنوال,2026-09-08,0.86
فنوال3,,,,,,,,,,,,,,,,,,,,,,,,,,,,,,,,,,,,,,,,,,,,,,,,
فنورد,0.0,2026-08-09 18:36:44.149365,0.0,رد_نمره,,,,4.8,2026-08-09 15:06:44.146146,2026-08-09,328,0.0,0.0,0.0,0,6.523,,,0.0,79.6,,0,12,105,4.75,"{""atr_14"": 23.0, ""symbol"": ""فنورد"", ""live_pe"": 0.8, ""risk_ok"": true, ""decision"": ""رد_نمره"", ""industry"": ""فلزات اساسي"", ""pe_ratio"": 0.12, ""raw_score"": 5.0, ""trend_20d"": ""up"", ""rule_50_30"": ""رد"", ""final_score"": 5.0, ""score_macro"": 10.0, ""volume_spike"": 0.23, ""current_price"": 4800.0, ""liquidity_pct"": 124525040.6, ""position_size"": 0, ""adjusted_score"": 0.0, ""rank_in_market"": 105, ""score_feedstock"": 0.0, ""score_liquidity"": 5.0, ""score_technical"": 0.0, ""score_valuation"": 20.0, ""stop_loss_price"": 4464.0, ""nima_free_spread"": 6.523, ""percentile_score"": 79.6, ""price_change_pct"": -1.05, ""rank_in_industry"": 12, ""score_farabourse"": 0.0, ""score_fundamental"": 7.5, ""score_gov_support"": 0.0, ""institutional_ratio"": 0.0, ""score_institutional"": 0.0, ""negative_filters_count"": 0}",True,رد,0.0,0.0,7.5,0.0,7.5,0.0,5.0,10.0,0.0,0.0,0.0,0.0,5.0,20.0,20.0,1405-05-18,0.0,فنورد,2026-09-08,0.0
فنورد3,,,,,,,,,,,,,,,,,,,,,,,,,,,,,,,,,,,,,,,,,,,,,,,,
فنی مهندسی پشتیبانی سداد فام نیشکر,,,,,,,,,,,,,,,,,,,,,,,,,,,,,,,,,,,,,,,,,,,,,,,,
فن‌افزار,,,,,,,,,,,,,,,,,,,,,,,,,,,,,,,,,,,,,,,,,,,,,,,,
فهامون,,,,,,,,,,,,,,,,,,,,,,,,,,,,,,,,,,,,,,,,,,,,,,,,
فهامون3,,,,,,,,,,,,,,,,,,,,,,,,,,,,,,,,,,,,,,,,,,,,,,,,
فولاد,0.0,2026-08-09 18:36:44.149365,0.0,رد_نمره,,,,6.1,2026-08-09 15:06:44.146146,2026-08-09,330,0.0,0.0,0.0,0,6.523,,,0.0,98.8,,0,1,7,6.1,"{""atr_14"": 31.0, ""symbol"": ""فولاد"", ""live_pe"": 0.9, ""risk_ok"": true, ""decision"": ""رد_نمره"", ""industry"": ""فلزات اساسي"", ""pe_ratio"": 0.1, ""raw_score"": 7.0, ""trend_20d"": ""flat"", ""rule_50_30"": ""رد"", ""final_score"": 7.0, ""score_macro"": 10.0, ""volume_spike"": 0.01, ""current_price"": 1853.0, ""liquidity_pct"": 125418323764.73334, ""position_size"": 0, ""adjusted_score"": 0.0, ""rank_in_market"": 7, ""score_feedstock"": 0.0, ""score_liquidity"": 5.0, ""score_technical"": 0.0, ""score_valuation"": 20.0, ""stop_loss_price"": 1723.0, ""nima_free_spread"": 6.523, ""percentile_score"": 98.8, ""price_change_pct"": -0.05, ""rank_in_industry"": 1, ""score_farabourse"": 0.0, ""score_fundamental"": 15.0, ""score_gov_support"": 5.0, ""institutional_ratio"": 0.0, ""score_institutional"": 0.0, ""negative_filters_count"": 0}",True,رد,0.0,0.0,15.0,0.0,15.0,0.0,5.0,10.0,0.0,0.0,5.0,0.0,7.0,20.0,20.0,1405-05-18,0.0,فولاد,2026-09-08,0.0
فولاد بازار,,,,,,,,,,,,,,,,,,,,,,,,,,,,,,,,,,,,,,,,,,,,,,,,
فولاد صنعت نور,,,,,,,,,,,,,,,,,,,,,,,,,,,,,,,,,,,,,,,,,,,,,,,,
فولاد مکران منطقه آزاد چابهار,,,,,,,,,,,,,,,,,,,,,,,,,,,,,,,,,,,,,,,,,,,,,,,,
فولاد میبد,,,,,,,,,,,,,,,,,,,,,,,,,,,,,,,,,,,,,,,,,,,,,,,,
فولاد کوبان,,,,,,,,,,,,,,,,,,,,,,,,,,,,,,,,,,,,,,,,,,,,,,,,
فولاد2,,,,,,,,,,,,,,,,,,,,,,,,,,,,,,,,,,,,,,,,,,,,,,,,
فولاد3,,,,,,,,,,,,,,,,,,,,,,,,,,,,,,,,,,,,,,,,,,,,,,,,
فولاژ,0.0,2026-08-09 18:36:44.149365,0.0,رد_نمره,,,,4.8,2026-08-09 15:06:44.146146,2026-08-09,331,0.0,0.0,0.0,0,6.523,,,0.0,79.4,,0,13,106,4.75,"{""atr_14"": 131.0, ""symbol"": ""فولاژ"", ""live_pe"": 1.7, ""risk_ok"": true, ""decision"": ""رد_نمره"", ""industry"": ""فلزات اساسي"", ""pe_ratio"": 0.26, ""raw_score"": 5.0, ""trend_20d"": ""down"", ""rule_50_30"": ""رد"", ""final_score"": 5.0, ""score_macro"": 10.0, ""volume_spike"": 0.07, ""current_price"": 3631.0, ""liquidity_pct"": 3757581030.6, ""position_size"": 0, ""adjusted_score"": 0.0, ""rank_in_market"": 106, ""score_feedstock"": 0.0, ""score_liquidity"": 5.0, ""score_technical"": 0.0, ""score_valuation"": 20.0, ""stop_loss_price"": 3369.0, ""nima_free_spread"": 6.523, ""percentile_score"": 79.4, ""price_change_pct"": -3.99, ""rank_in_industry"": 13, ""score_farabourse"": 0.0, ""score_fundamental"": 7.5, ""score_gov_support"": 0.0, ""institutional_ratio"": 0.0, ""score_institutional"": 0.0, ""negative_filters_count"": 0}",True,رد,0.0,0.0,7.5,0.0,7.5,0.0,5.0,10.0,0.0,0.0,0.0,0.0,5.0,20.0,20.0,1405-05-18,0.0,فولاژ,2026-09-08,0.0
فولاژ3,,,,,,,,,,,,,,,,,,,,,,,,,,,,,,,,,,,,,,,,,,,,,,,,
فولای,,,,,,,,,,,,,,,,,,,,,,,,,,,,,,,,,,,,,,,,,,,,,,,,
فولای2,,,,,,,,,,,,,,,,,,,,,,,,,,,,,,,,,,,,,,,,,,,,,,,,
فولای3,,,,,,,,,,,,,,,,,,,,,,,,,,,,,,,,,,,,,,,,,,,,,,,,
فوچدن دورود,,,,,,,,,,,,,,,,,,,,,,,,,,,,,,,,,,,,,,,,,,,,,,,,
فوکا,0.0,2026-08-09 18:36:44.149365,0.0,رد_نمره,,,,2.6,2026-08-09 15:06:44.146146,2026-08-09,329,0.0,0.0,0.0,0,6.523,,,0.0,34.5,,0,25,335,2.6,"{""atr_14"": 0.0, ""symbol"": ""فوكا"", ""live_pe"": 0.0, ""risk_ok"": true, ""decision"": ""رد_نمره"", ""industry"": ""فلزات اساسي"", ""pe_ratio"": 0.0, ""raw_score"": 2.6, ""trend_20d"": ""flat"", ""rule_50_30"": ""رد"", ""final_score"": 2.6, ""score_macro"": 0.0, ""volume_spike"": 0.0, ""current_price"": 0.0, ""liquidity_pct"": 0.0, ""position_size"": 0, ""adjusted_score"": 0.0, ""rank_in_market"": 335, ""score_feedstock"": 0.0, ""score_liquidity"": 0.0, ""score_technical"": 0.0, ""score_valuation"": 20.0, ""stop_loss_price"": 0, ""nima_free_spread"": 6.523, ""percentile_score"": 34.5, ""price_change_pct"": 0.0, ""rank_in_industry"": 25, ""score_farabourse"": 0.0, ""score_fundamental"": 0.0, ""score_gov_support"": 0.0, ""institutional_ratio"": 0.0, ""score_institutional"": 0.0, ""negative_filters_count"": 0}",True,رد,0.0,0.0,0.0,0.0,0.0,0.0,0.0,0.0,0.0,0.0,0.0,0.0,2.6,20.0,20.0,1405-05-18,0.0,فوكا,2026-09-08,0.0
فوکا3,,,,,,,,,,,,,,,,,,,,,,,,,,,,,,,,,,,,,,,,,,,,,,,,
فپارس,0.0,2026-08-09 18:36:44.149365,0.0,رد_نمره,,,,2.6,2026-08-09 15:06:44.146146,2026-08-09,304,0.0,0.0,0.0,0,6.523,,,0.0,36.3,,0,19,326,2.6,"{""atr_14"": 0.0, ""symbol"": ""فپارس"", ""live_pe"": 0.0, ""risk_ok"": true, ""decision"": ""رد_نمره"", ""industry"": ""فلزات اساسي"", ""pe_ratio"": 0.0, ""raw_score"": 2.6, ""trend_20d"": ""flat"", ""rule_50_30"": ""رد"", ""final_score"": 2.6, ""score_macro"": 0.0, ""volume_spike"": 0.0, ""current_price"": 0.0, ""liquidity_pct"": 0.0, ""position_size"": 0, ""adjusted_score"": 0.0, ""rank_in_market"": 326, ""score_feedstock"": 0.0, ""score_liquidity"": 0.0, ""score_technical"": 0.0, ""score_valuation"": 20.0, ""stop_loss_price"": 0, ""nima_free_spread"": 6.523, ""percentile_score"": 36.3, ""price_change_pct"": 0.0, ""rank_in_industry"": 19, ""score_farabourse"": 0.0, ""score_fundamental"": 0.0, ""score_gov_support"": 0.0, ""institutional_ratio"": 0.0, ""score_institutional"": 0.0, ""negative_filters_count"": 0}",True,رد,0.0,0.0,0.0,0.0,0.0,0.0,0.0,0.0,0.0,0.0,0.0,0.0,2.6,20.0,20.0,1405-05-18,0.0,فپارس,2026-09-08,0.0
فپردیس,,,,,,,,,,,,,,,,,,,,,,,,,,,,,,,,,,,,,,,,,,,,,,,,
فپنتا,0.0,2026-08-09 18:36:44.149365,0.0,رد_نمره,,,,4.8,2026-08-09 15:06:44.146146,2026-08-09,305,0.0,0.0,0.0,0,6.523,,,0.0,81.0,,0,6,98,4.75,"{""atr_14"": 330.0, ""symbol"": ""فپنتا"", ""live_pe"": 1.0, ""risk_ok"": true, ""decision"": ""رد_نمره"", ""industry"": ""فلزات اساسي"", ""pe_ratio"": 0.16, ""raw_score"": 5.0, ""trend_20d"": ""flat"", ""rule_50_30"": ""رد"", ""final_score"": 5.0, ""score_macro"": 10.0, ""volume_spike"": 1.54, ""current_price"": 10051.0, ""liquidity_pct"": 83790609.8, ""position_size"": 0, ""adjusted_score"": 0.0, ""rank_in_market"": 98, ""score_feedstock"": 0.0, ""score_liquidity"": 5.0, ""score_technical"": 0.0, ""score_valuation"": 20.0, ""stop_loss_price"": 9347.0, ""nima_free_spread"": 6.523, ""percentile_score"": 81.0, ""price_change_pct"": 0.49, ""rank_in_industry"": 6, ""score_farabourse"": 0.0, ""score_fundamental"": 7.5, ""score_gov_support"": 0.0, ""institutional_ratio"": 0.0, ""score_institutional"": 0.0, ""negative_filters_count"": 0}",True,رد,0.0,0.0,7.5,0.0,7.5,0.0,5.0,10.0,0.0,0.0,0.0,0.0,5.0,20.0,20.0,1405-05-18,0.0,فپنتا,2026-09-08,0.0
فپنتا3,,,,,,,,,,,,,,,,,,,,,,,,,,,,,,,,,,,,,,,,,,,,,,,,
فکمند,,,,,,,,,,,,,,,,,,,,,,,,,,,,,,,,,,,,,,,,,,,,,,,,
فکور,,,,,,,,,,,,,,,,,,,,,,,,,,,,,,,,,,,,,,,,,,,,,,,,
فگستر,,,,,,,,,,,,,,,,,,,,,,,,,,,,,,,,,,,,,,,,,,,,,,,,
فگستر3,,,,,,,,,,,,,,,,,,,,,,,,,,,,,,,,,,,,,,,,,,,,,,,,
فیرمکو پارس,,,,,,,,,,,,,,,,,,,,,,,,,,,,,,,,,,,,,,,,,,,,,,,,
فیروز,,,,,,,,,,,,,,,,,,,,,,,,,,,,,,,,,,,,,,,,,,,,,,,,
فیروزا,,,,,,,,,,,,,,,,,,,,,,,,,,,,,,,,,,,,,,,,,,,,,,,,
فیروزا4,,,,,,,,,,,,,,,,,,,,,,,,,,,,,,,,,,,,,,,,,,,,,,,,
فیروزه,,,,,,,,,,,,,,,,,,,,,,,,,,,,,,,,,,,,,,,,,,,,,,,,
فیروزه بازار,,,,,,,,,,,,,,,,,,,,,,,,,,,,,,,,,,,,,,,,,,,,,,,,
فیروزه ثابت,,,,,,,,,,,,,,,,,,,,,,,,,,,,,,,,,,,,,,,,,,,,,,,,
فیروزه سهام,,,,,,,,,,,,,,,,,,,,,,,,,,,,,,,,,,,,,,,,,,,,,,,,
قاروم,,,,,,,,,,,,,,,,,,,,,,,,,,,,,,,,,,,,,,,,,,,,,,,,
قاسم,,,,,,,,,,,,,,,,,,,,,,,,,,,,,,,,,,,,,,,,,,,,,,,,
قاسم3,,,,,,,,,,,,,,,,,,,,,,,,,,,,,,,,,,,,,,,,,,,,,,,,
قالبهای بزرگ صنعتی سایپا,,,,,,,,,,,,,,,,,,,,,,,,,,,,,,,,,,,,,,,,,,,,,,,,
قتربت,,,,,,,,,,,,,,,,,,,,,,,,,,,,,,,,,,,,,,,,,,,,,,,,
قتربت3,,,,,,,,,,,,,,,,,,,,,,,,,,,,,,,,,,,,,,,,,,,,,,,,
قثابت,0.0,2026-08-09 18:36:44.149365,3300.0,رد_نمره,,,,4.9,2026-08-09 15:06:44.146146,2026-08-09,334,0.0,156976564420.2,5.5,0,6.523,,,0.85,68.0,,43290,4,164,4.85,"{""atr_14"": 40.0, ""symbol"": ""قثابت"", ""live_pe"": 5.1, ""risk_ok"": true, ""decision"": ""رد_نمره"", ""industry"": ""قند و شكر"", ""pe_ratio"": 0.79, ""raw_score"": 4.2, ""trend_20d"": ""up"", ""rule_50_30"": ""رد"", ""final_score"": 4.2, ""score_macro"": 0.0, ""volume_spike"": 0.07, ""current_price"": 3070.0, ""liquidity_pct"": 16249364.7, ""position_size"": 0, ""adjusted_score"": 0.0, ""rank_in_market"": 164, ""score_feedstock"": 0.0, ""score_liquidity"": 5.0, ""score_technical"": 0.0, ""score_valuation"": 20.0, ""stop_loss_price"": 2855.0, ""nima_free_spread"": 6.523, ""percentile_score"": 68.0, ""price_change_pct"": 0.0, ""rank_in_industry"": 4, ""score_farabourse"": 0.0, ""score_fundamental"": 7.5, ""score_gov_support"": 0.0, ""institutional_ratio"": 0.0, ""score_institutional"": 0.0, ""negative_filters_count"": 0}",True,رد,0.0,0.0,7.5,5.0,7.5,0.0,5.0,0.0,0.0,0.0,0.0,0.0,4.2,20.0,20.0,1405-05-18,3069.0,قثابت,2026-09-08,0.58
قثابت3,,,,,,,,,,,,,,,,,,,,,,,,,,,,,,,,,,,,,,,,,,,,,,,,
قجام,0.0,2026-08-09 18:36:44.149365,0.0,رد_نمره,,,,4.8,2026-08-09 15:06:44.146146,2026-08-09,335,0.0,0.0,0.0,0,6.523,,,0.0,70.4,,0,3,152,4.75,"{""atr_14"": 1000.0, ""symbol"": ""قجام"", ""live_pe"": 0.1, ""risk_ok"": true, ""decision"": ""رد_نمره"", ""industry"": ""قند و شكر"", ""pe_ratio"": 0.01, ""raw_score"": 4.75, ""trend_20d"": ""flat"", ""rule_50_30"": ""رد"", ""final_score"": 4.8, ""score_macro"": 10.0, ""volume_spike"": 0.0, ""current_price"": 1000.0, ""liquidity_pct"": 0.0, ""position_size"": 0, ""adjusted_score"": 0.0, ""rank_in_market"": 152, ""score_feedstock"": 0.0, ""score_liquidity"": 0.0, ""score_technical"": 0.0, ""score_valuation"": 20.0, ""stop_loss_price"": -1000.0, ""nima_free_spread"": 6.523, ""percentile_score"": 70.4, ""price_change_pct"": 0.0, ""rank_in_industry"": 3, ""score_farabourse"": 0.0, ""score_fundamental"": 7.5, ""score_gov_support"": 0.0, ""institutional_ratio"": 0.0, ""score_institutional"": 0.0, ""negative_filters_count"": 0}",True,رد,0.0,0.0,7.5,0.0,7.5,0.0,0.0,10.0,0.0,0.0,0.0,0.0,4.8,20.0,20.0,1405-05-18,0.0,قجام,2026-09-08,0.0
قرن,0.0,2026-08-09 18:36:44.149365,0.0,رد_نمره,,,,4.8,2026-08-09 15:06:44.146146,2026-08-09,336,0.0,0.0,0.0,0,6.523,,,0.0,73.5,,0,11,136,4.75,"{""atr_14"": 4657.0, ""symbol"": ""قرن"", ""live_pe"": 6.8, ""risk_ok"": true, ""decision"": ""رد_نمره"", ""industry"": ""محصولات شيميايي"", ""pe_ratio"": 1.04, ""raw_score"": 4.85, ""trend_20d"": ""down"", ""rule_50_30"": ""رد"", ""final_score"": 4.9, ""score_macro"": 0.0, ""volume_spike"": 0.17, ""current_price"": 64290.0, ""liquidity_pct"": 442306411350.6667, ""position_size"": 0, ""adjusted_score"": 0.0, ""rank_in_market"": 136, ""score_feedstock"": 0.0, ""score_liquidity"": 5.0, ""score_technical"": 0.0, ""score_valuation"": 20.0, ""stop_loss_price"": 54976.0, ""nima_free_spread"": 6.523, ""percentile_score"": 73.5, ""price_change_pct"": -4.99, ""rank_in_industry"": 11, ""score_farabourse"": 0.0, ""score_fundamental"": 7.5, ""score_gov_support"": 5.0, ""institutional_ratio"": 0.0, ""score_institutional"": 0.0, ""negative_filters_count"": 0}",True,رد,0.0,0.0,7.5,0.0,7.5,0.0,5.0,10.0,0.0,0.0,5.0,0.0,4.9,20.0,20.0,1405-05-18,0.0,قرن,2026-09-08,0.0
قرن2,,,,,,,,,,,,,,,,,,,,,,,,,,,,,,,,,,,,,,,,,,,,,,,,
قرن3,,,,,,,,,,,,,,,,,,,,,,,,,,,,,,,,,,,,,,,,,,,,,,,,
قزوین,0.0,2026-08-09 18:36:44.149365,0.0,رد_نمره,,,,2.6,2026-08-09 15:06:44.146146,2026-08-09,337,0.0,0.0,0.0,0,6.523,,,0.0,33.9,,0,7,338,2.6,"{""atr_14"": 0.0, ""symbol"": ""قزوين"", ""live_pe"": 0.0, ""risk_ok"": true, ""decision"": ""رد_نمره"", ""industry"": ""قند و شكر"", ""pe_ratio"": 0.0, ""raw_score"": 2.6, ""trend_20d"": ""flat"", ""rule_50_30"": ""رد"", ""final_score"": 2.6, ""score_macro"": 0.0, ""volume_spike"": 0.0, ""current_price"": 0.0, ""liquidity_pct"": 0.0, ""position_size"": 0, ""adjusted_score"": 0.0, ""rank_in_market"": 338, ""score_feedstock"": 0.0, ""score_liquidity"": 0.0, ""score_technical"": 0.0, ""score_valuation"": 20.0, ""stop_loss_price"": 0, ""nima_free_spread"": 6.523, ""percentile_score"": 33.9, ""price_change_pct"": 0.0, ""rank_in_industry"": 7, ""score_farabourse"": 0.0, ""score_fundamental"": 0.0, ""score_gov_support"": 0.0, ""institutional_ratio"": 0.0, ""score_institutional"": 0.0, ""negative_filters_count"": 0}",True,رد,0.0,0.0,0.0,0.0,0.0,0.0,0.0,0.0,0.0,0.0,0.0,0.0,2.6,20.0,20.0,1405-05-18,0.0,قزوين,2026-09-08,0.0
قزوین3,,,,,,,,,,,,,,,,,,,,,,,,,,,,,,,,,,,,,,,,,,,,,,,,
قستان,0.0,2026-08-09 18:36:44.149365,0.0,رد_نمره,,,,2.6,2026-08-09 15:06:44.146146,2026-08-09,338,0.0,0.0,0.0,0,6.523,,,0.0,33.7,,0,8,339,2.6,"{""atr_14"": 0.0, ""symbol"": ""قستان"", ""live_pe"": 0.0, ""risk_ok"": true, ""decision"": ""رد_نمره"", ""industry"": ""قند و شكر"", ""pe_ratio"": 0.0, ""raw_score"": 2.6, ""trend_20d"": ""flat"", ""rule_50_30"": ""رد"", ""final_score"": 2.6, ""score_macro"": 0.0, ""volume_spike"": 0.0, ""current_price"": 0.0, ""liquidity_pct"": 0.0, ""position_size"": 0, ""adjusted_score"": 0.0, ""rank_in_market"": 339, ""score_feedstock"": 0.0, ""score_liquidity"": 0.0, ""score_technical"": 0.0, ""score_valuation"": 20.0, ""stop_loss_price"": 0, ""nima_free_spread"": 6.523, ""percentile_score"": 33.7, ""price_change_pct"": 0.0, ""rank_in_industry"": 8, ""score_farabourse"": 0.0, ""score_fundamental"": 0.0, ""score_gov_support"": 0.0, ""institutional_ratio"": 0.0, ""score_institutional"": 0.0, ""negative_filters_count"": 0}",True,رد,0.0,0.0,0.0,0.0,0.0,0.0,0.0,0.0,0.0,0.0,0.0,0.0,2.6,20.0,20.0,1405-05-18,0.0,قستان,2026-09-08,0.0
قستون,0.0,2026-08-09 18:36:44.149365,0.0,رد_نمره,,,,2.6,2026-08-09 15:06:44.146146,2026-08-09,339,0.0,0.0,0.0,0,6.523,,,0.0,33.5,,0,9,340,2.6,"{""atr_14"": 0.0, ""symbol"": ""قستون"", ""live_pe"": 0.0, ""risk_ok"": true, ""decision"": ""رد_نمره"", ""industry"": ""قند و شكر"", ""pe_ratio"": 0.0, ""raw_score"": 2.6, ""trend_20d"": ""flat"", ""rule_50_30"": ""رد"", ""final_score"": 2.6, ""score_macro"": 0.0, ""volume_spike"": 0.0, ""current_price"": 0.0, ""liquidity_pct"": 0.0, ""position_size"": 0, ""adjusted_score"": 0.0, ""rank_in_market"": 340, ""score_feedstock"": 0.0, ""score_liquidity"": 0.0, ""score_technical"": 0.0, ""score_valuation"": 20.0, ""stop_loss_price"": 0, ""nima_free_spread"": 6.523, ""percentile_score"": 33.5, ""price_change_pct"": 0.0, ""rank_in_industry"": 9, ""score_farabourse"": 0.0, ""score_fundamental"": 0.0, ""score_gov_support"": 0.0, ""institutional_ratio"": 0.0, ""score_institutional"": 0.0, ""negative_filters_count"": 0}",True,رد,0.0,0.0,0.0,0.0,0.0,0.0,0.0,0.0,0.0,0.0,0.0,0.0,2.6,20.0,20.0,1405-05-18,0.0,قستون,2026-09-08,0.0
قشرین,0.0,2026-08-09 18:36:44.149365,0.0,رد_نمره,,,,2.6,2026-08-09 15:06:44.146146,2026-08-09,340,0.0,0.0,0.0,0,6.523,,,0.0,33.3,,0,10,341,2.6,"{""atr_14"": 0.0, ""symbol"": ""قشرين"", ""live_pe"": 0.0, ""risk_ok"": true, ""decision"": ""رد_نمره"", ""industry"": ""قند و شكر"", ""pe_ratio"": 0.0, ""raw_score"": 2.6, ""trend_20d"": ""flat"", ""rule_50_30"": ""رد"", ""final_score"": 2.6, ""score_macro"": 0.0, ""volume_spike"": 0.0, ""current_price"": 0.0, ""liquidity_pct"": 0.0, ""position_size"": 0, ""adjusted_score"": 0.0, ""rank_in_market"": 341, ""score_feedstock"": 0.0, ""score_liquidity"": 0.0, ""score_technical"": 0.0, ""score_valuation"": 20.0, ""stop_loss_price"": 0, ""nima_free_spread"": 6.523, ""percentile_score"": 33.3, ""price_change_pct"": 0.0, ""rank_in_industry"": 10, ""score_farabourse"": 0.0, ""score_fundamental"": 0.0, ""score_gov_support"": 0.0, ""institutional_ratio"": 0.0, ""score_institutional"": 0.0, ""negative_filters_count"": 0}",True,رد,0.0,0.0,0.0,0.0,0.0,0.0,0.0,0.0,0.0,0.0,0.0,0.0,2.6,20.0,20.0,1405-05-18,0.0,قشرين,2026-09-08,0.0
قشهد,0.0,2026-08-09 18:36:44.149365,0.0,رد_نمره,,,,2.6,2026-08-09 15:06:44.146146,2026-08-09,342,0.0,0.0,0.0,0,6.523,,,0.0,1.0,,0,17,506,2.6,"{""atr_14"": 4709.0, ""symbol"": ""قشهد"", ""live_pe"": 117725.0, ""risk_ok"": true, ""decision"": ""رد_نمره"", ""industry"": ""قند و شكر"", ""pe_ratio"": 18111.54, ""raw_score"": 0.25, ""trend_20d"": ""flat"", ""rule_50_30"": ""رد"", ""final_score"": 0.2, ""score_macro"": 0.0, ""volume_spike"": 0.0, ""current_price"": 4709.0, ""liquidity_pct"": 357842993.966667, ""position_size"": 0, ""adjusted_score"": 0.0, ""rank_in_market"": 506, ""score_feedstock"": 0.0, ""score_liquidity"": 5.0, ""score_technical"": 0.0, ""score_valuation"": 0.0, ""stop_loss_price"": -4709.0, ""nima_free_spread"": 6.523, ""percentile_score"": 1.0, ""price_change_pct"": 0.0, ""rank_in_industry"": 17, ""score_farabourse"": 0.0, ""score_fundamental"": 0.0, ""score_gov_support"": 0.0, ""institutional_ratio"": 0.0, ""score_institutional"": 0.0, ""negative_filters_count"": 0}",True,رد,0.0,0.0,0.0,0.0,0.0,0.0,5.0,0.0,0.0,0.0,0.0,0.0,0.2,20.0,0.0,1405-05-18,0.0,قشهد,2026-09-08,0.0
قشهد3,,,,,,,,,,,,,,,,,,,,,,,,,,,,,,,,,,,,,,,,,,,,,,,,
قشکر,0.0,2026-08-09 18:36:44.149365,0.0,رد_نمره,,,,2.6,2026-08-09 15:06:44.146146,2026-08-09,341,0.0,0.0,0.0,0,6.523,,,0.0,33.1,,0,11,342,2.6,"{""atr_14"": 0.0, ""symbol"": ""قشكر"", ""live_pe"": 0.0, ""risk_ok"": true, ""decision"": ""رد_نمره"", ""industry"": ""قند و شكر"", ""pe_ratio"": 0.0, ""raw_score"": 2.6, ""trend_20d"": ""flat"", ""rule_50_30"": ""رد"", ""final_score"": 2.6, ""score_macro"": 0.0, ""volume_spike"": 0.0, ""current_price"": 0.0, ""liquidity_pct"": 0.0, ""position_size"": 0, ""adjusted_score"": 0.0, ""rank_in_market"": 342, ""score_feedstock"": 0.0, ""score_liquidity"": 0.0, ""score_technical"": 0.0, ""score_valuation"": 20.0, ""stop_loss_price"": 0, ""nima_free_spread"": 6.523, ""percentile_score"": 33.1, ""price_change_pct"": 0.0, ""rank_in_industry"": 11, ""score_farabourse"": 0.0, ""score_fundamental"": 0.0, ""score_gov_support"": 0.0, ""institutional_ratio"": 0.0, ""score_institutional"": 0.0, ""negative_filters_count"": 0}",True,رد,0.0,0.0,0.0,0.0,0.0,0.0,0.0,0.0,0.0,0.0,0.0,0.0,2.6,20.0,20.0,1405-05-18,0.0,قشكر,2026-09-08,0.0
قشکر3,,,,,,,,,,,,,,,,,,,,,,,,,,,,,,,,,,,,,,,,,,,,,,,,
قشیر,0.0,2026-08-09 18:36:44.149365,0.0,رد_نمره,,,,2.6,2026-08-09 15:06:44.146146,2026-08-09,343,0.0,0.0,0.0,0,6.523,,,0.0,32.9,,0,12,343,2.6,"{""atr_14"": 0.0, ""symbol"": ""قشير"", ""live_pe"": 0.0, ""risk_ok"": true, ""decision"": ""رد_نمره"", ""industry"": ""قند و شكر"", ""pe_ratio"": 0.0, ""raw_score"": 2.6, ""trend_20d"": ""flat"", ""rule_50_30"": ""رد"", ""final_score"": 2.6, ""score_macro"": 0.0, ""volume_spike"": 0.0, ""current_price"": 0.0, ""liquidity_pct"": 0.0, ""position_size"": 0, ""adjusted_score"": 0.0, ""rank_in_market"": 343, ""score_feedstock"": 0.0, ""score_liquidity"": 0.0, ""score_technical"": 0.0, ""score_valuation"": 20.0, ""stop_loss_price"": 0, ""nima_free_spread"": 6.523, ""percentile_score"": 32.9, ""price_change_pct"": 0.0, ""rank_in_industry"": 12, ""score_farabourse"": 0.0, ""score_fundamental"": 0.0, ""score_gov_support"": 0.0, ""institutional_ratio"": 0.0, ""score_institutional"": 0.0, ""negative_filters_count"": 0}",True,رد,0.0,0.0,0.0,0.0,0.0,0.0,0.0,0.0,0.0,0.0,0.0,0.0,2.6,20.0,20.0,1405-05-18,0.0,قشير,2026-09-08,0.0
قشیر3,,,,,,,,,,,,,,,,,,,,,,,,,,,,,,,,,,,,,,,,,,,,,,,,
قصفها,0.0,2026-08-09 18:36:44.149365,1764.0,رد_نمره,,,,5.7,2026-08-09 15:06:44.146146,2026-08-09,344,0.0,68260222254.53333,1.7,0,6.523,,,0.26,5.9,,81300,15,481,5.65,"{""atr_14"": 54.0, ""symbol"": ""قصفها"", ""live_pe"": 11.5, ""risk_ok"": true, ""decision"": ""رد_نمره"", ""industry"": ""قند و شكر"", ""pe_ratio"": 1.78, ""raw_score"": 1.6, ""trend_20d"": ""up"", ""rule_50_30"": ""رد"", ""final_score"": 1.6, ""score_macro"": 0.0, ""volume_spike"": 0.72, ""current_price"": 12196.0, ""liquidity_pct"": 35296499.833333, ""position_size"": 0, ""adjusted_score"": 0.0, ""rank_in_market"": 481, ""score_feedstock"": 0.0, ""score_liquidity"": 5.0, ""score_technical"": 0.0, ""score_valuation"": 0.0, ""stop_loss_price"": 11342.0, ""nima_free_spread"": 6.523, ""percentile_score"": 5.9, ""price_change_pct"": -0.03, ""rank_in_industry"": 15, ""score_farabourse"": 0.0, ""score_fundamental"": 7.5, ""score_gov_support"": 0.0, ""institutional_ratio"": 0.0, ""score_institutional"": 0.0, ""negative_filters_count"": 0}",True,رد,0.0,0.0,7.5,5.0,7.5,0.0,5.0,10.0,0.0,0.0,0.0,0.0,1.6,20.0,0.0,1405-05-18,1641.0,قصفها,2026-09-08,0.75
قصفها3,,,,,,,,,,,,,,,,,,,,,,,,,,,,,,,,,,,,,,,,,,,,,,,,
قطار شهری مشهد,,,,,,,,,,,,,,,,,,,,,,,,,,,,,,,,,,,,,,,,,,,,,,,,
قطب پتروشیمی سپهر لاوان,,,,,,,,,,,,,,,,,,,,,,,,,,,,,,,,,,,,,,,,,,,,,,,,
قطعات کرمان خودرو,,,,,,,,,,,,,,,,,,,,,,,,,,,,,,,,,,,,,,,,,,,,,,,,
قلرست,0.0,2026-08-09 18:36:44.149365,0.0,رد_نمره,,,,4.8,2026-08-09 15:06:44.146146,2026-08-09,345,0.0,0.0,0.0,0,6.523,,,0.0,79.2,,0,1,107,4.75,"{""atr_14"": 708.0, ""symbol"": ""قلرست"", ""live_pe"": 0.4, ""risk_ok"": true, ""decision"": ""رد_نمره"", ""industry"": ""قند و شكر"", ""pe_ratio"": 0.07, ""raw_score"": 5.0, ""trend_20d"": ""down"", ""rule_50_30"": ""رد"", ""final_score"": 5.0, ""score_macro"": 10.0, ""volume_spike"": 0.44, ""current_price"": 5250.0, ""liquidity_pct"": 13761427.466667, ""position_size"": 0, ""adjusted_score"": 0.0, ""rank_in_market"": 107, ""score_feedstock"": 0.0, ""score_liquidity"": 5.0, ""score_technical"": 0.0, ""score_valuation"": 20.0, ""stop_loss_price"": 3833.0, ""nima_free_spread"": 6.523, ""percentile_score"": 79.2, ""price_change_pct"": 0.0, ""rank_in_industry"": 1, ""score_farabourse"": 0.0, ""score_fundamental"": 7.5, ""score_gov_support"": 0.0, ""institutional_ratio"": 0.0, ""score_institutional"": 0.0, ""negative_filters_count"": 0}",True,رد,0.0,0.0,7.5,0.0,7.5,0.0,5.0,10.0,0.0,0.0,0.0,0.0,5.0,20.0,20.0,1405-05-18,0.0,قلرست,2026-09-08,0.0
قلرست3,,,,,,,,,,,,,,,,,,,,,,,,,,,,,,,,,,,,,,,,,,,,,,,,
قلک ثابت,,,,,,,,,,,,,,,,,,,,,,,,,,,,,,,,,,,,,,,,,,,,,,,,
قلک گلد,,,,,,,,,,,,,,,,,,,,,,,,,,,,,,,,,,,,,,,,,,,,,,,,
قمرو,0.0,2026-08-09 18:36:44.149365,8330.0,رد_نمره,,,,6.2,2026-08-09 15:06:44.146146,2026-08-09,346,0.0,65406401350.666664,1.6,0,6.523,,,0.24,79.0,,17152,2,108,6.25,"{""atr_14"": 30.0, ""symbol"": ""قمرو"", ""live_pe"": 0.4, ""risk_ok"": true, ""decision"": ""رد_نمره"", ""industry"": ""قند و شكر"", ""pe_ratio"": 0.06, ""raw_score"": 5.0, ""trend_20d"": ""flat"", ""rule_50_30"": ""رد"", ""final_score"": 5.0, ""score_macro"": 10.0, ""volume_spike"": 0.39, ""current_price"": 2200.0, ""liquidity_pct"": 5555509.166667, ""position_size"": 0, ""adjusted_score"": 0.0, ""rank_in_market"": 108, ""score_feedstock"": 0.0, ""score_liquidity"": 5.0, ""score_technical"": 0.0, ""score_valuation"": 20.0, ""stop_loss_price"": 2046.0, ""nima_free_spread"": 6.523, ""percentile_score"": 79.0, ""price_change_pct"": 0.0, ""rank_in_industry"": 2, ""score_farabourse"": 0.0, ""score_fundamental"": 7.5, ""score_gov_support"": 0.0, ""institutional_ratio"": 0.0, ""score_institutional"": 0.0, ""negative_filters_count"": 0}",True,رد,0.0,0.0,7.5,5.0,7.5,0.0,5.0,10.0,0.0,0.0,0.0,7.5,5.0,20.0,20.0,1405-05-18,7747.0,قمرو,2026-09-08,2.59
قمرو3,,,,,,,,,,,,,,,,,,,,,,,,,,,,,,,,,,,,,,,,,,,,,,,,
قنقش,0.0,2026-08-09 18:36:44.149365,0.0,رد_نمره,,,,4.0,2026-08-09 15:06:44.146146,2026-08-09,347,0.0,0.0,0.0,0,6.523,,,0.0,5.7,,0,16,482,3.95,"{""atr_14"": 4632.0, ""symbol"": ""قنقش"", ""live_pe"": 116850.0, ""risk_ok"": true, ""decision"": ""رد_نمره"", ""industry"": ""قند و شكر"", ""pe_ratio"": 17976.92, ""raw_score"": 1.6, ""trend_20d"": ""down"", ""rule_50_30"": ""رد"", ""final_score"": 1.6, ""score_macro"": 0.0, ""volume_spike"": 0.0, ""current_price"": 4674.0, ""liquidity_pct"": 324107628.466667, ""position_size"": 0, ""adjusted_score"": 0.0, ""rank_in_market"": 482, ""score_feedstock"": 0.0, ""score_liquidity"": 5.0, ""score_technical"": 0.0, ""score_valuation"": 0.0, ""stop_loss_price"": -4589.0, ""nima_free_spread"": 6.523, ""percentile_score"": 5.7, ""price_change_pct"": 9.11, ""rank_in_industry"": 16, ""score_farabourse"": 0.0, ""score_fundamental"": 7.5, ""score_gov_support"": 0.0, ""institutional_ratio"": 0.0, ""score_institutional"": 0.0, ""negative_filters_count"": 0}",True,رد,0.0,0.0,7.5,0.0,7.5,0.0,5.0,0.0,0.0,0.0,0.0,0.0,1.6,20.0,0.0,1405-05-18,0.0,قنقش,2026-09-08,0.0
قنقش2,,,,,,,,,,,,,,,,,,,,,,,,,,,,,,,,,,,,,,,,,,,,,,,,
قنیشا,0.0,2026-08-09 18:36:44.149365,0.0,رد_نمره,,,,2.6,2026-08-09 15:06:44.146146,2026-08-09,348,0.0,0.0,0.0,0,6.523,,,0.0,32.7,,0,13,344,2.6,"{""atr_14"": 0.0, ""symbol"": ""قنيشا"", ""live_pe"": 0.0, ""risk_ok"": true, ""decision"": ""رد_نمره"", ""industry"": ""قند و شكر"", ""pe_ratio"": 0.0, ""raw_score"": 2.6, ""trend_20d"": ""flat"", ""rule_50_30"": ""رد"", ""final_score"": 2.6, ""score_macro"": 0.0, ""volume_spike"": 0.0, ""current_price"": 0.0, ""liquidity_pct"": 0.0, ""position_size"": 0, ""adjusted_score"": 0.0, ""rank_in_market"": 344, ""score_feedstock"": 0.0, ""score_liquidity"": 0.0, ""score_technical"": 0.0, ""score_valuation"": 20.0, ""stop_loss_price"": 0, ""nima_free_spread"": 6.523, ""percentile_score"": 32.7, ""price_change_pct"": 0.0, ""rank_in_industry"": 13, ""score_farabourse"": 0.0, ""score_fundamental"": 0.0, ""score_gov_support"": 0.0, ""institutional_ratio"": 0.0, ""score_institutional"": 0.0, ""negative_filters_count"": 0}",True,رد,0.0,0.0,0.0,0.0,0.0,0.0,0.0,0.0,0.0,0.0,0.0,0.0,2.6,20.0,20.0,1405-05-18,0.0,قنيشا,2026-09-08,0.0
قنیشا3,,,,,,,,,,,,,,,,,,,,,,,,,,,,,,,,,,,,,,,,,,,,,,,,
قهکمت,0.0,2026-08-09 18:36:44.149365,0.0,رد_نمره,,,,2.6,2026-08-09 15:06:44.146146,2026-08-09,349,0.0,0.0,0.0,0,6.523,,,0.0,32.5,,0,14,345,2.6,"{""atr_14"": 0.0, ""symbol"": ""قهكمت"", ""live_pe"": 0.0, ""risk_ok"": true, ""decision"": ""رد_نمره"", ""industry"": ""قند و شكر"", ""pe_ratio"": 0.0, ""raw_score"": 2.6, ""trend_20d"": ""flat"", ""rule_50_30"": ""رد"", ""final_score"": 2.6, ""score_macro"": 0.0, ""volume_spike"": 0.0, ""current_price"": 0.0, ""liquidity_pct"": 0.0, ""position_size"": 0, ""adjusted_score"": 0.0, ""rank_in_market"": 345, ""score_feedstock"": 0.0, ""score_liquidity"": 0.0, ""score_technical"": 0.0, ""score_valuation"": 20.0, ""stop_loss_price"": 0, ""nima_free_spread"": 6.523, ""percentile_score"": 32.5, ""price_change_pct"": 0.0, ""rank_in_industry"": 14, ""score_farabourse"": 0.0, ""score_fundamental"": 0.0, ""score_gov_support"": 0.0, ""institutional_ratio"": 0.0, ""score_institutional"": 0.0, ""negative_filters_count"": 0}",True,رد,0.0,0.0,0.0,0.0,0.0,0.0,0.0,0.0,0.0,0.0,0.0,0.0,2.6,20.0,20.0,1405-05-18,0.0,قهكمت,2026-09-08,0.0
قهکمت2,,,,,,,,,,,,,,,,,,,,,,,,,,,,,,,,,,,,,,,,,,,,,,,,
قهکمت3,,,,,,,,,,,,,,,,,,,,,,,,,,,,,,,,,,,,,,,,,,,,,,,,
قپارس,0.0,2026-08-09 18:36:44.149365,0.0,رد_نمره,,,,2.6,2026-08-09 15:06:44.146146,2026-08-09,332,0.0,0.0,0.0,0,6.523,,,0.0,34.3,,0,5,336,2.6,"{""atr_14"": 0.0, ""symbol"": ""قپارس"", ""live_pe"": 0.0, ""risk_ok"": true, ""decision"": ""رد_نمره"", ""industry"": ""قند و شكر"", ""pe_ratio"": 0.0, ""raw_score"": 2.6, ""trend_20d"": ""flat"", ""rule_50_30"": ""رد"", ""final_score"": 2.6, ""score_macro"": 0.0, ""volume_spike"": 0.0, ""current_price"": 0.0, ""liquidity_pct"": 0.0, ""position_size"": 0, ""adjusted_score"": 0.0, ""rank_in_market"": 336, ""score_feedstock"": 0.0, ""score_liquidity"": 0.0, ""score_technical"": 0.0, ""score_valuation"": 20.0, ""stop_loss_price"": 0, ""nima_free_spread"": 6.523, ""percentile_score"": 34.3, ""price_change_pct"": 0.0, ""rank_in_industry"": 5, ""score_farabourse"": 0.0, ""score_fundamental"": 0.0, ""score_gov_support"": 0.0, ""institutional_ratio"": 0.0, ""score_institutional"": 0.0, ""negative_filters_count"": 0}",True,رد,0.0,0.0,0.0,0.0,0.0,0.0,0.0,0.0,0.0,0.0,0.0,0.0,2.6,20.0,20.0,1405-05-18,0.0,قپارس,2026-09-08,0.0
قپیرا,0.0,2026-08-09 18:36:44.149365,0.0,رد_نمره,,,,2.6,2026-08-09 15:06:44.146146,2026-08-09,333,0.0,0.0,0.0,0,6.523,,,0.0,34.1,,0,6,337,2.6,"{""atr_14"": 0.0, ""symbol"": ""قپيرا"", ""live_pe"": 0.0, ""risk_ok"": true, ""decision"": ""رد_نمره"", ""industry"": ""قند و شكر"", ""pe_ratio"": 0.0, ""raw_score"": 2.6, ""trend_20d"": ""flat"", ""rule_50_30"": ""رد"", ""final_score"": 2.6, ""score_macro"": 0.0, ""volume_spike"": 0.0, ""current_price"": 0.0, ""liquidity_pct"": 0.0, ""position_size"": 0, ""adjusted_score"": 0.0, ""rank_in_market"": 337, ""score_feedstock"": 0.0, ""score_liquidity"": 0.0, ""score_technical"": 0.0, ""score_valuation"": 20.0, ""stop_loss_price"": 0, ""nima_free_spread"": 6.523, ""percentile_score"": 34.1, ""price_change_pct"": 0.0, ""rank_in_industry"": 6, ""score_farabourse"": 0.0, ""score_fundamental"": 0.0, ""score_gov_support"": 0.0, ""institutional_ratio"": 0.0, ""score_institutional"": 0.0, ""negative_filters_count"": 0}",True,رد,0.0,0.0,0.0,0.0,0.0,0.0,0.0,0.0,0.0,0.0,0.0,0.0,2.6,20.0,20.0,1405-05-18,0.0,قپيرا,2026-09-08,0.0
قپیرا3,,,,,,,,,,,,,,,,,,,,,,,,,,,,,,,,,,,,,,,,,,,,,,,,
قچار,,,,,,,,,,,,,,,,,,,,,,,,,,,,,,,,,,,,,,,,,,,,,,,,
قچار3,,,,,,,,,,,,,,,,,,,,,,,,,,,,,,,,,,,,,,,,,,,,,,,,
قیر آذر,,,,,,,,,,,,,,,,,,,,,,,,,,,,,,,,,,,,,,,,,,,,,,,,
قیراط,,,,,,,,,,,,,,,,,,,,,,,,,,,,,,,,,,,,,,,,,,,,,,,,
قیربلوچ,,,,,,,,,,,,,,,,,,,,,,,,,,,,,,,,,,,,,,,,,,,,,,,,
قیستو,,,,,,,,,,,,,,,,,,,,,,,,,,,,,,,,,,,,,,,,,,,,,,,,
قیستو2,,,,,,,,,,,,,,,,,,,,,,,,,,,,,,,,,,,,,,,,,,,,,,,,
كايگچ,0.0,2026-08-09 18:36:44.149365,0.0,رد_نمره,,,,2.6,2026-08-09 15:06:44.146146,2026-08-09,357,0.0,0.0,0.0,0,6.523,,,0.0,31.0,,0,32,353,2.6,"{""atr_14"": 0.0, ""symbol"": ""كايگچ"", ""live_pe"": 0.0, ""risk_ok"": true, ""decision"": ""رد_نمره"", ""industry"": ""سيمان، آهك و گچ"", ""pe_ratio"": 0.0, ""raw_score"": 2.6, ""trend_20d"": ""flat"", ""rule_50_30"": ""رد"", ""final_score"": 2.6, ""score_macro"": 0.0, ""volume_spike"": 0.0, ""current_price"": 0.0, ""liquidity_pct"": 0.0, ""position_size"": 0, ""adjusted_score"": 0.0, ""rank_in_market"": 353, ""score_feedstock"": 0.0, ""score_liquidity"": 0.0, ""score_technical"": 0.0, ""score_valuation"": 20.0, ""stop_loss_price"": 0, ""nima_free_spread"": 6.523, ""percentile_score"": 31.0, ""price_change_pct"": 0.0, ""rank_in_industry"": 32, ""score_farabourse"": 0.0, ""score_fundamental"": 0.0, ""score_gov_support"": 0.0, ""institutional_ratio"": 0.0, ""score_institutional"": 0.0, ""negative_filters_count"": 0}",True,رد,0.0,0.0,0.0,0.0,0.0,0.0,0.0,0.0,0.0,0.0,0.0,0.0,2.6,20.0,20.0,1405-05-18,0.0,كايگچ,2026-09-08,0.0
كبورس,0.0,2026-08-09 18:36:44.149365,0.0,رد_نمره,,,,2.6,2026-08-09 15:06:44.146146,2026-08-09,359,0.0,0.0,0.0,0,6.523,,,0.0,30.6,,0,12,355,2.6,"{""atr_14"": 0.0, ""symbol"": ""كبورس"", ""live_pe"": 0.0, ""risk_ok"": true, ""decision"": ""رد_نمره"", ""industry"": ""فعاليتهاي كمكي به نهادهاي مالي واسط"", ""pe_ratio"": 0.0, ""raw_score"": 2.6, ""trend_20d"": ""flat"", ""rule_50_30"": ""رد"", ""final_score"": 2.6, ""score_macro"": 0.0, ""volume_spike"": 0.0, ""current_price"": 0.0, ""liquidity_pct"": 0.0, ""position_size"": 0, ""adjusted_score"": 0.0, ""rank_in_market"": 355, ""score_feedstock"": 0.0, ""score_liquidity"": 0.0, ""score_technical"": 0.0, ""score_valuation"": 20.0, ""stop_loss_price"": 0, ""nima_free_spread"": 6.523, ""percentile_score"": 30.6, ""price_change_pct"": 0.0, ""rank_in_industry"": 12, ""score_farabourse"": 0.0, ""score_fundamental"": 0.0, ""score_gov_support"": 0.0, ""institutional_ratio"": 0.0, ""score_institutional"": 0.0, ""negative_filters_count"": 0}",True,رد,0.0,0.0,0.0,0.0,0.0,0.0,0.0,0.0,0.0,0.0,0.0,0.0,2.6,20.0,20.0,1405-05-18,0.0,كبورس,2026-09-08,0.0
كرماشا2,,,,,,,,,,,,,,,,,,,,,,,,,,,,,,,,,,,,,,,,,,,,,,,,
لابسا,0.0,2026-08-09 18:36:44.149365,0.0,رد_نمره,,,,4.8,2026-08-09 15:06:44.146146,2026-08-09,393,0.0,0.0,0.0,0,6.523,,,0.0,78.8,,0,1,109,4.75,"{""atr_14"": 50.0, ""symbol"": ""لابسا"", ""live_pe"": 0.9, ""risk_ok"": true, ""decision"": ""رد_نمره"", ""industry"": ""ماشين آلات و تجهيزات"", ""pe_ratio"": 0.15, ""raw_score"": 5.0, ""trend_20d"": ""flat"", ""rule_50_30"": ""رد"", ""final_score"": 5.0, ""score_macro"": 10.0, ""volume_spike"": 0.72, ""current_price"": 1825.0, ""liquidity_pct"": 114619013.4, ""position_size"": 0, ""adjusted_score"": 0.0, ""rank_in_market"": 109, ""score_feedstock"": 0.0, ""score_liquidity"": 5.0, ""score_technical"": 0.0, ""score_valuation"": 20.0, ""stop_loss_price"": 1697.0, ""nima_free_spread"": 6.523, ""percentile_score"": 78.8, ""price_change_pct"": -0.05, ""rank_in_industry"": 1, ""score_farabourse"": 0.0, ""score_fundamental"": 7.5, ""score_gov_support"": 0.0, ""institutional_ratio"": 0.0, ""score_institutional"": 0.0, ""negative_filters_count"": 0}",True,رد,0.0,0.0,7.5,0.0,7.5,0.0,5.0,10.0,0.0,0.0,0.0,0.0,5.0,20.0,20.0,1405-05-18,0.0,لابسا,2026-09-08,0.0
لابسا3,,,,,,,,,,,,,,,,,,,,,,,,,,,,,,,,,,,,,,,,,,,,,,,,
لازما,0.0,2026-08-09 18:36:44.149365,74220.0,رد_نمره,,,,4.9,2026-08-09 15:06:44.146146,2026-08-09,394,0.0,128177169182.0,4.3,0,6.523,,,0.66,70.2,,1924,5,153,4.85,"{""atr_14"": 1000.0, ""symbol"": ""لازما"", ""live_pe"": 0.1, ""risk_ok"": true, ""decision"": ""رد_نمره"", ""industry"": ""ماشين آلات و تجهيزات"", ""pe_ratio"": 0.01, ""raw_score"": 4.75, ""trend_20d"": ""flat"", ""rule_50_30"": ""رد"", ""final_score"": 4.8, ""score_macro"": 10.0, ""volume_spike"": 0.0, ""current_price"": 1000.0, ""liquidity_pct"": 0.0, ""position_size"": 0, ""adjusted_score"": 0.0, ""rank_in_market"": 153, ""score_feedstock"": 0.0, ""score_liquidity"": 0.0, ""score_technical"": 0.0, ""score_valuation"": 20.0, ""stop_loss_price"": -1000.0, ""nima_free_spread"": 6.523, ""percentile_score"": 70.2, ""price_change_pct"": 0.0, ""rank_in_industry"": 5, ""score_farabourse"": 0.0, ""score_fundamental"": 7.5, ""score_gov_support"": 0.0, ""institutional_ratio"": 0.0, ""score_institutional"": 0.0, ""negative_filters_count"": 0}",True,رد,0.0,0.0,7.5,5.0,7.5,0.0,0.0,0.0,0.0,0.0,0.0,0.0,4.8,20.0,20.0,1405-05-18,69025.0,لازما,2026-09-08,0.72
لاستیک بارز لرستان,,,,,,,,,,,,,,,,,,,,,,,,,,,,,,,,,,,,,,,,,,,,,,,,
لبخند,,,,,,,,,,,,,,,,,,,,,,,,,,,,,,,,,,,,,,,,,,,,,,,,
لبخند4,,,,,,,,,,,,,,,,,,,,,,,,,,,,,,,,,,,,,,,,,,,,,,,,
لبن,,,,,,,,,,,,,,,,,,,,,,,,,,,,,,,,,,,,,,,,,,,,,,,,
لبهمن,0.0,2026-08-09 18:36:44.149365,0.0,رد_نمره,,,,2.6,2026-08-09 15:06:44.146146,2026-08-09,395,0.0,0.0,0.0,0,6.523,,,0.0,24.1,,0,17,388,2.6,"{""atr_14"": 0.0, ""symbol"": ""لبهمن"", ""live_pe"": 0.0, ""risk_ok"": true, ""decision"": ""رد_نمره"", ""industry"": ""ماشين آلات و تجهيزات"", ""pe_ratio"": 0.0, ""raw_score"": 2.6, ""trend_20d"": ""flat"", ""rule_50_30"": ""رد"", ""final_score"": 2.6, ""score_macro"": 0.0, ""volume_spike"": 0.0, ""current_price"": 0.0, ""liquidity_pct"": 0.0, ""position_size"": 0, ""adjusted_score"": 0.0, ""rank_in_market"": 388, ""score_feedstock"": 0.0, ""score_liquidity"": 0.0, ""score_technical"": 0.0, ""score_valuation"": 20.0, ""stop_loss_price"": 0, ""nima_free_spread"": 6.523, ""percentile_score"": 24.1, ""price_change_pct"": 0.0, ""rank_in_industry"": 17, ""score_farabourse"": 0.0, ""score_fundamental"": 0.0, ""score_gov_support"": 0.0, ""institutional_ratio"": 0.0, ""score_institutional"": 0.0, ""negative_filters_count"": 0}",True,رد,0.0,0.0,0.0,0.0,0.0,0.0,0.0,0.0,0.0,0.0,0.0,0.0,2.6,20.0,20.0,1405-05-18,0.0,لبهمن,2026-09-08,0.0
لبوتان,0.0,2026-08-09 18:36:44.149365,0.0,رد_نمره,,,,4.8,2026-08-09 15:06:44.146146,2026-08-09,396,0.0,0.0,0.0,0,6.523,,,0.0,78.6,,0,2,110,4.75,"{""atr_14"": 58.0, ""symbol"": ""لبوتان"", ""live_pe"": 0.4, ""risk_ok"": true, ""decision"": ""رد_نمره"", ""industry"": ""ماشين آلات و تجهيزات"", ""pe_ratio"": 0.07, ""raw_score"": 5.0, ""trend_20d"": ""down"", ""rule_50_30"": ""رد"", ""final_score"": 5.0, ""score_macro"": 10.0, ""volume_spike"": 1.33, ""current_price"": 1520.0, ""liquidity_pct"": 2871327.366667, ""position_size"": 0, ""adjusted_score"": 0.0, ""rank_in_market"": 110, ""score_feedstock"": 0.0, ""score_liquidity"": 5.0, ""score_technical"": 0.0, ""score_valuation"": 20.0, ""stop_loss_price"": 1403.0, ""nima_free_spread"": 6.523, ""percentile_score"": 78.6, ""price_change_pct"": -5.0, ""rank_in_industry"": 2, ""score_farabourse"": 0.0, ""score_fundamental"": 7.5, ""score_gov_support"": 0.0, ""institutional_ratio"": 0.0, ""score_institutional"": 0.0, ""negative_filters_count"": 0}",True,رد,0.0,0.0,7.5,0.0,7.5,0.0,5.0,10.0,0.0,0.0,0.0,0.0,5.0,20.0,20.0,1405-05-18,0.0,لبوتان,2026-09-08,0.0
لبوتان3,,,,,,,,,,,,,,,,,,,,,,,,,,,,,,,,,,,,,,,,,,,,,,,,
لجام,0.0,2026-08-09 18:36:44.149365,0.0,رد_نمره,,,,2.6,2026-08-09 15:06:44.146146,2026-08-09,400,0.0,0.0,0.0,0,6.523,,,0.0,23.5,,0,3,391,2.6,"{""atr_14"": 0.0, ""symbol"": ""لجام"", ""live_pe"": 0.0, ""risk_ok"": true, ""decision"": ""رد_نمره"", ""industry"": ""ساخت دستگاه‌ها و وسايل ارتباطي"", ""pe_ratio"": 0.0, ""raw_score"": 2.6, ""trend_20d"": ""flat"", ""rule_50_30"": ""رد"", ""final_score"": 2.6, ""score_macro"": 0.0, ""volume_spike"": 0.0, ""current_price"": 0.0, ""liquidity_pct"": 0.0, ""position_size"": 0, ""adjusted_score"": 0.0, ""rank_in_market"": 391, ""score_feedstock"": 0.0, ""score_liquidity"": 0.0, ""score_technical"": 0.0, ""score_valuation"": 20.0, ""stop_loss_price"": 0, ""nima_free_spread"": 6.523, ""percentile_score"": 23.5, ""price_change_pct"": 0.0, ""rank_in_industry"": 3, ""score_farabourse"": 0.0, ""score_fundamental"": 0.0, ""score_gov_support"": 0.0, ""institutional_ratio"": 0.0, ""score_institutional"": 0.0, ""negative_filters_count"": 0}",True,رد,0.0,0.0,0.0,0.0,0.0,0.0,0.0,0.0,0.0,0.0,0.0,0.0,2.6,20.0,20.0,1405-05-18,0.0,لجام,2026-09-08,0.0
لخانه,0.0,2026-08-09 18:36:44.149365,0.0,رد_نمره,,,,4.0,2026-08-09 15:06:44.146146,2026-08-09,401,0.0,0.0,0.0,0,6.523,,,0.0,4.7,,0,20,487,3.95,"{""atr_14"": 1000.0, ""symbol"": ""لخانه"", ""live_pe"": 25000.0, ""risk_ok"": true, ""decision"": ""رد_نمره"", ""industry"": ""ماشين آلات و تجهيزات"", ""pe_ratio"": 3846.15, ""raw_score"": 1.35, ""trend_20d"": ""flat"", ""rule_50_30"": ""رد"", ""final_score"": 1.3, ""score_macro"": 0.0, ""volume_spike"": 0.0, ""current_price"": 1000.0, ""liquidity_pct"": 0.0, ""position_size"": 0, ""adjusted_score"": 0.0, ""rank_in_market"": 487, ""score_feedstock"": 0.0, ""score_liquidity"": 0.0, ""score_technical"": 0.0, ""score_valuation"": 0.0, ""stop_loss_price"": -1000.0, ""nima_free_spread"": 6.523, ""percentile_score"": 4.7, ""price_change_pct"": 0.0, ""rank_in_industry"": 20, ""score_farabourse"": 0.0, ""score_fundamental"": 7.5, ""score_gov_support"": 0.0, ""institutional_ratio"": 0.0, ""score_institutional"": 0.0, ""negative_filters_count"": 0}",True,رد,0.0,0.0,7.5,0.0,7.5,0.0,0.0,0.0,0.0,0.0,0.0,0.0,1.3,20.0,0.0,1405-05-18,0.0,لخانه,2026-09-08,0.0
لخزر,0.0,2026-08-09 18:36:44.149365,0.0,رد_نمره,,,,4.8,2026-08-09 15:06:44.146146,2026-08-09,402,0.0,0.0,0.0,0,6.523,,,0.0,78.2,,0,3,112,4.75,"{""atr_14"": 182.0, ""symbol"": ""لخزر"", ""live_pe"": 1.3, ""risk_ok"": true, ""decision"": ""رد_نمره"", ""industry"": ""ماشين آلات و تجهيزات"", ""pe_ratio"": 0.2, ""raw_score"": 5.0, ""trend_20d"": ""up"", ""rule_50_30"": ""رد"", ""final_score"": 5.0, ""score_macro"": 10.0, ""volume_spike"": 0.94, ""current_price"": 5800.0, ""liquidity_pct"": 14047605.266667, ""position_size"": 0, ""adjusted_score"": 0.0, ""rank_in_market"": 112, ""score_feedstock"": 0.0, ""score_liquidity"": 5.0, ""score_technical"": 0.0, ""score_valuation"": 20.0, ""stop_loss_price"": 5394.0, ""nima_free_spread"": 6.523, ""percentile_score"": 78.2, ""price_change_pct"": -3.09, ""rank_in_industry"": 3, ""score_farabourse"": 0.0, ""score_fundamental"": 7.5, ""score_gov_support"": 0.0, ""institutional_ratio"": 0.0, ""score_institutional"": 0.0, ""negative_filters_count"": 0}",True,رد,0.0,0.0,7.5,0.0,7.5,0.0,5.0,10.0,0.0,0.0,0.0,0.0,5.0,20.0,20.0,1405-05-18,0.0,لخزر,2026-09-08,0.0
لخزر3,,,,,,,,,,,,,,,,,,,,,,,,,,,,,,,,,,,,,,,,,,,,,,,,
لذیذ,,,,,,,,,,,,,,,,,,,,,,,,,,,,,,,,,,,,,,,,,,,,,,,,
لذیذ2,,,,,,,,,,,,,,,,,,,,,,,,,,,,,,,,,,,,,,,,,,,,,,,,
لسازی اهواز,,,,,,,,,,,,,,,,,,,,,,,,,,,,,,,,,,,,,,,,,,,,,,,,
لسرما,0.0,2026-08-09 18:36:44.149365,0.0,رد_نمره,,,,4.8,2026-08-09 15:06:44.146146,2026-08-09,403,0.0,0.0,0.0,0,6.523,,,0.0,78.0,,0,4,113,4.75,"{""atr_14"": 30.0, ""symbol"": ""لسرما"", ""live_pe"": 1.1, ""risk_ok"": true, ""decision"": ""رد_نمره"", ""industry"": ""ماشين آلات و تجهيزات"", ""pe_ratio"": 0.18, ""raw_score"": 5.0, ""trend_20d"": ""flat"", ""rule_50_30"": ""رد"", ""final_score"": 5.0, ""score_macro"": 10.0, ""volume_spike"": 1.74, ""current_price"": 1885.0, ""liquidity_pct"": 34237648.566667, ""position_size"": 0, ""adjusted_score"": 0.0, ""rank_in_market"": 113, ""score_feedstock"": 0.0, ""score_liquidity"": 5.0, ""score_technical"": 0.0, ""score_valuation"": 20.0, ""stop_loss_price"": 1753.0, ""nima_free_spread"": 6.523, ""percentile_score"": 78.0, ""price_change_pct"": -2.33, ""rank_in_industry"": 4, ""score_farabourse"": 0.0, ""score_fundamental"": 7.5, ""score_gov_support"": 0.0, ""institutional_ratio"": 0.0, ""score_institutional"": 0.0, ""negative_filters_count"": 0}",True,رد,0.0,0.0,7.5,0.0,7.5,0.0,5.0,10.0,0.0,0.0,0.0,0.0,5.0,20.0,20.0,1405-05-18,0.0,لسرما,2026-09-08,0.0
لسرما3,,,,,,,,,,,,,,,,,,,,,,,,,,,,,,,,,,,,,,,,,,,,,,,,
لطیف,,,,,,,,,,,,,,,,,,,,,,,,,,,,,,,,,,,,,,,,,,,,,,,,
لطیف3,,,,,,,,,,,,,,,,,,,,,,,,,,,,,,,,,,,,,,,,,,,,,,,,
لمخابر,0.0,2026-08-09 18:36:44.149365,0.0,رد_نمره,,,,2.6,2026-08-09 15:06:44.146146,2026-08-09,405,0.0,0.0,0.0,0,6.523,,,0.0,23.1,,0,5,393,2.6,"{""atr_14"": 0.0, ""symbol"": ""لمخابر"", ""live_pe"": 0.0, ""risk_ok"": true, ""decision"": ""رد_نمره"", ""industry"": ""ساخت دستگاه‌ها و وسايل ارتباطي"", ""pe_ratio"": 0.0, ""raw_score"": 2.6, ""trend_20d"": ""flat"", ""rule_50_30"": ""رد"", ""final_score"": 2.6, ""score_macro"": 0.0, ""volume_spike"": 0.0, ""current_price"": 0.0, ""liquidity_pct"": 0.0, ""position_size"": 0, ""adjusted_score"": 0.0, ""rank_in_market"": 393, ""score_feedstock"": 0.0, ""score_liquidity"": 0.0, ""score_technical"": 0.0, ""score_valuation"": 20.0, ""stop_loss_price"": 0, ""nima_free_spread"": 6.523, ""percentile_score"": 23.1, ""price_change_pct"": 0.0, ""rank_in_industry"": 5, ""score_farabourse"": 0.0, ""score_fundamental"": 0.0, ""score_gov_support"": 0.0, ""institutional_ratio"": 0.0, ""score_institutional"": 0.0, ""negative_filters_count"": 0}",True,رد,0.0,0.0,0.0,0.0,0.0,0.0,0.0,0.0,0.0,0.0,0.0,0.0,2.6,20.0,20.0,1405-05-18,0.0,لمخابر,2026-09-08,0.0
لوتوس,0.0,2026-08-09 18:36:44.149365,0.0,رد_نمره,,,,4.8,2026-08-09 15:06:44.146146,2026-08-09,406,0.0,0.0,0.0,0,6.523,,,0.0,94.7,,0,1,28,4.75,"{""atr_14"": 105.0, ""symbol"": ""لوتوس"", ""live_pe"": 1.1, ""risk_ok"": true, ""decision"": ""رد_نمره"", ""industry"": ""فعاليتهاي كمكي به نهادهاي مالي واسط"", ""pe_ratio"": 0.17, ""raw_score"": 5.65, ""trend_20d"": ""up"", ""rule_50_30"": ""رد"", ""final_score"": 5.7, ""score_macro"": 10.0, ""volume_spike"": 0.49, ""current_price"": 2389.0, ""liquidity_pct"": 20936780731.033333, ""position_size"": 0, ""adjusted_score"": 0.0, ""rank_in_market"": 28, ""score_feedstock"": 0.0, ""score_liquidity"": 5.0, ""score_technical"": 0.0, ""score_valuation"": 20.0, ""stop_loss_price"": 2179.0, ""nima_free_spread"": 6.523, ""percentile_score"": 94.7, ""price_change_pct"": 0.17, ""rank_in_industry"": 1, ""score_farabourse"": 0.0, ""score_fundamental"": 7.5, ""score_gov_support"": 5.0, ""institutional_ratio"": 0.0, ""score_institutional"": 0.0, ""negative_filters_count"": 0}",True,رد,0.0,0.0,7.5,0.0,7.5,0.0,5.0,10.0,0.0,0.0,5.0,0.0,5.7,20.0,20.0,1405-05-18,0.0,لوتوس,2026-09-08,0.0
لوتوس بازار,,,,,,,,,,,,,,,,,,,,,,,,,,,,,,,,,,,,,,,,,,,,,,,,
لوتوس ثابت,,,,,,,,,,,,,,,,,,,,,,,,,,,,,,,,,,,,,,,,,,,,,,,,
لوتوس3,,,,,,,,,,,,,,,,,,,,,,,,,,,,,,,,,,,,,,,,,,,,,,,,
لوتوسح,,,,,,,,,,,,,,,,,,,,,,,,,,,,,,,,,,,,,,,,,,,,,,,,
لوله سازی ماهشهر,,,,,,,,,,,,,,,,,,,,,,,,,,,,,,,,,,,,,,,,,,,,,,,,
لپارس,0.0,2026-08-09 18:36:44.149365,21540.0,رد_نمره,,,,4.9,2026-08-09 15:06:44.146146,2026-08-09,397,0.0,63955789685.333336,3.5,0,6.523,,,0.54,78.4,,6631,1,111,4.85,"{""atr_14"": 20.0, ""symbol"": ""لپارس"", ""live_pe"": 0.2, ""risk_ok"": true, ""decision"": ""رد_نمره"", ""industry"": ""ساخت دستگاه‌ها و وسايل ارتباطي"", ""pe_ratio"": 0.03, ""raw_score"": 5.0, ""trend_20d"": ""flat"", ""rule_50_30"": ""رد"", ""final_score"": 5.0, ""score_macro"": 10.0, ""volume_spike"": 0.46, ""current_price"": 1280.0, ""liquidity_pct"": 39254550.866667, ""position_size"": 0, ""adjusted_score"": 0.0, ""rank_in_market"": 111, ""score_feedstock"": 0.0, ""score_liquidity"": 5.0, ""score_technical"": 0.0, ""score_valuation"": 20.0, ""stop_loss_price"": 1190.0, ""nima_free_spread"": 6.523, ""percentile_score"": 78.4, ""price_change_pct"": -1.92, ""rank_in_industry"": 1, ""score_farabourse"": 0.0, ""score_fundamental"": 7.5, ""score_gov_support"": 0.0, ""institutional_ratio"": 0.0, ""score_institutional"": 0.0, ""negative_filters_count"": 0}",True,رد,0.0,0.0,7.5,5.0,7.5,0.0,5.0,0.0,0.0,0.0,0.0,0.0,5.0,20.0,20.0,1405-05-18,20032.0,لپارس,2026-09-08,1.28
لپارس3,,,,,,,,,,,,,,,,,,,,,,,,,,,,,,,,,,,,,,,,,,,,,,,,
لپويا,0.0,2026-08-09 18:36:44.149365,0.0,رد_نمره,,,,2.6,2026-08-09 15:06:44.146146,2026-08-09,398,0.0,0.0,0.0,0,6.523,,,0.0,23.9,,0,18,389,2.6,"{""atr_14"": 0.0, ""symbol"": ""لپويا"", ""live_pe"": 0.0, ""risk_ok"": true, ""decision"": ""رد_نمره"", ""industry"": ""ماشين آلات و تجهيزات"", ""pe_ratio"": 0.0, ""raw_score"": 2.6, ""trend_20d"": ""flat"", ""rule_50_30"": ""رد"", ""final_score"": 2.6, ""score_macro"": 0.0, ""volume_spike"": 0.0, ""current_price"": 0.0, ""liquidity_pct"": 0.0, ""position_size"": 0, ""adjusted_score"": 0.0, ""rank_in_market"": 389, ""score_feedstock"": 0.0, ""score_liquidity"": 0.0, ""score_technical"": 0.0, ""score_valuation"": 20.0, ""stop_loss_price"": 0, ""nima_free_spread"": 6.523, ""percentile_score"": 23.9, ""price_change_pct"": 0.0, ""rank_in_industry"": 18, ""score_farabourse"": 0.0, ""score_fundamental"": 0.0, ""score_gov_support"": 0.0, ""institutional_ratio"": 0.0, ""score_institutional"": 0.0, ""negative_filters_count"": 0}",True,رد,0.0,0.0,0.0,0.0,0.0,0.0,0.0,0.0,0.0,0.0,0.0,0.0,2.6,20.0,20.0,1405-05-18,0.0,لپويا,2026-09-08,0.0
لپیام,0.0,2026-08-09 18:36:44.149365,0.0,رد_نمره,,,,2.6,2026-08-09 15:06:44.146146,2026-08-09,399,0.0,0.0,0.0,0,6.523,,,0.0,23.7,,0,2,390,2.6,"{""atr_14"": 0.0, ""symbol"": ""لپيام"", ""live_pe"": 0.0, ""risk_ok"": true, ""decision"": ""رد_نمره"", ""industry"": ""ساخت دستگاه‌ها و وسايل ارتباطي"", ""pe_ratio"": 0.0, ""raw_score"": 2.6, ""trend_20d"": ""flat"", ""rule_50_30"": ""رد"", ""final_score"": 2.6, ""score_macro"": 0.0, ""volume_spike"": 0.0, ""current_price"": 0.0, ""liquidity_pct"": 0.0, ""position_size"": 0, ""adjusted_score"": 0.0, ""rank_in_market"": 390, ""score_feedstock"": 0.0, ""score_liquidity"": 0.0, ""score_technical"": 0.0, ""score_valuation"": 20.0, ""stop_loss_price"": 0, ""nima_free_spread"": 6.523, ""percentile_score"": 23.7, ""price_change_pct"": 0.0, ""rank_in_industry"": 2, ""score_farabourse"": 0.0, ""score_fundamental"": 0.0, ""score_gov_support"": 0.0, ""institutional_ratio"": 0.0, ""score_institutional"": 0.0, ""negative_filters_count"": 0}",True,رد,0.0,0.0,0.0,0.0,0.0,0.0,0.0,0.0,0.0,0.0,0.0,0.0,2.6,20.0,20.0,1405-05-18,0.0,لپيام,2026-09-08,0.0
لکما,0.0,2026-08-09 18:36:44.149365,0.0,رد_نمره,,,,2.6,2026-08-09 15:06:44.146146,2026-08-09,404,0.0,0.0,0.0,0,6.523,,,0.0,23.3,,0,4,392,2.6,"{""atr_14"": 0.0, ""symbol"": ""لكما"", ""live_pe"": 0.0, ""risk_ok"": true, ""decision"": ""رد_نمره"", ""industry"": ""ساخت دستگاه‌ها و وسايل ارتباطي"", ""pe_ratio"": 0.0, ""raw_score"": 2.6, ""trend_20d"": ""flat"", ""rule_50_30"": ""رد"", ""final_score"": 2.6, ""score_macro"": 0.0, ""volume_spike"": 0.0, ""current_price"": 0.0, ""liquidity_pct"": 0.0, ""position_size"": 0, ""adjusted_score"": 0.0, ""rank_in_market"": 392, ""score_feedstock"": 0.0, ""score_liquidity"": 0.0, ""score_technical"": 0.0, ""score_valuation"": 20.0, ""stop_loss_price"": 0, ""nima_free_spread"": 6.523, ""percentile_score"": 23.3, ""price_change_pct"": 0.0, ""rank_in_industry"": 4, ""score_farabourse"": 0.0, ""score_fundamental"": 0.0, ""score_gov_support"": 0.0, ""institutional_ratio"": 0.0, ""score_institutional"": 0.0, ""negative_filters_count"": 0}",True,رد,0.0,0.0,0.0,0.0,0.0,0.0,0.0,0.0,0.0,0.0,0.0,0.0,2.6,20.0,20.0,1405-05-18,0.0,لكما,2026-09-08,0.0
لیان,,,,,,,,,,,,,,,,,,,,,,,,,,,,,,,,,,,,,,,,,,,,,,,,
لیزینگ انصار,,,,,,,,,,,,,,,,,,,,,,,,,,,,,,,,,,,,,,,,,,,,,,,,
لیزینگ ایران خودرو,,,,,,,,,,,,,,,,,,,,,,,,,,,,,,,,,,,,,,,,,,,,,,,,
لیزینگ مشرق زمین,,,,,,,,,,,,,,,,,,,,,,,,,,,,,,,,,,,,,,,,,,,,,,,,
لیزینگ گسترش سرمایه گذاری ملی,,,,,,,,,,,,,,,,,,,,,,,,,,,,,,,,,,,,,,,,,,,,,,,,
مؤسسه خیریه ابرار قایم تبریز,,,,,,,,,,,,,,,,,,,,,,,,,,,,,,,,,,,,,,,,,,,,,,,,
مؤسسه خیریه قایم الرضا,,,,,,,,,,,,,,,,,,,,,,,,,,,,,,,,,,,,,,,,,,,,,,,,
ما,0.0,2026-08-09 18:36:44.149365,0.0,رد_نمره,,,,4.8,2026-08-09 15:06:44.146146,2026-08-09,407,0.0,0.0,0.0,0,6.523,,,0.0,77.8,,0,3,114,4.75,"{""atr_14"": 870.0, ""symbol"": ""ما"", ""live_pe"": 0.3, ""risk_ok"": true, ""decision"": ""رد_نمره"", ""industry"": ""بيمه وصندوق بازنشستگي به جزتامين اجتماعي"", ""pe_ratio"": 0.05, ""raw_score"": 5.0, ""trend_20d"": ""down"", ""rule_50_30"": ""رد"", ""final_score"": 5.0, ""score_macro"": 10.0, ""volume_spike"": 0.0, ""current_price"": 1000.0, ""liquidity_pct"": 313122364.0, ""position_size"": 0, ""adjusted_score"": 0.0, ""rank_in_market"": 114, ""score_feedstock"": 0.0, ""score_liquidity"": 5.0, ""score_technical"": 0.0, ""score_valuation"": 20.0, ""stop_loss_price"": -741.0, ""nima_free_spread"": 6.523, ""percentile_score"": 77.8, ""price_change_pct"": 0.0, ""rank_in_industry"": 3, ""score_farabourse"": 0.0, ""score_fundamental"": 7.5, ""score_gov_support"": 0.0, ""institutional_ratio"": 0.0, ""score_institutional"": 0.0, ""negative_filters_count"": 0}",True,رد,0.0,0.0,7.5,0.0,7.5,0.0,5.0,10.0,0.0,0.0,0.0,0.0,5.0,20.0,20.0,1405-05-18,0.0,ما,2026-09-08,0.0
ما3,,,,,,,,,,,,,,,,,,,,,,,,,,,,,,,,,,,,,,,,,,,,,,,,
مادر تخصصی بازرگانی دولتی ایران,,,,,,,,,,,,,,,,,,,,,,,,,,,,,,,,,,,,,,,,,,,,,,,,
مادر تخصصی توسعه و تجهیز مراکز بهداشتی، درمانی و تجهیزات پزشکی کشور,,,,,,,,,,,,,,,,,,,,,,,,,,,,,,,,,,,,,,,,,,,,,,,,
مادر تخصصی تولید نیروی برق حرارتی,,,,,,,,,,,,,,,,,,,,,,,,,,,,,,,,,,,,,,,,,,,,,,,,
مادر تخصصی خدمات کشاورزی,,,,,,,,,,,,,,,,,,,,,,,,,,,,,,,,,,,,,,,,,,,,,,,,
مادر تخصصی ساخت و توسعه زیربناهای حمل و نقل کشور,,,,,,,,,,,,,,,,,,,,,,,,,,,,,,,,,,,,,,,,,,,,,,,,
مادر تخصصی سازمان صنایع کوچک و شهرکهای صنعتی ایران,,,,,,,,,,,,,,,,,,,,,,,,,,,,,,,,,,,,,,,,,,,,,,,,
مادر تخصصی صندوق حمایت از تحقیقات و توسعه صنایع پیشرفته,,,,,,,,,,,,,,,,,,,,,,,,,,,,,,,,,,,,,,,,,,,,,,,,
مادر تخصصی عمران شهرهای جدید,,,,,,,,,,,,,,,,,,,,,,,,,,,,,,,,,,,,,,,,,,,,,,,,
مادر تخصصی مدیریت تولید، انتقال و توزیع نیروی برق ایران - توانیر,,,,,,,,,,,,,,,,,,,,,,,,,,,,,,,,,,,,,,,,,,,,,,,,
مادر تخصصی مدیریت ساخت و تهیه کالای آب و برق (ساتکاب),,,,,,,,,,,,,,,,,,,,,,,,,,,,,,,,,,,,,,,,,,,,,,,,
مادر تخصصی مدیریت منابع آب ایران,,,,,,,,,,,,,,,,,,,,,,,,,,,,,,,,,,,,,,,,,,,,,,,,
مادیرا,,,,,,,,,,,,,,,,,,,,,,,,,,,,,,,,,,,,,,,,,,,,,,,,
مادیرا3,,,,,,,,,,,,,,,,,,,,,,,,,,,,,,,,,,,,,,,,,,,,,,,,
مارون,,,,,,,,,,,,,,,,,,,,,,,,,,,,,,,,,,,,,,,,,,,,,,,,
مارون2,,,,,,,,,,,,,,,,,,,,,,,,,,,,,,,,,,,,,,,,,,,,,,,,
مارون3,,,,,,,,,,,,,,,,,,,,,,,,,,,,,,,,,,,,,,,,,,,,,,,,
ماسفندقه,,,,,,,,,,,,,,,,,,,,,,,,,,,,,,,,,,,,,,,,,,,,,,,,
ماشین آلات ایرانیان,,,,,,,,,,,,,,,,,,,,,,,,,,,,,,,,,,,,,,,,,,,,,,,,
ماشین سازی پارس,,,,,,,,,,,,,,,,,,,,,,,,,,,,,,,,,,,,,,,,,,,,,,,,
مالک آتیه,,,,,,,,,,,,,,,,,,,,,,,,,,,,,,,,,,,,,,,,,,,,,,,,
مانا,,,,,,,,,,,,,,,,,,,,,,,,,,,,,,,,,,,,,,,,,,,,,,,,
مانا2,,,,,,,,,,,,,,,,,,,,,,,,,,,,,,,,,,,,,,,,,,,,,,,,
مانی,,,,,,,,,,,,,,,,,,,,,,,,,,,,,,,,,,,,,,,,,,,,,,,,
ماهتاب گستر,,,,,,,,,,,,,,,,,,,,,,,,,,,,,,,,,,,,,,,,,,,,,,,,
ماهور,,,,,,,,,,,,,,,,,,,,,,,,,,,,,,,,,,,,,,,,,,,,,,,,
ماهور4,,,,,,,,,,,,,,,,,,,,,,,,,,,,,,,,,,,,,,,,,,,,,,,,
ماکان,,,,,,,,,,,,,,,,,,,,,,,,,,,,,,,,,,,,,,,,,,,,,,,,
ماکان2,,,,,,,,,,,,,,,,,,,,,,,,,,,,,,,,,,,,,,,,,,,,,,,,
مایکت,,,,,,,,,,,,,,,,,,,,,,,,,,,,,,,,,,,,,,,,,,,,,,,,
مبهور,,,,,,,,,,,,,,,,,,,,,,,,,,,,,,,,,,,,,,,,,,,,,,,,
مبین,0.0,2026-08-09 18:36:44.149365,0.0,رد_نمره,,,,2.6,2026-08-09 15:06:44.146146,2026-08-09,408,0.0,0.0,0.0,0,6.523,,,0.0,22.9,,0,4,394,2.6,"{""atr_14"": 0.0, ""symbol"": ""مبين"", ""live_pe"": 0.0, ""risk_ok"": true, ""decision"": ""رد_نمره"", ""industry"": ""عرضه برق، گاز، بخاروآب گرم"", ""pe_ratio"": 0.0, ""raw_score"": 2.6, ""trend_20d"": ""flat"", ""rule_50_30"": ""رد"", ""final_score"": 2.6, ""score_macro"": 0.0, ""volume_spike"": 0.0, ""current_price"": 0.0, ""liquidity_pct"": 0.0, ""position_size"": 0, ""adjusted_score"": 0.0, ""rank_in_market"": 394, ""score_feedstock"": 0.0, ""score_liquidity"": 0.0, ""score_technical"": 0.0, ""score_valuation"": 20.0, ""stop_loss_price"": 0, ""nima_free_spread"": 6.523, ""percentile_score"": 22.9, ""price_change_pct"": 0.0, ""rank_in_industry"": 4, ""score_farabourse"": 0.0, ""score_fundamental"": 0.0, ""score_gov_support"": 0.0, ""institutional_ratio"": 0.0, ""score_institutional"": 0.0, ""negative_filters_count"": 0}",True,رد,0.0,0.0,0.0,0.0,0.0,0.0,0.0,0.0,0.0,0.0,0.0,0.0,2.6,20.0,20.0,1405-05-18,0.0,مبين,2026-09-08,0.0
مبین سهام,,,,,,,,,,,,,,,,,,,,,,,,,,,,,,,,,,,,,,,,,,,,,,,,
مبین3,,,,,,,,,,,,,,,,,,,,,,,,,,,,,,,,,,,,,,,,,,,,,,,,
متال,,,,,,,,,,,,,,,,,,,,,,,,,,,,,,,,,,,,,,,,,,,,,,,,
مترو اصفهان,,,,,,,,,,,,,,,,,,,,,,,,,,,,,,,,,,,,,,,,,,,,,,,,
مترو تهران,,,,,,,,,,,,,,,,,,,,,,,,,,,,,,,,,,,,,,,,,,,,,,,,
مثقال,0.0,2026-08-09 18:36:44.149365,0.0,رد_نمره,,,,2.6,2026-08-09 15:06:44.146146,2026-08-09,409,0.0,0.0,0.0,0,6.523,,,0.0,0.8,,0,12,507,2.6,"{""atr_14"": 140.0, ""symbol"": ""مثقال"", ""live_pe"": 242425.0, ""risk_ok"": true, ""decision"": ""رد_نمره"", ""industry"": """", ""pe_ratio"": 37296.15, ""raw_score"": 0.25, ""trend_20d"": ""flat"", ""rule_50_30"": ""رد"", ""final_score"": 0.2, ""score_macro"": 0.0, ""volume_spike"": 0.96, ""current_price"": 9697.0, ""liquidity_pct"": 5226321902.666667, ""position_size"": 0, ""adjusted_score"": 0.0, ""rank_in_market"": 507, ""score_feedstock"": 0.0, ""score_liquidity"": 5.0, ""score_technical"": 0.0, ""score_valuation"": 0.0, ""stop_loss_price"": 9018.0, ""nima_free_spread"": 6.523, ""percentile_score"": 0.8, ""price_change_pct"": 0.39, ""rank_in_industry"": 12, ""score_farabourse"": 0.0, ""score_fundamental"": 0.0, ""score_gov_support"": 0.0, ""institutional_ratio"": 0.0, ""score_institutional"": 0.0, ""negative_filters_count"": 0}",True,رد,0.0,0.0,0.0,0.0,0.0,0.0,5.0,0.0,0.0,0.0,0.0,0.0,0.2,20.0,0.0,1405-05-18,0.0,مثقال,2026-09-08,0.0
مجتمع بندری دریایی قشم,,,,,,,,,,,,,,,,,,,,,,,,,,,,,,,,,,,,,,,,,,,,,,,,
مجتمع صنایع آلومینیوم جنوب,,,,,,,,,,,,,,,,,,,,,,,,,,,,,,,,,,,,,,,,,,,,,,,,
مجتمع صنعتی لاستیک ارگ کرمان,,,,,,,,,,,,,,,,,,,,,,,,,,,,,,,,,,,,,,,,,,,,,,,,
مجمع,,,,,,,,,,,,,,,,,,,,,,,,,,,,,,,,,,,,,,,,,,,,,,,,
مجمع خیریه خیرین سلامت کشور ,,,,,,,,,,,,,,,,,,,,,,,,,,,,,,,,,,,,,,,,,,,,,,,,
مجموعه های پرسی توسعه صنایع خودرو,,,,,,,,,,,,,,,,,,,,,,,,,,,,,,,,,,,,,,,,,,,,,,,,
محب سلامت ایرانیان,,,,,,,,,,,,,,,,,,,,,,,,,,,,,,,,,,,,,,,,,,,,,,,,
محب سلامت مهدی,,,,,,,,,,,,,,,,,,,,,,,,,,,,,,,,,,,,,,,,,,,,,,,,
محتشم,,,,,,,,,,,,,,,,,,,,,,,,,,,,,,,,,,,,,,,,,,,,,,,,
محتشم2,,,,,,,,,,,,,,,,,,,,,,,,,,,,,,,,,,,,,,,,,,,,,,,,
محتشم3,,,,,,,,,,,,,,,,,,,,,,,,,,,,,,,,,,,,,,,,,,,,,,,,
محک,,,,,,,,,,,,,,,,,,,,,,,,,,,,,,,,,,,,,,,,,,,,,,,,
مختلط,,,,,,,,,,,,,,,,,,,,,,,,,,,,,,,,,,,,,,,,,,,,,,,,
مختلط2,,,,,,,,,,,,,,,,,,,,,,,,,,,,,,,,,,,,,,,,,,,,,,,,
مدار,0.0,2026-08-09 18:36:44.149365,0.0,رد_نمره,,,,2.6,2026-08-09 15:06:44.146146,2026-08-09,410,0.0,0.0,0.0,0,6.523,,,0.0,22.7,,0,13,395,2.6,"{""atr_14"": 0.0, ""symbol"": ""مدار"", ""live_pe"": 0.0, ""risk_ok"": true, ""decision"": ""رد_نمره"", ""industry"": ""سرمايه گذاريها"", ""pe_ratio"": 0.0, ""raw_score"": 2.6, ""trend_20d"": ""flat"", ""rule_50_30"": ""رد"", ""final_score"": 2.6, ""score_macro"": 0.0, ""volume_spike"": 0.0, ""current_price"": 0.0, ""liquidity_pct"": 0.0, ""position_size"": 0, ""adjusted_score"": 0.0, ""rank_in_market"": 395, ""score_feedstock"": 0.0, ""score_liquidity"": 0.0, ""score_technical"": 0.0, ""score_valuation"": 20.0, ""stop_loss_price"": 0, ""nima_free_spread"": 6.523, ""percentile_score"": 22.7, ""price_change_pct"": 0.0, ""rank_in_industry"": 13, ""score_farabourse"": 0.0, ""score_fundamental"": 0.0, ""score_gov_support"": 0.0, ""institutional_ratio"": 0.0, ""score_institutional"": 0.0, ""negative_filters_count"": 0}",True,رد,0.0,0.0,0.0,0.0,0.0,0.0,0.0,0.0,0.0,0.0,0.0,0.0,2.6,20.0,20.0,1405-05-18,0.0,مدار,2026-09-08,0.0
مداران,0.0,2026-08-09 18:36:44.149365,0.0,رد_نمره,,,,4.8,2026-08-09 15:06:44.146146,2026-08-09,411,0.0,0.0,0.0,0,6.523,,,0.0,67.8,,0,5,165,4.75,"{""atr_14"": 32.0, ""symbol"": ""مداران"", ""live_pe"": 5.7, ""risk_ok"": true, ""decision"": ""رد_نمره"", ""industry"": ""رايانه و فعاليت‌هاي وابسته به آن"", ""pe_ratio"": 0.87, ""raw_score"": 4.2, ""trend_20d"": ""down"", ""rule_50_30"": ""رد"", ""final_score"": 4.2, ""score_macro"": 0.0, ""volume_spike"": 1.45, ""current_price"": 4601.0, ""liquidity_pct"": 143699196.1, ""position_size"": 0, ""adjusted_score"": 0.0, ""rank_in_market"": 165, ""score_feedstock"": 0.0, ""score_liquidity"": 5.0, ""score_technical"": 0.0, ""score_valuation"": 20.0, ""stop_loss_price"": 4279.0, ""nima_free_spread"": 6.523, ""percentile_score"": 67.8, ""price_change_pct"": -4.15, ""rank_in_industry"": 5, ""score_farabourse"": 0.0, ""score_fundamental"": 7.5, ""score_gov_support"": 0.0, ""institutional_ratio"": 0.0, ""score_institutional"": 0.0, ""negative_filters_count"": 0}",True,رد,0.0,0.0,7.5,0.0,7.5,0.0,5.0,10.0,0.0,0.0,0.0,0.0,4.2,20.0,20.0,1405-05-18,0.0,مداران,2026-09-08,0.0
مداران3,,,,,,,,,,,,,,,,,,,,,,,,,,,,,,,,,,,,,,,,,,,,,,,,
مدارانح,,,,,,,,,,,,,,,,,,,,,,,,,,,,,,,,,,,,,,,,,,,,,,,,
مدام,,,,,,,,,,,,,,,,,,,,,,,,,,,,,,,,,,,,,,,,,,,,,,,,
مدیر,,,,,,,,,,,,,,,,,,,,,,,,,,,,,,,,,,,,,,,,,,,,,,,,
مدیر4,,,,,,,,,,,,,,,,,,,,,,,,,,,,,,,,,,,,,,,,,,,,,,,,
مدیریت,,,,,,,,,,,,,,,,,,,,,,,,,,,,,,,,,,,,,,,,,,,,,,,,
مدیریت امن الکترونیکی کاشف,,,,,,,,,,,,,,,,,,,,,,,,,,,,,,,,,,,,,,,,,,,,,,,,
مدیریت توسعه فناوری صنایع کانسار,,,,,,,,,,,,,,,,,,,,,,,,,,,,,,,,,,,,,,,,,,,,,,,,
مدیریت تولید برق آذربایجان شرقی,,,,,,,,,,,,,,,,,,,,,,,,,,,,,,,,,,,,,,,,,,,,,,,,
مدیریت تولید برق اصفهان,,,,,,,,,,,,,,,,,,,,,,,,,,,,,,,,,,,,,,,,,,,,,,,,
مدیریت تولید برق خیام,,,,,,,,,,,,,,,,,,,,,,,,,,,,,,,,,,,,,,,,,,,,,,,,
مدیریت تولید برق لوشان,,,,,,,,,,,,,,,,,,,,,,,,,,,,,,,,,,,,,,,,,,,,,,,,
مدیریت تولید برق مفتح,,,,,,,,,,,,,,,,,,,,,,,,,,,,,,,,,,,,,,,,,,,,,,,,
مدیریت تولید برق نکا,,,,,,,,,,,,,,,,,,,,,,,,,,,,,,,,,,,,,,,,,,,,,,,,
مدیریت تولید نیروگاههای گازی خراسان,,,,,,,,,,,,,,,,,,,,,,,,,,,,,,,,,,,,,,,,,,,,,,,,
مدیریت تولیدبرق نیروگاههای سیستان و بلوچستان,,,,,,,,,,,,,,,,,,,,,,,,,,,,,,,,,,,,,,,,,,,,,,,,
مدیریت ریسک هوشمند ایرانیان,,,,,,,,,,,,,,,,,,,,,,,,,,,,,,,,,,,,,,,,,,,,,,,,
مدیریت ساخت تجارت,,,,,,,,,,,,,,,,,,,,,,,,,,,,,,,,,,,,,,,,,,,,,,,,
مدیریت سامان سازه غدیر,,,,,,,,,,,,,,,,,,,,,,,,,,,,,,,,,,,,,,,,,,,,,,,,
مدیریت سبا,,,,,,,,,,,,,,,,,,,,,,,,,,,,,,,,,,,,,,,,,,,,,,,,
مدیریت سرمایه بیمه سلامت ایرانیان,,,,,,,,,,,,,,,,,,,,,,,,,,,,,,,,,,,,,,,,,,,,,,,,
مدیریت شبکه برق ایران,,,,,,,,,,,,,,,,,,,,,,,,,,,,,,,,,,,,,,,,,,,,,,,,
مدیریت صنعت قندتوسعه صنایع بهشهر,,,,,,,,,,,,,,,,,,,,,,,,,,,,,,,,,,,,,,,,,,,,,,,,
مدیریت و توسعه سرزمین مکران,,,,,,,,,,,,,,,,,,,,,,,,,,,,,,,,,,,,,,,,,,,,,,,,
مدیریت و توسعه فناوری اطلاعات آرمان,,,,,,,,,,,,,,,,,,,,,,,,,,,,,,,,,,,,,,,,,,,,,,,,
مدیریت3,,,,,,,,,,,,,,,,,,,,,,,,,,,,,,,,,,,,,,,,,,,,,,,,
مرقام,0.0,2026-08-09 18:36:44.149365,0.0,رد_نمره,,,,2.6,2026-08-09 15:06:44.146146,2026-08-09,412,0.0,0.0,0.0,0,6.523,,,0.0,22.5,,0,8,396,2.6,"{""atr_14"": 0.0, ""symbol"": ""مرقام"", ""live_pe"": 0.0, ""risk_ok"": true, ""decision"": ""رد_نمره"", ""industry"": ""رايانه و فعاليت‌هاي وابسته به آن"", ""pe_ratio"": 0.0, ""raw_score"": 2.6, ""trend_20d"": ""flat"", ""rule_50_30"": ""رد"", ""final_score"": 2.6, ""score_macro"": 0.0, ""volume_spike"": 0.0, ""current_price"": 0.0, ""liquidity_pct"": 0.0, ""position_size"": 0, ""adjusted_score"": 0.0, ""rank_in_market"": 396, ""score_feedstock"": 0.0, ""score_liquidity"": 0.0, ""score_technical"": 0.0, ""score_valuation"": 20.0, ""stop_loss_price"": 0, ""nima_free_spread"": 6.523, ""percentile_score"": 22.5, ""price_change_pct"": 0.0, ""rank_in_industry"": 8, ""score_farabourse"": 0.0, ""score_fundamental"": 0.0, ""score_gov_support"": 0.0, ""institutional_ratio"": 0.0, ""score_institutional"": 0.0, ""negative_filters_count"": 0}",True,رد,0.0,0.0,0.0,0.0,0.0,0.0,0.0,0.0,0.0,0.0,0.0,0.0,2.6,20.0,20.0,1405-05-18,0.0,مرقام,2026-09-08,0.0
مروارید,,,,,,,,,,,,,,,,,,,,,,,,,,,,,,,,,,,,,,,,,,,,,,,,
مروارید هامون,,,,,,,,,,,,,,,,,,,,,,,,,,,,,,,,,,,,,,,,,,,,,,,,
مروارید2,,,,,,,,,,,,,,,,,,,,,,,,,,,,,,,,,,,,,,,,,,,,,,,,
مرکز تحقیقات صنایع انفورماتیک,,,,,,,,,,,,,,,,,,,,,,,,,,,,,,,,,,,,,,,,,,,,,,,,
مرکز تحقیقات ونواوری صنایع خودرو سایپا,,,,,,,,,,,,,,,,,,,,,,,,,,,,,,,,,,,,,,,,,,,,,,,,
مرکز شماره گذاری کالا و خدمات(ایران کد),,,,,,,,,,,,,,,,,,,,,,,,,,,,,,,,,,,,,,,,,,,,,,,,
مزه,,,,,,,,,,,,,,,,,,,,,,,,,,,,,,,,,,,,,,,,,,,,,,,,
مس بازار,,,,,,,,,,,,,,,,,,,,,,,,,,,,,,,,,,,,,,,,,,,,,,,,
مس شهر بابک -میدوک,,,,,,,,,,,,,,,,,,,,,,,,,,,,,,,,,,,,,,,,,,,,,,,,
مسصنفت,,,,,,,,,,,,,,,,,,,,,,,,,,,,,,,,,,,,,,,,,,,,,,,,
مسکن بازار,,,,,,,,,,,,,,,,,,,,,,,,,,,,,,,,,,,,,,,,,,,,,,,,
مسگون,,,,,,,,,,,,,,,,,,,,,,,,,,,,,,,,,,,,,,,,,,,,,,,,
مشاور آتی,,,,,,,,,,,,,,,,,,,,,,,,,,,,,,,,,,,,,,,,,,,,,,,,
مشاور آریان,,,,,,,,,,,,,,,,,,,,,,,,,,,,,,,,,,,,,,,,,,,,,,,,
مشاور آفاق,,,,,,,,,,,,,,,,,,,,,,,,,,,,,,,,,,,,,,,,,,,,,,,,
مشاور آگاه,,,,,,,,,,,,,,,,,,,,,,,,,,,,,,,,,,,,,,,,,,,,,,,,
مشاور ایده,,,,,,,,,,,,,,,,,,,,,,,,,,,,,,,,,,,,,,,,,,,,,,,,
مشاور ترنج,,,,,,,,,,,,,,,,,,,,,,,,,,,,,,,,,,,,,,,,,,,,,,,,
مشاور حافظ,,,,,,,,,,,,,,,,,,,,,,,,,,,,,,,,,,,,,,,,,,,,,,,,
مشاور خط ارزش,,,,,,,,,,,,,,,,,,,,,,,,,,,,,,,,,,,,,,,,,,,,,,,,
مشاور دانایان,,,,,,,,,,,,,,,,,,,,,,,,,,,,,,,,,,,,,,,,,,,,,,,,
مشاور دایان,,,,,,,,,,,,,,,,,,,,,,,,,,,,,,,,,,,,,,,,,,,,,,,,
مشاور دیدگاهان,,,,,,,,,,,,,,,,,,,,,,,,,,,,,,,,,,,,,,,,,,,,,,,,
مشاور سرمایه گذاری فربین,,,,,,,,,,,,,,,,,,,,,,,,,,,,,,,,,,,,,,,,,,,,,,,,
مشاور سرو رایان,,,,,,,,,,,,,,,,,,,,,,,,,,,,,,,,,,,,,,,,,,,,,,,,
مشاور سهم آشنا,,,,,,,,,,,,,,,,,,,,,,,,,,,,,,,,,,,,,,,,,,,,,,,,
مشاور فارابی,,,,,,,,,,,,,,,,,,,,,,,,,,,,,,,,,,,,,,,,,,,,,,,,
مشاور فراز,,,,,,,,,,,,,,,,,,,,,,,,,,,,,,,,,,,,,,,,,,,,,,,,
مشاور فرامان,,,,,,,,,,,,,,,,,,,,,,,,,,,,,,,,,,,,,,,,,,,,,,,,
مشاور فیروزه,,,,,,,,,,,,,,,,,,,,,,,,,,,,,,,,,,,,,,,,,,,,,,,,
مشاور معیار,,,,,,,,,,,,,,,,,,,,,,,,,,,,,,,,,,,,,,,,,,,,,,,,
مشاور نوید,,,,,,,,,,,,,,,,,,,,,,,,,,,,,,,,,,,,,,,,,,,,,,,,
مشاور نوین,,,,,,,,,,,,,,,,,,,,,,,,,,,,,,,,,,,,,,,,,,,,,,,,
مشاور نیکی,,,,,,,,,,,,,,,,,,,,,,,,,,,,,,,,,,,,,,,,,,,,,,,,
مشاور هوشمند,,,,,,,,,,,,,,,,,,,,,,,,,,,,,,,,,,,,,,,,,,,,,,,,
مشاور پاداش,,,,,,,,,,,,,,,,,,,,,,,,,,,,,,,,,,,,,,,,,,,,,,,,
مشاور کارآمد,,,,,,,,,,,,,,,,,,,,,,,,,,,,,,,,,,,,,,,,,,,,,,,,
مشاور کاریزما,,,,,,,,,,,,,,,,,,,,,,,,,,,,,,,,,,,,,,,,,,,,,,,,
مشاور کیان,,,,,,,,,,,,,,,,,,,,,,,,,,,,,,,,,,,,,,,,,,,,,,,,
مشاوردارا زی,,,,,,,,,,,,,,,,,,,,,,,,,,,,,,,,,,,,,,,,,,,,,,,,
مشعل گاز قشم,,,,,,,,,,,,,,,,,,,,,,,,,,,,,,,,,,,,,,,,,,,,,,,,
معادن بازار,,,,,,,,,,,,,,,,,,,,,,,,,,,,,,,,,,,,,,,,,,,,,,,,
معاملات بازار,,,,,,,,,,,,,,,,,,,,,,,,,,,,,,,,,,,,,,,,,,,,,,,,
معاینه فنی تهران,,,,,,,,,,,,,,,,,,,,,,,,,,,,,,,,,,,,,,,,,,,,,,,,
معدن,,,,,,,,,,,,,,,,,,,,,,,,,,,,,,,,,,,,,,,,,,,,,,,,
معدنی سرچشمه هامون,,,,,,,,,,,,,,,,,,,,,,,,,,,,,,,,,,,,,,,,,,,,,,,,
معدنی مس تهران,,,,,,,,,,,,,,,,,,,,,,,,,,,,,,,,,,,,,,,,,,,,,,,,
معیار,,,,,,,,,,,,,,,,,,,,,,,,,,,,,,,,,,,,,,,,,,,,,,,,
معیار بازار,,,,,,,,,,,,,,,,,,,,,,,,,,,,,,,,,,,,,,,,,,,,,,,,
معین,,,,,,,,,,,,,,,,,,,,,,,,,,,,,,,,,,,,,,,,,,,,,,,,
معین3,,,,,,,,,,,,,,,,,,,,,,,,,,,,,,,,,,,,,,,,,,,,,,,,
مفاخر,,,,,,,,,,,,,,,,,,,,,,,,,,,,,,,,,,,,,,,,,,,,,,,,
مفاخر3,,,,,,,,,,,,,,,,,,,,,,,,,,,,,,,,,,,,,,,,,,,,,,,,
مفید بازار,,,,,,,,,,,,,,,,,,,,,,,,,,,,,,,,,,,,,,,,,,,,,,,,
مفید بازنشستگی,,,,,,,,,,,,,,,,,,,,,,,,,,,,,,,,,,,,,,,,,,,,,,,,
مفید تضمین,,,,,,,,,,,,,,,,,,,,,,,,,,,,,,,,,,,,,,,,,,,,,,,,
مفید نیکو,,,,,,,,,,,,,,,,,,,,,,,,,,,,,,,,,,,,,,,,,,,,,,,,
ملت,0.0,2026-08-09 18:36:44.149365,0.0,رد_نمره,,,,4.8,2026-08-09 15:06:44.146146,2026-08-09,413,0.0,0.0,0.0,0,6.523,,,0.0,94.5,,0,2,29,4.75,"{""atr_14"": 199.0, ""symbol"": ""ملت"", ""live_pe"": 0.8, ""risk_ok"": true, ""decision"": ""رد_نمره"", ""industry"": ""بيمه وصندوق بازنشستگي به جزتامين اجتماعي"", ""pe_ratio"": 0.12, ""raw_score"": 5.65, ""trend_20d"": ""up"", ""rule_50_30"": ""رد"", ""final_score"": 5.7, ""score_macro"": 10.0, ""volume_spike"": 0.03, ""current_price"": 1286.0, ""liquidity_pct"": 22574649229.633335, ""position_size"": 0, ""adjusted_score"": 0.0, ""rank_in_market"": 29, ""score_feedstock"": 0.0, ""score_liquidity"": 5.0, ""score_technical"": 0.0, ""score_valuation"": 20.0, ""stop_loss_price"": 888.0, ""nima_free_spread"": 6.523, ""percentile_score"": 94.5, ""price_change_pct"": -1.16, ""rank_in_industry"": 2, ""score_farabourse"": 0.0, ""score_fundamental"": 7.5, ""score_gov_support"": 5.0, ""institutional_ratio"": 0.0, ""score_institutional"": 0.0, ""negative_filters_count"": 0}",True,رد,0.0,0.0,7.5,0.0,7.5,0.0,5.0,10.0,0.0,0.0,5.0,0.0,5.7,20.0,20.0,1405-05-18,0.0,ملت,2026-09-08,0.0
ملت بازار,,,,,,,,,,,,,,,,,,,,,,,,,,,,,,,,,,,,,,,,,,,,,,,,
ملت طلا,,,,,,,,,,,,,,,,,,,,,,,,,,,,,,,,,,,,,,,,,,,,,,,,
ملت3,,,,,,,,,,,,,,,,,,,,,,,,,,,,,,,,,,,,,,,,,,,,,,,,
ملل بازار,,,,,,,,,,,,,,,,,,,,,,,,,,,,,,,,,,,,,,,,,,,,,,,,
ملل ثابت,,,,,,,,,,,,,,,,,,,,,,,,,,,,,,,,,,,,,,,,,,,,,,,,
ملی حفاری ایران,,,,,,,,,,,,,,,,,,,,,,,,,,,,,,,,,,,,,,,,,,,,,,,,
ملی سهام,,,,,,,,,,,,,,,,,,,,,,,,,,,,,,,,,,,,,,,,,,,,,,,,
ملی صنایع مس,,,,,,,,,,,,,,,,,,,,,,,,,,,,,,,,,,,,,,,,,,,,,,,,
ملی مناطق نفت خیز جنوب,,,,,,,,,,,,,,,,,,,,,,,,,,,,,,,,,,,,,,,,,,,,,,,,
ملی مهندسی و ساختمان نفت ایران,,,,,,,,,,,,,,,,,,,,,,,,,,,,,,,,,,,,,,,,,,,,,,,,
ممتاز سهام,,,,,,,,,,,,,,,,,,,,,,,,,,,,,,,,,,,,,,,,,,,,,,,,
ممسنی,,,,,,,,,,,,,,,,,,,,,,,,,,,,,,,,,,,,,,,,,,,,,,,,
منجیل,,,,,,,,,,,,,,,,,,,,,,,,,,,,,,,,,,,,,,,,,,,,,,,,
مهر,,,,,,,,,,,,,,,,,,,,,,,,,,,,,,,,,,,,,,,,,,,,,,,,
مهر3,,,,,,,,,,,,,,,,,,,,,,,,,,,,,,,,,,,,,,,,,,,,,,,,
مهرمام,,,,,,,,,,,,,,,,,,,,,,,,,,,,,,,,,,,,,,,,,,,,,,,,
مهرمام2,,,,,,,,,,,,,,,,,,,,,,,,,,,,,,,,,,,,,,,,,,,,,,,,
مهرمامح,,,,,,,,,,,,,,,,,,,,,,,,,,,,,,,,,,,,,,,,,,,,,,,,
مهرگان,,,,,,,,,,,,,,,,,,,,,,,,,,,,,,,,,,,,,,,,,,,,,,,,
مهرگان بازار,,,,,,,,,,,,,,,,,,,,,,,,,,,,,,,,,,,,,,,,,,,,,,,,
مهرگان سهام,,,,,,,,,,,,,,,,,,,,,,,,,,,,,,,,,,,,,,,,,,,,,,,,
مهرگان کالایی,,,,,,,,,,,,,,,,,,,,,,,,,,,,,,,,,,,,,,,,,,,,,,,,
مهرگان2,,,,,,,,,,,,,,,,,,,,,,,,,,,,,,,,,,,,,,,,,,,,,,,,
مهرگان3,,,,,,,,,,,,,,,,,,,,,,,,,,,,,,,,,,,,,,,,,,,,,,,,
مهرگلد,,,,,,,,,,,,,,,,,,,,,,,,,,,,,,,,,,,,,,,,,,,,,,,,
مهندسی اکتشافی پویا مس ایرانیان,,,,,,,,,,,,,,,,,,,,,,,,,,,,,,,,,,,,,,,,,,,,,,,,
مهندسی ستاوند شمس,,,,,,,,,,,,,,,,,,,,,,,,,,,,,,,,,,,,,,,,,,,,,,,,
مهندسی سیستم یاس ارغوانی,,,,,,,,,,,,,,,,,,,,,,,,,,,,,,,,,,,,,,,,,,,,,,,,
مهندسی و ساختمان ماشین سازی اراک,,,,,,,,,,,,,,,,,,,,,,,,,,,,,,,,,,,,,,,,,,,,,,,,
مهندسی پرآور,,,,,,,,,,,,,,,,,,,,,,,,,,,,,,,,,,,,,,,,,,,,,,,,
مهندسین مشاور سامان طرح سپاهان,,,,,,,,,,,,,,,,,,,,,,,,,,,,,,,,,,,,,,,,,,,,,,,,
مهندسین مشاور سرمایه گذاری,,,,,,,,,,,,,,,,,,,,,,,,,,,,,,,,,,,,,,,,,,,,,,,,
موج,0.0,2026-08-09 18:36:44.149365,0.0,رد_نمره,,,,2.6,2026-08-09 15:06:44.146146,2026-08-09,414,0.0,0.0,0.0,0,6.523,,,0.0,3.5,,0,7,493,2.6,"{""atr_14"": 8730.0, ""symbol"": ""موج"", ""live_pe"": 250000.0, ""risk_ok"": true, ""decision"": ""رد_نمره"", ""industry"": """", ""pe_ratio"": 38461.54, ""raw_score"": 0.9, ""trend_20d"": ""down"", ""rule_50_30"": ""رد"", ""final_score"": 0.9, ""score_macro"": 0.0, ""volume_spike"": 0.0, ""current_price"": 10000.0, ""liquidity_pct"": 488461894029.1, ""position_size"": 0, ""adjusted_score"": 0.0, ""rank_in_market"": 493, ""score_feedstock"": 0.0, ""score_liquidity"": 5.0, ""score_technical"": 0.0, ""score_valuation"": 0.0, ""stop_loss_price"": -7459.0, ""nima_free_spread"": 6.523, ""percentile_score"": 3.5, ""price_change_pct"": 0.0, ""rank_in_industry"": 7, ""score_farabourse"": 0.0, ""score_fundamental"": 0.0, ""score_gov_support"": 5.0, ""institutional_ratio"": 0.0, ""score_institutional"": 0.0, ""negative_filters_count"": 0}",True,رد,0.0,0.0,0.0,0.0,0.0,0.0,5.0,0.0,0.0,0.0,5.0,0.0,0.9,20.0,0.0,1405-05-18,0.0,موج,2026-09-08,0.0
موج آبی,,,,,,,,,,,,,,,,,,,,,,,,,,,,,,,,,,,,,,,,,,,,,,,,
موختامین,,,,,,,,,,,,,,,,,,,,,,,,,,,,,,,,,,,,,,,,,,,,,,,,
موسسه بهداشتی و درمانی خیریه حضرت فاطمه الزهرا(س),,,,,,,,,,,,,,,,,,,,,,,,,,,,,,,,,,,,,,,,,,,,,,,,
موسسه جمعیت خیریه حمایت دارویی قطره,,,,,,,,,,,,,,,,,,,,,,,,,,,,,,,,,,,,,,,,,,,,,,,,
موسسه خدمات بهداشتی درمانی میلاد سلامت تهران,,,,,,,,,,,,,,,,,,,,,,,,,,,,,,,,,,,,,,,,,,,,,,,,
موسسه خدمات درمانی میلاد سلامت البرز,,,,,,,,,,,,,,,,,,,,,,,,,,,,,,,,,,,,,,,,,,,,,,,,
موسسه خیریه امدادگران عاشورا,,,,,,,,,,,,,,,,,,,,,,,,,,,,,,,,,,,,,,,,,,,,,,,,
موسسه خیریه ایتام خوبان روزگار,,,,,,,,,,,,,,,,,,,,,,,,,,,,,,,,,,,,,,,,,,,,,,,,
موسسه خیریه بهنام دهش پور,,,,,,,,,,,,,,,,,,,,,,,,,,,,,,,,,,,,,,,,,,,,,,,,
موسسه خیریه حضرت فاطمه زهرا س ویژه کمک و توانمند سازی ایتام و نیازمندا,,,,,,,,,,,,,,,,,,,,,,,,,,,,,,,,,,,,,,,,,,,,,,,,
موسسه خیریه حضرت معصومه (س) نیشابور,,,,,,,,,,,,,,,,,,,,,,,,,,,,,,,,,,,,,,,,,,,,,,,,
موسسه خیریه عترت فاطمی,,,,,,,,,,,,,,,,,,,,,,,,,,,,,,,,,,,,,,,,,,,,,,,,
موسسه خیریه مهر لیلا شمیرانات,,,,,,,,,,,,,,,,,,,,,,,,,,,,,,,,,,,,,,,,,,,,,,,,
موسسه صندوق رفاه و آتیه خلیج فارس(درحال تصفیه),,,,,,,,,,,,,,,,,,,,,,,,,,,,,,,,,,,,,,,,,,,,,,,,
موسسه صندوق پس انداز کارکنان رسمی راه آهن جمهوری اسلامی ایران,,,,,,,,,,,,,,,,,,,,,,,,,,,,,,,,,,,,,,,,,,,,,,,,
موسسه غیرتجاری خیریه باران نور مهربانی,,,,,,,,,,,,,,,,,,,,,,,,,,,,,,,,,,,,,,,,,,,,,,,,
موسسه فرهنگی خبری جهاددانشگاهی خبرگزاری دانشجویان ایران,,,,,,,,,,,,,,,,,,,,,,,,,,,,,,,,,,,,,,,,,,,,,,,,
مولد نیروگاهی هریس,,,,,,,,,,,,,,,,,,,,,,,,,,,,,,,,,,,,,,,,,,,,,,,,
مپسا,,,,,,,,,,,,,,,,,,,,,,,,,,,,,,,,,,,,,,,,,,,,,,,,
مپنا بازار,,,,,,,,,,,,,,,,,,,,,,,,,,,,,,,,,,,,,,,,,,,,,,,,
مپنا پروژه,,,,,,,,,,,,,,,,,,,,,,,,,,,,,,,,,,,,,,,,,,,,,,,,
مگاز طبیعی ایران ,,,,,,,,,,,,,,,,,,,,,,,,,,,,,,,,,,,,,,,,,,,,,,,,
میدکو,0.0,2026-08-09 18:36:44.149365,0.0,رد_نمره,,,,2.6,2026-08-09 15:06:44.146146,2026-08-09,415,0.0,0.0,0.0,0,6.523,,,0.0,22.4,,0,28,397,2.6,"{""atr_14"": 0.0, ""symbol"": ""ميدكو"", ""live_pe"": 0.0, ""risk_ok"": true, ""decision"": ""رد_نمره"", ""industry"": ""فلزات اساسي"", ""pe_ratio"": 0.0, ""raw_score"": 2.6, ""trend_20d"": ""flat"", ""rule_50_30"": ""رد"", ""final_score"": 2.6, ""score_macro"": 0.0, ""volume_spike"": 0.0, ""current_price"": 0.0, ""liquidity_pct"": 0.0, ""position_size"": 0, ""adjusted_score"": 0.0, ""rank_in_market"": 397, ""score_feedstock"": 0.0, ""score_liquidity"": 0.0, ""score_technical"": 0.0, ""score_valuation"": 20.0, ""stop_loss_price"": 0, ""nima_free_spread"": 6.523, ""percentile_score"": 22.4, ""price_change_pct"": 0.0, ""rank_in_industry"": 28, ""score_farabourse"": 0.0, ""score_fundamental"": 0.0, ""score_gov_support"": 0.0, ""institutional_ratio"": 0.0, ""score_institutional"": 0.0, ""negative_filters_count"": 0}",True,رد,0.0,0.0,0.0,0.0,0.0,0.0,0.0,0.0,0.0,0.0,0.0,0.0,2.6,20.0,20.0,1405-05-18,0.0,ميدكو,2026-09-08,0.0
میدکو2,,,,,,,,,,,,,,,,,,,,,,,,,,,,,,,,,,,,,,,,,,,,,,,,
میدکو3,,,,,,,,,,,,,,,,,,,,,,,,,,,,,,,,,,,,,,,,,,,,,,,,
میراث,,,,,,,,,,,,,,,,,,,,,,,,,,,,,,,,,,,,,,,,,,,,,,,,
میعاد سهام,,,,,,,,,,,,,,,,,,,,,,,,,,,,,,,,,,,,,,,,,,,,,,,,
میلاد سلامت,,,,,,,,,,,,,,,,,,,,,,,,,,,,,,,,,,,,,,,,,,,,,,,,
میلاد شهر بازار,,,,,,,,,,,,,,,,,,,,,,,,,,,,,,,,,,,,,,,,,,,,,,,,
میهن,,,,,,,,,,,,,,,,,,,,,,,,,,,,,,,,,,,,,,,,,,,,,,,,
میهن3,,,,,,,,,,,,,,,,,,,,,,,,,,,,,,,,,,,,,,,,,,,,,,,,
ناب,,,,,,,,,,,,,,,,,,,,,,,,,,,,,,,,,,,,,,,,,,,,,,,,
ناب2,,,,,,,,,,,,,,,,,,,,,,,,,,,,,,,,,,,,,,,,,,,,,,,,
ناردیس,,,,,,,,,,,,,,,,,,,,,,,,,,,,,,,,,,,,,,,,,,,,,,,,
نارنج اهرم,0.0,2026-08-09 18:36:44.149365,0.0,رد_نمره,,,,2.6,2026-08-09 15:06:44.146146,2026-08-09,416,0.0,0.0,0.0,0,6.523,,,0.0,3.3,,0,8,494,2.6,"{""atr_14"": 482.0, ""symbol"": ""نارنج اهرم"", ""live_pe"": 365500.0, ""risk_ok"": true, ""decision"": ""رد_نمره"", ""industry"": """", ""pe_ratio"": 56230.77, ""raw_score"": 0.9, ""trend_20d"": ""up"", ""rule_50_30"": ""رد"", ""final_score"": 0.9, ""score_macro"": 0.0, ""volume_spike"": 0.07, ""current_price"": 14620.0, ""liquidity_pct"": 540323684857.5333, ""position_size"": 0, ""adjusted_score"": 0.0, ""rank_in_market"": 494, ""score_feedstock"": 0.0, ""score_liquidity"": 5.0, ""score_technical"": 0.0, ""score_valuation"": 0.0, ""stop_loss_price"": 13597.0, ""nima_free_spread"": 6.523, ""percentile_score"": 3.3, ""price_change_pct"": 2.99, ""rank_in_industry"": 8, ""score_farabourse"": 0.0, ""score_fundamental"": 0.0, ""score_gov_support"": 5.0, ""institutional_ratio"": 0.0, ""score_institutional"": 0.0, ""negative_filters_count"": 0}",True,رد,0.0,0.0,0.0,0.0,0.0,0.0,5.0,0.0,0.0,0.0,5.0,0.0,0.9,20.0,0.0,1405-05-18,0.0,نارنج اهرم,2026-09-08,0.0
نارون,,,,,,,,,,,,,,,,,,,,,,,,,,,,,,,,,,,,,,,,,,,,,,,,
نارین,,,,,,,,,,,,,,,,,,,,,,,,,,,,,,,,,,,,,,,,,,,,,,,,
نارین2,,,,,,,,,,,,,,,,,,,,,,,,,,,,,,,,,,,,,,,,,,,,,,,,
ناما,,,,,,,,,,,,,,,,,,,,,,,,,,,,,,,,,,,,,,,,,,,,,,,,
ناما3,,,,,,,,,,,,,,,,,,,,,,,,,,,,,,,,,,,,,,,,,,,,,,,,
نامی ثابت,,,,,,,,,,,,,,,,,,,,,,,,,,,,,,,,,,,,,,,,,,,,,,,,
نان,,,,,,,,,,,,,,,,,,,,,,,,,,,,,,,,,,,,,,,,,,,,,,,,
نان3,,,,,,,,,,,,,,,,,,,,,,,,,,,,,,,,,,,,,,,,,,,,,,,,
ناوگان,,,,,,,,,,,,,,,,,,,,,,,,,,,,,,,,,,,,,,,,,,,,,,,,
ناوگان2,,,,,,,,,,,,,,,,,,,,,,,,,,,,,,,,,,,,,,,,,,,,,,,,
نبابک,,,,,,,,,,,,,,,,,,,,,,,,,,,,,,,,,,,,,,,,,,,,,,,,
نبابک2,,,,,,,,,,,,,,,,,,,,,,,,,,,,,,,,,,,,,,,,,,,,,,,,
نبات,,,,,,,,,,,,,,,,,,,,,,,,,,,,,,,,,,,,,,,,,,,,,,,,
نبروج,0.0,2026-08-09 18:36:44.149365,0.0,رد_نمره,,,,2.6,2026-08-09 15:06:44.146146,2026-08-09,417,0.0,0.0,0.0,0,6.523,,,0.0,5.1,,0,2,485,2.6,"{""atr_14"": 3380.0, ""symbol"": ""نبروج"", ""live_pe"": 145400.0, ""risk_ok"": true, ""decision"": ""رد_نمره"", ""industry"": ""منسوجات"", ""pe_ratio"": 22369.23, ""raw_score"": 1.45, ""trend_20d"": ""flat"", ""rule_50_30"": ""رد"", ""final_score"": 1.4, ""score_macro"": 0.0, ""volume_spike"": 12.59, ""current_price"": 5816.0, ""liquidity_pct"": 12912767.8, ""position_size"": 0, ""adjusted_score"": 0.0, ""rank_in_market"": 485, ""score_feedstock"": 0.0, ""score_liquidity"": 5.0, ""score_technical"": 15.0, ""score_valuation"": 0.0, ""stop_loss_price"": -945.0, ""nima_free_spread"": 6.523, ""percentile_score"": 5.1, ""price_change_pct"": 3.99, ""rank_in_industry"": 2, ""score_farabourse"": 0.0, ""score_fundamental"": 0.0, ""score_gov_support"": 0.0, ""institutional_ratio"": 0.0, ""score_institutional"": 0.0, ""negative_filters_count"": 0}",True,رد,0.0,0.0,0.0,0.0,0.0,0.0,5.0,0.0,15.0,0.0,0.0,0.0,1.4,20.0,0.0,1405-05-18,0.0,نبروج,2026-09-08,0.0
نبورس,0.0,2026-08-09 18:36:44.149365,0.0,رد_نمره,,,,2.6,2026-08-09 15:06:44.146146,2026-08-09,418,0.0,0.0,0.0,0,6.523,,,0.0,22.2,,0,13,398,2.6,"{""atr_14"": 0.0, ""symbol"": ""نبورس"", ""live_pe"": 0.0, ""risk_ok"": true, ""decision"": ""رد_نمره"", ""industry"": ""فعاليتهاي كمكي به نهادهاي مالي واسط"", ""pe_ratio"": 0.0, ""raw_score"": 2.6, ""trend_20d"": ""flat"", ""rule_50_30"": ""رد"", ""final_score"": 2.6, ""score_macro"": 0.0, ""volume_spike"": 0.0, ""current_price"": 0.0, ""liquidity_pct"": 0.0, ""position_size"": 0, ""adjusted_score"": 0.0, ""rank_in_market"": 398, ""score_feedstock"": 0.0, ""score_liquidity"": 0.0, ""score_technical"": 0.0, ""score_valuation"": 20.0, ""stop_loss_price"": 0, ""nima_free_spread"": 6.523, ""percentile_score"": 22.2, ""price_change_pct"": 0.0, ""rank_in_industry"": 13, ""score_farabourse"": 0.0, ""score_fundamental"": 0.0, ""score_gov_support"": 0.0, ""institutional_ratio"": 0.0, ""score_institutional"": 0.0, ""negative_filters_count"": 0}",True,رد,0.0,0.0,0.0,0.0,0.0,0.0,0.0,0.0,0.0,0.0,0.0,0.0,2.6,20.0,20.0,1405-05-18,0.0,نبورس,2026-09-08,0.0
نتوس,0.0,2026-08-09 18:36:44.149365,0.0,رد_نمره,,,,2.6,2026-08-09 15:06:44.146146,2026-08-09,419,0.0,0.0,0.0,0,6.523,,,0.0,0.0,,0,3,511,2.6,"{""atr_14"": 1000.0, ""symbol"": ""نتوس"", ""live_pe"": 25000.0, ""risk_ok"": true, ""decision"": ""رد_نمره"", ""industry"": ""منسوجات"", ""pe_ratio"": 3846.15, ""raw_score"": 0.0, ""trend_20d"": ""flat"", ""rule_50_30"": ""رد"", ""final_score"": 0.0, ""score_macro"": 0.0, ""volume_spike"": 0.0, ""current_price"": 1000.0, ""liquidity_pct"": 0.0, ""position_size"": 0, ""adjusted_score"": 0.0, ""rank_in_market"": 511, ""score_feedstock"": 0.0, ""score_liquidity"": 0.0, ""score_technical"": 0.0, ""score_valuation"": 0.0, ""stop_loss_price"": -1000.0, ""nima_free_spread"": 6.523, ""percentile_score"": 0.0, ""price_change_pct"": 0.0, ""rank_in_industry"": 3, ""score_farabourse"": 0.0, ""score_fundamental"": 0.0, ""score_gov_support"": 0.0, ""institutional_ratio"": 0.0, ""score_institutional"": 0.0, ""negative_filters_count"": 0}",True,رد,0.0,0.0,0.0,0.0,0.0,0.0,0.0,0.0,0.0,0.0,0.0,0.0,0.0,20.0,0.0,1405-05-18,0.0,نتوس,2026-09-08,0.0
نخریس,,,,,,,,,,,,,,,,,,,,,,,,,,,,,,,,,,,,,,,,,,,,,,,,
نخریس2,,,,,,,,,,,,,,,,,,,,,,,,,,,,,,,,,,,,,,,,,,,,,,,,
نخریس3,,,,,,,,,,,,,,,,,,,,,,,,,,,,,,,,,,,,,,,,,,,,,,,,
نخل,,,,,,,,,,,,,,,,,,,,,,,,,,,,,,,,,,,,,,,,,,,,,,,,
نخل2,,,,,,,,,,,,,,,,,,,,,,,,,,,,,,,,,,,,,,,,,,,,,,,,
ندای ثابت,,,,,,,,,,,,,,,,,,,,,,,,,,,,,,,,,,,,,,,,,,,,,,,,
نرم افزاری تندرو نور,,,,,,,,,,,,,,,,,,,,,,,,,,,,,,,,,,,,,,,,,,,,,,,,
نساجی هلال,,,,,,,,,,,,,,,,,,,,,,,,,,,,,,,,,,,,,,,,,,,,,,,,
نساجی همدانیان,,,,,,,,,,,,,,,,,,,,,,,,,,,,,,,,,,,,,,,,,,,,,,,,
نشار,,,,,,,,,,,,,,,,,,,,,,,,,,,,,,,,,,,,,,,,,,,,,,,,
نشان,,,,,,,,,,,,,,,,,,,,,,,,,,,,,,,,,,,,,,,,,,,,,,,,
نطرین,,,,,,,,,,,,,,,,,,,,,,,,,,,,,,,,,,,,,,,,,,,,,,,,
نطرین3,,,,,,,,,,,,,,,,,,,,,,,,,,,,,,,,,,,,,,,,,,,,,,,,
نفت بازار,,,,,,,,,,,,,,,,,,,,,,,,,,,,,,,,,,,,,,,,,,,,,,,,
نفت فلات قاره ایران,,,,,,,,,,,,,,,,,,,,,,,,,,,,,,,,,,,,,,,,,,,,,,,,
نفتوداریوش,,,,,,,,,,,,,,,,,,,,,,,,,,,,,,,,,,,,,,,,,,,,,,,,
نفتوداریوش2,,,,,,,,,,,,,,,,,,,,,,,,,,,,,,,,,,,,,,,,,,,,,,,,
نفیس,,,,,,,,,,,,,,,,,,,,,,,,,,,,,,,,,,,,,,,,,,,,,,,,
نفیس2,,,,,,,,,,,,,,,,,,,,,,,,,,,,,,,,,,,,,,,,,,,,,,,,
نقرآمد,,,,,,,,,,,,,,,,,,,,,,,,,,,,,,,,,,,,,,,,,,,,,,,,
نقرا,,,,,,,,,,,,,,,,,,,,,,,,,,,,,,,,,,,,,,,,,,,,,,,,
نقرابی,,,,,,,,,,,,,,,,,,,,,,,,,,,,,,,,,,,,,,,,,,,,,,,,
نقراط,,,,,,,,,,,,,,,,,,,,,,,,,,,,,,,,,,,,,,,,,,,,,,,,
نقران,,,,,,,,,,,,,,,,,,,,,,,,,,,,,,,,,,,,,,,,,,,,,,,,
نقرسا,,,,,,,,,,,,,,,,,,,,,,,,,,,,,,,,,,,,,,,,,,,,,,,,
نقرسا2,,,,,,,,,,,,,,,,,,,,,,,,,,,,,,,,,,,,,,,,,,,,,,,,
نقرفام,,,,,,,,,,,,,,,,,,,,,,,,,,,,,,,,,,,,,,,,,,,,,,,,
نقرفام2,,,,,,,,,,,,,,,,,,,,,,,,,,,,,,,,,,,,,,,,,,,,,,,,
نقره,,,,,,,,,,,,,,,,,,,,,,,,,,,,,,,,,,,,,,,,,,,,,,,,
نقرین,,,,,,,,,,,,,,,,,,,,,,,,,,,,,,,,,,,,,,,,,,,,,,,,
نقرین2,,,,,,,,,,,,,,,,,,,,,,,,,,,,,,,,,,,,,,,,,,,,,,,,
نقش اول کیفیت,,,,,,,,,,,,,,,,,,,,,,,,,,,,,,,,,,,,,,,,,,,,,,,,
نقش جهان بازار,,,,,,,,,,,,,,,,,,,,,,,,,,,,,,,,,,,,,,,,,,,,,,,,
نكالا,0.0,2026-08-09 18:36:44.149365,0.0,رد_نمره,,,,2.6,2026-08-09 15:06:44.146146,2026-08-09,420,0.0,0.0,0.0,0,6.523,,,0.0,22.0,,0,14,399,2.6,"{""atr_14"": 0.0, ""symbol"": ""نكالا"", ""live_pe"": 0.0, ""risk_ok"": true, ""decision"": ""رد_نمره"", ""industry"": ""فعاليتهاي كمكي به نهادهاي مالي واسط"", ""pe_ratio"": 0.0, ""raw_score"": 2.6, ""trend_20d"": ""flat"", ""rule_50_30"": ""رد"", ""final_score"": 2.6, ""score_macro"": 0.0, ""volume_spike"": 0.0, ""current_price"": 0.0, ""liquidity_pct"": 0.0, ""position_size"": 0, ""adjusted_score"": 0.0, ""rank_in_market"": 399, ""score_feedstock"": 0.0, ""score_liquidity"": 0.0, ""score_technical"": 0.0, ""score_valuation"": 20.0, ""stop_loss_price"": 0, ""nima_free_spread"": 6.523, ""percentile_score"": 22.0, ""price_change_pct"": 0.0, ""rank_in_industry"": 14, ""score_farabourse"": 0.0, ""score_fundamental"": 0.0, ""score_gov_support"": 0.0, ""institutional_ratio"": 0.0, ""score_institutional"": 0.0, ""negative_filters_count"": 0}",True,رد,0.0,0.0,0.0,0.0,0.0,0.0,0.0,0.0,0.0,0.0,0.0,0.0,2.6,20.0,20.0,1405-05-18,0.0,نكالا,2026-09-08,0.0
نماد,,,,,,,,,,,,,,,,,,,,,,,,,,,,,,,,,,,,,,,,,,,,,,,,
نماد بازار,,,,,,,,,,,,,,,,,,,,,,,,,,,,,,,,,,,,,,,,,,,,,,,,
نماد2,,,,,,,,,,,,,,,,,,,,,,,,,,,,,,,,,,,,,,,,,,,,,,,,
نماد3,,,,,,,,,,,,,,,,,,,,,,,,,,,,,,,,,,,,,,,,,,,,,,,,
نمایشگاه اصفهان,,,,,,,,,,,,,,,,,,,,,,,,,,,,,,,,,,,,,,,,,,,,,,,,
نمایشگاه مشهد,,,,,,,,,,,,,,,,,,,,,,,,,,,,,,,,,,,,,,,,,,,,,,,,
نمایشگاههای بین المللی جمهوری اسلامی ایران,,,,,,,,,,,,,,,,,,,,,,,,,,,,,,,,,,,,,,,,,,,,,,,,
نمایندگی بیمه فردا,,,,,,,,,,,,,,,,,,,,,,,,,,,,,,,,,,,,,,,,,,,,,,,,
نمخمل,,,,,,,,,,,,,,,,,,,,,,,,,,,,,,,,,,,,,,,,,,,,,,,,
نمرینو,0.0,2026-08-09 18:36:44.149365,0.0,رد_نمره,,,,2.6,2026-08-09 15:06:44.146146,2026-08-09,421,0.0,0.0,0.0,0,6.523,,,0.0,21.8,,0,1,400,2.6,"{""atr_14"": 0.0, ""symbol"": ""نمرينو"", ""live_pe"": 0.0, ""risk_ok"": true, ""decision"": ""رد_نمره"", ""industry"": ""منسوجات"", ""pe_ratio"": 0.0, ""raw_score"": 2.6, ""trend_20d"": ""flat"", ""rule_50_30"": ""رد"", ""final_score"": 2.6, ""score_macro"": 0.0, ""volume_spike"": 0.0, ""current_price"": 0.0, ""liquidity_pct"": 0.0, ""position_size"": 0, ""adjusted_score"": 0.0, ""rank_in_market"": 400, ""score_feedstock"": 0.0, ""score_liquidity"": 0.0, ""score_technical"": 0.0, ""score_valuation"": 20.0, ""stop_loss_price"": 0, ""nima_free_spread"": 6.523, ""percentile_score"": 21.8, ""price_change_pct"": 0.0, ""rank_in_industry"": 1, ""score_farabourse"": 0.0, ""score_fundamental"": 0.0, ""score_gov_support"": 0.0, ""institutional_ratio"": 0.0, ""score_institutional"": 0.0, ""negative_filters_count"": 0}",True,رد,0.0,0.0,0.0,0.0,0.0,0.0,0.0,0.0,0.0,0.0,0.0,0.0,2.6,20.0,20.0,1405-05-18,0.0,نمرينو,2026-09-08,0.0
نمرینو3,,,,,,,,,,,,,,,,,,,,,,,,,,,,,,,,,,,,,,,,,,,,,,,,
نمک,,,,,,,,,,,,,,,,,,,,,,,,,,,,,,,,,,,,,,,,,,,,,,,,
نهال,,,,,,,,,,,,,,,,,,,,,,,,,,,,,,,,,,,,,,,,,,,,,,,,
نهال ثابت,,,,,,,,,,,,,,,,,,,,,,,,,,,,,,,,,,,,,,,,,,,,,,,,
نهال2,,,,,,,,,,,,,,,,,,,,,,,,,,,,,,,,,,,,,,,,,,,,,,,,
نهایت نگر بازار,,,,,,,,,,,,,,,,,,,,,,,,,,,,,,,,,,,,,,,,,,,,,,,,
نوآفرین بازار,,,,,,,,,,,,,,,,,,,,,,,,,,,,,,,,,,,,,,,,,,,,,,,,
نوآفرین ثابت,,,,,,,,,,,,,,,,,,,,,,,,,,,,,,,,,,,,,,,,,,,,,,,,
نوآور,,,,,,,,,,,,,,,,,,,,,,,,,,,,,,,,,,,,,,,,,,,,,,,,
نوآوران سبز,,,,,,,,,,,,,,,,,,,,,,,,,,,,,,,,,,,,,,,,,,,,,,,,
نواندیشان کرمان,,,,,,,,,,,,,,,,,,,,,,,,,,,,,,,,,,,,,,,,,,,,,,,,
نور,,,,,,,,,,,,,,,,,,,,,,,,,,,,,,,,,,,,,,,,,,,,,,,,
نوردکاران کویر,,,,,,,,,,,,,,,,,,,,,,,,,,,,,,,,,,,,,,,,,,,,,,,,
نوری,0.0,2026-08-09 18:36:44.149365,0.0,رد_نمره,,,,2.6,2026-08-09 15:06:44.146146,2026-08-09,422,0.0,0.0,0.0,0,6.523,,,0.0,21.6,,0,42,401,2.6,"{""atr_14"": 0.0, ""symbol"": ""نوري"", ""live_pe"": 0.0, ""risk_ok"": true, ""decision"": ""رد_نمره"", ""industry"": ""محصولات شيميايي"", ""pe_ratio"": 0.0, ""raw_score"": 2.6, ""trend_20d"": ""flat"", ""rule_50_30"": ""رد"", ""final_score"": 2.6, ""score_macro"": 0.0, ""volume_spike"": 0.0, ""current_price"": 0.0, ""liquidity_pct"": 0.0, ""position_size"": 0, ""adjusted_score"": 0.0, ""rank_in_market"": 401, ""score_feedstock"": 0.0, ""score_liquidity"": 0.0, ""score_technical"": 0.0, ""score_valuation"": 20.0, ""stop_loss_price"": 0, ""nima_free_spread"": 6.523, ""percentile_score"": 21.6, ""price_change_pct"": 0.0, ""rank_in_industry"": 42, ""score_farabourse"": 0.0, ""score_fundamental"": 0.0, ""score_gov_support"": 0.0, ""institutional_ratio"": 0.0, ""score_institutional"": 0.0, ""negative_filters_count"": 0}",True,رد,0.0,0.0,0.0,0.0,0.0,0.0,0.0,0.0,0.0,0.0,0.0,0.0,2.6,20.0,20.0,1405-05-18,0.0,نوري,2026-09-08,0.0
نوری2,,,,,,,,,,,,,,,,,,,,,,,,,,,,,,,,,,,,,,,,,,,,,,,,
نوری3,,,,,,,,,,,,,,,,,,,,,,,,,,,,,,,,,,,,,,,,,,,,,,,,
نوویرا بازار,,,,,,,,,,,,,,,,,,,,,,,,,,,,,,,,,,,,,,,,,,,,,,,,
نوویرا ثابت,,,,,,,,,,,,,,,,,,,,,,,,,,,,,,,,,,,,,,,,,,,,,,,,
نوید,,,,,,,,,,,,,,,,,,,,,,,,,,,,,,,,,,,,,,,,,,,,,,,,
نوید انصار,,,,,,,,,,,,,,,,,,,,,,,,,,,,,,,,,,,,,,,,,,,,,,,,
نوید بازار,,,,,,,,,,,,,,,,,,,,,,,,,,,,,,,,,,,,,,,,,,,,,,,,
نوید ثابت,,,,,,,,,,,,,,,,,,,,,,,,,,,,,,,,,,,,,,,,,,,,,,,,
نوید سهام,,,,,,,,,,,,,,,,,,,,,,,,,,,,,,,,,,,,,,,,,,,,,,,,
نوین,,,,,,,,,,,,,,,,,,,,,,,,,,,,,,,,,,,,,,,,,,,,,,,,
نوین ثابت,,,,,,,,,,,,,,,,,,,,,,,,,,,,,,,,,,,,,,,,,,,,,,,,
نوین صنعت رجا,,,,,,,,,,,,,,,,,,,,,,,,,,,,,,,,,,,,,,,,,,,,,,,,
نوین نگر سهام,,,,,,,,,,,,,,,,,,,,,,,,,,,,,,,,,,,,,,,,,,,,,,,,
نوین پیشرو بازار,,,,,,,,,,,,,,,,,,,,,,,,,,,,,,,,,,,,,,,,,,,,,,,,
نوین2,,,,,,,,,,,,,,,,,,,,,,,,,,,,,,,,,,,,,,,,,,,,,,,,
نوین3,,,,,,,,,,,,,,,,,,,,,,,,,,,,,,,,,,,,,,,,,,,,,,,,
نکاران,,,,,,,,,,,,,,,,,,,,,,,,,,,,,,,,,,,,,,,,,,,,,,,,
نگین,,,,,,,,,,,,,,,,,,,,,,,,,,,,,,,,,,,,,,,,,,,,,,,,
نگین بم,,,,,,,,,,,,,,,,,,,,,,,,,,,,,,,,,,,,,,,,,,,,,,,,
نگین ثابت,,,,,,,,,,,,,,,,,,,,,,,,,,,,,,,,,,,,,,,,,,,,,,,,
نگین فارس,,,,,,,,,,,,,,,,,,,,,,,,,,,,,,,,,,,,,,,,,,,,,,,,
نی ریز,,,,,,,,,,,,,,,,,,,,,,,,,,,,,,,,,,,,,,,,,,,,,,,,
نیان,,,,,,,,,,,,,,,,,,,,,,,,,,,,,,,,,,,,,,,,,,,,,,,,
نیان2,,,,,,,,,,,,,,,,,,,,,,,,,,,,,,,,,,,,,,,,,,,,,,,,
نیان3,,,,,,,,,,,,,,,,,,,,,,,,,,,,,,,,,,,,,,,,,,,,,,,,
نیرو,,,,,,,,,,,,,,,,,,,,,,,,,,,,,,,,,,,,,,,,,,,,,,,,
نیرو ترانسفو,,,,,,,,,,,,,,,,,,,,,,,,,,,,,,,,,,,,,,,,,,,,,,,,
نیرو صبا,,,,,,,,,,,,,,,,,,,,,,,,,,,,,,,,,,,,,,,,,,,,,,,,
نیرو صنعت سرچشمه,,,,,,,,,,,,,,,,,,,,,,,,,,,,,,,,,,,,,,,,,,,,,,,,
نیروانا,,,,,,,,,,,,,,,,,,,,,,,,,,,,,,,,,,,,,,,,,,,,,,,,
نیروترانسفو,,,,,,,,,,,,,,,,,,,,,,,,,,,,,,,,,,,,,,,,,,,,,,,,
نیروترانسفو2,,,,,,,,,,,,,,,,,,,,,,,,,,,,,,,,,,,,,,,,,,,,,,,,
نیروترانسفو3,,,,,,,,,,,,,,,,,,,,,,,,,,,,,,,,,,,,,,,,,,,,,,,,
نیشکر,,,,,,,,,,,,,,,,,,,,,,,,,,,,,,,,,,,,,,,,,,,,,,,,
نیشکر3,,,,,,,,,,,,,,,,,,,,,,,,,,,,,,,,,,,,,,,,,,,,,,,,
نیلپر,,,,,,,,,,,,,,,,,,,,,,,,,,,,,,,,,,,,,,,,,,,,,,,,
نیلی,,,,,,,,,,,,,,,,,,,,,,,,,,,,,,,,,,,,,,,,,,,,,,,,
نیلی2,,,,,,,,,,,,,,,,,,,,,,,,,,,,,,,,,,,,,,,,,,,,,,,,
نیلی4,,,,,,,,,,,,,,,,,,,,,,,,,,,,,,,,,,,,,,,,,,,,,,,,
نیک اندیش,,,,,,,,,,,,,,,,,,,,,,,,,,,,,,,,,,,,,,,,,,,,,,,,
نیک گستر,,,,,,,,,,,,,,,,,,,,,,,,,,,,,,,,,,,,,,,,,,,,,,,,
نیکان بازار,,,,,,,,,,,,,,,,,,,,,,,,,,,,,,,,,,,,,,,,,,,,,,,,
نیکی بازار,,,,,,,,,,,,,,,,,,,,,,,,,,,,,,,,,,,,,,,,,,,,,,,,
نیکی مختلط,,,,,,,,,,,,,,,,,,,,,,,,,,,,,,,,,,,,,,,,,,,,,,,,
هادیان شهر تهران,,,,,,,,,,,,,,,,,,,,,,,,,,,,,,,,,,,,,,,,,,,,,,,,
هامرز,,,,,,,,,,,,,,,,,,,,,,,,,,,,,,,,,,,,,,,,,,,,,,,,
هامرز بازار,,,,,,,,,,,,,,,,,,,,,,,,,,,,,,,,,,,,,,,,,,,,,,,,
هامرز ثابت,,,,,,,,,,,,,,,,,,,,,,,,,,,,,,,,,,,,,,,,,,,,,,,,
هامون,,,,,,,,,,,,,,,,,,,,,,,,,,,,,,,,,,,,,,,,,,,,,,,,
هامون گستر اصفهان,,,,,,,,,,,,,,,,,,,,,,,,,,,,,,,,,,,,,,,,,,,,,,,,
هانیکو,,,,,,,,,,,,,,,,,,,,,,,,,,,,,,,,,,,,,,,,,,,,,,,,
هانیکو2,,,,,,,,,,,,,,,,,,,,,,,,,,,,,,,,,,,,,,,,,,,,,,,,
هانیکو3,,,,,,,,,,,,,,,,,,,,,,,,,,,,,,,,,,,,,,,,,,,,,,,,
های وب,0.0,2026-08-09 18:36:44.149365,0.0,رد_نمره,,,,2.6,2026-08-09 15:06:44.146146,2026-08-09,423,0.0,0.0,0.0,0,6.523,,,0.0,21.4,,0,2,402,2.6,"{""atr_14"": 0.0, ""symbol"": ""هاي وب"", ""live_pe"": 0.0, ""risk_ok"": true, ""decision"": ""رد_نمره"", ""industry"": ""اطلاعات و ارتباطات"", ""pe_ratio"": 0.0, ""raw_score"": 2.6, ""trend_20d"": ""flat"", ""rule_50_30"": ""رد"", ""final_score"": 2.6, ""score_macro"": 0.0, ""volume_spike"": 0.0, ""current_price"": 0.0, ""liquidity_pct"": 0.0, ""position_size"": 0, ""adjusted_score"": 0.0, ""rank_in_market"": 402, ""score_feedstock"": 0.0, ""score_liquidity"": 0.0, ""score_technical"": 0.0, ""score_valuation"": 20.0, ""stop_loss_price"": 0, ""nima_free_spread"": 6.523, ""percentile_score"": 21.4, ""price_change_pct"": 0.0, ""rank_in_industry"": 2, ""score_farabourse"": 0.0, ""score_fundamental"": 0.0, ""score_gov_support"": 0.0, ""institutional_ratio"": 0.0, ""score_institutional"": 0.0, ""negative_filters_count"": 0}",True,رد,0.0,0.0,0.0,0.0,0.0,0.0,0.0,0.0,0.0,0.0,0.0,0.0,2.6,20.0,20.0,1405-05-18,0.0,هاي وب,2026-09-08,0.0
های وب3,,,,,,,,,,,,,,,,,,,,,,,,,,,,,,,,,,,,,,,,,,,,,,,,
هجرت,,,,,,,,,,,,,,,,,,,,,,,,,,,,,,,,,,,,,,,,,,,,,,,,
هجرت2,,,,,,,,,,,,,,,,,,,,,,,,,,,,,,,,,,,,,,,,,,,,,,,,
هجرت3,,,,,,,,,,,,,,,,,,,,,,,,,,,,,,,,,,,,,,,,,,,,,,,,
هدف,,,,,,,,,,,,,,,,,,,,,,,,,,,,,,,,,,,,,,,,,,,,,,,,
هدف بازار,,,,,,,,,,,,,,,,,,,,,,,,,,,,,,,,,,,,,,,,,,,,,,,,
هدف2,,,,,,,,,,,,,,,,,,,,,,,,,,,,,,,,,,,,,,,,,,,,,,,,
هرمز,,,,,,,,,,,,,,,,,,,,,,,,,,,,,,,,,,,,,,,,,,,,,,,,
هرمز2,,,,,,,,,,,,,,,,,,,,,,,,,,,,,,,,,,,,,,,,,,,,,,,,
هرمز3,,,,,,,,,,,,,,,,,,,,,,,,,,,,,,,,,,,,,,,,,,,,,,,,
هفت حوض,,,,,,,,,,,,,,,,,,,,,,,,,,,,,,,,,,,,,,,,,,,,,,,,
هلال احمر ایرانیان,,,,,,,,,,,,,,,,,,,,,,,,,,,,,,,,,,,,,,,,,,,,,,,,
هلد آبان,,,,,,,,,,,,,,,,,,,,,,,,,,,,,,,,,,,,,,,,,,,,,,,,
هلد آرمان آتی,,,,,,,,,,,,,,,,,,,,,,,,,,,,,,,,,,,,,,,,,,,,,,,,
هلد آریا,,,,,,,,,,,,,,,,,,,,,,,,,,,,,,,,,,,,,,,,,,,,,,,,
هلد آشنا,,,,,,,,,,,,,,,,,,,,,,,,,,,,,,,,,,,,,,,,,,,,,,,,
هلد آگاه,,,,,,,,,,,,,,,,,,,,,,,,,,,,,,,,,,,,,,,,,,,,,,,,
هلد ابتکار,,,,,,,,,,,,,,,,,,,,,,,,,,,,,,,,,,,,,,,,,,,,,,,,
هلد الگوریتم,,,,,,,,,,,,,,,,,,,,,,,,,,,,,,,,,,,,,,,,,,,,,,,,
هلد اهتمام,,,,,,,,,,,,,,,,,,,,,,,,,,,,,,,,,,,,,,,,,,,,,,,,
هلد اهداف,,,,,,,,,,,,,,,,,,,,,,,,,,,,,,,,,,,,,,,,,,,,,,,,
هلد ایرانیان,,,,,,,,,,,,,,,,,,,,,,,,,,,,,,,,,,,,,,,,,,,,,,,,
هلد بیدار,,,,,,,,,,,,,,,,,,,,,,,,,,,,,,,,,,,,,,,,,,,,,,,,
هلد تابان فردا,,,,,,,,,,,,,,,,,,,,,,,,,,,,,,,,,,,,,,,,,,,,,,,,
هلد ترغیب,,,,,,,,,,,,,,,,,,,,,,,,,,,,,,,,,,,,,,,,,,,,,,,,
هلد تعاون,,,,,,,,,,,,,,,,,,,,,,,,,,,,,,,,,,,,,,,,,,,,,,,,
هلد ثروت فدک,,,,,,,,,,,,,,,,,,,,,,,,,,,,,,,,,,,,,,,,,,,,,,,,
هلد جهاد تعاون,,,,,,,,,,,,,,,,,,,,,,,,,,,,,,,,,,,,,,,,,,,,,,,,
هلد خاورمیانه,,,,,,,,,,,,,,,,,,,,,,,,,,,,,,,,,,,,,,,,,,,,,,,,
هلد دانا,,,,,,,,,,,,,,,,,,,,,,,,,,,,,,,,,,,,,,,,,,,,,,,,
هلد درخشان نوین,,,,,,,,,,,,,,,,,,,,,,,,,,,,,,,,,,,,,,,,,,,,,,,,
هلد رازی,,,,,,,,,,,,,,,,,,,,,,,,,,,,,,,,,,,,,,,,,,,,,,,,
هلد راستین ارزش,,,,,,,,,,,,,,,,,,,,,,,,,,,,,,,,,,,,,,,,,,,,,,,,
هلد رسام,,,,,,,,,,,,,,,,,,,,,,,,,,,,,,,,,,,,,,,,,,,,,,,,
هلد زر اندیشان,,,,,,,,,,,,,,,,,,,,,,,,,,,,,,,,,,,,,,,,,,,,,,,,
هلد سمند,,,,,,,,,,,,,,,,,,,,,,,,,,,,,,,,,,,,,,,,,,,,,,,,
هلد سینا,,,,,,,,,,,,,,,,,,,,,,,,,,,,,,,,,,,,,,,,,,,,,,,,
هلد شهرسازان طوس,,,,,,,,,,,,,,,,,,,,,,,,,,,,,,,,,,,,,,,,,,,,,,,,
هلد فارابی,,,,,,,,,,,,,,,,,,,,,,,,,,,,,,,,,,,,,,,,,,,,,,,,
هلد فدک,,,,,,,,,,,,,,,,,,,,,,,,,,,,,,,,,,,,,,,,,,,,,,,,
هلد فراست,,,,,,,,,,,,,,,,,,,,,,,,,,,,,,,,,,,,,,,,,,,,,,,,
هلد فولاد,,,,,,,,,,,,,,,,,,,,,,,,,,,,,,,,,,,,,,,,,,,,,,,,
هلد فیروزه,,,,,,,,,,,,,,,,,,,,,,,,,,,,,,,,,,,,,,,,,,,,,,,,
هلد لیان,,,,,,,,,,,,,,,,,,,,,,,,,,,,,,,,,,,,,,,,,,,,,,,,
هلد ماهتاب,,,,,,,,,,,,,,,,,,,,,,,,,,,,,,,,,,,,,,,,,,,,,,,,
هلد مفید,,,,,,,,,,,,,,,,,,,,,,,,,,,,,,,,,,,,,,,,,,,,,,,,
هلد ملت,,,,,,,,,,,,,,,,,,,,,,,,,,,,,,,,,,,,,,,,,,,,,,,,
هلد ملل,,,,,,,,,,,,,,,,,,,,,,,,,,,,,,,,,,,,,,,,,,,,,,,,
هلد میلاد,,,,,,,,,,,,,,,,,,,,,,,,,,,,,,,,,,,,,,,,,,,,,,,,
هلد نهایت نگر,,,,,,,,,,,,,,,,,,,,,,,,,,,,,,,,,,,,,,,,,,,,,,,,
هلد نوین,,,,,,,,,,,,,,,,,,,,,,,,,,,,,,,,,,,,,,,,,,,,,,,,
هلد نیکان,,,,,,,,,,,,,,,,,,,,,,,,,,,,,,,,,,,,,,,,,,,,,,,,
هلد پاداش,,,,,,,,,,,,,,,,,,,,,,,,,,,,,,,,,,,,,,,,,,,,,,,,
هلد پارسیان,,,,,,,,,,,,,,,,,,,,,,,,,,,,,,,,,,,,,,,,,,,,,,,,
هلد پاسارگاد,,,,,,,,,,,,,,,,,,,,,,,,,,,,,,,,,,,,,,,,,,,,,,,,
هلد پایندگان,,,,,,,,,,,,,,,,,,,,,,,,,,,,,,,,,,,,,,,,,,,,,,,,
هلد پترو,,,,,,,,,,,,,,,,,,,,,,,,,,,,,,,,,,,,,,,,,,,,,,,,
هلد پترو شمیران,,,,,,,,,,,,,,,,,,,,,,,,,,,,,,,,,,,,,,,,,,,,,,,,
هلد پیشرو,,,,,,,,,,,,,,,,,,,,,,,,,,,,,,,,,,,,,,,,,,,,,,,,
هلد پیشگامان خلیج فارس,,,,,,,,,,,,,,,,,,,,,,,,,,,,,,,,,,,,,,,,,,,,,,,,
هلد کارآفرین,,,,,,,,,,,,,,,,,,,,,,,,,,,,,,,,,,,,,,,,,,,,,,,,
هلد کارآمد,,,,,,,,,,,,,,,,,,,,,,,,,,,,,,,,,,,,,,,,,,,,,,,,
هلد کارکنان سایپا,,,,,,,,,,,,,,,,,,,,,,,,,,,,,,,,,,,,,,,,,,,,,,,,
هلد کاریز,,,,,,,,,,,,,,,,,,,,,,,,,,,,,,,,,,,,,,,,,,,,,,,,
هلد کاریزما,,,,,,,,,,,,,,,,,,,,,,,,,,,,,,,,,,,,,,,,,,,,,,,,
هلد کیان,,,,,,,,,,,,,,,,,,,,,,,,,,,,,,,,,,,,,,,,,,,,,,,,
هلد گنجینه پارت,,,,,,,,,,,,,,,,,,,,,,,,,,,,,,,,,,,,,,,,,,,,,,,,
هلی کوپتری آوا,,,,,,,,,,,,,,,,,,,,,,,,,,,,,,,,,,,,,,,,,,,,,,,,
هم ارز,,,,,,,,,,,,,,,,,,,,,,,,,,,,,,,,,,,,,,,,,,,,,,,,
هم ارز2,,,,,,,,,,,,,,,,,,,,,,,,,,,,,,,,,,,,,,,,,,,,,,,,
هم تراز,,,,,,,,,,,,,,,,,,,,,,,,,,,,,,,,,,,,,,,,,,,,,,,,
هم تراز2,,,,,,,,,,,,,,,,,,,,,,,,,,,,,,,,,,,,,,,,,,,,,,,,
هم وزن,,,,,,,,,,,,,,,,,,,,,,,,,,,,,,,,,,,,,,,,,,,,,,,,
هم وزن2,,,,,,,,,,,,,,,,,,,,,,,,,,,,,,,,,,,,,,,,,,,,,,,,
همای,,,,,,,,,,,,,,,,,,,,,,,,,,,,,,,,,,,,,,,,,,,,,,,,
همای2,,,,,,,,,,,,,,,,,,,,,,,,,,,,,,,,,,,,,,,,,,,,,,,,
همتا,,,,,,,,,,,,,,,,,,,,,,,,,,,,,,,,,,,,,,,,,,,,,,,,
همدانیان اصفهان,,,,,,,,,,,,,,,,,,,,,,,,,,,,,,,,,,,,,,,,,,,,,,,,
همراه,0.0,2026-08-09 18:36:44.149365,5180.0,رد_نمره,,,,5.7,2026-08-09 15:06:44.146146,2026-08-09,424,0.0,175086742898.66666,1.2,0,6.523,,,0.18,65.5,,27548,2,177,5.65,"{""atr_14"": 2213.0, ""symbol"": ""همراه"", ""live_pe"": 9.7, ""risk_ok"": true, ""decision"": ""رد_نمره"", ""industry"": ""مخابرات"", ""pe_ratio"": 1.49, ""raw_score"": 3.55, ""trend_20d"": ""down"", ""rule_50_30"": ""رد"", ""final_score"": 3.5, ""score_macro"": 0.0, ""volume_spike"": 0.69, ""current_price"": 41939.0, ""liquidity_pct"": 33272569928.833332, ""position_size"": 0, ""adjusted_score"": 0.0, ""rank_in_market"": 177, ""score_feedstock"": 0.0, ""score_liquidity"": 5.0, ""score_technical"": 0.0, ""score_valuation"": 10.0, ""stop_loss_price"": 37513.0, ""nima_free_spread"": 6.523, ""percentile_score"": 65.5, ""price_change_pct"": -3.11, ""rank_in_industry"": 2, ""score_farabourse"": 0.0, ""score_fundamental"": 7.5, ""score_gov_support"": 5.0, ""institutional_ratio"": 0.0, ""score_institutional"": 0.0, ""negative_filters_count"": 0}",True,رد,0.0,0.0,7.5,5.0,7.5,0.0,5.0,10.0,0.0,0.0,5.0,0.0,3.5,20.0,10.0,1405-05-18,4817.0,همراه,2026-09-08,0.85
همراه3,,,,,,,,,,,,,,,,,,,,,,,,,,,,,,,,,,,,,,,,,,,,,,,,
همسنگ,,,,,,,,,,,,,,,,,,,,,,,,,,,,,,,,,,,,,,,,,,,,,,,,
همشهری,,,,,,,,,,,,,,,,,,,,,,,,,,,,,,,,,,,,,,,,,,,,,,,,
همشهری تبریز,,,,,,,,,,,,,,,,,,,,,,,,,,,,,,,,,,,,,,,,,,,,,,,,
همکاران پی کاد,,,,,,,,,,,,,,,,,,,,,,,,,,,,,,,,,,,,,,,,,,,,,,,,
همگام,,,,,,,,,,,,,,,,,,,,,,,,,,,,,,,,,,,,,,,,,,,,,,,,
همگام2,,,,,,,,,,,,,,,,,,,,,,,,,,,,,,,,,,,,,,,,,,,,,,,,
همگامان مس,,,,,,,,,,,,,,,,,,,,,,,,,,,,,,,,,,,,,,,,,,,,,,,,
همیار نیکو,,,,,,,,,,,,,,,,,,,,,,,,,,,,,,,,,,,,,,,,,,,,,,,,
همیان,,,,,,,,,,,,,,,,,,,,,,,,,,,,,,,,,,,,,,,,,,,,,,,,
همیان سهام,,,,,,,,,,,,,,,,,,,,,,,,,,,,,,,,,,,,,,,,,,,,,,,,
همیان2,,,,,,,,,,,,,,,,,,,,,,,,,,,,,,,,,,,,,,,,,,,,,,,,
هواپیمایی جمهوری اسلامی ایران,,,,,,,,,,,,,,,,,,,,,,,,,,,,,,,,,,,,,,,,,,,,,,,,
هواپیمایی ماهان,,,,,,,,,,,,,,,,,,,,,,,,,,,,,,,,,,,,,,,,,,,,,,,,
هواپیمایی پرواز قشم,,,,,,,,,,,,,,,,,,,,,,,,,,,,,,,,,,,,,,,,,,,,,,,,
هورسان,,,,,,,,,,,,,,,,,,,,,,,,,,,,,,,,,,,,,,,,,,,,,,,,
هوشمند,,,,,,,,,,,,,,,,,,,,,,,,,,,,,,,,,,,,,,,,,,,,,,,,
هوشمند رابین,,,,,,,,,,,,,,,,,,,,,,,,,,,,,,,,,,,,,,,,,,,,,,,,
هوشمند2,,,,,,,,,,,,,,,,,,,,,,,,,,,,,,,,,,,,,,,,,,,,,,,,
هوشیار,,,,,,,,,,,,,,,,,,,,,,,,,,,,,,,,,,,,,,,,,,,,,,,,
هوشیار2,,,,,,,,,,,,,,,,,,,,,,,,,,,,,,,,,,,,,,,,,,,,,,,,
هولدینگ توسعه سورینت قشم,,,,,,,,,,,,,,,,,,,,,,,,,,,,,,,,,,,,,,,,,,,,,,,,
هومان,,,,,,,,,,,,,,,,,,,,,,,,,,,,,,,,,,,,,,,,,,,,,,,,
هومان بازار,,,,,,,,,,,,,,,,,,,,,,,,,,,,,,,,,,,,,,,,,,,,,,,,
هوپاد صنعت ماشین سازی اراک,,,,,,,,,,,,,,,,,,,,,,,,,,,,,,,,,,,,,,,,,,,,,,,,
هیبرید,,,,,,,,,,,,,,,,,,,,,,,,,,,,,,,,,,,,,,,,,,,,,,,,
هیرکانیا بازار,,,,,,,,,,,,,,,,,,,,,,,,,,,,,,,,,,,,,,,,,,,,,,,,
هیوا,,,,,,,,,,,,,,,,,,,,,,,,,,,,,,,,,,,,,,,,,,,,,,,,
هیوا2,,,,,,,,,,,,,,,,,,,,,,,,,,,,,,,,,,,,,,,,,,,,,,,,
و آداک پرسو,,,,,,,,,,,,,,,,,,,,,,,,,,,,,,,,,,,,,,,,,,,,,,,,
و اریکه,,,,,,,,,,,,,,,,,,,,,,,,,,,,,,,,,,,,,,,,,,,,,,,,
و اوراق بهادار حافظ,,,,,,,,,,,,,,,,,,,,,,,,,,,,,,,,,,,,,,,,,,,,,,,,
و بیدار,,,,,,,,,,,,,,,,,,,,,,,,,,,,,,,,,,,,,,,,,,,,,,,,
و بین الملل انرژی پاسارگاد,,,,,,,,,,,,,,,,,,,,,,,,,,,,,,,,,,,,,,,,,,,,,,,,
و دانا,,,,,,,,,,,,,,,,,,,,,,,,,,,,,,,,,,,,,,,,,,,,,,,,
و راهبرد مبین,,,,,,,,,,,,,,,,,,,,,,,,,,,,,,,,,,,,,,,,,,,,,,,,
و سفیران یزد,,,,,,,,,,,,,,,,,,,,,,,,,,,,,,,,,,,,,,,,,,,,,,,,
و سهند,,,,,,,,,,,,,,,,,,,,,,,,,,,,,,,,,,,,,,,,,,,,,,,,
و مهرگان پارس,,,,,,,,,,,,,,,,,,,,,,,,,,,,,,,,,,,,,,,,,,,,,,,,
و نو ویرا,,,,,,,,,,,,,,,,,,,,,,,,,,,,,,,,,,,,,,,,,,,,,,,,
و پول و سرمایه,,,,,,,,,,,,,,,,,,,,,,,,,,,,,,,,,,,,,,,,,,,,,,,,
وآبید,,,,,,,,,,,,,,,,,,,,,,,,,,,,,,,,,,,,,,,,,,,,,,,,
وآتوس,,,,,,,,,,,,,,,,,,,,,,,,,,,,,,,,,,,,,,,,,,,,,,,,
وآتوسح,,,,,,,,,,,,,,,,,,,,,,,,,,,,,,,,,,,,,,,,,,,,,,,,
وآتیه سنا,,,,,,,,,,,,,,,,,,,,,,,,,,,,,,,,,,,,,,,,,,,,,,,,
وآتیه مسکن,,,,,,,,,,,,,,,,,,,,,,,,,,,,,,,,,,,,,,,,,,,,,,,,
وآتیه همکاران,,,,,,,,,,,,,,,,,,,,,,,,,,,,,,,,,,,,,,,,,,,,,,,,
وآداک,,,,,,,,,,,,,,,,,,,,,,,,,,,,,,,,,,,,,,,,,,,,,,,,
وآذر,0.0,2026-08-09 18:36:44.149365,5050.0,رد_نمره,,,,2.1,2026-08-09 15:06:44.146146,2026-08-09,426,0.0,68889111430.86667,126250.0,0,6.523,,,19423.08,0.6,,28248,16,508,2.1,"{""atr_14"": 115.0, ""symbol"": ""وآذر"", ""live_pe"": 61350.0, ""risk_ok"": true, ""decision"": ""رد_نمره"", ""industry"": ""انبوه سازي، املاك و مستغلات"", ""pe_ratio"": 9438.46, ""raw_score"": 0.25, ""trend_20d"": ""down"", ""rule_50_30"": ""رد"", ""final_score"": 0.2, ""score_macro"": 0.0, ""volume_spike"": 0.44, ""current_price"": 2454.0, ""liquidity_pct"": 288964325.3, ""position_size"": 0, ""adjusted_score"": 0.0, ""rank_in_market"": 508, ""score_feedstock"": 0.0, ""score_liquidity"": 5.0, ""score_technical"": 0.0, ""score_valuation"": 0.0, ""stop_loss_price"": 2223.0, ""nima_free_spread"": 6.523, ""percentile_score"": 0.6, ""price_change_pct"": -0.12, ""rank_in_industry"": 16, ""score_farabourse"": 0.0, ""score_fundamental"": 0.0, ""score_gov_support"": 0.0, ""institutional_ratio"": 0.0, ""score_institutional"": 0.0, ""negative_filters_count"": 0}",True,رد,0.0,0.0,0.0,5.0,0.0,0.0,5.0,0.0,0.0,0.0,0.0,15.0,0.2,0.0,0.0,1405-05-18,4696.0,وآذر,2026-09-08,4.74
وآذر3,,,,,,,,,,,,,,,,,,,,,,,,,,,,,,,,,,,,,,,,,,,,,,,,
وآراد,,,,,,,,,,,,,,,,,,,,,,,,,,,,,,,,,,,,,,,,,,,,,,,,
وآردل,0.0,2026-08-09 18:36:44.149365,0.0,رد_نمره,,,,2.6,2026-08-09 15:06:44.146146,2026-08-09,427,0.0,0.0,0.0,0,6.523,,,0.0,21.0,,0,19,404,2.6,"{""atr_14"": 0.0, ""symbol"": ""وآردل"", ""live_pe"": 0.0, ""risk_ok"": true, ""decision"": ""رد_نمره"", ""industry"": ""ماشين آلات و تجهيزات"", ""pe_ratio"": 0.0, ""raw_score"": 2.6, ""trend_20d"": ""flat"", ""rule_50_30"": ""رد"", ""final_score"": 2.6, ""score_macro"": 0.0, ""volume_spike"": 0.0, ""current_price"": 0.0, ""liquidity_pct"": 0.0, ""position_size"": 0, ""adjusted_score"": 0.0, ""rank_in_market"": 404, ""score_feedstock"": 0.0, ""score_liquidity"": 0.0, ""score_technical"": 0.0, ""score_valuation"": 20.0, ""stop_loss_price"": 0, ""nima_free_spread"": 6.523, ""percentile_score"": 21.0, ""price_change_pct"": 0.0, ""rank_in_industry"": 19, ""score_farabourse"": 0.0, ""score_fundamental"": 0.0, ""score_gov_support"": 0.0, ""institutional_ratio"": 0.0, ""score_institutional"": 0.0, ""negative_filters_count"": 0}",True,رد,0.0,0.0,0.0,0.0,0.0,0.0,0.0,0.0,0.0,0.0,0.0,0.0,2.6,20.0,20.0,1405-05-18,0.0,وآردل,2026-09-08,0.0
وآرمان مهان,,,,,,,,,,,,,,,,,,,,,,,,,,,,,,,,,,,,,,,,,,,,,,,,
وآرین,,,,,,,,,,,,,,,,,,,,,,,,,,,,,,,,,,,,,,,,,,,,,,,,
وآرین2,,,,,,,,,,,,,,,,,,,,,,,,,,,,,,,,,,,,,,,,,,,,,,,,
وآفر,,,,,,,,,,,,,,,,,,,,,,,,,,,,,,,,,,,,,,,,,,,,,,,,
وآفری,,,,,,,,,,,,,,,,,,,,,,,,,,,,,,,,,,,,,,,,,,,,,,,,
وآفری3,,,,,,,,,,,,,,,,,,,,,,,,,,,,,,,,,,,,,,,,,,,,,,,,
وآوا,,,,,,,,,,,,,,,,,,,,,,,,,,,,,,,,,,,,,,,,,,,,,,,,
وآوا3,,,,,,,,,,,,,,,,,,,,,,,,,,,,,,,,,,,,,,,,,,,,,,,,
وآوین,,,,,,,,,,,,,,,,,,,,,,,,,,,,,,,,,,,,,,,,,,,,,,,,
وآیند,,,,,,,,,,,,,,,,,,,,,,,,,,,,,,,,,,,,,,,,,,,,,,,,
واتی,0.0,2026-08-09 18:36:44.149365,0.0,رد_نمره,,,,2.6,2026-08-09 15:06:44.146146,2026-08-09,425,0.0,0.0,0.0,0,6.523,,,0.0,21.2,,0,14,403,2.6,"{""atr_14"": 0.0, ""symbol"": ""واتي"", ""live_pe"": 0.0, ""risk_ok"": true, ""decision"": ""رد_نمره"", ""industry"": ""سرمايه گذاريها"", ""pe_ratio"": 0.0, ""raw_score"": 2.6, ""trend_20d"": ""flat"", ""rule_50_30"": ""رد"", ""final_score"": 2.6, ""score_macro"": 0.0, ""volume_spike"": 0.0, ""current_price"": 0.0, ""liquidity_pct"": 0.0, ""position_size"": 0, ""adjusted_score"": 0.0, ""rank_in_market"": 403, ""score_feedstock"": 0.0, ""score_liquidity"": 0.0, ""score_technical"": 0.0, ""score_valuation"": 20.0, ""stop_loss_price"": 0, ""nima_free_spread"": 6.523, ""percentile_score"": 21.2, ""price_change_pct"": 0.0, ""rank_in_industry"": 14, ""score_farabourse"": 0.0, ""score_fundamental"": 0.0, ""score_gov_support"": 0.0, ""institutional_ratio"": 0.0, ""score_institutional"": 0.0, ""negative_filters_count"": 0}",True,رد,0.0,0.0,0.0,0.0,0.0,0.0,0.0,0.0,0.0,0.0,0.0,0.0,2.6,20.0,20.0,1405-05-18,0.0,واتي,2026-09-08,0.0
واتی3,,,,,,,,,,,,,,,,,,,,,,,,,,,,,,,,,,,,,,,,,,,,,,,,
واحصا,,,,,,,,,,,,,,,,,,,,,,,,,,,,,,,,,,,,,,,,,,,,,,,,
واحصا2,,,,,,,,,,,,,,,,,,,,,,,,,,,,,,,,,,,,,,,,,,,,,,,,
واحیا,,,,,,,,,,,,,,,,,,,,,,,,,,,,,,,,,,,,,,,,,,,,,,,,
وارزش,,,,,,,,,,,,,,,,,,,,,,,,,,,,,,,,,,,,,,,,,,,,,,,,
وارس,,,,,,,,,,,,,,,,,,,,,,,,,,,,,,,,,,,,,,,,,,,,,,,,
وارس2,,,,,,,,,,,,,,,,,,,,,,,,,,,,,,,,,,,,,,,,,,,,,,,,
وارکان,,,,,,,,,,,,,,,,,,,,,,,,,,,,,,,,,,,,,,,,,,,,,,,,
واسپاری آباد مسکن,,,,,,,,,,,,,,,,,,,,,,,,,,,,,,,,,,,,,,,,,,,,,,,,
واسپاری مهر کشاورزی,,,,,,,,,,,,,,,,,,,,,,,,,,,,,,,,,,,,,,,,,,,,,,,,
واسپاری نفت,,,,,,,,,,,,,,,,,,,,,,,,,,,,,,,,,,,,,,,,,,,,,,,,
واعتبار,0.0,2026-08-09 18:36:44.149365,0.0,رد_نمره,,,,4.8,2026-08-09 15:06:44.146146,2026-08-09,428,0.0,0.0,0.0,0,6.523,,,0.0,77.6,,0,3,115,4.75,"{""atr_14"": 16.0, ""symbol"": ""واعتبار"", ""live_pe"": 0.3, ""risk_ok"": true, ""decision"": ""رد_نمره"", ""industry"": ""سرمايه گذاريها"", ""pe_ratio"": 0.05, ""raw_score"": 5.0, ""trend_20d"": ""up"", ""rule_50_30"": ""رد"", ""final_score"": 5.0, ""score_macro"": 10.0, ""volume_spike"": 0.25, ""current_price"": 990.0, ""liquidity_pct"": 11182989.533333, ""position_size"": 0, ""adjusted_score"": 0.0, ""rank_in_market"": 115, ""score_feedstock"": 0.0, ""score_liquidity"": 5.0, ""score_technical"": 0.0, ""score_valuation"": 20.0, ""stop_loss_price"": 921.0, ""nima_free_spread"": 6.523, ""percentile_score"": 77.6, ""price_change_pct"": 0.0, ""rank_in_industry"": 3, ""score_farabourse"": 0.0, ""score_fundamental"": 7.5, ""score_gov_support"": 0.0, ""institutional_ratio"": 0.0, ""score_institutional"": 0.0, ""negative_filters_count"": 0}",True,رد,0.0,0.0,7.5,0.0,7.5,0.0,5.0,10.0,0.0,0.0,0.0,0.0,5.0,20.0,20.0,1405-05-18,0.0,واعتبار,2026-09-08,0.0
واعتبار3,,,,,,,,,,,,,,,,,,,,,,,,,,,,,,,,,,,,,,,,,,,,,,,,
واعتضاد,,,,,,,,,,,,,,,,,,,,,,,,,,,,,,,,,,,,,,,,,,,,,,,,
واعتماد,,,,,,,,,,,,,,,,,,,,,,,,,,,,,,,,,,,,,,,,,,,,,,,,
واعتماد زرین,,,,,,,,,,,,,,,,,,,,,,,,,,,,,,,,,,,,,,,,,,,,,,,,
واقتصادی آینده,,,,,,,,,,,,,,,,,,,,,,,,,,,,,,,,,,,,,,,,,,,,,,,,
واقتصادی دی,,,,,,,,,,,,,,,,,,,,,,,,,,,,,,,,,,,,,,,,,,,,,,,,
واقتصادی سامان,,,,,,,,,,,,,,,,,,,,,,,,,,,,,,,,,,,,,,,,,,,,,,,,
والبر,0.0,2026-08-09 18:36:44.149365,0.0,رد_نمره,,,,4.8,2026-08-09 15:06:44.146146,2026-08-09,429,0.0,0.0,0.0,0,6.523,,,0.0,67.6,,0,17,166,4.75,"{""atr_14"": 36.0, ""symbol"": ""والبر"", ""live_pe"": 3.3, ""risk_ok"": true, ""decision"": ""رد_نمره"", ""industry"": ""مواد و محصولات دارويي"", ""pe_ratio"": 0.51, ""raw_score"": 4.2, ""trend_20d"": ""up"", ""rule_50_30"": ""رد"", ""final_score"": 4.2, ""score_macro"": 0.0, ""volume_spike"": 0.35, ""current_price"": 2689.0, ""liquidity_pct"": 123602594.833333, ""position_size"": 0, ""adjusted_score"": 0.0, ""rank_in_market"": 166, ""score_feedstock"": 0.0, ""score_liquidity"": 5.0, ""score_technical"": 0.0, ""score_valuation"": 20.0, ""stop_loss_price"": 2501.0, ""nima_free_spread"": 6.523, ""percentile_score"": 67.6, ""price_change_pct"": 0.0, ""rank_in_industry"": 17, ""score_farabourse"": 0.0, ""score_fundamental"": 7.5, ""score_gov_support"": 0.0, ""institutional_ratio"": 0.0, ""score_institutional"": 0.0, ""negative_filters_count"": 0}",True,رد,0.0,0.0,7.5,0.0,7.5,0.0,5.0,10.0,0.0,0.0,0.0,0.0,4.2,20.0,20.0,1405-05-18,0.0,والبر,2026-09-08,0.0
والبر3,,,,,,,,,,,,,,,,,,,,,,,,,,,,,,,,,,,,,,,,,,,,,,,,
والماس,,,,,,,,,,,,,,,,,,,,,,,,,,,,,,,,,,,,,,,,,,,,,,,,
والماس2,,,,,,,,,,,,,,,,,,,,,,,,,,,,,,,,,,,,,,,,,,,,,,,,
والماس3,,,,,,,,,,,,,,,,,,,,,,,,,,,,,,,,,,,,,,,,,,,,,,,,
والگوریتم,,,,,,,,,,,,,,,,,,,,,,,,,,,,,,,,,,,,,,,,,,,,,,,,
وامید,0.0,2026-08-09 18:36:44.149365,0.0,رد_نمره,,,,2.6,2026-08-09 15:06:44.146146,2026-08-09,430,0.0,0.0,0.0,0,6.523,,,0.0,20.8,,0,5,405,2.6,"{""atr_14"": 0.0, ""symbol"": ""واميد"", ""live_pe"": 0.0, ""risk_ok"": true, ""decision"": ""رد_نمره"", ""industry"": ""شرکتهاي چند رشته اي صنعتي"", ""pe_ratio"": 0.0, ""raw_score"": 2.6, ""trend_20d"": ""flat"", ""rule_50_30"": ""رد"", ""final_score"": 2.6, ""score_macro"": 0.0, ""volume_spike"": 0.0, ""current_price"": 0.0, ""liquidity_pct"": 0.0, ""position_size"": 0, ""adjusted_score"": 0.0, ""rank_in_market"": 405, ""score_feedstock"": 0.0, ""score_liquidity"": 0.0, ""score_technical"": 0.0, ""score_valuation"": 20.0, ""stop_loss_price"": 0, ""nima_free_spread"": 6.523, ""percentile_score"": 20.8, ""price_change_pct"": 0.0, ""rank_in_industry"": 5, ""score_farabourse"": 0.0, ""score_fundamental"": 0.0, ""score_gov_support"": 0.0, ""institutional_ratio"": 0.0, ""score_institutional"": 0.0, ""negative_filters_count"": 0}",True,رد,0.0,0.0,0.0,0.0,0.0,0.0,0.0,0.0,0.0,0.0,0.0,0.0,2.6,20.0,20.0,1405-05-18,0.0,واميد,2026-09-08,0.0
وامید2,,,,,,,,,,,,,,,,,,,,,,,,,,,,,,,,,,,,,,,,,,,,,,,,
وامید3,,,,,,,,,,,,,,,,,,,,,,,,,,,,,,,,,,,,,,,,,,,,,,,,
وامیر,,,,,,,,,,,,,,,,,,,,,,,,,,,,,,,,,,,,,,,,,,,,,,,,
وامین,,,,,,,,,,,,,,,,,,,,,,,,,,,,,,,,,,,,,,,,,,,,,,,,
وامین اعتماد,,,,,,,,,,,,,,,,,,,,,,,,,,,,,,,,,,,,,,,,,,,,,,,,
وامین2,,,,,,,,,,,,,,,,,,,,,,,,,,,,,,,,,,,,,,,,,,,,,,,,
وامین3,,,,,,,,,,,,,,,,,,,,,,,,,,,,,,,,,,,,,,,,,,,,,,,,
وانتخاب,,,,,,,,,,,,,,,,,,,,,,,,,,,,,,,,,,,,,,,,,,,,,,,,
واندیشه,,,,,,,,,,,,,,,,,,,,,,,,,,,,,,,,,,,,,,,,,,,,,,,,
وانرژی مهستان,,,,,,,,,,,,,,,,,,,,,,,,,,,,,,,,,,,,,,,,,,,,,,,,
وانصار,0.0,2026-08-09 18:36:44.149365,0.0,رد_نمره,,,,2.6,2026-08-09 15:06:44.146146,2026-08-09,431,0.0,0.0,0.0,0,6.523,,,0.0,20.6,,0,7,406,2.6,"{""atr_14"": 0.0, ""symbol"": ""وانصار"", ""live_pe"": 0.0, ""risk_ok"": true, ""decision"": ""رد_نمره"", ""industry"": ""بانكها و موسسات اعتباري"", ""pe_ratio"": 0.0, ""raw_score"": 2.6, ""trend_20d"": ""flat"", ""rule_50_30"": ""رد"", ""final_score"": 2.6, ""score_macro"": 0.0, ""volume_spike"": 0.0, ""current_price"": 0.0, ""liquidity_pct"": 0.0, ""position_size"": 0, ""adjusted_score"": 0.0, ""rank_in_market"": 406, ""score_feedstock"": 0.0, ""score_liquidity"": 0.0, ""score_technical"": 0.0, ""score_valuation"": 20.0, ""stop_loss_price"": 0, ""nima_free_spread"": 6.523, ""percentile_score"": 20.6, ""price_change_pct"": 0.0, ""rank_in_industry"": 7, ""score_farabourse"": 0.0, ""score_fundamental"": 0.0, ""score_gov_support"": 0.0, ""institutional_ratio"": 0.0, ""score_institutional"": 0.0, ""negative_filters_count"": 0}",True,رد,0.0,0.0,0.0,0.0,0.0,0.0,0.0,0.0,0.0,0.0,0.0,0.0,2.6,20.0,20.0,1405-05-18,0.0,وانصار,2026-09-08,0.0
واگن سازی تهران,,,,,,,,,,,,,,,,,,,,,,,,,,,,,,,,,,,,,,,,,,,,,,,,
وایرا,,,,,,,,,,,,,,,,,,,,,,,,,,,,,,,,,,,,,,,,,,,,,,,,
وایران,0.0,2026-08-09 18:36:44.149365,0.0,رد_نمره,,,,2.6,2026-08-09 15:06:44.146146,2026-08-09,432,0.0,0.0,0.0,0,6.523,,,0.0,20.4,,0,6,407,2.6,"{""atr_14"": 0.0, ""symbol"": ""وايران"", ""live_pe"": 0.0, ""risk_ok"": true, ""decision"": ""رد_نمره"", ""industry"": ""ساير واسطه گريهاي مالي"", ""pe_ratio"": 0.0, ""raw_score"": 2.6, ""trend_20d"": ""flat"", ""rule_50_30"": ""رد"", ""final_score"": 2.6, ""score_macro"": 0.0, ""volume_spike"": 0.0, ""current_price"": 0.0, ""liquidity_pct"": 0.0, ""position_size"": 0, ""adjusted_score"": 0.0, ""rank_in_market"": 407, ""score_feedstock"": 0.0, ""score_liquidity"": 0.0, ""score_technical"": 0.0, ""score_valuation"": 20.0, ""stop_loss_price"": 0, ""nima_free_spread"": 6.523, ""percentile_score"": 20.4, ""price_change_pct"": 0.0, ""rank_in_industry"": 6, ""score_farabourse"": 0.0, ""score_fundamental"": 0.0, ""score_gov_support"": 0.0, ""institutional_ratio"": 0.0, ""score_institutional"": 0.0, ""negative_filters_count"": 0}",True,رد,0.0,0.0,0.0,0.0,0.0,0.0,0.0,0.0,0.0,0.0,0.0,0.0,2.6,20.0,20.0,1405-05-18,0.0,وايران,2026-09-08,0.0
وایران3,,,,,,,,,,,,,,,,,,,,,,,,,,,,,,,,,,,,,,,,,,,,,,,,
وایرانیان,,,,,,,,,,,,,,,,,,,,,,,,,,,,,,,,,,,,,,,,,,,,,,,,
وبازآفرین,,,,,,,,,,,,,,,,,,,,,,,,,,,,,,,,,,,,,,,,,,,,,,,,
وبازار,,,,,,,,,,,,,,,,,,,,,,,,,,,,,,,,,,,,,,,,,,,,,,,,
وبازار2,,,,,,,,,,,,,,,,,,,,,,,,,,,,,,,,,,,,,,,,,,,,,,,,
وبانک,0.0,2026-08-09 18:36:44.149365,0.0,رد_نمره,,,,2.6,2026-08-09 15:06:44.146146,2026-08-09,433,0.0,0.0,0.0,0,6.523,,,0.0,20.2,,0,6,408,2.6,"{""atr_14"": 0.0, ""symbol"": ""وبانك"", ""live_pe"": 0.0, ""risk_ok"": true, ""decision"": ""رد_نمره"", ""industry"": ""شرکتهاي چند رشته اي صنعتي"", ""pe_ratio"": 0.0, ""raw_score"": 2.6, ""trend_20d"": ""flat"", ""rule_50_30"": ""رد"", ""final_score"": 2.6, ""score_macro"": 0.0, ""volume_spike"": 0.0, ""current_price"": 0.0, ""liquidity_pct"": 0.0, ""position_size"": 0, ""adjusted_score"": 0.0, ""rank_in_market"": 408, ""score_feedstock"": 0.0, ""score_liquidity"": 0.0, ""score_technical"": 0.0, ""score_valuation"": 20.0, ""stop_loss_price"": 0, ""nima_free_spread"": 6.523, ""percentile_score"": 20.2, ""price_change_pct"": 0.0, ""rank_in_industry"": 6, ""score_farabourse"": 0.0, ""score_fundamental"": 0.0, ""score_gov_support"": 0.0, ""institutional_ratio"": 0.0, ""score_institutional"": 0.0, ""negative_filters_count"": 0}",True,رد,0.0,0.0,0.0,0.0,0.0,0.0,0.0,0.0,0.0,0.0,0.0,0.0,2.6,20.0,20.0,1405-05-18,0.0,وبانك,2026-09-08,0.0
وبانک3,,,,,,,,,,,,,,,,,,,,,,,,,,,,,,,,,,,,,,,,,,,,,,,,
وبرق,,,,,,,,,,,,,,,,,,,,,,,,,,,,,,,,,,,,,,,,,,,,,,,,
وبشهر,0.0,2026-08-09 18:36:44.149365,0.0,رد_نمره,,,,4.8,2026-08-09 15:06:44.146146,2026-08-09,434,0.0,0.0,0.0,0,6.523,,,0.0,77.5,,0,14,116,4.75,"{""atr_14"": 197.0, ""symbol"": ""وبشهر"", ""live_pe"": 2.2, ""risk_ok"": true, ""decision"": ""رد_نمره"", ""industry"": ""محصولات غذايي و آشاميدني به جز قند و شكر"", ""pe_ratio"": 0.34, ""raw_score"": 5.0, ""trend_20d"": ""up"", ""rule_50_30"": ""رد"", ""final_score"": 5.0, ""score_macro"": 10.0, ""volume_spike"": 0.13, ""current_price"": 6703.0, ""liquidity_pct"": 6435811398.466666, ""position_size"": 0, ""adjusted_score"": 0.0, ""rank_in_market"": 116, ""score_feedstock"": 0.0, ""score_liquidity"": 5.0, ""score_technical"": 0.0, ""score_valuation"": 20.0, ""stop_loss_price"": 6234.0, ""nima_free_spread"": 6.523, ""percentile_score"": 77.5, ""price_change_pct"": 1.21, ""rank_in_industry"": 14, ""score_farabourse"": 0.0, ""score_fundamental"": 7.5, ""score_gov_support"": 0.0, ""institutional_ratio"": 0.0, ""score_institutional"": 0.0, ""negative_filters_count"": 0}",True,رد,0.0,0.0,7.5,0.0,7.5,0.0,5.0,10.0,0.0,0.0,0.0,0.0,5.0,20.0,20.0,1405-05-18,0.0,وبشهر,2026-09-08,0.0
وبشهر3,,,,,,,,,,,,,,,,,,,,,,,,,,,,,,,,,,,,,,,,,,,,,,,,
وبصادر,0.0,2026-08-09 18:36:44.149365,731.0,رد_نمره,,,,2.2,2026-08-09 15:06:44.146146,2026-08-09,435,0.0,2489399262802.933,36.5,0,6.523,,,5.62,9.2,,196078,11,464,2.25,"{""atr_14"": 161.0, ""symbol"": ""وبصادر"", ""live_pe"": 51.4, ""risk_ok"": true, ""decision"": ""رد_نمره"", ""industry"": ""بانكها و موسسات اعتباري"", ""pe_ratio"": 7.9, ""raw_score"": 2.25, ""trend_20d"": ""down"", ""rule_50_30"": ""رد"", ""final_score"": 2.2, ""score_macro"": 0.0, ""volume_spike"": 0.08, ""current_price"": 1027.0, ""liquidity_pct"": 43502971972.36667, ""position_size"": 0, ""adjusted_score"": 0.0, ""rank_in_market"": 464, ""score_feedstock"": 0.0, ""score_liquidity"": 5.0, ""score_technical"": 0.0, ""score_valuation"": 0.0, ""stop_loss_price"": 704.0, ""nima_free_spread"": 6.523, ""percentile_score"": 9.2, ""price_change_pct"": 0.1, ""rank_in_industry"": 11, ""score_farabourse"": 0.0, ""score_fundamental"": 7.5, ""score_gov_support"": 5.0, ""institutional_ratio"": 0.0, ""score_institutional"": 0.0, ""negative_filters_count"": 0}",True,رد,0.0,0.0,7.5,5.0,7.5,0.0,5.0,0.0,0.0,0.0,5.0,0.0,2.2,0.0,0.0,1405-05-18,680.0,وبصادر,2026-09-08,0.77
وبصادر3,,,,,,,,,,,,,,,,,,,,,,,,,,,,,,,,,,,,,,,,,,,,,,,,
وبملت,0.0,2026-08-09 18:36:44.149365,1303.0,رد_نمره,,,,5.7,2026-08-09 15:06:44.146146,2026-08-09,436,0.0,18461112406112.668,0.7,0,6.523,,,0.11,77.3,,109890,4,117,5.65,"{""atr_14"": 34.0, ""symbol"": ""وبملت"", ""live_pe"": 0.6, ""risk_ok"": true, ""decision"": ""رد_نمره"", ""industry"": ""بانكها و موسسات اعتباري"", ""pe_ratio"": 0.1, ""raw_score"": 5.0, ""trend_20d"": ""flat"", ""rule_50_30"": ""رد"", ""final_score"": 5.0, ""score_macro"": 10.0, ""volume_spike"": 0.25, ""current_price"": 1135.0, ""liquidity_pct"": 3789035325.533333, ""position_size"": 0, ""adjusted_score"": 0.0, ""rank_in_market"": 117, ""score_feedstock"": 0.0, ""score_liquidity"": 5.0, ""score_technical"": 0.0, ""score_valuation"": 20.0, ""stop_loss_price"": 1056.0, ""nima_free_spread"": 6.523, ""percentile_score"": 77.3, ""price_change_pct"": 2.97, ""rank_in_industry"": 4, ""score_farabourse"": 0.0, ""score_fundamental"": 7.5, ""score_gov_support"": 0.0, ""institutional_ratio"": 0.0, ""score_institutional"": 0.0, ""negative_filters_count"": 0}",True,رد,0.0,0.0,7.5,5.0,7.5,0.0,5.0,10.0,0.0,0.0,0.0,0.0,5.0,20.0,20.0,1405-05-18,1212.0,وبملت,2026-09-08,0.41
وبملت2,,,,,,,,,,,,,,,,,,,,,,,,,,,,,,,,,,,,,,,,,,,,,,,,
وبملت3,,,,,,,,,,,,,,,,,,,,,,,,,,,,,,,,,,,,,,,,,,,,,,,,
وبنیس,,,,,,,,,,,,,,,,,,,,,,,,,,,,,,,,,,,,,,,,,,,,,,,,
وبهمن,0.0,2026-08-09 18:36:44.149365,0.0,رد_نمره,,,,4.8,2026-08-09 15:06:44.146146,2026-08-09,437,0.0,0.0,0.0,0,6.523,,,0.0,77.1,,0,4,118,4.75,"{""atr_14"": 51.0, ""symbol"": ""وبهمن"", ""live_pe"": 0.5, ""risk_ok"": true, ""decision"": ""رد_نمره"", ""industry"": ""سرمايه گذاريها"", ""pe_ratio"": 0.08, ""raw_score"": 5.0, ""trend_20d"": ""up"", ""rule_50_30"": ""رد"", ""final_score"": 5.0, ""score_macro"": 10.0, ""volume_spike"": 0.19, ""current_price"": 1493.0, ""liquidity_pct"": 5784034939.7, ""position_size"": 0, ""adjusted_score"": 0.0, ""rank_in_market"": 118, ""score_feedstock"": 0.0, ""score_liquidity"": 5.0, ""score_technical"": 0.0, ""score_valuation"": 20.0, ""stop_loss_price"": 1388.0, ""nima_free_spread"": 6.523, ""percentile_score"": 77.1, ""price_change_pct"": 0.34, ""rank_in_industry"": 4, ""score_farabourse"": 0.0, ""score_fundamental"": 7.5, ""score_gov_support"": 0.0, ""institutional_ratio"": 0.0, ""score_institutional"": 0.0, ""negative_filters_count"": 0}",True,رد,0.0,0.0,7.5,0.0,7.5,0.0,5.0,10.0,0.0,0.0,0.0,0.0,5.0,20.0,20.0,1405-05-18,0.0,وبهمن,2026-09-08,0.0
وبهمن3,,,,,,,,,,,,,,,,,,,,,,,,,,,,,,,,,,,,,,,,,,,,,,,,
وبوعلی,0.0,2026-08-09 18:36:44.149365,0.0,رد_نمره,,,,2.6,2026-08-09 15:06:44.146146,2026-08-09,438,0.0,0.0,0.0,0,6.523,,,0.0,20.0,,0,15,409,2.6,"{""atr_14"": 0.0, ""symbol"": ""وبوعلي"", ""live_pe"": 0.0, ""risk_ok"": true, ""decision"": ""رد_نمره"", ""industry"": ""سرمايه گذاريها"", ""pe_ratio"": 0.0, ""raw_score"": 2.6, ""trend_20d"": ""flat"", ""rule_50_30"": ""رد"", ""final_score"": 2.6, ""score_macro"": 0.0, ""volume_spike"": 0.0, ""current_price"": 0.0, ""liquidity_pct"": 0.0, ""position_size"": 0, ""adjusted_score"": 0.0, ""rank_in_market"": 409, ""score_feedstock"": 0.0, ""score_liquidity"": 0.0, ""score_technical"": 0.0, ""score_valuation"": 20.0, ""stop_loss_price"": 0, ""nima_free_spread"": 6.523, ""percentile_score"": 20.0, ""price_change_pct"": 0.0, ""rank_in_industry"": 15, ""score_farabourse"": 0.0, ""score_fundamental"": 0.0, ""score_gov_support"": 0.0, ""institutional_ratio"": 0.0, ""score_institutional"": 0.0, ""negative_filters_count"": 0}",True,رد,0.0,0.0,0.0,0.0,0.0,0.0,0.0,0.0,0.0,0.0,0.0,0.0,2.6,20.0,20.0,1405-05-18,0.0,وبوعلي,2026-09-08,0.0
وبوعلی2,,,,,,,,,,,,,,,,,,,,,,,,,,,,,,,,,,,,,,,,,,,,,,,,
وبوعلی3,,,,,,,,,,,,,,,,,,,,,,,,,,,,,,,,,,,,,,,,,,,,,,,,
وبیمه,0.0,2026-08-09 18:36:44.149365,0.0,رد_نمره,,,,2.6,2026-08-09 15:06:44.146146,2026-08-09,439,0.0,0.0,0.0,0,6.523,,,0.0,19.8,,0,16,410,2.6,"{""atr_14"": 0.0, ""symbol"": ""وبيمه"", ""live_pe"": 0.0, ""risk_ok"": true, ""decision"": ""رد_نمره"", ""industry"": ""سرمايه گذاريها"", ""pe_ratio"": 0.0, ""raw_score"": 2.6, ""trend_20d"": ""flat"", ""rule_50_30"": ""رد"", ""final_score"": 2.6, ""score_macro"": 0.0, ""volume_spike"": 0.0, ""current_price"": 0.0, ""liquidity_pct"": 0.0, ""position_size"": 0, ""adjusted_score"": 0.0, ""rank_in_market"": 410, ""score_feedstock"": 0.0, ""score_liquidity"": 0.0, ""score_technical"": 0.0, ""score_valuation"": 20.0, ""stop_loss_price"": 0, ""nima_free_spread"": 6.523, ""percentile_score"": 19.8, ""price_change_pct"": 0.0, ""rank_in_industry"": 16, ""score_farabourse"": 0.0, ""score_fundamental"": 0.0, ""score_gov_support"": 0.0, ""institutional_ratio"": 0.0, ""score_institutional"": 0.0, ""negative_filters_count"": 0}",True,رد,0.0,0.0,0.0,0.0,0.0,0.0,0.0,0.0,0.0,0.0,0.0,0.0,2.6,20.0,20.0,1405-05-18,0.0,وبيمه,2026-09-08,0.0
وبیمه3,,,,,,,,,,,,,,,,,,,,,,,,,,,,,,,,,,,,,,,,,,,,,,,,
وتبار,,,,,,,,,,,,,,,,,,,,,,,,,,,,,,,,,,,,,,,,,,,,,,,,
وتجارت,0.0,2026-08-09 18:36:44.149365,631.0,رد_نمره,,,,5.7,2026-08-09 15:06:44.146146,2026-08-09,445,0.0,4506412316427.467,1.5,0,6.523,,,0.23,93.9,,232558,3,32,5.65,"{""atr_14"": 21.0, ""symbol"": ""وتجارت"", ""live_pe"": 2.8, ""risk_ok"": true, ""decision"": ""رد_نمره"", ""industry"": ""بانكها و موسسات اعتباري"", ""pe_ratio"": 0.44, ""raw_score"": 5.65, ""trend_20d"": ""down"", ""rule_50_30"": ""رد"", ""final_score"": 5.7, ""score_macro"": 10.0, ""volume_spike"": 0.06, ""current_price"": 1188.0, ""liquidity_pct"": 51867868147.433334, ""position_size"": 0, ""adjusted_score"": 0.0, ""rank_in_market"": 32, ""score_feedstock"": 0.0, ""score_liquidity"": 5.0, ""score_technical"": 0.0, ""score_valuation"": 20.0, ""stop_loss_price"": 1105.0, ""nima_free_spread"": 6.523, ""percentile_score"": 93.9, ""price_change_pct"": 2.98, ""rank_in_industry"": 3, ""score_farabourse"": 0.0, ""score_fundamental"": 7.5, ""score_gov_support"": 5.0, ""institutional_ratio"": 0.0, ""score_institutional"": 0.0, ""negative_filters_count"": 0}",True,رد,0.0,0.0,7.5,5.0,7.5,0.0,5.0,10.0,0.0,0.0,5.0,0.0,5.7,20.0,20.0,1405-05-18,588.0,وتجارت,2026-09-08,0.79
وتجارت2,,,,,,,,,,,,,,,,,,,,,,,,,,,,,,,,,,,,,,,,,,,,,,,,
وتجارت3,,,,,,,,,,,,,,,,,,,,,,,,,,,,,,,,,,,,,,,,,,,,,,,,
وتدبیر ایرانیان,,,,,,,,,,,,,,,,,,,,,,,,,,,,,,,,,,,,,,,,,,,,,,,,
وتدبیر دی,,,,,,,,,,,,,,,,,,,,,,,,,,,,,,,,,,,,,,,,,,,,,,,,
وتدبیر سبز,,,,,,,,,,,,,,,,,,,,,,,,,,,,,,,,,,,,,,,,,,,,,,,,
وتدبیر فرهنگیان,,,,,,,,,,,,,,,,,,,,,,,,,,,,,,,,,,,,,,,,,,,,,,,,
وتعاون,,,,,,,,,,,,,,,,,,,,,,,,,,,,,,,,,,,,,,,,,,,,,,,,
وتعاون3,,,,,,,,,,,,,,,,,,,,,,,,,,,,,,,,,,,,,,,,,,,,,,,,
وتوس,0.0,2026-08-09 18:36:44.149365,0.0,رد_نمره,,,,4.8,2026-08-09 15:06:44.146146,2026-08-09,446,0.0,0.0,0.0,0,6.523,,,0.0,67.5,,0,7,167,4.75,"{""atr_14"": 270.0, ""symbol"": ""وتوس"", ""live_pe"": 3.4, ""risk_ok"": true, ""decision"": ""رد_نمره"", ""industry"": ""انبوه سازي، املاك و مستغلات"", ""pe_ratio"": 0.52, ""raw_score"": 4.2, ""trend_20d"": ""down"", ""rule_50_30"": ""رد"", ""final_score"": 4.2, ""score_macro"": 0.0, ""volume_spike"": 0.46, ""current_price"": 5167.0, ""liquidity_pct"": 1797990012.0, ""position_size"": 0, ""adjusted_score"": 0.0, ""rank_in_market"": 167, ""score_feedstock"": 0.0, ""score_liquidity"": 5.0, ""score_technical"": 0.0, ""score_valuation"": 20.0, ""stop_loss_price"": 4627.0, ""nima_free_spread"": 6.523, ""percentile_score"": 67.5, ""price_change_pct"": 0.51, ""rank_in_industry"": 7, ""score_farabourse"": 0.0, ""score_fundamental"": 7.5, ""score_gov_support"": 0.0, ""institutional_ratio"": 0.0, ""score_institutional"": 0.0, ""negative_filters_count"": 0}",True,رد,0.0,0.0,7.5,0.0,7.5,0.0,5.0,10.0,0.0,0.0,0.0,0.0,4.2,20.0,20.0,1405-05-18,0.0,وتوس,2026-09-08,0.0
وتوس2,,,,,,,,,,,,,,,,,,,,,,,,,,,,,,,,,,,,,,,,,,,,,,,,
وتوس3,,,,,,,,,,,,,,,,,,,,,,,,,,,,,,,,,,,,,,,,,,,,,,,,
وتوسعه امید,,,,,,,,,,,,,,,,,,,,,,,,,,,,,,,,,,,,,,,,,,,,,,,,
وتوسعه بوشهر,,,,,,,,,,,,,,,,,,,,,,,,,,,,,,,,,,,,,,,,,,,,,,,,
وتوسعه قلک,,,,,,,,,,,,,,,,,,,,,,,,,,,,,,,,,,,,,,,,,,,,,,,,
وتوسم,0.0,2026-08-09 18:36:44.149365,0.0,رد_نمره,,,,4.8,2026-08-09 15:06:44.146146,2026-08-09,447,0.0,0.0,0.0,0,6.523,,,0.0,76.5,,0,5,121,4.75,"{""atr_14"": 51.0, ""symbol"": ""وتوسم"", ""live_pe"": 0.2, ""risk_ok"": true, ""decision"": ""رد_نمره"", ""industry"": ""سرمايه گذاريها"", ""pe_ratio"": 0.04, ""raw_score"": 5.0, ""trend_20d"": ""down"", ""rule_50_30"": ""رد"", ""final_score"": 5.0, ""score_macro"": 10.0, ""volume_spike"": 0.53, ""current_price"": 711.0, ""liquidity_pct"": 772907998.833333, ""position_size"": 0, ""adjusted_score"": 0.0, ""rank_in_market"": 121, ""score_feedstock"": 0.0, ""score_liquidity"": 5.0, ""score_technical"": 0.0, ""score_valuation"": 20.0, ""stop_loss_price"": 610.0, ""nima_free_spread"": 6.523, ""percentile_score"": 76.5, ""price_change_pct"": 0.14, ""rank_in_industry"": 5, ""score_farabourse"": 0.0, ""score_fundamental"": 7.5, ""score_gov_support"": 0.0, ""institutional_ratio"": 0.0, ""score_institutional"": 0.0, ""negative_filters_count"": 0}",True,رد,0.0,0.0,7.5,0.0,7.5,0.0,5.0,10.0,0.0,0.0,0.0,0.0,5.0,20.0,20.0,1405-05-18,0.0,وتوسم,2026-09-08,0.0
وتوسم2,,,,,,,,,,,,,,,,,,,,,,,,,,,,,,,,,,,,,,,,,,,,,,,,
وتوسم3,,,,,,,,,,,,,,,,,,,,,,,,,,,,,,,,,,,,,,,,,,,,,,,,
وتوسکا,,,,,,,,,,,,,,,,,,,,,,,,,,,,,,,,,,,,,,,,,,,,,,,,
وتوشه,0.0,2026-08-09 18:36:44.149365,6880.0,رد_نمره,,,,4.3,2026-08-09 15:06:44.146146,2026-08-09,448,0.0,112858246226.66667,0.8,0,6.523,,,0.13,66.3,,20746,6,173,4.3,"{""atr_14"": 123.0, ""symbol"": ""وتوشه"", ""live_pe"": 0.9, ""risk_ok"": true, ""decision"": ""رد_نمره"", ""industry"": ""ماشين آلات و تجهيزات"", ""pe_ratio"": 0.14, ""raw_score"": 3.65, ""trend_20d"": ""flat"", ""rule_50_30"": ""رد"", ""final_score"": 3.7, ""score_macro"": 10.0, ""volume_spike"": 0.87, ""current_price"": 7550.0, ""liquidity_pct"": 175247259.566667, ""position_size"": 0, ""adjusted_score"": 0.0, ""rank_in_market"": 173, ""score_feedstock"": 0.0, ""score_liquidity"": 5.0, ""score_technical"": 0.0, ""score_valuation"": 20.0, ""stop_loss_price"": 7022.0, ""nima_free_spread"": 6.523, ""percentile_score"": 66.3, ""price_change_pct"": 0.0, ""rank_in_industry"": 6, ""score_farabourse"": 0.0, ""score_fundamental"": 0.0, ""score_gov_support"": 0.0, ""institutional_ratio"": 0.0, ""score_institutional"": 0.0, ""negative_filters_count"": 0}",True,رد,0.0,0.0,0.0,5.0,0.0,0.0,5.0,10.0,0.0,0.0,0.0,0.0,3.7,20.0,20.0,1405-05-18,6398.0,وتوشه,2026-09-08,0.88
وتوشه3,,,,,,,,,,,,,,,,,,,,,,,,,,,,,,,,,,,,,,,,,,,,,,,,
وتوصا,0.0,2026-08-09 18:36:44.149365,0.0,رد_نمره,,,,4.8,2026-08-09 15:06:44.146146,2026-08-09,449,0.0,0.0,0.0,0,6.523,,,0.0,76.3,,0,6,122,4.75,"{""atr_14"": 0.0, ""symbol"": ""وتوصا"", ""live_pe"": 0.4, ""risk_ok"": true, ""decision"": ""رد_نمره"", ""industry"": ""سرمايه گذاريها"", ""pe_ratio"": 0.06, ""raw_score"": 5.0, ""trend_20d"": ""flat"", ""rule_50_30"": ""رد"", ""final_score"": 5.0, ""score_macro"": 10.0, ""volume_spike"": 0.69, ""current_price"": 1000.0, ""liquidity_pct"": 31000600.0, ""position_size"": 0, ""adjusted_score"": 0.0, ""rank_in_market"": 122, ""score_feedstock"": 0.0, ""score_liquidity"": 5.0, ""score_technical"": 0.0, ""score_valuation"": 20.0, ""stop_loss_price"": 930.0, ""nima_free_spread"": 6.523, ""percentile_score"": 76.3, ""price_change_pct"": 0.0, ""rank_in_industry"": 6, ""score_farabourse"": 0.0, ""score_fundamental"": 7.5, ""score_gov_support"": 0.0, ""institutional_ratio"": 0.0, ""score_institutional"": 0.0, ""negative_filters_count"": 0}",True,رد,0.0,0.0,7.5,0.0,7.5,0.0,5.0,10.0,0.0,0.0,0.0,0.0,5.0,20.0,20.0,1405-05-18,0.0,وتوصا,2026-09-08,0.0
وتوصا3,,,,,,,,,,,,,,,,,,,,,,,,,,,,,,,,,,,,,,,,,,,,,,,,
وتوکا,0.0,2026-08-09 18:36:44.149365,0.0,رد_نمره,,,,2.6,2026-08-09 15:06:44.146146,2026-08-09,450,0.0,0.0,0.0,0,6.523,,,0.0,19.6,,0,29,411,2.6,"{""atr_14"": 0.0, ""symbol"": ""وتوكا"", ""live_pe"": 0.0, ""risk_ok"": true, ""decision"": ""رد_نمره"", ""industry"": ""فلزات اساسي"", ""pe_ratio"": 0.0, ""raw_score"": 2.6, ""trend_20d"": ""flat"", ""rule_50_30"": ""رد"", ""final_score"": 2.6, ""score_macro"": 0.0, ""volume_spike"": 0.0, ""current_price"": 0.0, ""liquidity_pct"": 0.0, ""position_size"": 0, ""adjusted_score"": 0.0, ""rank_in_market"": 411, ""score_feedstock"": 0.0, ""score_liquidity"": 0.0, ""score_technical"": 0.0, ""score_valuation"": 20.0, ""stop_loss_price"": 0, ""nima_free_spread"": 6.523, ""percentile_score"": 19.6, ""price_change_pct"": 0.0, ""rank_in_industry"": 29, ""score_farabourse"": 0.0, ""score_fundamental"": 0.0, ""score_gov_support"": 0.0, ""institutional_ratio"": 0.0, ""score_institutional"": 0.0, ""negative_filters_count"": 0}",True,رد,0.0,0.0,0.0,0.0,0.0,0.0,0.0,0.0,0.0,0.0,0.0,0.0,2.6,20.0,20.0,1405-05-18,0.0,وتوكا,2026-09-08,0.0
وتوکا3,,,,,,,,,,,,,,,,,,,,,,,,,,,,,,,,,,,,,,,,,,,,,,,,
وتکادو,,,,,,,,,,,,,,,,,,,,,,,,,,,,,,,,,,,,,,,,,,,,,,,,
وتکسان,,,,,,,,,,,,,,,,,,,,,,,,,,,,,,,,,,,,,,,,,,,,,,,,
وثخوز,,,,,,,,,,,,,,,,,,,,,,,,,,,,,,,,,,,,,,,,,,,,,,,,
وثروت پایا,,,,,,,,,,,,,,,,,,,,,,,,,,,,,,,,,,,,,,,,,,,,,,,,
وثروت پایتخت,,,,,,,,,,,,,,,,,,,,,,,,,,,,,,,,,,,,,,,,,,,,,,,,
وثنو,,,,,,,,,,,,,,,,,,,,,,,,,,,,,,,,,,,,,,,,,,,,,,,,
وثنو3,,,,,,,,,,,,,,,,,,,,,,,,,,,,,,,,,,,,,,,,,,,,,,,,
وثوق,,,,,,,,,,,,,,,,,,,,,,,,,,,,,,,,,,,,,,,,,,,,,,,,
وجامی,,,,,,,,,,,,,,,,,,,,,,,,,,,,,,,,,,,,,,,,,,,,,,,,
وجم,,,,,,,,,,,,,,,,,,,,,,,,,,,,,,,,,,,,,,,,,,,,,,,,
وجهاد,,,,,,,,,,,,,,,,,,,,,,,,,,,,,,,,,,,,,,,,,,,,,,,,
وجوانه,,,,,,,,,,,,,,,,,,,,,,,,,,,,,,,,,,,,,,,,,,,,,,,,
وحافظ,,,,,,,,,,,,,,,,,,,,,,,,,,,,,,,,,,,,,,,,,,,,,,,,
وحافظح,,,,,,,,,,,,,,,,,,,,,,,,,,,,,,,,,,,,,,,,,,,,,,,,
وحامیم,,,,,,,,,,,,,,,,,,,,,,,,,,,,,,,,,,,,,,,,,,,,,,,,
وحمورابی,,,,,,,,,,,,,,,,,,,,,,,,,,,,,,,,,,,,,,,,,,,,,,,,
وحکمت,,,,,,,,,,,,,,,,,,,,,,,,,,,,,,,,,,,,,,,,,,,,,,,,
وخارزم,0.0,2026-08-09 18:36:44.149365,5120.0,رد_نمره,,,,5.7,2026-08-09 15:06:44.146146,2026-08-09,451,0.0,868404371639.8667,2.4,0,6.523,,,0.36,96.9,,30030,1,17,5.65,"{""atr_14"": 1083.0, ""symbol"": ""وخارزم"", ""live_pe"": 0.6, ""risk_ok"": true, ""decision"": ""رد_نمره"", ""industry"": ""سرمايه گذاريها"", ""pe_ratio"": 0.09, ""raw_score"": 6.2, ""trend_20d"": ""flat"", ""rule_50_30"": ""رد"", ""final_score"": 6.2, ""score_macro"": 10.0, ""volume_spike"": 4.62, ""current_price"": 1274.0, ""liquidity_pct"": 182563898.866667, ""position_size"": 0, ""adjusted_score"": 0.0, ""rank_in_market"": 17, ""score_feedstock"": 0.0, ""score_liquidity"": 5.0, ""score_technical"": 15.0, ""score_valuation"": 20.0, ""stop_loss_price"": -893.0, ""nima_free_spread"": 6.523, ""percentile_score"": 96.9, ""price_change_pct"": 0.55, ""rank_in_industry"": 1, ""score_farabourse"": 0.0, ""score_fundamental"": 7.5, ""score_gov_support"": 0.0, ""institutional_ratio"": 0.0, ""score_institutional"": 0.0, ""negative_filters_count"": 0}",True,رد,0.0,0.0,7.5,5.0,7.5,0.0,5.0,10.0,15.0,0.0,0.0,0.0,6.2,20.0,20.0,1405-05-18,4787.0,وخارزم,2026-09-08,1.01
وخارزم2,,,,,,,,,,,,,,,,,,,,,,,,,,,,,,,,,,,,,,,,,,,,,,,,
وخارزم3,,,,,,,,,,,,,,,,,,,,,,,,,,,,,,,,,,,,,,,,,,,,,,,,
وخانه سازی ایران,,,,,,,,,,,,,,,,,,,,,,,,,,,,,,,,,,,,,,,,,,,,,,,,
وخاور,0.0,2026-08-09 18:36:44.149365,5250.0,رد_نمره,,,,5.7,2026-08-09 15:06:44.146146,2026-08-09,452,0.0,693262174394.3334,1.3,0,6.523,,,0.19,76.1,,30030,6,123,5.65,"{""atr_14"": 327.0, ""symbol"": ""وخاور"", ""live_pe"": 0.5, ""risk_ok"": true, ""decision"": ""رد_نمره"", ""industry"": ""بانكها و موسسات اعتباري"", ""pe_ratio"": 0.08, ""raw_score"": 5.0, ""trend_20d"": ""down"", ""rule_50_30"": ""رد"", ""final_score"": 5.0, ""score_macro"": 10.0, ""volume_spike"": 0.1, ""current_price"": 2130.0, ""liquidity_pct"": 2185469062.166667, ""position_size"": 0, ""adjusted_score"": 0.0, ""rank_in_market"": 123, ""score_feedstock"": 0.0, ""score_liquidity"": 5.0, ""score_technical"": 0.0, ""score_valuation"": 20.0, ""stop_loss_price"": 1476.0, ""nima_free_spread"": 6.523, ""percentile_score"": 76.1, ""price_change_pct"": -2.11, ""rank_in_industry"": 6, ""score_farabourse"": 0.0, ""score_fundamental"": 7.5, ""score_gov_support"": 0.0, ""institutional_ratio"": 0.0, ""score_institutional"": 0.0, ""negative_filters_count"": 0}",True,رد,0.0,0.0,7.5,5.0,7.5,0.0,5.0,10.0,0.0,0.0,0.0,0.0,5.0,20.0,20.0,1405-05-18,4917.0,وخاور,2026-09-08,0.84
وخاور2,,,,,,,,,,,,,,,,,,,,,,,,,,,,,,,,,,,,,,,,,,,,,,,,
وخاور3,,,,,,,,,,,,,,,,,,,,,,,,,,,,,,,,,,,,,,,,,,,,,,,,
وخبرگان آتیه شهر,,,,,,,,,,,,,,,,,,,,,,,,,,,,,,,,,,,,,,,,,,,,,,,,
وخورشید سپهر,,,,,,,,,,,,,,,,,,,,,,,,,,,,,,,,,,,,,,,,,,,,,,,,
ودارائی کارآفرین,,,,,,,,,,,,,,,,,,,,,,,,,,,,,,,,,,,,,,,,,,,,,,,,
وداریوش,,,,,,,,,,,,,,,,,,,,,,,,,,,,,,,,,,,,,,,,,,,,,,,,
ودانا,,,,,,,,,,,,,,,,,,,,,,,,,,,,,,,,,,,,,,,,,,,,,,,,
ودانا سپیدار,,,,,,,,,,,,,,,,,,,,,,,,,,,,,,,,,,,,,,,,,,,,,,,,
ودانشگاه تهران,,,,,,,,,,,,,,,,,,,,,,,,,,,,,,,,,,,,,,,,,,,,,,,,
ودایا,,,,,,,,,,,,,,,,,,,,,,,,,,,,,,,,,,,,,,,,,,,,,,,,
ودستاورد,,,,,,,,,,,,,,,,,,,,,,,,,,,,,,,,,,,,,,,,,,,,,,,,
ودنا,,,,,,,,,,,,,,,,,,,,,,,,,,,,,,,,,,,,,,,,,,,,,,,,
ودی,,,,,,,,,,,,,,,,,,,,,,,,,,,,,,,,,,,,,,,,,,,,,,,,
ودی3,,,,,,,,,,,,,,,,,,,,,,,,,,,,,,,,,,,,,,,,,,,,,,,,
ورازی,,,,,,,,,,,,,,,,,,,,,,,,,,,,,,,,,,,,,,,,,,,,,,,,
وراوی,,,,,,,,,,,,,,,,,,,,,,,,,,,,,,,,,,,,,,,,,,,,,,,,
ورایا,,,,,,,,,,,,,,,,,,,,,,,,,,,,,,,,,,,,,,,,,,,,,,,,
ورسا,,,,,,,,,,,,,,,,,,,,,,,,,,,,,,,,,,,,,,,,,,,,,,,,
ورستا,,,,,,,,,,,,,,,,,,,,,,,,,,,,,,,,,,,,,,,,,,,,,,,,
ورشد خواهان,,,,,,,,,,,,,,,,,,,,,,,,,,,,,,,,,,,,,,,,,,,,,,,,
ورشک,,,,,,,,,,,,,,,,,,,,,,,,,,,,,,,,,,,,,,,,,,,,,,,,
ورفاه,,,,,,,,,,,,,,,,,,,,,,,,,,,,,,,,,,,,,,,,,,,,,,,,
ورنا,0.0,2026-08-09 18:36:44.149365,5450.0,رد_نمره,,,,4.9,2026-08-09 15:06:44.146146,2026-08-09,453,0.0,1205970726317.3333,6.2,0,6.523,,,0.96,75.9,,26178,6,124,4.85,"{""atr_14"": 38.0, ""symbol"": ""ورنا"", ""live_pe"": 2.2, ""risk_ok"": true, ""decision"": ""رد_نمره"", ""industry"": ""خودرو و ساخت قطعات"", ""pe_ratio"": 0.34, ""raw_score"": 5.0, ""trend_20d"": ""up"", ""rule_50_30"": ""رد"", ""final_score"": 5.0, ""score_macro"": 10.0, ""volume_spike"": 0.62, ""current_price"": 1950.0, ""liquidity_pct"": 145855911.933333, ""position_size"": 0, ""adjusted_score"": 0.0, ""rank_in_market"": 124, ""score_feedstock"": 0.0, ""score_liquidity"": 5.0, ""score_technical"": 0.0, ""score_valuation"": 20.0, ""stop_loss_price"": 1814.0, ""nima_free_spread"": 6.523, ""percentile_score"": 75.9, ""price_change_pct"": 1.83, ""rank_in_industry"": 6, ""score_farabourse"": 0.0, ""score_fundamental"": 7.5, ""score_gov_support"": 0.0, ""institutional_ratio"": 0.0, ""score_institutional"": 0.0, ""negative_filters_count"": 0}",True,رد,0.0,0.0,7.5,5.0,7.5,0.0,5.0,0.0,0.0,0.0,0.0,0.0,5.0,20.0,20.0,1405-05-18,5068.0,ورنا,2026-09-08,0.49
ورنا3,,,,,,,,,,,,,,,,,,,,,,,,,,,,,,,,,,,,,,,,,,,,,,,,
وزاگرس,,,,,,,,,,,,,,,,,,,,,,,,,,,,,,,,,,,,,,,,,,,,,,,,
وزرین,,,,,,,,,,,,,,,,,,,,,,,,,,,,,,,,,,,,,,,,,,,,,,,,
وزرین سپاهان,,,,,,,,,,,,,,,,,,,,,,,,,,,,,,,,,,,,,,,,,,,,,,,,
وزمين,,,,,,,,,,,,,,,,,,,,,,,,,,,,,,,,,,,,,,,,,,,,,,,,
وساخت,0.0,2026-08-09 18:36:44.149365,0.0,رد_نمره,,,,4.8,2026-08-09 15:06:44.146146,2026-08-09,455,0.0,0.0,0.0,0,6.523,,,0.0,75.5,,0,5,126,4.75,"{""atr_14"": 0.0, ""symbol"": ""وساخت"", ""live_pe"": 1.7, ""risk_ok"": true, ""decision"": ""رد_نمره"", ""industry"": ""انبوه سازي، املاك و مستغلات"", ""pe_ratio"": 0.27, ""raw_score"": 5.0, ""trend_20d"": ""flat"", ""rule_50_30"": ""رد"", ""final_score"": 5.0, ""score_macro"": 10.0, ""volume_spike"": 0.04, ""current_price"": 1000.0, ""liquidity_pct"": 62529931.733333, ""position_size"": 0, ""adjusted_score"": 0.0, ""rank_in_market"": 126, ""score_feedstock"": 0.0, ""score_liquidity"": 5.0, ""score_technical"": 0.0, ""score_valuation"": 20.0, ""stop_loss_price"": 930.0, ""nima_free_spread"": 6.523, ""percentile_score"": 75.5, ""price_change_pct"": 0.0, ""rank_in_industry"": 5, ""score_farabourse"": 0.0, ""score_fundamental"": 7.5, ""score_gov_support"": 0.0, ""institutional_ratio"": 0.0, ""score_institutional"": 0.0, ""negative_filters_count"": 0}",True,رد,0.0,0.0,7.5,0.0,7.5,0.0,5.0,10.0,0.0,0.0,0.0,0.0,5.0,20.0,20.0,1405-05-18,0.0,وساخت,2026-09-08,0.0
وساخت3,,,,,,,,,,,,,,,,,,,,,,,,,,,,,,,,,,,,,,,,,,,,,,,,
وساذر,,,,,,,,,,,,,,,,,,,,,,,,,,,,,,,,,,,,,,,,,,,,,,,,
وساربیل,0.0,2026-08-09 18:36:44.149365,0.0,رد_نمره,,,,2.6,2026-08-09 15:06:44.146146,2026-08-09,456,0.0,0.0,0.0,0,6.523,,,0.0,19.4,,0,17,412,2.6,"{""atr_14"": 0.0, ""symbol"": ""وساربيل"", ""live_pe"": 0.0, ""risk_ok"": true, ""decision"": ""رد_نمره"", ""industry"": ""سرمايه گذاريها"", ""pe_ratio"": 0.0, ""raw_score"": 2.6, ""trend_20d"": ""flat"", ""rule_50_30"": ""رد"", ""final_score"": 2.6, ""score_macro"": 0.0, ""volume_spike"": 0.0, ""current_price"": 0.0, ""liquidity_pct"": 0.0, ""position_size"": 0, ""adjusted_score"": 0.0, ""rank_in_market"": 412, ""score_feedstock"": 0.0, ""score_liquidity"": 0.0, ""score_technical"": 0.0, ""score_valuation"": 20.0, ""stop_loss_price"": 0, ""nima_free_spread"": 6.523, ""percentile_score"": 19.4, ""price_change_pct"": 0.0, ""rank_in_industry"": 17, ""score_farabourse"": 0.0, ""score_fundamental"": 0.0, ""score_gov_support"": 0.0, ""institutional_ratio"": 0.0, ""score_institutional"": 0.0, ""negative_filters_count"": 0}",True,رد,0.0,0.0,0.0,0.0,0.0,0.0,0.0,0.0,0.0,0.0,0.0,0.0,2.6,20.0,20.0,1405-05-18,0.0,وساربيل,2026-09-08,0.0
وساشرقی,0.0,2026-08-09 18:36:44.149365,0.0,رد_نمره,,,,2.6,2026-08-09 15:06:44.146146,2026-08-09,457,0.0,0.0,0.0,0,6.523,,,0.0,19.2,,0,18,413,2.6,"{""atr_14"": 0.0, ""symbol"": ""وساشرقي"", ""live_pe"": 0.0, ""risk_ok"": true, ""decision"": ""رد_نمره"", ""industry"": ""سرمايه گذاريها"", ""pe_ratio"": 0.0, ""raw_score"": 2.6, ""trend_20d"": ""flat"", ""rule_50_30"": ""رد"", ""final_score"": 2.6, ""score_macro"": 0.0, ""volume_spike"": 0.0, ""current_price"": 0.0, ""liquidity_pct"": 0.0, ""position_size"": 0, ""adjusted_score"": 0.0, ""rank_in_market"": 413, ""score_feedstock"": 0.0, ""score_liquidity"": 0.0, ""score_technical"": 0.0, ""score_valuation"": 20.0, ""stop_loss_price"": 0, ""nima_free_spread"": 6.523, ""percentile_score"": 19.2, ""price_change_pct"": 0.0, ""rank_in_industry"": 18, ""score_farabourse"": 0.0, ""score_fundamental"": 0.0, ""score_gov_support"": 0.0, ""institutional_ratio"": 0.0, ""score_institutional"": 0.0, ""negative_filters_count"": 0}",True,رد,0.0,0.0,0.0,0.0,0.0,0.0,0.0,0.0,0.0,0.0,0.0,0.0,2.6,20.0,20.0,1405-05-18,0.0,وساشرقي,2026-09-08,0.0
وساغربی,0.0,2026-08-09 18:36:44.149365,0.0,رد_نمره,,,,2.6,2026-08-09 15:06:44.146146,2026-08-09,458,0.0,0.0,0.0,0,6.523,,,0.0,19.0,,0,19,414,2.6,"{""atr_14"": 0.0, ""symbol"": ""وساغربي"", ""live_pe"": 0.0, ""risk_ok"": true, ""decision"": ""رد_نمره"", ""industry"": ""سرمايه گذاريها"", ""pe_ratio"": 0.0, ""raw_score"": 2.6, ""trend_20d"": ""flat"", ""rule_50_30"": ""رد"", ""final_score"": 2.6, ""score_macro"": 0.0, ""volume_spike"": 0.0, ""current_price"": 0.0, ""liquidity_pct"": 0.0, ""position_size"": 0, ""adjusted_score"": 0.0, ""rank_in_market"": 414, ""score_feedstock"": 0.0, ""score_liquidity"": 0.0, ""score_technical"": 0.0, ""score_valuation"": 20.0, ""stop_loss_price"": 0, ""nima_free_spread"": 6.523, ""percentile_score"": 19.0, ""price_change_pct"": 0.0, ""rank_in_industry"": 19, ""score_farabourse"": 0.0, ""score_fundamental"": 0.0, ""score_gov_support"": 0.0, ""institutional_ratio"": 0.0, ""score_institutional"": 0.0, ""negative_filters_count"": 0}",True,رد,0.0,0.0,0.0,0.0,0.0,0.0,0.0,0.0,0.0,0.0,0.0,0.0,2.6,20.0,20.0,1405-05-18,0.0,وساغربي,2026-09-08,0.0
وسالت,,,,,,,,,,,,,,,,,,,,,,,,,,,,,,,,,,,,,,,,,,,,,,,,
وسامان,,,,,,,,,,,,,,,,,,,,,,,,,,,,,,,,,,,,,,,,,,,,,,,,
وسامان ایرانیان,,,,,,,,,,,,,,,,,,,,,,,,,,,,,,,,,,,,,,,,,,,,,,,,
وساپا,0.0,2026-08-09 18:36:44.149365,7070.0,رد_نمره,,,,5.7,2026-08-09 15:06:44.146146,2026-08-09,454,0.0,1517534429208.0,0.6,0,6.523,,,0.09,75.7,,20202,7,125,5.65,"{""atr_14"": 486.0, ""symbol"": ""وساپا"", ""live_pe"": 0.8, ""risk_ok"": true, ""decision"": ""رد_نمره"", ""industry"": ""سرمايه گذاريها"", ""pe_ratio"": 0.12, ""raw_score"": 5.0, ""trend_20d"": ""up"", ""rule_50_30"": ""رد"", ""final_score"": 5.0, ""score_macro"": 10.0, ""volume_spike"": 1.1, ""current_price"": 8807.0, ""liquidity_pct"": 35052187.7, ""position_size"": 0, ""adjusted_score"": 0.0, ""rank_in_market"": 125, ""score_feedstock"": 0.0, ""score_liquidity"": 5.0, ""score_technical"": 0.0, ""score_valuation"": 20.0, ""stop_loss_price"": 7835.0, ""nima_free_spread"": 6.523, ""percentile_score"": 75.7, ""price_change_pct"": 5.0, ""rank_in_industry"": 7, ""score_farabourse"": 0.0, ""score_fundamental"": 7.5, ""score_gov_support"": 0.0, ""institutional_ratio"": 0.0, ""score_institutional"": 0.0, ""negative_filters_count"": 0}",True,رد,0.0,0.0,7.5,5.0,7.5,0.0,5.0,10.0,0.0,0.0,0.0,0.0,5.0,20.0,20.0,1405-05-18,6575.0,وساپا,2026-09-08,0.55
وساپا3,,,,,,,,,,,,,,,,,,,,,,,,,,,,,,,,,,,,,,,,,,,,,,,,
وسایه گستر,,,,,,,,,,,,,,,,,,,,,,,,,,,,,,,,,,,,,,,,,,,,,,,,
وسبحان,,,,,,,,,,,,,,,,,,,,,,,,,,,,,,,,,,,,,,,,,,,,,,,,
وسبحان3,,,,,,,,,,,,,,,,,,,,,,,,,,,,,,,,,,,,,,,,,,,,,,,,
وسبوشهر,0.0,2026-08-09 18:36:44.149365,0.0,رد_نمره,,,,2.6,2026-08-09 15:06:44.146146,2026-08-09,459,0.0,0.0,0.0,0,6.523,,,0.0,18.8,,0,20,415,2.6,"{""atr_14"": 0.0, ""symbol"": ""وسبوشهر"", ""live_pe"": 0.0, ""risk_ok"": true, ""decision"": ""رد_نمره"", ""industry"": ""سرمايه گذاريها"", ""pe_ratio"": 0.0, ""raw_score"": 2.6, ""trend_20d"": ""flat"", ""rule_50_30"": ""رد"", ""final_score"": 2.6, ""score_macro"": 0.0, ""volume_spike"": 0.0, ""current_price"": 0.0, ""liquidity_pct"": 0.0, ""position_size"": 0, ""adjusted_score"": 0.0, ""rank_in_market"": 415, ""score_feedstock"": 0.0, ""score_liquidity"": 0.0, ""score_technical"": 0.0, ""score_valuation"": 20.0, ""stop_loss_price"": 0, ""nima_free_spread"": 6.523, ""percentile_score"": 18.8, ""price_change_pct"": 0.0, ""rank_in_industry"": 20, ""score_farabourse"": 0.0, ""score_fundamental"": 0.0, ""score_gov_support"": 0.0, ""institutional_ratio"": 0.0, ""score_institutional"": 0.0, ""negative_filters_count"": 0}",True,رد,0.0,0.0,0.0,0.0,0.0,0.0,0.0,0.0,0.0,0.0,0.0,0.0,2.6,20.0,20.0,1405-05-18,0.0,وسبوشهر,2026-09-08,0.0
وسخراج,0.0,2026-08-09 18:36:44.149365,0.0,رد_نمره,,,,2.6,2026-08-09 15:06:44.146146,2026-08-09,461,0.0,0.0,0.0,0,6.523,,,0.0,18.6,,0,21,416,2.6,"{""atr_14"": 0.0, ""symbol"": ""وسخراج"", ""live_pe"": 0.0, ""risk_ok"": true, ""decision"": ""رد_نمره"", ""industry"": ""سرمايه گذاريها"", ""pe_ratio"": 0.0, ""raw_score"": 2.6, ""trend_20d"": ""flat"", ""rule_50_30"": ""رد"", ""final_score"": 2.6, ""score_macro"": 0.0, ""volume_spike"": 0.0, ""current_price"": 0.0, ""liquidity_pct"": 0.0, ""position_size"": 0, ""adjusted_score"": 0.0, ""rank_in_market"": 416, ""score_feedstock"": 0.0, ""score_liquidity"": 0.0, ""score_technical"": 0.0, ""score_valuation"": 20.0, ""stop_loss_price"": 0, ""nima_free_spread"": 6.523, ""percentile_score"": 18.6, ""price_change_pct"": 0.0, ""rank_in_industry"": 21, ""score_farabourse"": 0.0, ""score_fundamental"": 0.0, ""score_gov_support"": 0.0, ""institutional_ratio"": 0.0, ""score_institutional"": 0.0, ""negative_filters_count"": 0}",True,رد,0.0,0.0,0.0,0.0,0.0,0.0,0.0,0.0,0.0,0.0,0.0,0.0,2.6,20.0,20.0,1405-05-18,0.0,وسخراج,2026-09-08,0.0
وسخراش,0.0,2026-08-09 18:36:44.149365,0.0,رد_نمره,,,,2.6,2026-08-09 15:06:44.146146,2026-08-09,462,0.0,0.0,0.0,0,6.523,,,0.0,18.4,,0,22,417,2.6,"{""atr_14"": 0.0, ""symbol"": ""وسخراش"", ""live_pe"": 0.0, ""risk_ok"": true, ""decision"": ""رد_نمره"", ""industry"": ""سرمايه گذاريها"", ""pe_ratio"": 0.0, ""raw_score"": 2.6, ""trend_20d"": ""flat"", ""rule_50_30"": ""رد"", ""final_score"": 2.6, ""score_macro"": 0.0, ""volume_spike"": 0.0, ""current_price"": 0.0, ""liquidity_pct"": 0.0, ""position_size"": 0, ""adjusted_score"": 0.0, ""rank_in_market"": 417, ""score_feedstock"": 0.0, ""score_liquidity"": 0.0, ""score_technical"": 0.0, ""score_valuation"": 20.0, ""stop_loss_price"": 0, ""nima_free_spread"": 6.523, ""percentile_score"": 18.4, ""price_change_pct"": 0.0, ""rank_in_industry"": 22, ""score_farabourse"": 0.0, ""score_fundamental"": 0.0, ""score_gov_support"": 0.0, ""institutional_ratio"": 0.0, ""score_institutional"": 0.0, ""negative_filters_count"": 0}",True,رد,0.0,0.0,0.0,0.0,0.0,0.0,0.0,0.0,0.0,0.0,0.0,0.0,2.6,20.0,20.0,1405-05-18,0.0,وسخراش,2026-09-08,0.0
وسخوز,0.0,2026-08-09 18:36:44.149365,0.0,رد_نمره,,,,2.6,2026-08-09 15:06:44.146146,2026-08-09,463,0.0,0.0,0.0,0,6.523,,,0.0,18.2,,0,23,418,2.6,"{""atr_14"": 0.0, ""symbol"": ""وسخوز"", ""live_pe"": 0.0, ""risk_ok"": true, ""decision"": ""رد_نمره"", ""industry"": ""سرمايه گذاريها"", ""pe_ratio"": 0.0, ""raw_score"": 2.6, ""trend_20d"": ""flat"", ""rule_50_30"": ""رد"", ""final_score"": 2.6, ""score_macro"": 0.0, ""volume_spike"": 0.0, ""current_price"": 0.0, ""liquidity_pct"": 0.0, ""position_size"": 0, ""adjusted_score"": 0.0, ""rank_in_market"": 418, ""score_feedstock"": 0.0, ""score_liquidity"": 0.0, ""score_technical"": 0.0, ""score_valuation"": 20.0, ""stop_loss_price"": 0, ""nima_free_spread"": 6.523, ""percentile_score"": 18.2, ""price_change_pct"": 0.0, ""rank_in_industry"": 23, ""score_farabourse"": 0.0, ""score_fundamental"": 0.0, ""score_gov_support"": 0.0, ""institutional_ratio"": 0.0, ""score_institutional"": 0.0, ""negative_filters_count"": 0}",True,رد,0.0,0.0,0.0,0.0,0.0,0.0,0.0,0.0,0.0,0.0,0.0,0.0,2.6,20.0,20.0,1405-05-18,0.0,وسخوز,2026-09-08,0.0
وسدید,0.0,2026-08-09 18:36:44.149365,0.0,رد_نمره,,,,2.6,2026-08-09 15:06:44.146146,2026-08-09,464,0.0,0.0,0.0,0,6.523,,,0.0,18.0,,0,30,419,2.6,"{""atr_14"": 0.0, ""symbol"": ""وسديد"", ""live_pe"": 0.0, ""risk_ok"": true, ""decision"": ""رد_نمره"", ""industry"": ""فلزات اساسي"", ""pe_ratio"": 0.0, ""raw_score"": 2.6, ""trend_20d"": ""flat"", ""rule_50_30"": ""رد"", ""final_score"": 2.6, ""score_macro"": 0.0, ""volume_spike"": 0.0, ""current_price"": 0.0, ""liquidity_pct"": 0.0, ""position_size"": 0, ""adjusted_score"": 0.0, ""rank_in_market"": 419, ""score_feedstock"": 0.0, ""score_liquidity"": 0.0, ""score_technical"": 0.0, ""score_valuation"": 20.0, ""stop_loss_price"": 0, ""nima_free_spread"": 6.523, ""percentile_score"": 18.0, ""price_change_pct"": 0.0, ""rank_in_industry"": 30, ""score_farabourse"": 0.0, ""score_fundamental"": 0.0, ""score_gov_support"": 0.0, ""institutional_ratio"": 0.0, ""score_institutional"": 0.0, ""negative_filters_count"": 0}",True,رد,0.0,0.0,0.0,0.0,0.0,0.0,0.0,0.0,0.0,0.0,0.0,0.0,2.6,20.0,20.0,1405-05-18,0.0,وسديد,2026-09-08,0.0
وسرآمد,,,,,,,,,,,,,,,,,,,,,,,,,,,,,,,,,,,,,,,,,,,,,,,,
وسرضوی,0.0,2026-08-09 18:36:44.149365,0.0,رد_نمره,,,,2.6,2026-08-09 15:06:44.146146,2026-08-09,465,0.0,0.0,0.0,0,6.523,,,0.0,17.8,,0,24,420,2.6,"{""atr_14"": 0.0, ""symbol"": ""وسرضوي"", ""live_pe"": 0.0, ""risk_ok"": true, ""decision"": ""رد_نمره"", ""industry"": ""سرمايه گذاريها"", ""pe_ratio"": 0.0, ""raw_score"": 2.6, ""trend_20d"": ""flat"", ""rule_50_30"": ""رد"", ""final_score"": 2.6, ""score_macro"": 0.0, ""volume_spike"": 0.0, ""current_price"": 0.0, ""liquidity_pct"": 0.0, ""position_size"": 0, ""adjusted_score"": 0.0, ""rank_in_market"": 420, ""score_feedstock"": 0.0, ""score_liquidity"": 0.0, ""score_technical"": 0.0, ""score_valuation"": 20.0, ""stop_loss_price"": 0, ""nima_free_spread"": 6.523, ""percentile_score"": 17.8, ""price_change_pct"": 0.0, ""rank_in_industry"": 24, ""score_farabourse"": 0.0, ""score_fundamental"": 0.0, ""score_gov_support"": 0.0, ""institutional_ratio"": 0.0, ""score_institutional"": 0.0, ""negative_filters_count"": 0}",True,رد,0.0,0.0,0.0,0.0,0.0,0.0,0.0,0.0,0.0,0.0,0.0,0.0,2.6,20.0,20.0,1405-05-18,0.0,وسرضوي,2026-09-08,0.0
وسرمایه ,,,,,,,,,,,,,,,,,,,,,,,,,,,,,,,,,,,,,,,,,,,,,,,,
وسرمایه دی,,,,,,,,,,,,,,,,,,,,,,,,,,,,,,,,,,,,,,,,,,,,,,,,
وسرمد,,,,,,,,,,,,,,,,,,,,,,,,,,,,,,,,,,,,,,,,,,,,,,,,
وسرمد2,,,,,,,,,,,,,,,,,,,,,,,,,,,,,,,,,,,,,,,,,,,,,,,,
وسریر,,,,,,,,,,,,,,,,,,,,,,,,,,,,,,,,,,,,,,,,,,,,,,,,
وسزنجان,0.0,2026-08-09 18:36:44.149365,0.0,رد_نمره,,,,2.6,2026-08-09 15:06:44.146146,2026-08-09,466,0.0,0.0,0.0,0,6.523,,,0.0,17.6,,0,25,421,2.6,"{""atr_14"": 0.0, ""symbol"": ""وسزنجان"", ""live_pe"": 0.0, ""risk_ok"": true, ""decision"": ""رد_نمره"", ""industry"": ""سرمايه گذاريها"", ""pe_ratio"": 0.0, ""raw_score"": 2.6, ""trend_20d"": ""flat"", ""rule_50_30"": ""رد"", ""final_score"": 2.6, ""score_macro"": 0.0, ""volume_spike"": 0.0, ""current_price"": 0.0, ""liquidity_pct"": 0.0, ""position_size"": 0, ""adjusted_score"": 0.0, ""rank_in_market"": 421, ""score_feedstock"": 0.0, ""score_liquidity"": 0.0, ""score_technical"": 0.0, ""score_valuation"": 20.0, ""stop_loss_price"": 0, ""nima_free_spread"": 6.523, ""percentile_score"": 17.6, ""price_change_pct"": 0.0, ""rank_in_industry"": 25, ""score_farabourse"": 0.0, ""score_fundamental"": 0.0, ""score_gov_support"": 0.0, ""institutional_ratio"": 0.0, ""score_institutional"": 0.0, ""negative_filters_count"": 0}",True,رد,0.0,0.0,0.0,0.0,0.0,0.0,0.0,0.0,0.0,0.0,0.0,0.0,2.6,20.0,20.0,1405-05-18,0.0,وسزنجان,2026-09-08,0.0
وسصفا,0.0,2026-08-09 18:36:44.149365,0.0,رد_نمره,,,,2.6,2026-08-09 15:06:44.146146,2026-08-09,467,0.0,0.0,0.0,0,6.523,,,0.0,17.5,,0,26,422,2.6,"{""atr_14"": 0.0, ""symbol"": ""وسصفا"", ""live_pe"": 0.0, ""risk_ok"": true, ""decision"": ""رد_نمره"", ""industry"": ""سرمايه گذاريها"", ""pe_ratio"": 0.0, ""raw_score"": 2.6, ""trend_20d"": ""flat"", ""rule_50_30"": ""رد"", ""final_score"": 2.6, ""score_macro"": 0.0, ""volume_spike"": 0.0, ""current_price"": 0.0, ""liquidity_pct"": 0.0, ""position_size"": 0, ""adjusted_score"": 0.0, ""rank_in_market"": 422, ""score_feedstock"": 0.0, ""score_liquidity"": 0.0, ""score_technical"": 0.0, ""score_valuation"": 20.0, ""stop_loss_price"": 0, ""nima_free_spread"": 6.523, ""percentile_score"": 17.5, ""price_change_pct"": 0.0, ""rank_in_industry"": 26, ""score_farabourse"": 0.0, ""score_fundamental"": 0.0, ""score_gov_support"": 0.0, ""institutional_ratio"": 0.0, ""score_institutional"": 0.0, ""negative_filters_count"": 0}",True,رد,0.0,0.0,0.0,0.0,0.0,0.0,0.0,0.0,0.0,0.0,0.0,0.0,2.6,20.0,20.0,1405-05-18,0.0,وسصفا,2026-09-08,0.0
وسعه کسب و کار و تامین خدمات روز,,,,,,,,,,,,,,,,,,,,,,,,,,,,,,,,,,,,,,,,,,,,,,,,
وسفارس,0.0,2026-08-09 18:36:44.149365,0.0,رد_نمره,,,,2.6,2026-08-09 15:06:44.146146,2026-08-09,468,0.0,0.0,0.0,0,6.523,,,0.0,17.3,,0,27,423,2.6,"{""atr_14"": 0.0, ""symbol"": ""وسفارس"", ""live_pe"": 0.0, ""risk_ok"": true, ""decision"": ""رد_نمره"", ""industry"": ""سرمايه گذاريها"", ""pe_ratio"": 0.0, ""raw_score"": 2.6, ""trend_20d"": ""flat"", ""rule_50_30"": ""رد"", ""final_score"": 2.6, ""score_macro"": 0.0, ""volume_spike"": 0.0, ""current_price"": 0.0, ""liquidity_pct"": 0.0, ""position_size"": 0, ""adjusted_score"": 0.0, ""rank_in_market"": 423, ""score_feedstock"": 0.0, ""score_liquidity"": 0.0, ""score_technical"": 0.0, ""score_valuation"": 20.0, ""stop_loss_price"": 0, ""nima_free_spread"": 6.523, ""percentile_score"": 17.3, ""price_change_pct"": 0.0, ""rank_in_industry"": 27, ""score_farabourse"": 0.0, ""score_fundamental"": 0.0, ""score_gov_support"": 0.0, ""institutional_ratio"": 0.0, ""score_institutional"": 0.0, ""negative_filters_count"": 0}",True,رد,0.0,0.0,0.0,0.0,0.0,0.0,0.0,0.0,0.0,0.0,0.0,0.0,2.6,20.0,20.0,1405-05-18,0.0,وسفارس,2026-09-08,0.0
وسقزوین,0.0,2026-08-09 18:36:44.149365,0.0,رد_نمره,,,,2.6,2026-08-09 15:06:44.146146,2026-08-09,469,0.0,0.0,0.0,0,6.523,,,0.0,17.1,,0,28,424,2.6,"{""atr_14"": 0.0, ""symbol"": ""وسقزوين"", ""live_pe"": 0.0, ""risk_ok"": true, ""decision"": ""رد_نمره"", ""industry"": ""سرمايه گذاريها"", ""pe_ratio"": 0.0, ""raw_score"": 2.6, ""trend_20d"": ""flat"", ""rule_50_30"": ""رد"", ""final_score"": 2.6, ""score_macro"": 0.0, ""volume_spike"": 0.0, ""current_price"": 0.0, ""liquidity_pct"": 0.0, ""position_size"": 0, ""adjusted_score"": 0.0, ""rank_in_market"": 424, ""score_feedstock"": 0.0, ""score_liquidity"": 0.0, ""score_technical"": 0.0, ""score_valuation"": 20.0, ""stop_loss_price"": 0, ""nima_free_spread"": 6.523, ""percentile_score"": 17.1, ""price_change_pct"": 0.0, ""rank_in_industry"": 28, ""score_farabourse"": 0.0, ""score_fundamental"": 0.0, ""score_gov_support"": 0.0, ""institutional_ratio"": 0.0, ""score_institutional"": 0.0, ""negative_filters_count"": 0}",True,رد,0.0,0.0,0.0,0.0,0.0,0.0,0.0,0.0,0.0,0.0,0.0,0.0,2.6,20.0,20.0,1405-05-18,0.0,وسقزوين,2026-09-08,0.0
وسقم,0.0,2026-08-09 18:36:44.149365,0.0,رد_نمره,,,,2.6,2026-08-09 15:06:44.146146,2026-08-09,470,0.0,0.0,0.0,0,6.523,,,0.0,16.9,,0,29,425,2.6,"{""atr_14"": 0.0, ""symbol"": ""وسقم"", ""live_pe"": 0.0, ""risk_ok"": true, ""decision"": ""رد_نمره"", ""industry"": ""سرمايه گذاريها"", ""pe_ratio"": 0.0, ""raw_score"": 2.6, ""trend_20d"": ""flat"", ""rule_50_30"": ""رد"", ""final_score"": 2.6, ""score_macro"": 0.0, ""volume_spike"": 0.0, ""current_price"": 0.0, ""liquidity_pct"": 0.0, ""position_size"": 0, ""adjusted_score"": 0.0, ""rank_in_market"": 425, ""score_feedstock"": 0.0, ""score_liquidity"": 0.0, ""score_technical"": 0.0, ""score_valuation"": 20.0, ""stop_loss_price"": 0, ""nima_free_spread"": 6.523, ""percentile_score"": 16.9, ""price_change_pct"": 0.0, ""rank_in_industry"": 29, ""score_farabourse"": 0.0, ""score_fundamental"": 0.0, ""score_gov_support"": 0.0, ""institutional_ratio"": 0.0, ""score_institutional"": 0.0, ""negative_filters_count"": 0}",True,رد,0.0,0.0,0.0,0.0,0.0,0.0,0.0,0.0,0.0,0.0,0.0,0.0,2.6,20.0,20.0,1405-05-18,0.0,وسقم,2026-09-08,0.0
وسكهبو,0.0,2026-08-09 18:36:44.149365,0.0,رد_نمره,,,,2.6,2026-08-09 15:06:44.146146,2026-08-09,475,0.0,0.0,0.0,0,6.523,,,0.0,15.9,,0,34,430,2.6,"{""atr_14"": 0.0, ""symbol"": ""وسكهبو"", ""live_pe"": 0.0, ""risk_ok"": true, ""decision"": ""رد_نمره"", ""industry"": ""سرمايه گذاريها"", ""pe_ratio"": 0.0, ""raw_score"": 2.6, ""trend_20d"": ""flat"", ""rule_50_30"": ""رد"", ""final_score"": 2.6, ""score_macro"": 0.0, ""volume_spike"": 0.0, ""current_price"": 0.0, ""liquidity_pct"": 0.0, ""position_size"": 0, ""adjusted_score"": 0.0, ""rank_in_market"": 430, ""score_feedstock"": 0.0, ""score_liquidity"": 0.0, ""score_technical"": 0.0, ""score_valuation"": 20.0, ""stop_loss_price"": 0, ""nima_free_spread"": 6.523, ""percentile_score"": 15.9, ""price_change_pct"": 0.0, ""rank_in_industry"": 34, ""score_farabourse"": 0.0, ""score_fundamental"": 0.0, ""score_gov_support"": 0.0, ""institutional_ratio"": 0.0, ""score_institutional"": 0.0, ""negative_filters_count"": 0}",True,رد,0.0,0.0,0.0,0.0,0.0,0.0,0.0,0.0,0.0,0.0,0.0,0.0,2.6,20.0,20.0,1405-05-18,0.0,وسكهبو,2026-09-08,0.0
وسلرستا,0.0,2026-08-09 18:36:44.149365,0.0,رد_نمره,,,,2.6,2026-08-09 15:06:44.146146,2026-08-09,478,0.0,0.0,0.0,0,6.523,,,0.0,15.3,,0,37,433,2.6,"{""atr_14"": 0.0, ""symbol"": ""وسلرستا"", ""live_pe"": 0.0, ""risk_ok"": true, ""decision"": ""رد_نمره"", ""industry"": ""سرمايه گذاريها"", ""pe_ratio"": 0.0, ""raw_score"": 2.6, ""trend_20d"": ""flat"", ""rule_50_30"": ""رد"", ""final_score"": 2.6, ""score_macro"": 0.0, ""volume_spike"": 0.0, ""current_price"": 0.0, ""liquidity_pct"": 0.0, ""position_size"": 0, ""adjusted_score"": 0.0, ""rank_in_market"": 433, ""score_feedstock"": 0.0, ""score_liquidity"": 0.0, ""score_technical"": 0.0, ""score_valuation"": 20.0, ""stop_loss_price"": 0, ""nima_free_spread"": 6.523, ""percentile_score"": 15.3, ""price_change_pct"": 0.0, ""rank_in_industry"": 37, ""score_farabourse"": 0.0, ""score_fundamental"": 0.0, ""score_gov_support"": 0.0, ""institutional_ratio"": 0.0, ""score_institutional"": 0.0, ""negative_filters_count"": 0}",True,رد,0.0,0.0,0.0,0.0,0.0,0.0,0.0,0.0,0.0,0.0,0.0,0.0,2.6,20.0,20.0,1405-05-18,0.0,وسلرستا,2026-09-08,0.0
وسمازن,0.0,2026-08-09 18:36:44.149365,0.0,رد_نمره,,,,2.6,2026-08-09 15:06:44.146146,2026-08-09,479,0.0,0.0,0.0,0,6.523,,,0.0,15.1,,0,38,434,2.6,"{""atr_14"": 0.0, ""symbol"": ""وسمازن"", ""live_pe"": 0.0, ""risk_ok"": true, ""decision"": ""رد_نمره"", ""industry"": ""سرمايه گذاريها"", ""pe_ratio"": 0.0, ""raw_score"": 2.6, ""trend_20d"": ""flat"", ""rule_50_30"": ""رد"", ""final_score"": 2.6, ""score_macro"": 0.0, ""volume_spike"": 0.0, ""current_price"": 0.0, ""liquidity_pct"": 0.0, ""position_size"": 0, ""adjusted_score"": 0.0, ""rank_in_market"": 434, ""score_feedstock"": 0.0, ""score_liquidity"": 0.0, ""score_technical"": 0.0, ""score_valuation"": 20.0, ""stop_loss_price"": 0, ""nima_free_spread"": 6.523, ""percentile_score"": 15.1, ""price_change_pct"": 0.0, ""rank_in_industry"": 38, ""score_farabourse"": 0.0, ""score_fundamental"": 0.0, ""score_gov_support"": 0.0, ""institutional_ratio"": 0.0, ""score_institutional"": 0.0, ""negative_filters_count"": 0}",True,رد,0.0,0.0,0.0,0.0,0.0,0.0,0.0,0.0,0.0,0.0,0.0,0.0,2.6,20.0,20.0,1405-05-18,0.0,وسمازن,2026-09-08,0.0
وسمحال,0.0,2026-08-09 18:36:44.149365,0.0,رد_نمره,,,,2.6,2026-08-09 15:06:44.146146,2026-08-09,480,0.0,0.0,0.0,0,6.523,,,0.0,14.9,,0,39,435,2.6,"{""atr_14"": 0.0, ""symbol"": ""وسمحال"", ""live_pe"": 0.0, ""risk_ok"": true, ""decision"": ""رد_نمره"", ""industry"": ""سرمايه گذاريها"", ""pe_ratio"": 0.0, ""raw_score"": 2.6, ""trend_20d"": ""flat"", ""rule_50_30"": ""رد"", ""final_score"": 2.6, ""score_macro"": 0.0, ""volume_spike"": 0.0, ""current_price"": 0.0, ""liquidity_pct"": 0.0, ""position_size"": 0, ""adjusted_score"": 0.0, ""rank_in_market"": 435, ""score_feedstock"": 0.0, ""score_liquidity"": 0.0, ""score_technical"": 0.0, ""score_valuation"": 20.0, ""stop_loss_price"": 0, ""nima_free_spread"": 6.523, ""percentile_score"": 14.9, ""price_change_pct"": 0.0, ""rank_in_industry"": 39, ""score_farabourse"": 0.0, ""score_fundamental"": 0.0, ""score_gov_support"": 0.0, ""institutional_ratio"": 0.0, ""score_institutional"": 0.0, ""negative_filters_count"": 0}",True,رد,0.0,0.0,0.0,0.0,0.0,0.0,0.0,0.0,0.0,0.0,0.0,0.0,2.6,20.0,20.0,1405-05-18,0.0,وسمحال,2026-09-08,0.0
وسمرکز,0.0,2026-08-09 18:36:44.149365,0.0,رد_نمره,,,,2.6,2026-08-09 15:06:44.146146,2026-08-09,481,0.0,0.0,0.0,0,6.523,,,0.0,14.7,,0,40,436,2.6,"{""atr_14"": 0.0, ""symbol"": ""وسمركز"", ""live_pe"": 0.0, ""risk_ok"": true, ""decision"": ""رد_نمره"", ""industry"": ""سرمايه گذاريها"", ""pe_ratio"": 0.0, ""raw_score"": 2.6, ""trend_20d"": ""flat"", ""rule_50_30"": ""رد"", ""final_score"": 2.6, ""score_macro"": 0.0, ""volume_spike"": 0.0, ""current_price"": 0.0, ""liquidity_pct"": 0.0, ""position_size"": 0, ""adjusted_score"": 0.0, ""rank_in_market"": 436, ""score_feedstock"": 0.0, ""score_liquidity"": 0.0, ""score_technical"": 0.0, ""score_valuation"": 20.0, ""stop_loss_price"": 0, ""nima_free_spread"": 6.523, ""percentile_score"": 14.7, ""price_change_pct"": 0.0, ""rank_in_industry"": 40, ""score_farabourse"": 0.0, ""score_fundamental"": 0.0, ""score_gov_support"": 0.0, ""institutional_ratio"": 0.0, ""score_institutional"": 0.0, ""negative_filters_count"": 0}",True,رد,0.0,0.0,0.0,0.0,0.0,0.0,0.0,0.0,0.0,0.0,0.0,0.0,2.6,20.0,20.0,1405-05-18,0.0,وسمركز,2026-09-08,0.0
وسمهر,,,,,,,,,,,,,,,,,,,,,,,,,,,,,,,,,,,,,,,,,,,,,,,,
وسنا,,,,,,,,,,,,,,,,,,,,,,,,,,,,,,,,,,,,,,,,,,,,,,,,
وسنجش,,,,,,,,,,,,,,,,,,,,,,,,,,,,,,,,,,,,,,,,,,,,,,,,
وسندان,,,,,,,,,,,,,,,,,,,,,,,,,,,,,,,,,,,,,,,,,,,,,,,,
وسهرمز,0.0,2026-08-09 18:36:44.149365,0.0,رد_نمره,,,,2.6,2026-08-09 15:06:44.146146,2026-08-09,482,0.0,0.0,0.0,0,6.523,,,0.0,14.5,,0,41,437,2.6,"{""atr_14"": 0.0, ""symbol"": ""وسهرمز"", ""live_pe"": 0.0, ""risk_ok"": true, ""decision"": ""رد_نمره"", ""industry"": ""سرمايه گذاريها"", ""pe_ratio"": 0.0, ""raw_score"": 2.6, ""trend_20d"": ""flat"", ""rule_50_30"": ""رد"", ""final_score"": 2.6, ""score_macro"": 0.0, ""volume_spike"": 0.0, ""current_price"": 0.0, ""liquidity_pct"": 0.0, ""position_size"": 0, ""adjusted_score"": 0.0, ""rank_in_market"": 437, ""score_feedstock"": 0.0, ""score_liquidity"": 0.0, ""score_technical"": 0.0, ""score_valuation"": 20.0, ""stop_loss_price"": 0, ""nima_free_spread"": 6.523, ""percentile_score"": 14.5, ""price_change_pct"": 0.0, ""rank_in_industry"": 41, ""score_farabourse"": 0.0, ""score_fundamental"": 0.0, ""score_gov_support"": 0.0, ""institutional_ratio"": 0.0, ""score_institutional"": 0.0, ""negative_filters_count"": 0}",True,رد,0.0,0.0,0.0,0.0,0.0,0.0,0.0,0.0,0.0,0.0,0.0,0.0,2.6,20.0,20.0,1405-05-18,0.0,وسهرمز,2026-09-08,0.0
وسهم آشنا,,,,,,,,,,,,,,,,,,,,,,,,,,,,,,,,,,,,,,,,,,,,,,,,
وسهمدا,0.0,2026-08-09 18:36:44.149365,0.0,رد_نمره,,,,2.6,2026-08-09 15:06:44.146146,2026-08-09,483,0.0,0.0,0.0,0,6.523,,,0.0,14.3,,0,42,438,2.6,"{""atr_14"": 0.0, ""symbol"": ""وسهمدا"", ""live_pe"": 0.0, ""risk_ok"": true, ""decision"": ""رد_نمره"", ""industry"": ""سرمايه گذاريها"", ""pe_ratio"": 0.0, ""raw_score"": 2.6, ""trend_20d"": ""flat"", ""rule_50_30"": ""رد"", ""final_score"": 2.6, ""score_macro"": 0.0, ""volume_spike"": 0.0, ""current_price"": 0.0, ""liquidity_pct"": 0.0, ""position_size"": 0, ""adjusted_score"": 0.0, ""rank_in_market"": 438, ""score_feedstock"": 0.0, ""score_liquidity"": 0.0, ""score_technical"": 0.0, ""score_valuation"": 20.0, ""stop_loss_price"": 0, ""nima_free_spread"": 6.523, ""percentile_score"": 14.3, ""price_change_pct"": 0.0, ""rank_in_industry"": 42, ""score_farabourse"": 0.0, ""score_fundamental"": 0.0, ""score_gov_support"": 0.0, ""institutional_ratio"": 0.0, ""score_institutional"": 0.0, ""negative_filters_count"": 0}",True,رد,0.0,0.0,0.0,0.0,0.0,0.0,0.0,0.0,0.0,0.0,0.0,0.0,2.6,20.0,20.0,1405-05-18,0.0,وسهمدا,2026-09-08,0.0
وسهند,,,,,,,,,,,,,,,,,,,,,,,,,,,,,,,,,,,,,,,,,,,,,,,,
وسينا2,,,,,,,,,,,,,,,,,,,,,,,,,,,,,,,,,,,,,,,,,,,,,,,,
وسپاهان,,,,,,,,,,,,,,,,,,,,,,,,,,,,,,,,,,,,,,,,,,,,,,,,
وسپه,0.0,2026-08-09 18:36:44.149365,4860.0,رد_نمره,,,,5.7,2026-08-09 15:06:44.146146,2026-08-09,460,0.0,325419770253.3333,1.0,0,6.523,,,0.15,75.3,,29411,8,127,5.65,"{""atr_14"": 28.0, ""symbol"": ""وسپه"", ""live_pe"": 0.3, ""risk_ok"": true, ""decision"": ""رد_نمره"", ""industry"": ""سرمايه گذاريها"", ""pe_ratio"": 0.04, ""raw_score"": 5.0, ""trend_20d"": ""down"", ""rule_50_30"": ""رد"", ""final_score"": 5.0, ""score_macro"": 10.0, ""volume_spike"": 1.33, ""current_price"": 1348.0, ""liquidity_pct"": 121647368.2, ""position_size"": 0, ""adjusted_score"": 0.0, ""rank_in_market"": 127, ""score_feedstock"": 0.0, ""score_liquidity"": 5.0, ""score_technical"": 0.0, ""score_valuation"": 20.0, ""stop_loss_price"": 1254.0, ""nima_free_spread"": 6.523, ""percentile_score"": 75.3, ""price_change_pct"": 0.97, ""rank_in_industry"": 8, ""score_farabourse"": 0.0, ""score_fundamental"": 7.5, ""score_gov_support"": 0.0, ""institutional_ratio"": 0.0, ""score_institutional"": 0.0, ""negative_filters_count"": 0}",True,رد,0.0,0.0,7.5,5.0,7.5,0.0,5.0,10.0,0.0,0.0,0.0,0.0,5.0,20.0,20.0,1405-05-18,4520.0,وسپه,2026-09-08,0.87
وسپه2,,,,,,,,,,,,,,,,,,,,,,,,,,,,,,,,,,,,,,,,,,,,,,,,
وسپه3,,,,,,,,,,,,,,,,,,,,,,,,,,,,,,,,,,,,,,,,,,,,,,,,
وسپهر,,,,,,,,,,,,,,,,,,,,,,,,,,,,,,,,,,,,,,,,,,,,,,,,
وسپهر اعتماد آفرین,,,,,,,,,,,,,,,,,,,,,,,,,,,,,,,,,,,,,,,,,,,,,,,,
وسپهر الوند,,,,,,,,,,,,,,,,,,,,,,,,,,,,,,,,,,,,,,,,,,,,,,,,
وسپهر پارس,,,,,,,,,,,,,,,,,,,,,,,,,,,,,,,,,,,,,,,,,,,,,,,,
وسپهر3,,,,,,,,,,,,,,,,,,,,,,,,,,,,,,,,,,,,,,,,,,,,,,,,
وسکاب,0.0,2026-08-09 18:36:44.149365,0.0,رد_نمره,,,,2.6,2026-08-09 15:06:44.146146,2026-08-09,471,0.0,0.0,0.0,0,6.523,,,0.0,16.7,,0,30,426,2.6,"{""atr_14"": 0.0, ""symbol"": ""وسكاب"", ""live_pe"": 0.0, ""risk_ok"": true, ""decision"": ""رد_نمره"", ""industry"": ""سرمايه گذاريها"", ""pe_ratio"": 0.0, ""raw_score"": 2.6, ""trend_20d"": ""flat"", ""rule_50_30"": ""رد"", ""final_score"": 2.6, ""score_macro"": 0.0, ""volume_spike"": 0.0, ""current_price"": 0.0, ""liquidity_pct"": 0.0, ""position_size"": 0, ""adjusted_score"": 0.0, ""rank_in_market"": 426, ""score_feedstock"": 0.0, ""score_liquidity"": 0.0, ""score_technical"": 0.0, ""score_valuation"": 20.0, ""stop_loss_price"": 0, ""nima_free_spread"": 6.523, ""percentile_score"": 16.7, ""price_change_pct"": 0.0, ""rank_in_industry"": 30, ""score_farabourse"": 0.0, ""score_fundamental"": 0.0, ""score_gov_support"": 0.0, ""institutional_ratio"": 0.0, ""score_institutional"": 0.0, ""negative_filters_count"": 0}",True,رد,0.0,0.0,0.0,0.0,0.0,0.0,0.0,0.0,0.0,0.0,0.0,0.0,2.6,20.0,20.0,1405-05-18,0.0,وسكاب,2026-09-08,0.0
وسکاب2,,,,,,,,,,,,,,,,,,,,,,,,,,,,,,,,,,,,,,,,,,,,,,,,
وسکاب3,,,,,,,,,,,,,,,,,,,,,,,,,,,,,,,,,,,,,,,,,,,,,,,,
وسکرد,0.0,2026-08-09 18:36:44.149365,0.0,رد_نمره,,,,2.6,2026-08-09 15:06:44.146146,2026-08-09,472,0.0,0.0,0.0,0,6.523,,,0.0,16.5,,0,31,427,2.6,"{""atr_14"": 0.0, ""symbol"": ""وسكرد"", ""live_pe"": 0.0, ""risk_ok"": true, ""decision"": ""رد_نمره"", ""industry"": ""سرمايه گذاريها"", ""pe_ratio"": 0.0, ""raw_score"": 2.6, ""trend_20d"": ""flat"", ""rule_50_30"": ""رد"", ""final_score"": 2.6, ""score_macro"": 0.0, ""volume_spike"": 0.0, ""current_price"": 0.0, ""liquidity_pct"": 0.0, ""position_size"": 0, ""adjusted_score"": 0.0, ""rank_in_market"": 427, ""score_feedstock"": 0.0, ""score_liquidity"": 0.0, ""score_technical"": 0.0, ""score_valuation"": 20.0, ""stop_loss_price"": 0, ""nima_free_spread"": 6.523, ""percentile_score"": 16.5, ""price_change_pct"": 0.0, ""rank_in_industry"": 31, ""score_farabourse"": 0.0, ""score_fundamental"": 0.0, ""score_gov_support"": 0.0, ""institutional_ratio"": 0.0, ""score_institutional"": 0.0, ""negative_filters_count"": 0}",True,رد,0.0,0.0,0.0,0.0,0.0,0.0,0.0,0.0,0.0,0.0,0.0,0.0,2.6,20.0,20.0,1405-05-18,0.0,وسكرد,2026-09-08,0.0
وسکرشا,0.0,2026-08-09 18:36:44.149365,0.0,رد_نمره,,,,2.6,2026-08-09 15:06:44.146146,2026-08-09,473,0.0,0.0,0.0,0,6.523,,,0.0,16.3,,0,32,428,2.6,"{""atr_14"": 0.0, ""symbol"": ""وسكرشا"", ""live_pe"": 0.0, ""risk_ok"": true, ""decision"": ""رد_نمره"", ""industry"": ""سرمايه گذاريها"", ""pe_ratio"": 0.0, ""raw_score"": 2.6, ""trend_20d"": ""flat"", ""rule_50_30"": ""رد"", ""final_score"": 2.6, ""score_macro"": 0.0, ""volume_spike"": 0.0, ""current_price"": 0.0, ""liquidity_pct"": 0.0, ""position_size"": 0, ""adjusted_score"": 0.0, ""rank_in_market"": 428, ""score_feedstock"": 0.0, ""score_liquidity"": 0.0, ""score_technical"": 0.0, ""score_valuation"": 20.0, ""stop_loss_price"": 0, ""nima_free_spread"": 6.523, ""percentile_score"": 16.3, ""price_change_pct"": 0.0, ""rank_in_industry"": 32, ""score_farabourse"": 0.0, ""score_fundamental"": 0.0, ""score_gov_support"": 0.0, ""institutional_ratio"": 0.0, ""score_institutional"": 0.0, ""negative_filters_count"": 0}",True,رد,0.0,0.0,0.0,0.0,0.0,0.0,0.0,0.0,0.0,0.0,0.0,0.0,2.6,20.0,20.0,1405-05-18,0.0,وسكرشا,2026-09-08,0.0
وسکرمان,0.0,2026-08-09 18:36:44.149365,0.0,رد_نمره,,,,2.6,2026-08-09 15:06:44.146146,2026-08-09,474,0.0,0.0,0.0,0,6.523,,,0.0,16.1,,0,33,429,2.6,"{""atr_14"": 0.0, ""symbol"": ""وسكرمان"", ""live_pe"": 0.0, ""risk_ok"": true, ""decision"": ""رد_نمره"", ""industry"": ""سرمايه گذاريها"", ""pe_ratio"": 0.0, ""raw_score"": 2.6, ""trend_20d"": ""flat"", ""rule_50_30"": ""رد"", ""final_score"": 2.6, ""score_macro"": 0.0, ""volume_spike"": 0.0, ""current_price"": 0.0, ""liquidity_pct"": 0.0, ""position_size"": 0, ""adjusted_score"": 0.0, ""rank_in_market"": 429, ""score_feedstock"": 0.0, ""score_liquidity"": 0.0, ""score_technical"": 0.0, ""score_valuation"": 20.0, ""stop_loss_price"": 0, ""nima_free_spread"": 6.523, ""percentile_score"": 16.1, ""price_change_pct"": 0.0, ""rank_in_industry"": 33, ""score_farabourse"": 0.0, ""score_fundamental"": 0.0, ""score_gov_support"": 0.0, ""institutional_ratio"": 0.0, ""score_institutional"": 0.0, ""negative_filters_count"": 0}",True,رد,0.0,0.0,0.0,0.0,0.0,0.0,0.0,0.0,0.0,0.0,0.0,0.0,2.6,20.0,20.0,1405-05-18,0.0,وسكرمان,2026-09-08,0.0
وسگلستا,0.0,2026-08-09 18:36:44.149365,0.0,رد_نمره,,,,2.6,2026-08-09 15:06:44.146146,2026-08-09,476,0.0,0.0,0.0,0,6.523,,,0.0,15.7,,0,35,431,2.6,"{""atr_14"": 0.0, ""symbol"": ""وسگلستا"", ""live_pe"": 0.0, ""risk_ok"": true, ""decision"": ""رد_نمره"", ""industry"": ""سرمايه گذاريها"", ""pe_ratio"": 0.0, ""raw_score"": 2.6, ""trend_20d"": ""flat"", ""rule_50_30"": ""رد"", ""final_score"": 2.6, ""score_macro"": 0.0, ""volume_spike"": 0.0, ""current_price"": 0.0, ""liquidity_pct"": 0.0, ""position_size"": 0, ""adjusted_score"": 0.0, ""rank_in_market"": 431, ""score_feedstock"": 0.0, ""score_liquidity"": 0.0, ""score_technical"": 0.0, ""score_valuation"": 20.0, ""stop_loss_price"": 0, ""nima_free_spread"": 6.523, ""percentile_score"": 15.7, ""price_change_pct"": 0.0, ""rank_in_industry"": 35, ""score_farabourse"": 0.0, ""score_fundamental"": 0.0, ""score_gov_support"": 0.0, ""institutional_ratio"": 0.0, ""score_institutional"": 0.0, ""negative_filters_count"": 0}",True,رد,0.0,0.0,0.0,0.0,0.0,0.0,0.0,0.0,0.0,0.0,0.0,0.0,2.6,20.0,20.0,1405-05-18,0.0,وسگلستا,2026-09-08,0.0
وسگیلا,0.0,2026-08-09 18:36:44.149365,0.0,رد_نمره,,,,2.6,2026-08-09 15:06:44.146146,2026-08-09,477,0.0,0.0,0.0,0,6.523,,,0.0,15.5,,0,36,432,2.6,"{""atr_14"": 0.0, ""symbol"": ""وسگيلا"", ""live_pe"": 0.0, ""risk_ok"": true, ""decision"": ""رد_نمره"", ""industry"": ""سرمايه گذاريها"", ""pe_ratio"": 0.0, ""raw_score"": 2.6, ""trend_20d"": ""flat"", ""rule_50_30"": ""رد"", ""final_score"": 2.6, ""score_macro"": 0.0, ""volume_spike"": 0.0, ""current_price"": 0.0, ""liquidity_pct"": 0.0, ""position_size"": 0, ""adjusted_score"": 0.0, ""rank_in_market"": 432, ""score_feedstock"": 0.0, ""score_liquidity"": 0.0, ""score_technical"": 0.0, ""score_valuation"": 20.0, ""stop_loss_price"": 0, ""nima_free_spread"": 6.523, ""percentile_score"": 15.5, ""price_change_pct"": 0.0, ""rank_in_industry"": 36, ""score_farabourse"": 0.0, ""score_fundamental"": 0.0, ""score_gov_support"": 0.0, ""institutional_ratio"": 0.0, ""score_institutional"": 0.0, ""negative_filters_count"": 0}",True,رد,0.0,0.0,0.0,0.0,0.0,0.0,0.0,0.0,0.0,0.0,0.0,0.0,2.6,20.0,20.0,1405-05-18,0.0,وسگيلا,2026-09-08,0.0
وسیزد,0.0,2026-08-09 18:36:44.149365,0.0,رد_نمره,,,,2.6,2026-08-09 15:06:44.146146,2026-08-09,484,0.0,0.0,0.0,0,6.523,,,0.0,14.1,,0,43,439,2.6,"{""atr_14"": 0.0, ""symbol"": ""وسيزد"", ""live_pe"": 0.0, ""risk_ok"": true, ""decision"": ""رد_نمره"", ""industry"": ""سرمايه گذاريها"", ""pe_ratio"": 0.0, ""raw_score"": 2.6, ""trend_20d"": ""flat"", ""rule_50_30"": ""رد"", ""final_score"": 2.6, ""score_macro"": 0.0, ""volume_spike"": 0.0, ""current_price"": 0.0, ""liquidity_pct"": 0.0, ""position_size"": 0, ""adjusted_score"": 0.0, ""rank_in_market"": 439, ""score_feedstock"": 0.0, ""score_liquidity"": 0.0, ""score_technical"": 0.0, ""score_valuation"": 20.0, ""stop_loss_price"": 0, ""nima_free_spread"": 6.523, ""percentile_score"": 14.1, ""price_change_pct"": 0.0, ""rank_in_industry"": 43, ""score_farabourse"": 0.0, ""score_fundamental"": 0.0, ""score_gov_support"": 0.0, ""institutional_ratio"": 0.0, ""score_institutional"": 0.0, ""negative_filters_count"": 0}",True,رد,0.0,0.0,0.0,0.0,0.0,0.0,0.0,0.0,0.0,0.0,0.0,0.0,2.6,20.0,20.0,1405-05-18,0.0,وسيزد,2026-09-08,0.0
وسیستا,0.0,2026-08-09 18:36:44.149365,0.0,رد_نمره,,,,2.6,2026-08-09 15:06:44.146146,2026-08-09,485,0.0,0.0,0.0,0,6.523,,,0.0,13.9,,0,44,440,2.6,"{""atr_14"": 0.0, ""symbol"": ""وسيستا"", ""live_pe"": 0.0, ""risk_ok"": true, ""decision"": ""رد_نمره"", ""industry"": ""سرمايه گذاريها"", ""pe_ratio"": 0.0, ""raw_score"": 2.6, ""trend_20d"": ""flat"", ""rule_50_30"": ""رد"", ""final_score"": 2.6, ""score_macro"": 0.0, ""volume_spike"": 0.0, ""current_price"": 0.0, ""liquidity_pct"": 0.0, ""position_size"": 0, ""adjusted_score"": 0.0, ""rank_in_market"": 440, ""score_feedstock"": 0.0, ""score_liquidity"": 0.0, ""score_technical"": 0.0, ""score_valuation"": 20.0, ""stop_loss_price"": 0, ""nima_free_spread"": 6.523, ""percentile_score"": 13.9, ""price_change_pct"": 0.0, ""rank_in_industry"": 44, ""score_farabourse"": 0.0, ""score_fundamental"": 0.0, ""score_gov_support"": 0.0, ""institutional_ratio"": 0.0, ""score_institutional"": 0.0, ""negative_filters_count"": 0}",True,رد,0.0,0.0,0.0,0.0,0.0,0.0,0.0,0.0,0.0,0.0,0.0,0.0,2.6,20.0,20.0,1405-05-18,0.0,وسيستا,2026-09-08,0.0
وسیلام,0.0,2026-08-09 18:36:44.149365,0.0,رد_نمره,,,,2.6,2026-08-09 15:06:44.146146,2026-08-09,486,0.0,0.0,0.0,0,6.523,,,0.0,13.7,,0,45,441,2.6,"{""atr_14"": 0.0, ""symbol"": ""وسيلام"", ""live_pe"": 0.0, ""risk_ok"": true, ""decision"": ""رد_نمره"", ""industry"": ""سرمايه گذاريها"", ""pe_ratio"": 0.0, ""raw_score"": 2.6, ""trend_20d"": ""flat"", ""rule_50_30"": ""رد"", ""final_score"": 2.6, ""score_macro"": 0.0, ""volume_spike"": 0.0, ""current_price"": 0.0, ""liquidity_pct"": 0.0, ""position_size"": 0, ""adjusted_score"": 0.0, ""rank_in_market"": 441, ""score_feedstock"": 0.0, ""score_liquidity"": 0.0, ""score_technical"": 0.0, ""score_valuation"": 20.0, ""stop_loss_price"": 0, ""nima_free_spread"": 6.523, ""percentile_score"": 13.7, ""price_change_pct"": 0.0, ""rank_in_industry"": 45, ""score_farabourse"": 0.0, ""score_fundamental"": 0.0, ""score_gov_support"": 0.0, ""institutional_ratio"": 0.0, ""score_institutional"": 0.0, ""negative_filters_count"": 0}",True,رد,0.0,0.0,0.0,0.0,0.0,0.0,0.0,0.0,0.0,0.0,0.0,0.0,2.6,20.0,20.0,1405-05-18,0.0,وسيلام,2026-09-08,0.0
وسین,,,,,,,,,,,,,,,,,,,,,,,,,,,,,,,,,,,,,,,,,,,,,,,,
وسینا,0.0,2026-08-09 18:36:44.149365,0.0,رد_نمره,,,,2.6,2026-08-09 15:06:44.146146,2026-08-09,487,0.0,0.0,0.0,0,6.523,,,0.0,13.5,,0,8,442,2.6,"{""atr_14"": 0.0, ""symbol"": ""وسينا"", ""live_pe"": 0.0, ""risk_ok"": true, ""decision"": ""رد_نمره"", ""industry"": ""بانكها و موسسات اعتباري"", ""pe_ratio"": 0.0, ""raw_score"": 2.6, ""trend_20d"": ""flat"", ""rule_50_30"": ""رد"", ""final_score"": 2.6, ""score_macro"": 0.0, ""volume_spike"": 0.0, ""current_price"": 0.0, ""liquidity_pct"": 0.0, ""position_size"": 0, ""adjusted_score"": 0.0, ""rank_in_market"": 442, ""score_feedstock"": 0.0, ""score_liquidity"": 0.0, ""score_technical"": 0.0, ""score_valuation"": 20.0, ""stop_loss_price"": 0, ""nima_free_spread"": 6.523, ""percentile_score"": 13.5, ""price_change_pct"": 0.0, ""rank_in_industry"": 8, ""score_farabourse"": 0.0, ""score_fundamental"": 0.0, ""score_gov_support"": 0.0, ""institutional_ratio"": 0.0, ""score_institutional"": 0.0, ""negative_filters_count"": 0}",True,رد,0.0,0.0,0.0,0.0,0.0,0.0,0.0,0.0,0.0,0.0,0.0,0.0,2.6,20.0,20.0,1405-05-18,0.0,وسينا,2026-09-08,0.0
وسینا3,,,,,,,,,,,,,,,,,,,,,,,,,,,,,,,,,,,,,,,,,,,,,,,,
وشستان,,,,,,,,,,,,,,,,,,,,,,,,,,,,,,,,,,,,,,,,,,,,,,,,
وشمال,,,,,,,,,,,,,,,,,,,,,,,,,,,,,,,,,,,,,,,,,,,,,,,,
وشهر,,,,,,,,,,,,,,,,,,,,,,,,,,,,,,,,,,,,,,,,,,,,,,,,
وصبا,,,,,,,,,,,,,,,,,,,,,,,,,,,,,,,,,,,,,,,,,,,,,,,,
وصنا,0.0,2026-08-09 18:36:44.149365,3200.0,رد_نمره,,,,5.7,2026-08-09 15:06:44.146146,2026-08-09,488,0.0,130176568150.86667,1.0,0,6.523,,,0.15,75.1,,46728,9,128,5.65,"{""atr_14"": 341.0, ""symbol"": ""وصنا"", ""live_pe"": 2.1, ""risk_ok"": true, ""decision"": ""رد_نمره"", ""industry"": ""سرمايه گذاريها"", ""pe_ratio"": 0.33, ""raw_score"": 5.0, ""trend_20d"": ""up"", ""rule_50_30"": ""رد"", ""final_score"": 5.0, ""score_macro"": 10.0, ""volume_spike"": 0.49, ""current_price"": 7169.0, ""liquidity_pct"": 1582590116.333333, ""position_size"": 0, ""adjusted_score"": 0.0, ""rank_in_market"": 128, ""score_feedstock"": 0.0, ""score_liquidity"": 5.0, ""score_technical"": 0.0, ""score_valuation"": 20.0, ""stop_loss_price"": 6488.0, ""nima_free_spread"": 6.523, ""percentile_score"": 75.1, ""price_change_pct"": 4.99, ""rank_in_industry"": 9, ""score_farabourse"": 0.0, ""score_fundamental"": 7.5, ""score_gov_support"": 0.0, ""institutional_ratio"": 0.0, ""score_institutional"": 0.0, ""negative_filters_count"": 0}",True,رد,0.0,0.0,7.5,5.0,7.5,0.0,5.0,10.0,0.0,0.0,0.0,0.0,5.0,20.0,20.0,1405-05-18,2986.0,وصنا,2026-09-08,1.22
وصنا3,,,,,,,,,,,,,,,,,,,,,,,,,,,,,,,,,,,,,,,,,,,,,,,,
وصندوق,0.0,2026-08-09 18:36:44.149365,18090.0,رد_نمره,,,,5.7,2026-08-09 15:06:44.146146,2026-08-09,489,0.0,1242621096156.0,1.3,0,6.523,,,0.21,74.9,,8857,1,129,5.65,"{""atr_14"": 27.0, ""symbol"": ""وصندوق"", ""live_pe"": 0.1, ""risk_ok"": true, ""decision"": ""رد_نمره"", ""industry"": ""شرکتهاي چند رشته اي صنعتي"", ""pe_ratio"": 0.02, ""raw_score"": 5.0, ""trend_20d"": ""down"", ""rule_50_30"": ""رد"", ""final_score"": 5.0, ""score_macro"": 10.0, ""volume_spike"": 0.06, ""current_price"": 1491.0, ""liquidity_pct"": 59525071.333333, ""position_size"": 0, ""adjusted_score"": 0.0, ""rank_in_market"": 129, ""score_feedstock"": 0.0, ""score_liquidity"": 5.0, ""score_technical"": 0.0, ""score_valuation"": 20.0, ""stop_loss_price"": 1387.0, ""nima_free_spread"": 6.523, ""percentile_score"": 74.9, ""price_change_pct"": 0.07, ""rank_in_industry"": 1, ""score_farabourse"": 0.0, ""score_fundamental"": 7.5, ""score_gov_support"": 0.0, ""institutional_ratio"": 0.0, ""score_institutional"": 0.0, ""negative_filters_count"": 0}",True,رد,0.0,0.0,7.5,5.0,7.5,0.0,5.0,10.0,0.0,0.0,0.0,0.0,5.0,20.0,20.0,1405-05-18,16961.0,وصندوق,2026-09-08,0.57
وصندوق2,,,,,,,,,,,,,,,,,,,,,,,,,,,,,,,,,,,,,,,,,,,,,,,,
وصندوق3,,,,,,,,,,,,,,,,,,,,,,,,,,,,,,,,,,,,,,,,,,,,,,,,
وصنعت,0.0,2026-08-09 18:36:44.149365,0.0,رد_نمره,,,,4.8,2026-08-09 15:06:44.146146,2026-08-09,490,0.0,0.0,0.0,0,6.523,,,0.0,92.5,,0,2,39,4.75,"{""atr_14"": 37.0, ""symbol"": ""وصنعت"", ""live_pe"": 0.5, ""risk_ok"": true, ""decision"": ""رد_نمره"", ""industry"": ""سرمايه گذاريها"", ""pe_ratio"": 0.07, ""raw_score"": 5.6, ""trend_20d"": ""up"", ""rule_50_30"": ""رد"", ""final_score"": 5.6, ""score_macro"": 10.0, ""volume_spike"": 2.5, ""current_price"": 1700.0, ""liquidity_pct"": 864279742.766667, ""position_size"": 0, ""adjusted_score"": 0.0, ""rank_in_market"": 39, ""score_feedstock"": 0.0, ""score_liquidity"": 5.0, ""score_technical"": 7.5, ""score_valuation"": 20.0, ""stop_loss_price"": 1581.0, ""nima_free_spread"": 6.523, ""percentile_score"": 92.5, ""price_change_pct"": 0.0, ""rank_in_industry"": 2, ""score_farabourse"": 0.0, ""score_fundamental"": 7.5, ""score_gov_support"": 0.0, ""institutional_ratio"": 0.0, ""score_institutional"": 0.0, ""negative_filters_count"": 0}",True,رد,0.0,0.0,7.5,0.0,7.5,0.0,5.0,10.0,7.5,0.0,0.0,0.0,5.6,20.0,20.0,1405-05-18,0.0,وصنعت,2026-09-08,0.0
وصنعت3,,,,,,,,,,,,,,,,,,,,,,,,,,,,,,,,,,,,,,,,,,,,,,,,
وطلوع توانا,,,,,,,,,,,,,,,,,,,,,,,,,,,,,,,,,,,,,,,,,,,,,,,,
وطوبی,,,,,,,,,,,,,,,,,,,,,,,,,,,,,,,,,,,,,,,,,,,,,,,,
وطوبی2,,,,,,,,,,,,,,,,,,,,,,,,,,,,,,,,,,,,,,,,,,,,,,,,
وطوبی3,,,,,,,,,,,,,,,,,,,,,,,,,,,,,,,,,,,,,,,,,,,,,,,,
وعمران سپهر هشتم,,,,,,,,,,,,,,,,,,,,,,,,,,,,,,,,,,,,,,,,,,,,,,,,
وغدیر,0.0,2026-08-09 18:36:44.149365,0.0,رد_نمره,,,,2.6,2026-08-09 15:06:44.146146,2026-08-09,491,0.0,0.0,0.0,0,6.523,,,0.0,13.3,,0,7,443,2.6,"{""atr_14"": 0.0, ""symbol"": ""وغدير"", ""live_pe"": 0.0, ""risk_ok"": true, ""decision"": ""رد_نمره"", ""industry"": ""شرکتهاي چند رشته اي صنعتي"", ""pe_ratio"": 0.0, ""raw_score"": 2.6, ""trend_20d"": ""flat"", ""rule_50_30"": ""رد"", ""final_score"": 2.6, ""score_macro"": 0.0, ""volume_spike"": 0.0, ""current_price"": 0.0, ""liquidity_pct"": 0.0, ""position_size"": 0, ""adjusted_score"": 0.0, ""rank_in_market"": 443, ""score_feedstock"": 0.0, ""score_liquidity"": 0.0, ""score_technical"": 0.0, ""score_valuation"": 20.0, ""stop_loss_price"": 0, ""nima_free_spread"": 6.523, ""percentile_score"": 13.3, ""price_change_pct"": 0.0, ""rank_in_industry"": 7, ""score_farabourse"": 0.0, ""score_fundamental"": 0.0, ""score_gov_support"": 0.0, ""institutional_ratio"": 0.0, ""score_institutional"": 0.0, ""negative_filters_count"": 0}",True,رد,0.0,0.0,0.0,0.0,0.0,0.0,0.0,0.0,0.0,0.0,0.0,0.0,2.6,20.0,20.0,1405-05-18,0.0,وغدير,2026-09-08,0.0
وغدیر2,,,,,,,,,,,,,,,,,,,,,,,,,,,,,,,,,,,,,,,,,,,,,,,,
وغدیر3,,,,,,,,,,,,,,,,,,,,,,,,,,,,,,,,,,,,,,,,,,,,,,,,
وفتخار,,,,,,,,,,,,,,,,,,,,,,,,,,,,,,,,,,,,,,,,,,,,,,,,
وفرابین,,,,,,,,,,,,,,,,,,,,,,,,,,,,,,,,,,,,,,,,,,,,,,,,
وفرازان هدف,,,,,,,,,,,,,,,,,,,,,,,,,,,,,,,,,,,,,,,,,,,,,,,,
وفرانسه,,,,,,,,,,,,,,,,,,,,,,,,,,,,,,,,,,,,,,,,,,,,,,,,
وفردا,,,,,,,,,,,,,,,,,,,,,,,,,,,,,,,,,,,,,,,,,,,,,,,,
وفردانامه,,,,,,,,,,,,,,,,,,,,,,,,,,,,,,,,,,,,,,,,,,,,,,,,
وفرهنگیان,,,,,,,,,,,,,,,,,,,,,,,,,,,,,,,,,,,,,,,,,,,,,,,,
وفولاد,,,,,,,,,,,,,,,,,,,,,,,,,,,,,,,,,,,,,,,,,,,,,,,,
وفیروزه,,,,,,,,,,,,,,,,,,,,,,,,,,,,,,,,,,,,,,,,,,,,,,,,
وفیروزه3,,,,,,,,,,,,,,,,,,,,,,,,,,,,,,,,,,,,,,,,,,,,,,,,
وقلک,,,,,,,,,,,,,,,,,,,,,,,,,,,,,,,,,,,,,,,,,,,,,,,,
ولاعتماد,,,,,,,,,,,,,,,,,,,,,,,,,,,,,,,,,,,,,,,,,,,,,,,,
ولانا,,,,,,,,,,,,,,,,,,,,,,,,,,,,,,,,,,,,,,,,,,,,,,,,
ولاناح,,,,,,,,,,,,,,,,,,,,,,,,,,,,,,,,,,,,,,,,,,,,,,,,
ولاناح2,,,,,,,,,,,,,,,,,,,,,,,,,,,,,,,,,,,,,,,,,,,,,,,,
ولبهمن,,,,,,,,,,,,,,,,,,,,,,,,,,,,,,,,,,,,,,,,,,,,,,,,
ولبهمن3,,,,,,,,,,,,,,,,,,,,,,,,,,,,,,,,,,,,,,,,,,,,,,,,
ولتاژ,,,,,,,,,,,,,,,,,,,,,,,,,,,,,,,,,,,,,,,,,,,,,,,,
ولتجار,,,,,,,,,,,,,,,,,,,,,,,,,,,,,,,,,,,,,,,,,,,,,,,,
ولتجار2,,,,,,,,,,,,,,,,,,,,,,,,,,,,,,,,,,,,,,,,,,,,,,,,
ولتجار3,,,,,,,,,,,,,,,,,,,,,,,,,,,,,,,,,,,,,,,,,,,,,,,,
ولراز,,,,,,,,,,,,,,,,,,,,,,,,,,,,,,,,,,,,,,,,,,,,,,,,
ولساپا,0.0,2026-08-09 18:36:44.149365,905.0,رد_نمره,,,,5.7,2026-08-09 15:06:44.146146,2026-08-09,495,0.0,44525344312.2,0.7,0,6.523,,,0.1,74.7,,158730,2,130,5.65,"{""atr_14"": 233.0, ""symbol"": ""ولساپا"", ""live_pe"": 3.3, ""risk_ok"": true, ""decision"": ""رد_نمره"", ""industry"": ""ساير واسطه گريهاي مالي"", ""pe_ratio"": 0.51, ""raw_score"": 5.0, ""trend_20d"": ""flat"", ""rule_50_30"": ""رد"", ""final_score"": 5.0, ""score_macro"": 10.0, ""volume_spike"": 0.81, ""current_price"": 4443.0, ""liquidity_pct"": 1582226564.166667, ""position_size"": 0, ""adjusted_score"": 0.0, ""rank_in_market"": 130, ""score_feedstock"": 0.0, ""score_liquidity"": 5.0, ""score_technical"": 0.0, ""score_valuation"": 20.0, ""stop_loss_price"": 3977.0, ""nima_free_spread"": 6.523, ""percentile_score"": 74.7, ""price_change_pct"": -4.94, ""rank_in_industry"": 2, ""score_farabourse"": 0.0, ""score_fundamental"": 7.5, ""score_gov_support"": 0.0, ""institutional_ratio"": 0.0, ""score_institutional"": 0.0, ""negative_filters_count"": 0}",True,رد,0.0,0.0,7.5,5.0,7.5,0.0,5.0,10.0,0.0,0.0,0.0,0.0,5.0,20.0,20.0,1405-05-18,842.0,ولساپا,2026-09-08,1.17
ولساپا3,,,,,,,,,,,,,,,,,,,,,,,,,,,,,,,,,,,,,,,,,,,,,,,,
ولشرق,,,,,,,,,,,,,,,,,,,,,,,,,,,,,,,,,,,,,,,,,,,,,,,,
ولشرق3,,,,,,,,,,,,,,,,,,,,,,,,,,,,,,,,,,,,,,,,,,,,,,,,
ولصنم,0.0,2026-08-09 18:36:44.149365,0.0,رد_نمره,,,,4.8,2026-08-09 15:06:44.146146,2026-08-09,496,0.0,0.0,0.0,0,6.523,,,0.0,92.4,,0,1,40,4.75,"{""atr_14"": 136.0, ""symbol"": ""ولصنم"", ""live_pe"": 2.8, ""risk_ok"": true, ""decision"": ""رد_نمره"", ""industry"": ""ساير واسطه گريهاي مالي"", ""pe_ratio"": 0.42, ""raw_score"": 5.6, ""trend_20d"": ""up"", ""rule_50_30"": ""رد"", ""final_score"": 5.6, ""score_macro"": 10.0, ""volume_spike"": 2.7, ""current_price"": 3469.0, ""liquidity_pct"": 7235571903.266666, ""position_size"": 0, ""adjusted_score"": 0.0, ""rank_in_market"": 40, ""score_feedstock"": 0.0, ""score_liquidity"": 5.0, ""score_technical"": 7.5, ""score_valuation"": 20.0, ""stop_loss_price"": 3196.0, ""nima_free_spread"": 6.523, ""percentile_score"": 92.4, ""price_change_pct"": -2.86, ""rank_in_industry"": 1, ""score_farabourse"": 0.0, ""score_fundamental"": 7.5, ""score_gov_support"": 0.0, ""institutional_ratio"": 0.0, ""score_institutional"": 0.0, ""negative_filters_count"": 0}",True,رد,0.0,0.0,7.5,0.0,7.5,0.0,5.0,10.0,7.5,0.0,0.0,0.0,5.6,20.0,20.0,1405-05-18,0.0,ولصنم,2026-09-08,0.0
ولصنم3,,,,,,,,,,,,,,,,,,,,,,,,,,,,,,,,,,,,,,,,,,,,,,,,
ولغدر,0.0,2026-08-09 18:36:44.149365,0.0,رد_نمره,,,,4.8,2026-08-09 15:06:44.146146,2026-08-09,497,0.0,0.0,0.0,0,6.523,,,0.0,67.3,,0,5,168,4.75,"{""atr_14"": 73.0, ""symbol"": ""ولغدر"", ""live_pe"": 3.7, ""risk_ok"": true, ""decision"": ""رد_نمره"", ""industry"": ""ساير واسطه گريهاي مالي"", ""pe_ratio"": 0.57, ""raw_score"": 4.2, ""trend_20d"": ""down"", ""rule_50_30"": ""رد"", ""final_score"": 4.2, ""score_macro"": 0.0, ""volume_spike"": 1.0, ""current_price"": 1170.0, ""liquidity_pct"": 1547071292.1, ""position_size"": 0, ""adjusted_score"": 0.0, ""rank_in_market"": 168, ""score_feedstock"": 0.0, ""score_liquidity"": 5.0, ""score_technical"": 0.0, ""score_valuation"": 20.0, ""stop_loss_price"": 1024.0, ""nima_free_spread"": 6.523, ""percentile_score"": 67.3, ""price_change_pct"": -1.93, ""rank_in_industry"": 5, ""score_farabourse"": 0.0, ""score_fundamental"": 7.5, ""score_gov_support"": 0.0, ""institutional_ratio"": 0.0, ""score_institutional"": 0.0, ""negative_filters_count"": 0}",True,رد,0.0,0.0,7.5,0.0,7.5,0.0,5.0,10.0,0.0,0.0,0.0,0.0,4.2,20.0,20.0,1405-05-18,0.0,ولغدر,2026-09-08,0.0
ولغدر3,,,,,,,,,,,,,,,,,,,,,,,,,,,,,,,,,,,,,,,,,,,,,,,,
ولقمان,,,,,,,,,,,,,,,,,,,,,,,,,,,,,,,,,,,,,,,,,,,,,,,,
ولقمان2,,,,,,,,,,,,,,,,,,,,,,,,,,,,,,,,,,,,,,,,,,,,,,,,
ولملت,0.0,2026-08-09 18:36:44.149365,0.0,رد_نمره,,,,4.8,2026-08-09 15:06:44.146146,2026-08-09,499,0.0,0.0,0.0,0,6.523,,,0.0,69.8,,0,4,155,4.75,"{""atr_14"": 1000.0, ""symbol"": ""ولملت"", ""live_pe"": 0.4, ""risk_ok"": true, ""decision"": ""رد_نمره"", ""industry"": ""ساير واسطه گريهاي مالي"", ""pe_ratio"": 0.06, ""raw_score"": 4.75, ""trend_20d"": ""flat"", ""rule_50_30"": ""رد"", ""final_score"": 4.8, ""score_macro"": 10.0, ""volume_spike"": 0.0, ""current_price"": 1000.0, ""liquidity_pct"": 0.0, ""position_size"": 0, ""adjusted_score"": 0.0, ""rank_in_market"": 155, ""score_feedstock"": 0.0, ""score_liquidity"": 0.0, ""score_technical"": 0.0, ""score_valuation"": 20.0, ""stop_loss_price"": -1000.0, ""nima_free_spread"": 6.523, ""percentile_score"": 69.8, ""price_change_pct"": 0.0, ""rank_in_industry"": 4, ""score_farabourse"": 0.0, ""score_fundamental"": 7.5, ""score_gov_support"": 0.0, ""institutional_ratio"": 0.0, ""score_institutional"": 0.0, ""negative_filters_count"": 0}",True,رد,0.0,0.0,7.5,0.0,7.5,0.0,0.0,10.0,0.0,0.0,0.0,0.0,4.8,20.0,20.0,1405-05-18,0.0,ولملت,2026-09-08,0.0
ولملت3,,,,,,,,,,,,,,,,,,,,,,,,,,,,,,,,,,,,,,,,,,,,,,,,
ولنوین,0.0,2026-08-09 18:36:44.149365,0.0,رد_نمره,,,,2.6,2026-08-09 15:06:44.146146,2026-08-09,500,0.0,0.0,0.0,0,6.523,,,0.0,12.5,,0,8,447,2.6,"{""atr_14"": 0.0, ""symbol"": ""ولنوين"", ""live_pe"": 0.0, ""risk_ok"": true, ""decision"": ""رد_نمره"", ""industry"": ""ساير واسطه گريهاي مالي"", ""pe_ratio"": 0.0, ""raw_score"": 2.6, ""trend_20d"": ""flat"", ""rule_50_30"": ""رد"", ""final_score"": 2.6, ""score_macro"": 0.0, ""volume_spike"": 0.0, ""current_price"": 0.0, ""liquidity_pct"": 0.0, ""position_size"": 0, ""adjusted_score"": 0.0, ""rank_in_market"": 447, ""score_feedstock"": 0.0, ""score_liquidity"": 0.0, ""score_technical"": 0.0, ""score_valuation"": 20.0, ""stop_loss_price"": 0, ""nima_free_spread"": 6.523, ""percentile_score"": 12.5, ""price_change_pct"": 0.0, ""rank_in_industry"": 8, ""score_farabourse"": 0.0, ""score_fundamental"": 0.0, ""score_gov_support"": 0.0, ""institutional_ratio"": 0.0, ""score_institutional"": 0.0, ""negative_filters_count"": 0}",True,رد,0.0,0.0,0.0,0.0,0.0,0.0,0.0,0.0,0.0,0.0,0.0,0.0,2.6,20.0,20.0,1405-05-18,0.0,ولنوين,2026-09-08,0.0
ولنوین3,,,,,,,,,,,,,,,,,,,,,,,,,,,,,,,,,,,,,,,,,,,,,,,,
ولنوینح,,,,,,,,,,,,,,,,,,,,,,,,,,,,,,,,,,,,,,,,,,,,,,,,
ولپارس,0.0,2026-08-09 18:36:44.149365,2817.0,رد_نمره,,,,5.0,2026-08-09 15:06:44.146146,2026-08-09,494,0.0,9762698948.866667,2.6,0,6.523,,,0.41,70.0,,50761,3,154,5.0,"{""atr_14"": 1000.0, ""symbol"": ""ولپارس"", ""live_pe"": 0.9, ""risk_ok"": true, ""decision"": ""رد_نمره"", ""industry"": ""ساير واسطه گريهاي مالي"", ""pe_ratio"": 0.14, ""raw_score"": 4.75, ""trend_20d"": ""flat"", ""rule_50_30"": ""رد"", ""final_score"": 4.8, ""score_macro"": 10.0, ""volume_spike"": 0.0, ""current_price"": 1000.0, ""liquidity_pct"": 0.0, ""position_size"": 0, ""adjusted_score"": 0.0, ""rank_in_market"": 154, ""score_feedstock"": 0.0, ""score_liquidity"": 0.0, ""score_technical"": 0.0, ""score_valuation"": 20.0, ""stop_loss_price"": -1000.0, ""nima_free_spread"": 6.523, ""percentile_score"": 70.0, ""price_change_pct"": 0.0, ""rank_in_industry"": 3, ""score_farabourse"": 0.0, ""score_fundamental"": 7.5, ""score_gov_support"": 0.0, ""institutional_ratio"": 0.0, ""score_institutional"": 0.0, ""negative_filters_count"": 0}",True,رد,0.0,0.0,7.5,0.0,7.5,0.0,0.0,10.0,0.0,0.0,0.0,0.0,4.8,20.0,20.0,1405-05-18,2620.0,ولپارس,2026-09-08,0.49
ولپارس3,,,,,,,,,,,,,,,,,,,,,,,,,,,,,,,,,,,,,,,,,,,,,,,,
ولکار,0.0,2026-08-09 18:36:44.149365,0.0,رد_نمره,,,,2.6,2026-08-09 15:06:44.146146,2026-08-09,498,0.0,0.0,0.0,0,6.523,,,0.0,12.7,,0,7,446,2.6,"{""atr_14"": 0.0, ""symbol"": ""ولكار"", ""live_pe"": 0.0, ""risk_ok"": true, ""decision"": ""رد_نمره"", ""industry"": ""ساير واسطه گريهاي مالي"", ""pe_ratio"": 0.0, ""raw_score"": 2.6, ""trend_20d"": ""flat"", ""rule_50_30"": ""رد"", ""final_score"": 2.6, ""score_macro"": 0.0, ""volume_spike"": 0.0, ""current_price"": 0.0, ""liquidity_pct"": 0.0, ""position_size"": 0, ""adjusted_score"": 0.0, ""rank_in_market"": 446, ""score_feedstock"": 0.0, ""score_liquidity"": 0.0, ""score_technical"": 0.0, ""score_valuation"": 20.0, ""stop_loss_price"": 0, ""nima_free_spread"": 6.523, ""percentile_score"": 12.7, ""price_change_pct"": 0.0, ""rank_in_industry"": 7, ""score_farabourse"": 0.0, ""score_fundamental"": 0.0, ""score_gov_support"": 0.0, ""institutional_ratio"": 0.0, ""score_institutional"": 0.0, ""negative_filters_count"": 0}",True,رد,0.0,0.0,0.0,0.0,0.0,0.0,0.0,0.0,0.0,0.0,0.0,0.0,2.6,20.0,20.0,1405-05-18,0.0,ولكار,2026-09-08,0.0
ولکار3,,,,,,,,,,,,,,,,,,,,,,,,,,,,,,,,,,,,,,,,,,,,,,,,
ولیز,0.0,2026-08-09 18:36:44.149365,0.0,رد_نمره,,,,2.6,2026-08-09 15:06:44.146146,2026-08-09,501,0.0,0.0,0.0,0,6.523,,,0.0,12.4,,0,9,448,2.6,"{""atr_14"": 0.0, ""symbol"": ""وليز"", ""live_pe"": 0.0, ""risk_ok"": true, ""decision"": ""رد_نمره"", ""industry"": ""ساير واسطه گريهاي مالي"", ""pe_ratio"": 0.0, ""raw_score"": 2.6, ""trend_20d"": ""flat"", ""rule_50_30"": ""رد"", ""final_score"": 2.6, ""score_macro"": 0.0, ""volume_spike"": 0.0, ""current_price"": 0.0, ""liquidity_pct"": 0.0, ""position_size"": 0, ""adjusted_score"": 0.0, ""rank_in_market"": 448, ""score_feedstock"": 0.0, ""score_liquidity"": 0.0, ""score_technical"": 0.0, ""score_valuation"": 20.0, ""stop_loss_price"": 0, ""nima_free_spread"": 6.523, ""percentile_score"": 12.4, ""price_change_pct"": 0.0, ""rank_in_industry"": 9, ""score_farabourse"": 0.0, ""score_fundamental"": 0.0, ""score_gov_support"": 0.0, ""institutional_ratio"": 0.0, ""score_institutional"": 0.0, ""negative_filters_count"": 0}",True,رد,0.0,0.0,0.0,0.0,0.0,0.0,0.0,0.0,0.0,0.0,0.0,0.0,2.6,20.0,20.0,1405-05-18,0.0,وليز,2026-09-08,0.0
ومالی ملل,,,,,,,,,,,,,,,,,,,,,,,,,,,,,,,,,,,,,,,,,,,,,,,,
ومانا,,,,,,,,,,,,,,,,,,,,,,,,,,,,,,,,,,,,,,,,,,,,,,,,
ومبین,,,,,,,,,,,,,,,,,,,,,,,,,,,,,,,,,,,,,,,,,,,,,,,,
ومتامین,,,,,,,,,,,,,,,,,,,,,,,,,,,,,,,,,,,,,,,,,,,,,,,,
ومدیر,0.0,2026-08-09 18:36:44.149365,0.0,رد_نمره,,,,2.6,2026-08-09 15:06:44.146146,2026-08-09,502,0.0,0.0,0.0,0,6.523,,,0.0,12.2,,0,46,449,2.6,"{""atr_14"": 0.0, ""symbol"": ""ومدير"", ""live_pe"": 0.0, ""risk_ok"": true, ""decision"": ""رد_نمره"", ""industry"": ""سرمايه گذاريها"", ""pe_ratio"": 0.0, ""raw_score"": 2.6, ""trend_20d"": ""flat"", ""rule_50_30"": ""رد"", ""final_score"": 2.6, ""score_macro"": 0.0, ""volume_spike"": 0.0, ""current_price"": 0.0, ""liquidity_pct"": 0.0, ""position_size"": 0, ""adjusted_score"": 0.0, ""rank_in_market"": 449, ""score_feedstock"": 0.0, ""score_liquidity"": 0.0, ""score_technical"": 0.0, ""score_valuation"": 20.0, ""stop_loss_price"": 0, ""nima_free_spread"": 6.523, ""percentile_score"": 12.2, ""price_change_pct"": 0.0, ""rank_in_industry"": 46, ""score_farabourse"": 0.0, ""score_fundamental"": 0.0, ""score_gov_support"": 0.0, ""institutional_ratio"": 0.0, ""score_institutional"": 0.0, ""negative_filters_count"": 0}",True,رد,0.0,0.0,0.0,0.0,0.0,0.0,0.0,0.0,0.0,0.0,0.0,0.0,2.6,20.0,20.0,1405-05-18,0.0,ومدير,2026-09-08,0.0
ومدیر2,,,,,,,,,,,,,,,,,,,,,,,,,,,,,,,,,,,,,,,,,,,,,,,,
ومدیر3,,,,,,,,,,,,,,,,,,,,,,,,,,,,,,,,,,,,,,,,,,,,,,,,
ومسکن,,,,,,,,,,,,,,,,,,,,,,,,,,,,,,,,,,,,,,,,,,,,,,,,
ومشان,,,,,,,,,,,,,,,,,,,,,,,,,,,,,,,,,,,,,,,,,,,,,,,,
ومشکات,,,,,,,,,,,,,,,,,,,,,,,,,,,,,,,,,,,,,,,,,,,,,,,,
ومعادن,0.0,2026-08-09 18:36:44.149365,2198.0,رد_نمره,,,,5.7,2026-08-09 15:06:44.146146,2026-08-09,503,0.0,1510477876196.8667,1.7,0,6.523,,,0.27,74.5,,64935,1,131,5.65,"{""atr_14"": 44.0, ""symbol"": ""ومعادن"", ""live_pe"": 0.8, ""risk_ok"": true, ""decision"": ""رد_نمره"", ""industry"": ""استخراج کانه هاي فلزي"", ""pe_ratio"": 0.12, ""raw_score"": 5.0, ""trend_20d"": ""down"", ""rule_50_30"": ""رد"", ""final_score"": 5.0, ""score_macro"": 10.0, ""volume_spike"": 0.21, ""current_price"": 1000.0, ""liquidity_pct"": 79562987.4, ""position_size"": 0, ""adjusted_score"": 0.0, ""rank_in_market"": 131, ""score_feedstock"": 0.0, ""score_liquidity"": 5.0, ""score_technical"": 0.0, ""score_valuation"": 20.0, ""stop_loss_price"": 912.0, ""nima_free_spread"": 6.523, ""percentile_score"": 74.5, ""price_change_pct"": 0.0, ""rank_in_industry"": 1, ""score_farabourse"": 0.0, ""score_fundamental"": 7.5, ""score_gov_support"": 0.0, ""institutional_ratio"": 0.0, ""score_institutional"": 0.0, ""negative_filters_count"": 0}",True,رد,0.0,0.0,7.5,5.0,7.5,0.0,5.0,10.0,0.0,0.0,0.0,0.0,5.0,20.0,20.0,1405-05-18,2044.0,ومعادن,2026-09-08,0.82
ومعادن2,,,,,,,,,,,,,,,,,,,,,,,,,,,,,,,,,,,,,,,,,,,,,,,,
ومعادن3,,,,,,,,,,,,,,,,,,,,,,,,,,,,,,,,,,,,,,,,,,,,,,,,
ومعادنح,,,,,,,,,,,,,,,,,,,,,,,,,,,,,,,,,,,,,,,,,,,,,,,,
ومعلم,,,,,,,,,,,,,,,,,,,,,,,,,,,,,,,,,,,,,,,,,,,,,,,,
ومعلم3,,,,,,,,,,,,,,,,,,,,,,,,,,,,,,,,,,,,,,,,,,,,,,,,
ومعین,0.0,2026-08-09 18:36:44.149365,0.0,رد_نمره,,,,2.6,2026-08-09 15:06:44.146146,2026-08-09,504,0.0,0.0,0.0,0,6.523,,,0.0,12.0,,0,1,450,2.6,"{""atr_14"": 0.0, ""symbol"": ""ومعين"", ""live_pe"": 0.0, ""risk_ok"": true, ""decision"": ""رد_نمره"", ""industry"": ""واسطه‌گري‌هاي مالي و پولي"", ""pe_ratio"": 0.0, ""raw_score"": 2.6, ""trend_20d"": ""flat"", ""rule_50_30"": ""رد"", ""final_score"": 2.6, ""score_macro"": 0.0, ""volume_spike"": 0.0, ""current_price"": 0.0, ""liquidity_pct"": 0.0, ""position_size"": 0, ""adjusted_score"": 0.0, ""rank_in_market"": 450, ""score_feedstock"": 0.0, ""score_liquidity"": 0.0, ""score_technical"": 0.0, ""score_valuation"": 20.0, ""stop_loss_price"": 0, ""nima_free_spread"": 6.523, ""percentile_score"": 12.0, ""price_change_pct"": 0.0, ""rank_in_industry"": 1, ""score_farabourse"": 0.0, ""score_fundamental"": 0.0, ""score_gov_support"": 0.0, ""institutional_ratio"": 0.0, ""score_institutional"": 0.0, ""negative_filters_count"": 0}",True,رد,0.0,0.0,0.0,0.0,0.0,0.0,0.0,0.0,0.0,0.0,0.0,0.0,2.6,20.0,20.0,1405-05-18,0.0,ومعين,2026-09-08,0.0
وملت,0.0,2026-08-09 18:36:44.149365,0.0,رد_نمره,,,,4.8,2026-08-09 15:06:44.146146,2026-08-09,505,0.0,0.0,0.0,0,6.523,,,0.0,74.3,,0,10,132,4.75,"{""atr_14"": 367.0, ""symbol"": ""وملت"", ""live_pe"": 0.3, ""risk_ok"": true, ""decision"": ""رد_نمره"", ""industry"": ""سرمايه گذاريها"", ""pe_ratio"": 0.05, ""raw_score"": 5.0, ""trend_20d"": ""up"", ""rule_50_30"": ""رد"", ""final_score"": 5.0, ""score_macro"": 10.0, ""volume_spike"": 0.0, ""current_price"": 667.0, ""liquidity_pct"": 998012557.933333, ""position_size"": 0, ""adjusted_score"": 0.0, ""rank_in_market"": 132, ""score_feedstock"": 0.0, ""score_liquidity"": 5.0, ""score_technical"": 0.0, ""score_valuation"": 20.0, ""stop_loss_price"": -67.0, ""nima_free_spread"": 6.523, ""percentile_score"": 74.3, ""price_change_pct"": 0.0, ""rank_in_industry"": 10, ""score_farabourse"": 0.0, ""score_fundamental"": 7.5, ""score_gov_support"": 0.0, ""institutional_ratio"": 0.0, ""score_institutional"": 0.0, ""negative_filters_count"": 0}",True,رد,0.0,0.0,7.5,0.0,7.5,0.0,5.0,10.0,0.0,0.0,0.0,0.0,5.0,20.0,20.0,1405-05-18,0.0,وملت,2026-09-08,0.0
وملل,,,,,,,,,,,,,,,,,,,,,,,,,,,,,,,,,,,,,,,,,,,,,,,,
وملي2,,,,,,,,,,,,,,,,,,,,,,,,,,,,,,,,,,,,,,,,,,,,,,,,
وملی,0.0,2026-08-09 18:36:44.149365,0.0,رد_نمره,,,,2.6,2026-08-09 15:06:44.146146,2026-08-09,506,0.0,0.0,0.0,0,6.523,,,0.0,11.8,,0,1,451,2.6,"{""atr_14"": 0.0, ""symbol"": ""وملي"", ""live_pe"": 0.0, ""risk_ok"": true, ""decision"": ""رد_نمره"", ""industry"": ""دباغي، پرداخت چرم و ساخت انواع پاپوش"", ""pe_ratio"": 0.0, ""raw_score"": 2.6, ""trend_20d"": ""flat"", ""rule_50_30"": ""رد"", ""final_score"": 2.6, ""score_macro"": 0.0, ""volume_spike"": 0.0, ""current_price"": 0.0, ""liquidity_pct"": 0.0, ""position_size"": 0, ""adjusted_score"": 0.0, ""rank_in_market"": 451, ""score_feedstock"": 0.0, ""score_liquidity"": 0.0, ""score_technical"": 0.0, ""score_valuation"": 20.0, ""stop_loss_price"": 0, ""nima_free_spread"": 6.523, ""percentile_score"": 11.8, ""price_change_pct"": 0.0, ""rank_in_industry"": 1, ""score_farabourse"": 0.0, ""score_fundamental"": 0.0, ""score_gov_support"": 0.0, ""institutional_ratio"": 0.0, ""score_institutional"": 0.0, ""negative_filters_count"": 0}",True,رد,0.0,0.0,0.0,0.0,0.0,0.0,0.0,0.0,0.0,0.0,0.0,0.0,2.6,20.0,20.0,1405-05-18,0.0,وملي,2026-09-08,0.0
وملی ایران,,,,,,,,,,,,,,,,,,,,,,,,,,,,,,,,,,,,,,,,,,,,,,,,
وملی3,,,,,,,,,,,,,,,,,,,,,,,,,,,,,,,,,,,,,,,,,,,,,,,,
ومهان,,,,,,,,,,,,,,,,,,,,,,,,,,,,,,,,,,,,,,,,,,,,,,,,
ومهان2,,,,,,,,,,,,,,,,,,,,,,,,,,,,,,,,,,,,,,,,,,,,,,,,
ومهان3,,,,,,,,,,,,,,,,,,,,,,,,,,,,,,,,,,,,,,,,,,,,,,,,
ومهستان ,,,,,,,,,,,,,,,,,,,,,,,,,,,,,,,,,,,,,,,,,,,,,,,,
ومهنام,,,,,,,,,,,,,,,,,,,,,,,,,,,,,,,,,,,,,,,,,,,,,,,,
ومپنا,,,,,,,,,,,,,,,,,,,,,,,,,,,,,,,,,,,,,,,,,,,,,,,,
ومپنا2,,,,,,,,,,,,,,,,,,,,,,,,,,,,,,,,,,,,,,,,,,,,,,,,
ومپنا3,,,,,,,,,,,,,,,,,,,,,,,,,,,,,,,,,,,,,,,,,,,,,,,,
ومیهن,,,,,,,,,,,,,,,,,,,,,,,,,,,,,,,,,,,,,,,,,,,,,,,,
وندیش,,,,,,,,,,,,,,,,,,,,,,,,,,,,,,,,,,,,,,,,,,,,,,,,
ونصر,,,,,,,,,,,,,,,,,,,,,,,,,,,,,,,,,,,,,,,,,,,,,,,,
ونفت,0.0,2026-08-09 18:36:44.149365,0.0,رد_نمره,,,,4.8,2026-08-09 15:06:44.146146,2026-08-09,507,0.0,0.0,0.0,0,6.523,,,0.0,74.1,,0,3,133,4.75,"{""atr_14"": 104.0, ""symbol"": ""ونفت"", ""live_pe"": 0.2, ""risk_ok"": true, ""decision"": ""رد_نمره"", ""industry"": ""فراورده هاي نفتي، كك و سوخت هسته اي"", ""pe_ratio"": 0.03, ""raw_score"": 5.0, ""trend_20d"": ""up"", ""rule_50_30"": ""رد"", ""final_score"": 5.0, ""score_macro"": 10.0, ""volume_spike"": 0.91, ""current_price"": 2459.0, ""liquidity_pct"": 93635711.633333, ""position_size"": 0, ""adjusted_score"": 0.0, ""rank_in_market"": 133, ""score_feedstock"": 0.0, ""score_liquidity"": 5.0, ""score_technical"": 0.0, ""score_valuation"": 20.0, ""stop_loss_price"": 2250.0, ""nima_free_spread"": 6.523, ""percentile_score"": 74.1, ""price_change_pct"": 0.08, ""rank_in_industry"": 3, ""score_farabourse"": 0.0, ""score_fundamental"": 7.5, ""score_gov_support"": 0.0, ""institutional_ratio"": 0.0, ""score_institutional"": 0.0, ""negative_filters_count"": 0}",True,رد,0.0,0.0,7.5,0.0,7.5,0.0,5.0,10.0,0.0,0.0,0.0,0.0,5.0,20.0,20.0,1405-05-18,0.0,ونفت,2026-09-08,0.0
ونفت3,,,,,,,,,,,,,,,,,,,,,,,,,,,,,,,,,,,,,,,,,,,,,,,,
ونماد سبحان,,,,,,,,,,,,,,,,,,,,,,,,,,,,,,,,,,,,,,,,,,,,,,,,
ونهایت,,,,,,,,,,,,,,,,,,,,,,,,,,,,,,,,,,,,,,,,,,,,,,,,
ونور همدانیان,,,,,,,,,,,,,,,,,,,,,,,,,,,,,,,,,,,,,,,,,,,,,,,,
ونوید,,,,,,,,,,,,,,,,,,,,,,,,,,,,,,,,,,,,,,,,,,,,,,,,
ونوین,0.0,2026-08-09 18:36:44.149365,0.0,رد_نمره,,,,2.6,2026-08-09 15:06:44.146146,2026-08-09,508,0.0,0.0,0.0,0,6.523,,,0.0,11.6,,0,10,452,2.6,"{""atr_14"": 0.0, ""symbol"": ""ونوين"", ""live_pe"": 0.0, ""risk_ok"": true, ""decision"": ""رد_نمره"", ""industry"": ""بانكها و موسسات اعتباري"", ""pe_ratio"": 0.0, ""raw_score"": 2.6, ""trend_20d"": ""flat"", ""rule_50_30"": ""رد"", ""final_score"": 2.6, ""score_macro"": 0.0, ""volume_spike"": 0.0, ""current_price"": 0.0, ""liquidity_pct"": 0.0, ""position_size"": 0, ""adjusted_score"": 0.0, ""rank_in_market"": 452, ""score_feedstock"": 0.0, ""score_liquidity"": 0.0, ""score_technical"": 0.0, ""score_valuation"": 20.0, ""stop_loss_price"": 0, ""nima_free_spread"": 6.523, ""percentile_score"": 11.6, ""price_change_pct"": 0.0, ""rank_in_industry"": 10, ""score_farabourse"": 0.0, ""score_fundamental"": 0.0, ""score_gov_support"": 0.0, ""institutional_ratio"": 0.0, ""score_institutional"": 0.0, ""negative_filters_count"": 0}",True,رد,0.0,0.0,0.0,0.0,0.0,0.0,0.0,0.0,0.0,0.0,0.0,0.0,2.6,20.0,20.0,1405-05-18,0.0,ونوين,2026-09-08,0.0
ونوین2,,,,,,,,,,,,,,,,,,,,,,,,,,,,,,,,,,,,,,,,,,,,,,,,
ونوین3,,,,,,,,,,,,,,,,,,,,,,,,,,,,,,,,,,,,,,,,,,,,,,,,
ونچر,,,,,,,,,,,,,,,,,,,,,,,,,,,,,,,,,,,,,,,,,,,,,,,,
ونگین,,,,,,,,,,,,,,,,,,,,,,,,,,,,,,,,,,,,,,,,,,,,,,,,
ونیرو,0.0,2026-08-09 18:36:44.149365,0.0,رد_نمره,,,,2.6,2026-08-09 15:06:44.146146,2026-08-09,509,0.0,0.0,0.0,0,6.523,,,0.0,11.4,,0,5,453,2.6,"{""atr_14"": 0.0, ""symbol"": ""ونيرو"", ""live_pe"": 0.0, ""risk_ok"": true, ""decision"": ""رد_نمره"", ""industry"": ""عرضه برق، گاز، بخاروآب گرم"", ""pe_ratio"": 0.0, ""raw_score"": 2.6, ""trend_20d"": ""flat"", ""rule_50_30"": ""رد"", ""final_score"": 2.6, ""score_macro"": 0.0, ""volume_spike"": 0.0, ""current_price"": 0.0, ""liquidity_pct"": 0.0, ""position_size"": 0, ""adjusted_score"": 0.0, ""rank_in_market"": 453, ""score_feedstock"": 0.0, ""score_liquidity"": 0.0, ""score_technical"": 0.0, ""score_valuation"": 20.0, ""stop_loss_price"": 0, ""nima_free_spread"": 6.523, ""percentile_score"": 11.4, ""price_change_pct"": 0.0, ""rank_in_industry"": 5, ""score_farabourse"": 0.0, ""score_fundamental"": 0.0, ""score_gov_support"": 0.0, ""institutional_ratio"": 0.0, ""score_institutional"": 0.0, ""negative_filters_count"": 0}",True,رد,0.0,0.0,0.0,0.0,0.0,0.0,0.0,0.0,0.0,0.0,0.0,0.0,2.6,20.0,20.0,1405-05-18,0.0,ونيرو,2026-09-08,0.0
ونیرو3,,,,,,,,,,,,,,,,,,,,,,,,,,,,,,,,,,,,,,,,,,,,,,,,
ونیکی,0.0,2026-08-09 18:36:44.149365,0.0,رد_نمره,,,,2.6,2026-08-09 15:06:44.146146,2026-08-09,510,0.0,0.0,0.0,0,6.523,,,0.0,11.2,,0,9,454,2.6,"{""atr_14"": 0.0, ""symbol"": ""ونيكي"", ""live_pe"": 0.0, ""risk_ok"": true, ""decision"": ""رد_نمره"", ""industry"": ""شرکتهاي چند رشته اي صنعتي"", ""pe_ratio"": 0.0, ""raw_score"": 2.6, ""trend_20d"": ""flat"", ""rule_50_30"": ""رد"", ""final_score"": 2.6, ""score_macro"": 0.0, ""volume_spike"": 0.0, ""current_price"": 0.0, ""liquidity_pct"": 0.0, ""position_size"": 0, ""adjusted_score"": 0.0, ""rank_in_market"": 454, ""score_feedstock"": 0.0, ""score_liquidity"": 0.0, ""score_technical"": 0.0, ""score_valuation"": 20.0, ""stop_loss_price"": 0, ""nima_free_spread"": 6.523, ""percentile_score"": 11.2, ""price_change_pct"": 0.0, ""rank_in_industry"": 9, ""score_farabourse"": 0.0, ""score_fundamental"": 0.0, ""score_gov_support"": 0.0, ""institutional_ratio"": 0.0, ""score_institutional"": 0.0, ""negative_filters_count"": 0}",True,رد,0.0,0.0,0.0,0.0,0.0,0.0,0.0,0.0,0.0,0.0,0.0,0.0,2.6,20.0,20.0,1405-05-18,0.0,ونيكي,2026-09-08,0.0
ونیکی2,,,,,,,,,,,,,,,,,,,,,,,,,,,,,,,,,,,,,,,,,,,,,,,,
ونیکی3,,,,,,,,,,,,,,,,,,,,,,,,,,,,,,,,,,,,,,,,,,,,,,,,
وهامرز,,,,,,,,,,,,,,,,,,,,,,,,,,,,,,,,,,,,,,,,,,,,,,,,
وهامو,,,,,,,,,,,,,,,,,,,,,,,,,,,,,,,,,,,,,,,,,,,,,,,,
وهامون,,,,,,,,,,,,,,,,,,,,,,,,,,,,,,,,,,,,,,,,,,,,,,,,
وهامون3,,,,,,,,,,,,,,,,,,,,,,,,,,,,,,,,,,,,,,,,,,,,,,,,
وهامونح,,,,,,,,,,,,,,,,,,,,,,,,,,,,,,,,,,,,,,,,,,,,,,,,
وهرمس,,,,,,,,,,,,,,,,,,,,,,,,,,,,,,,,,,,,,,,,,,,,,,,,
وهمیاری,,,,,,,,,,,,,,,,,,,,,,,,,,,,,,,,,,,,,,,,,,,,,,,,
وهنر,,,,,,,,,,,,,,,,,,,,,,,,,,,,,,,,,,,,,,,,,,,,,,,,
وهور,,,,,,,,,,,,,,,,,,,,,,,,,,,,,,,,,,,,,,,,,,,,,,,,
وهور2,,,,,,,,,,,,,,,,,,,,,,,,,,,,,,,,,,,,,,,,,,,,,,,,
وهور3,,,,,,,,,,,,,,,,,,,,,,,,,,,,,,,,,,,,,,,,,,,,,,,,
وهیرکانیا,,,,,,,,,,,,,,,,,,,,,,,,,,,,,,,,,,,,,,,,,,,,,,,,
وپاداش سرمایه,,,,,,,,,,,,,,,,,,,,,,,,,,,,,,,,,,,,,,,,,,,,,,,,
وپارس,0.0,2026-08-09 18:36:44.149365,1991.0,رد_نمره,,,,5.7,2026-08-09 15:06:44.146146,2026-08-09,440,0.0,1861773830192.1333,0.7,0,6.523,,,0.11,94.3,,71942,1,30,5.65,"{""atr_14"": 195.0, ""symbol"": ""وپارس"", ""live_pe"": 1.9, ""risk_ok"": true, ""decision"": ""رد_نمره"", ""industry"": ""بانكها و موسسات اعتباري"", ""pe_ratio"": 0.3, ""raw_score"": 5.65, ""trend_20d"": ""flat"", ""rule_50_30"": ""رد"", ""final_score"": 5.7, ""score_macro"": 10.0, ""volume_spike"": 0.69, ""current_price"": 5139.0, ""liquidity_pct"": 22472703400.2, ""position_size"": 0, ""adjusted_score"": 0.0, ""rank_in_market"": 30, ""score_feedstock"": 0.0, ""score_liquidity"": 5.0, ""score_technical"": 0.0, ""score_valuation"": 20.0, ""stop_loss_price"": 4748.0, ""nima_free_spread"": 6.523, ""percentile_score"": 94.3, ""price_change_pct"": -3.02, ""rank_in_industry"": 1, ""score_farabourse"": 0.0, ""score_fundamental"": 7.5, ""score_gov_support"": 5.0, ""institutional_ratio"": 0.0, ""score_institutional"": 0.0, ""negative_filters_count"": 0}",True,رد,0.0,0.0,7.5,5.0,7.5,0.0,5.0,10.0,0.0,0.0,5.0,0.0,5.7,20.0,20.0,1405-05-18,1852.0,وپارس,2026-09-08,0.61
وپارس حافظ,,,,,,,,,,,,,,,,,,,,,,,,,,,,,,,,,,,,,,,,,,,,,,,,
وپارس3,,,,,,,,,,,,,,,,,,,,,,,,,,,,,,,,,,,,,,,,,,,,,,,,
وپارسیان,,,,,,,,,,,,,,,,,,,,,,,,,,,,,,,,,,,,,,,,,,,,,,,,
وپارسیس,,,,,,,,,,,,,,,,,,,,,,,,,,,,,,,,,,,,,,,,,,,,,,,,
وپاسار,0.0,2026-08-09 18:36:44.149365,9750.0,رد_نمره,,,,5.7,2026-08-09 15:06:44.146146,2026-08-09,441,0.0,1248827574619.3333,3.0,0,6.523,,,0.46,94.1,,14662,2,31,5.65,"{""atr_14"": 62.0, ""symbol"": ""وپاسار"", ""live_pe"": 0.6, ""risk_ok"": true, ""decision"": ""رد_نمره"", ""industry"": ""بانكها و موسسات اعتباري"", ""pe_ratio"": 0.09, ""raw_score"": 5.65, ""trend_20d"": ""down"", ""rule_50_30"": ""رد"", ""final_score"": 5.7, ""score_macro"": 10.0, ""volume_spike"": 1.58, ""current_price"": 1853.0, ""liquidity_pct"": 47192862199.6, ""position_size"": 0, ""adjusted_score"": 0.0, ""rank_in_market"": 31, ""score_feedstock"": 0.0, ""score_liquidity"": 5.0, ""score_technical"": 0.0, ""score_valuation"": 20.0, ""stop_loss_price"": 1723.0, ""nima_free_spread"": 6.523, ""percentile_score"": 94.1, ""price_change_pct"": -1.89, ""rank_in_industry"": 2, ""score_farabourse"": 0.0, ""score_fundamental"": 7.5, ""score_gov_support"": 5.0, ""institutional_ratio"": 0.0, ""score_institutional"": 0.0, ""negative_filters_count"": 0}",True,رد,0.0,0.0,7.5,5.0,7.5,0.0,5.0,10.0,0.0,0.0,5.0,0.0,5.7,20.0,20.0,1405-05-18,9068.0,وپاسار,2026-09-08,1.18
وپاسار2,,,,,,,,,,,,,,,,,,,,,,,,,,,,,,,,,,,,,,,,,,,,,,,,
وپاسار3,,,,,,,,,,,,,,,,,,,,,,,,,,,,,,,,,,,,,,,,,,,,,,,,
وپایا,,,,,,,,,,,,,,,,,,,,,,,,,,,,,,,,,,,,,,,,,,,,,,,,
وپایا3,,,,,,,,,,,,,,,,,,,,,,,,,,,,,,,,,,,,,,,,,,,,,,,,
وپایش,,,,,,,,,,,,,,,,,,,,,,,,,,,,,,,,,,,,,,,,,,,,,,,,
وپترو,0.0,2026-08-09 18:36:44.149365,44560.0,رد_نمره,,,,5.7,2026-08-09 15:06:44.146146,2026-08-09,442,0.0,191030825769.33334,1.6,0,6.523,,,0.25,92.7,,3206,4,38,5.65,"{""atr_14"": 60.0, ""symbol"": ""وپترو"", ""live_pe"": 0.1, ""risk_ok"": true, ""decision"": ""رد_نمره"", ""industry"": ""محصولات شيميايي"", ""pe_ratio"": 0.01, ""raw_score"": 5.6, ""trend_20d"": ""up"", ""rule_50_30"": ""رد"", ""final_score"": 5.6, ""score_macro"": 10.0, ""volume_spike"": 2.62, ""current_price"": 2500.0, ""liquidity_pct"": 480172560.0, ""position_size"": 0, ""adjusted_score"": 0.0, ""rank_in_market"": 38, ""score_feedstock"": 0.0, ""score_liquidity"": 5.0, ""score_technical"": 7.5, ""score_valuation"": 20.0, ""stop_loss_price"": 2325.0, ""nima_free_spread"": 6.523, ""percentile_score"": 92.7, ""price_change_pct"": 0.44, ""rank_in_industry"": 4, ""score_farabourse"": 0.0, ""score_fundamental"": 7.5, ""score_gov_support"": 0.0, ""institutional_ratio"": 0.0, ""score_institutional"": 0.0, ""negative_filters_count"": 0}",True,رد,0.0,0.0,7.5,5.0,7.5,0.0,5.0,10.0,7.5,0.0,0.0,0.0,5.6,20.0,20.0,1405-05-18,41441.0,وپترو,2026-09-08,0.49
وپترو3,,,,,,,,,,,,,,,,,,,,,,,,,,,,,,,,,,,,,,,,,,,,,,,,
وپخش,0.0,2026-08-09 18:36:44.149365,0.0,رد_نمره,,,,4.8,2026-08-09 15:06:44.146146,2026-08-09,443,0.0,0.0,0.0,0,6.523,,,0.0,76.9,,0,15,119,4.75,"{""atr_14"": 75.0, ""symbol"": ""وپخش"", ""live_pe"": 0.5, ""risk_ok"": true, ""decision"": ""رد_نمره"", ""industry"": ""مواد و محصولات دارويي"", ""pe_ratio"": 0.08, ""raw_score"": 5.0, ""trend_20d"": ""up"", ""rule_50_30"": ""رد"", ""final_score"": 5.0, ""score_macro"": 10.0, ""volume_spike"": 0.22, ""current_price"": 7823.0, ""liquidity_pct"": 605982312.1, ""position_size"": 0, ""adjusted_score"": 0.0, ""rank_in_market"": 119, ""score_feedstock"": 0.0, ""score_liquidity"": 5.0, ""score_technical"": 0.0, ""score_valuation"": 20.0, ""stop_loss_price"": 7275.0, ""nima_free_spread"": 6.523, ""percentile_score"": 76.9, ""price_change_pct"": 0.99, ""rank_in_industry"": 15, ""score_farabourse"": 0.0, ""score_fundamental"": 7.5, ""score_gov_support"": 0.0, ""institutional_ratio"": 0.0, ""score_institutional"": 0.0, ""negative_filters_count"": 0}",True,رد,0.0,0.0,7.5,0.0,7.5,0.0,5.0,10.0,0.0,0.0,0.0,0.0,5.0,20.0,20.0,1405-05-18,0.0,وپخش,2026-09-08,0.0
وپخش2,,,,,,,,,,,,,,,,,,,,,,,,,,,,,,,,,,,,,,,,,,,,,,,,
وپخش3,,,,,,,,,,,,,,,,,,,,,,,,,,,,,,,,,,,,,,,,,,,,,,,,
وپرتو تابان,,,,,,,,,,,,,,,,,,,,,,,,,,,,,,,,,,,,,,,,,,,,,,,,
وپرداس,,,,,,,,,,,,,,,,,,,,,,,,,,,,,,,,,,,,,,,,,,,,,,,,
وپسا,,,,,,,,,,,,,,,,,,,,,,,,,,,,,,,,,,,,,,,,,,,,,,,,
وپست,0.0,2026-08-09 18:36:44.149365,9620.0,رد_نمره,,,,5.7,2026-08-09 15:06:44.146146,2026-08-09,444,0.0,701508278076.6666,1.2,0,6.523,,,0.18,76.7,,14992,5,120,5.65,"{""atr_14"": 123.0, ""symbol"": ""وپست"", ""live_pe"": 0.5, ""risk_ok"": true, ""decision"": ""رد_نمره"", ""industry"": ""بانكها و موسسات اعتباري"", ""pe_ratio"": 0.07, ""raw_score"": 5.0, ""trend_20d"": ""up"", ""rule_50_30"": ""رد"", ""final_score"": 5.0, ""score_macro"": 10.0, ""volume_spike"": 0.02, ""current_price"": 3942.0, ""liquidity_pct"": 2183891517.2, ""position_size"": 0, ""adjusted_score"": 0.0, ""rank_in_market"": 120, ""score_feedstock"": 0.0, ""score_liquidity"": 5.0, ""score_technical"": 0.0, ""score_valuation"": 20.0, ""stop_loss_price"": 3666.0, ""nima_free_spread"": 6.523, ""percentile_score"": 76.7, ""price_change_pct"": 3.98, ""rank_in_industry"": 5, ""score_farabourse"": 0.0, ""score_fundamental"": 7.5, ""score_gov_support"": 0.0, ""institutional_ratio"": 0.0, ""score_institutional"": 0.0, ""negative_filters_count"": 0}",True,رد,0.0,0.0,7.5,5.0,7.5,0.0,5.0,10.0,0.0,0.0,0.0,0.0,5.0,20.0,20.0,1405-05-18,8953.0,وپست,2026-09-08,0.76
وپست2,,,,,,,,,,,,,,,,,,,,,,,,,,,,,,,,,,,,,,,,,,,,,,,,
وپست3,,,,,,,,,,,,,,,,,,,,,,,,,,,,,,,,,,,,,,,,,,,,,,,,
وپویا,,,,,,,,,,,,,,,,,,,,,,,,,,,,,,,,,,,,,,,,,,,,,,,,
وپویا همگام ,,,,,,,,,,,,,,,,,,,,,,,,,,,,,,,,,,,,,,,,,,,,,,,,
وپویا3,,,,,,,,,,,,,,,,,,,,,,,,,,,,,,,,,,,,,,,,,,,,,,,,
وکادو,,,,,,,,,,,,,,,,,,,,,,,,,,,,,,,,,,,,,,,,,,,,,,,,
وکادو2,,,,,,,,,,,,,,,,,,,,,,,,,,,,,,,,,,,,,,,,,,,,,,,,
وکار,0.0,2026-08-09 18:36:44.149365,0.0,رد_نمره,,,,2.6,2026-08-09 15:06:44.146146,2026-08-09,492,0.0,0.0,0.0,0,6.523,,,0.0,13.1,,0,9,444,2.6,"{""atr_14"": 0.0, ""symbol"": ""وكار"", ""live_pe"": 0.0, ""risk_ok"": true, ""decision"": ""رد_نمره"", ""industry"": ""بانكها و موسسات اعتباري"", ""pe_ratio"": 0.0, ""raw_score"": 2.6, ""trend_20d"": ""flat"", ""rule_50_30"": ""رد"", ""final_score"": 2.6, ""score_macro"": 0.0, ""volume_spike"": 0.0, ""current_price"": 0.0, ""liquidity_pct"": 0.0, ""position_size"": 0, ""adjusted_score"": 0.0, ""rank_in_market"": 444, ""score_feedstock"": 0.0, ""score_liquidity"": 0.0, ""score_technical"": 0.0, ""score_valuation"": 20.0, ""stop_loss_price"": 0, ""nima_free_spread"": 6.523, ""percentile_score"": 13.1, ""price_change_pct"": 0.0, ""rank_in_industry"": 9, ""score_farabourse"": 0.0, ""score_fundamental"": 0.0, ""score_gov_support"": 0.0, ""institutional_ratio"": 0.0, ""score_institutional"": 0.0, ""negative_filters_count"": 0}",True,رد,0.0,0.0,0.0,0.0,0.0,0.0,0.0,0.0,0.0,0.0,0.0,0.0,2.6,20.0,20.0,1405-05-18,0.0,وكار,2026-09-08,0.0
وکار3,,,,,,,,,,,,,,,,,,,,,,,,,,,,,,,,,,,,,,,,,,,,,,,,
وکارآمد,,,,,,,,,,,,,,,,,,,,,,,,,,,,,,,,,,,,,,,,,,,,,,,,
وکاریزما,,,,,,,,,,,,,,,,,,,,,,,,,,,,,,,,,,,,,,,,,,,,,,,,
وکبهمن,,,,,,,,,,,,,,,,,,,,,,,,,,,,,,,,,,,,,,,,,,,,,,,,
وکبهمن2,,,,,,,,,,,,,,,,,,,,,,,,,,,,,,,,,,,,,,,,,,,,,,,,
وکبهمن3,,,,,,,,,,,,,,,,,,,,,,,,,,,,,,,,,,,,,,,,,,,,,,,,
وکشتی,,,,,,,,,,,,,,,,,,,,,,,,,,,,,,,,,,,,,,,,,,,,,,,,
وکغدیر,0.0,2026-08-09 18:36:44.149365,0.0,رد_نمره,,,,2.6,2026-08-09 15:06:44.146146,2026-08-09,493,0.0,0.0,0.0,0,6.523,,,0.0,12.9,,0,8,445,2.6,"{""atr_14"": 0.0, ""symbol"": ""وكغدير"", ""live_pe"": 0.0, ""risk_ok"": true, ""decision"": ""رد_نمره"", ""industry"": ""شرکتهاي چند رشته اي صنعتي"", ""pe_ratio"": 0.0, ""raw_score"": 2.6, ""trend_20d"": ""flat"", ""rule_50_30"": ""رد"", ""final_score"": 2.6, ""score_macro"": 0.0, ""volume_spike"": 0.0, ""current_price"": 0.0, ""liquidity_pct"": 0.0, ""position_size"": 0, ""adjusted_score"": 0.0, ""rank_in_market"": 445, ""score_feedstock"": 0.0, ""score_liquidity"": 0.0, ""score_technical"": 0.0, ""score_valuation"": 20.0, ""stop_loss_price"": 0, ""nima_free_spread"": 6.523, ""percentile_score"": 12.9, ""price_change_pct"": 0.0, ""rank_in_industry"": 8, ""score_farabourse"": 0.0, ""score_fundamental"": 0.0, ""score_gov_support"": 0.0, ""institutional_ratio"": 0.0, ""score_institutional"": 0.0, ""negative_filters_count"": 0}",True,رد,0.0,0.0,0.0,0.0,0.0,0.0,0.0,0.0,0.0,0.0,0.0,0.0,2.6,20.0,20.0,1405-05-18,0.0,وكغدير,2026-09-08,0.0
وکغدیر2,,,,,,,,,,,,,,,,,,,,,,,,,,,,,,,,,,,,,,,,,,,,,,,,
وکغدیر3,,,,,,,,,,,,,,,,,,,,,,,,,,,,,,,,,,,,,,,,,,,,,,,,
وکمپنا,,,,,,,,,,,,,,,,,,,,,,,,,,,,,,,,,,,,,,,,,,,,,,,,
وکیان,,,,,,,,,,,,,,,,,,,,,,,,,,,,,,,,,,,,,,,,,,,,,,,,
وکیمیا,,,,,,,,,,,,,,,,,,,,,,,,,,,,,,,,,,,,,,,,,,,,,,,,
وگردش,,,,,,,,,,,,,,,,,,,,,,,,,,,,,,,,,,,,,,,,,,,,,,,,
وگردش2,,,,,,,,,,,,,,,,,,,,,,,,,,,,,,,,,,,,,,,,,,,,,,,,
وگردش3,,,,,,,,,,,,,,,,,,,,,,,,,,,,,,,,,,,,,,,,,,,,,,,,
وگروه ایرانیان,,,,,,,,,,,,,,,,,,,,,,,,,,,,,,,,,,,,,,,,,,,,,,,,
وگستر,,,,,,,,,,,,,,,,,,,,,,,,,,,,,,,,,,,,,,,,,,,,,,,,
وگستر3,,,,,,,,,,,,,,,,,,,,,,,,,,,,,,,,,,,,,,,,,,,,,,,,
وگلفوده,,,,,,,,,,,,,,,,,,,,,,,,,,,,,,,,,,,,,,,,,,,,,,,,
وگنجینه ایرانیان,,,,,,,,,,,,,,,,,,,,,,,,,,,,,,,,,,,,,,,,,,,,,,,,
ویسا,,,,,,,,,,,,,,,,,,,,,,,,,,,,,,,,,,,,,,,,,,,,,,,,
ویستا,,,,,,,,,,,,,,,,,,,,,,,,,,,,,,,,,,,,,,,,,,,,,,,,
ویستا بازار,,,,,,,,,,,,,,,,,,,,,,,,,,,,,,,,,,,,,,,,,,,,,,,,
ویستا2,,,,,,,,,,,,,,,,,,,,,,,,,,,,,,,,,,,,,,,,,,,,,,,,
ویسرو,,,,,,,,,,,,,,,,,,,,,,,,,,,,,,,,,,,,,,,,,,,,,,,,
پادا,,,,,,,,,,,,,,,,,,,,,,,,,,,,,,,,,,,,,,,,,,,,,,,,
پادا2,,,,,,,,,,,,,,,,,,,,,,,,,,,,,,,,,,,,,,,,,,,,,,,,
پاداش,,,,,,,,,,,,,,,,,,,,,,,,,,,,,,,,,,,,,,,,,,,,,,,,
پاداش اعتماد تمدن,,,,,,,,,,,,,,,,,,,,,,,,,,,,,,,,,,,,,,,,,,,,,,,,
پاداش بازار,,,,,,,,,,,,,,,,,,,,,,,,,,,,,,,,,,,,,,,,,,,,,,,,
پاداش ثابت,,,,,,,,,,,,,,,,,,,,,,,,,,,,,,,,,,,,,,,,,,,,,,,,
پاداش سرمایه سهام,,,,,,,,,,,,,,,,,,,,,,,,,,,,,,,,,,,,,,,,,,,,,,,,
پاداش2,,,,,,,,,,,,,,,,,,,,,,,,,,,,,,,,,,,,,,,,,,,,,,,,
پادرا,,,,,,,,,,,,,,,,,,,,,,,,,,,,,,,,,,,,,,,,,,,,,,,,
پارتا,0.0,2026-08-09 18:36:44.149365,0.0,رد_نمره,,,,7.5,2026-08-09 15:06:44.146146,2026-08-09,41,0.0,0.0,0.0,0,6.523,,,0.0,99.4,,0,3,4,7.45,"{""atr_14"": 426.0, ""symbol"": ""پارتا"", ""live_pe"": 1.7, ""risk_ok"": true, ""decision"": ""رد_نمره"", ""industry"": ""لاستيك و پلاستيك"", ""pe_ratio"": 0.16, ""raw_score"": 8.9, ""trend_20d"": ""down"", ""rule_50_30"": ""رد"", ""final_score"": 8.9, ""score_macro"": 10.0, ""volume_spike"": 4.99, ""current_price"": 6790.0, ""liquidity_pct"": 8091686355.333333, ""position_size"": 0, ""adjusted_score"": 0.0, ""rank_in_market"": 4, ""score_feedstock"": 0.0, ""score_liquidity"": 5.0, ""score_technical"": 15.0, ""score_valuation"": 20.0, ""stop_loss_price"": 5939.0, ""nima_free_spread"": 6.523, ""percentile_score"": 99.4, ""price_change_pct"": 4.95, ""rank_in_industry"": 3, ""score_farabourse"": 0.0, ""score_fundamental"": 22.5, ""score_gov_support"": 0.0, ""institutional_ratio"": 0.0, ""score_institutional"": 0.0, ""negative_filters_count"": 0}",True,رد,0.0,0.0,22.5,0.0,22.5,0.0,5.0,10.0,15.0,0.0,0.0,0.0,8.9,20.0,20.0,1405-05-18,0.0,پارتا,2026-09-08,0.0
پارتا3,,,,,,,,,,,,,,,,,,,,,,,,,,,,,,,,,,,,,,,,,,,,,,,,
پارتین,,,,,,,,,,,,,,,,,,,,,,,,,,,,,,,,,,,,,,,,,,,,,,,,
پارتین2,,,,,,,,,,,,,,,,,,,,,,,,,,,,,,,,,,,,,,,,,,,,,,,,
پارس,0.0,2026-08-09 18:36:44.149365,2503.0,رد_نمره,,,,5.7,2026-08-09 15:06:44.146146,2026-08-09,42,0.0,441844808931.4667,1.3,0,6.523,,,0.2,10.6,,57142,43,457,5.65,"{""atr_14"": 1059.0, ""symbol"": ""پارس"", ""live_pe"": 15.4, ""risk_ok"": true, ""decision"": ""رد_نمره"", ""industry"": ""محصولات شيميايي"", ""pe_ratio"": 2.37, ""raw_score"": 2.25, ""trend_20d"": ""down"", ""rule_50_30"": ""رد"", ""final_score"": 2.2, ""score_macro"": 0.0, ""volume_spike"": 0.49, ""current_price"": 30270.0, ""liquidity_pct"": 77636768259.56667, ""position_size"": 0, ""adjusted_score"": 0.0, ""rank_in_market"": 457, ""score_feedstock"": 0.0, ""score_liquidity"": 5.0, ""score_technical"": 0.0, ""score_valuation"": 0.0, ""stop_loss_price"": 28151.0, ""nima_free_spread"": 6.523, ""percentile_score"": 10.6, ""price_change_pct"": 1.84, ""rank_in_industry"": 43, ""score_farabourse"": 0.0, ""score_fundamental"": 7.5, ""score_gov_support"": 5.0, ""institutional_ratio"": 0.0, ""score_institutional"": 0.0, ""negative_filters_count"": 0}",True,رد,0.0,0.0,7.5,5.0,7.5,0.0,5.0,10.0,0.0,0.0,5.0,0.0,2.2,20.0,0.0,1405-05-18,2328.0,پارس,2026-09-08,0.55
پارس تامین,,,,,,,,,,,,,,,,,,,,,,,,,,,,,,,,,,,,,,,,,,,,,,,,
پارس مختلط,,,,,,,,,,,,,,,,,,,,,,,,,,,,,,,,,,,,,,,,,,,,,,,,
پارس2,,,,,,,,,,,,,,,,,,,,,,,,,,,,,,,,,,,,,,,,,,,,,,,,
پارس3,,,,,,,,,,,,,,,,,,,,,,,,,,,,,,,,,,,,,,,,,,,,,,,,
پارسان,0.0,2026-08-09 18:36:44.149365,27900.0,رد_نمره,,,,4.3,2026-08-09 15:06:44.146146,2026-08-09,43,0.0,2413362060273.3335,2.0,0,6.523,,,0.29,66.7,,5120,15,171,4.3,"{""atr_14"": 165.0, ""symbol"": ""پارسان"", ""live_pe"": 0.4, ""risk_ok"": true, ""decision"": ""رد_نمره"", ""industry"": ""محصولات شيميايي"", ""pe_ratio"": 0.06, ""raw_score"": 3.65, ""trend_20d"": ""flat"", ""rule_50_30"": ""رد"", ""final_score"": 3.7, ""score_macro"": 10.0, ""volume_spike"": 0.34, ""current_price"": 5683.0, ""liquidity_pct"": 16252821437.7, ""position_size"": 0, ""adjusted_score"": 0.0, ""rank_in_market"": 171, ""score_feedstock"": 0.0, ""score_liquidity"": 5.0, ""score_technical"": 0.0, ""score_valuation"": 20.0, ""stop_loss_price"": 5285.0, ""nima_free_spread"": 6.523, ""percentile_score"": 66.7, ""price_change_pct"": 0.46, ""rank_in_industry"": 15, ""score_farabourse"": 0.0, ""score_fundamental"": 0.0, ""score_gov_support"": 0.0, ""institutional_ratio"": 0.0, ""score_institutional"": 0.0, ""negative_filters_count"": 0}",True,رد,0.0,0.0,0.0,5.0,0.0,0.0,5.0,10.0,0.0,0.0,0.0,0.0,3.7,20.0,20.0,1405-05-18,25947.0,پارسان,2026-09-08,0.6
پارسان2,,,,,,,,,,,,,,,,,,,,,,,,,,,,,,,,,,,,,,,,,,,,,,,,
پارسان3,,,,,,,,,,,,,,,,,,,,,,,,,,,,,,,,,,,,,,,,,,,,,,,,
پارسیان,0.0,2026-08-09 18:36:44.149365,0.0,رد_نمره,,,,2.6,2026-08-09 15:06:44.146146,2026-08-09,44,0.0,0.0,0.0,0,6.523,,,0.0,60.2,,0,6,204,2.6,"{""atr_14"": 0.0, ""symbol"": ""پارسيان"", ""live_pe"": 0.0, ""risk_ok"": true, ""decision"": ""رد_نمره"", ""industry"": ""بيمه وصندوق بازنشستگي به جزتامين اجتماعي"", ""pe_ratio"": 0.0, ""raw_score"": 2.6, ""trend_20d"": ""flat"", ""rule_50_30"": ""رد"", ""final_score"": 2.6, ""score_macro"": 0.0, ""volume_spike"": 0.0, ""current_price"": 0.0, ""liquidity_pct"": 0.0, ""position_size"": 0, ""adjusted_score"": 0.0, ""rank_in_market"": 204, ""score_feedstock"": 0.0, ""score_liquidity"": 0.0, ""score_technical"": 0.0, ""score_valuation"": 20.0, ""stop_loss_price"": 0, ""nima_free_spread"": 6.523, ""percentile_score"": 60.2, ""price_change_pct"": 0.0, ""rank_in_industry"": 6, ""score_farabourse"": 0.0, ""score_fundamental"": 0.0, ""score_gov_support"": 0.0, ""institutional_ratio"": 0.0, ""score_institutional"": 0.0, ""negative_filters_count"": 0}",True,رد,0.0,0.0,0.0,0.0,0.0,0.0,0.0,0.0,0.0,0.0,0.0,0.0,2.6,20.0,20.0,1405-05-18,0.0,پارسيان,2026-09-08,0.0
پارسیان3,,,,,,,,,,,,,,,,,,,,,,,,,,,,,,,,,,,,,,,,,,,,,,,,
پارند,,,,,,,,,,,,,,,,,,,,,,,,,,,,,,,,,,,,,,,,,,,,,,,,
پارند ثابت,,,,,,,,,,,,,,,,,,,,,,,,,,,,,,,,,,,,,,,,,,,,,,,,
پارند2,,,,,,,,,,,,,,,,,,,,,,,,,,,,,,,,,,,,,,,,,,,,,,,,
پاریز,,,,,,,,,,,,,,,,,,,,,,,,,,,,,,,,,,,,,,,,,,,,,,,,
پاریز3,,,,,,,,,,,,,,,,,,,,,,,,,,,,,,,,,,,,,,,,,,,,,,,,
پاسا,0.0,2026-08-09 18:36:44.149365,0.0,رد_نمره,,,,4.8,2026-08-09 15:06:44.146146,2026-08-09,45,0.0,0.0,0.0,0,6.523,,,0.0,91.6,,0,6,44,4.75,"{""atr_14"": 77.0, ""symbol"": ""پاسا"", ""live_pe"": 2.7, ""risk_ok"": true, ""decision"": ""رد_نمره"", ""industry"": ""لاستيك و پلاستيك"", ""pe_ratio"": 0.47, ""raw_score"": 5.0, ""trend_20d"": ""up"", ""rule_50_30"": ""رد"", ""final_score"": 5.0, ""score_macro"": 10.0, ""volume_spike"": 0.09, ""current_price"": 22557.0, ""liquidity_pct"": 91816826.633333, ""position_size"": 0, ""adjusted_score"": 0.0, ""rank_in_market"": 44, ""score_feedstock"": 0.0, ""score_liquidity"": 5.0, ""score_technical"": 0.0, ""score_valuation"": 20.0, ""stop_loss_price"": 20978.0, ""nima_free_spread"": 6.523, ""percentile_score"": 91.6, ""price_change_pct"": 0.0, ""rank_in_industry"": 6, ""score_farabourse"": 0.0, ""score_fundamental"": 7.5, ""score_gov_support"": 0.0, ""institutional_ratio"": 0.0, ""score_institutional"": 0.0, ""negative_filters_count"": 0}",True,رد,0.0,0.0,7.5,0.0,7.5,0.0,5.0,10.0,0.0,0.0,0.0,0.0,5.0,20.0,20.0,1405-05-18,0.0,پاسا,2026-09-08,0.0
پاسا3,,,,,,,,,,,,,,,,,,,,,,,,,,,,,,,,,,,,,,,,,,,,,,,,
پاسارگاد,,,,,,,,,,,,,,,,,,,,,,,,,,,,,,,,,,,,,,,,,,,,,,,,
پاسارگاد نیکو,,,,,,,,,,,,,,,,,,,,,,,,,,,,,,,,,,,,,,,,,,,,,,,,
پاسارگاد2,,,,,,,,,,,,,,,,,,,,,,,,,,,,,,,,,,,,,,,,,,,,,,,,
پاسارگاد4,,,,,,,,,,,,,,,,,,,,,,,,,,,,,,,,,,,,,,,,,,,,,,,,
پالایش,,,,,,,,,,,,,,,,,,,,,,,,,,,,,,,,,,,,,,,,,,,,,,,,
پالایش نفت خوزستان,,,,,,,,,,,,,,,,,,,,,,,,,,,,,,,,,,,,,,,,,,,,,,,,
پالایش گاز خارگ,,,,,,,,,,,,,,,,,,,,,,,,,,,,,,,,,,,,,,,,,,,,,,,,
پالایش گاز فجر جم,,,,,,,,,,,,,,,,,,,,,,,,,,,,,,,,,,,,,,,,,,,,,,,,
پالایش گاز هویزه خلیج فارس,,,,,,,,,,,,,,,,,,,,,,,,,,,,,,,,,,,,,,,,,,,,,,,,
پالایش2,,,,,,,,,,,,,,,,,,,,,,,,,,,,,,,,,,,,,,,,,,,,,,,,
پالایش4,,,,,,,,,,,,,,,,,,,,,,,,,,,,,,,,,,,,,,,,,,,,,,,,
پاکسیر,,,,,,,,,,,,,,,,,,,,,,,,,,,,,,,,,,,,,,,,,,,,,,,,
پاکشو,0.0,2026-08-09 18:36:44.149365,0.0,رد_نمره,,,,2.6,2026-08-09 15:06:44.146146,2026-08-09,46,0.0,0.0,0.0,0,6.523,,,0.0,60.0,,0,19,205,2.6,"{""atr_14"": 0.0, ""symbol"": ""پاكشو"", ""live_pe"": 0.0, ""risk_ok"": true, ""decision"": ""رد_نمره"", ""industry"": ""محصولات شيميايي"", ""pe_ratio"": 0.0, ""raw_score"": 2.6, ""trend_20d"": ""flat"", ""rule_50_30"": ""رد"", ""final_score"": 2.6, ""score_macro"": 0.0, ""volume_spike"": 0.0, ""current_price"": 0.0, ""liquidity_pct"": 0.0, ""position_size"": 0, ""adjusted_score"": 0.0, ""rank_in_market"": 205, ""score_feedstock"": 0.0, ""score_liquidity"": 0.0, ""score_technical"": 0.0, ""score_valuation"": 20.0, ""stop_loss_price"": 0, ""nima_free_spread"": 6.523, ""percentile_score"": 60.0, ""price_change_pct"": 0.0, ""rank_in_industry"": 19, ""score_farabourse"": 0.0, ""score_fundamental"": 0.0, ""score_gov_support"": 0.0, ""institutional_ratio"": 0.0, ""score_institutional"": 0.0, ""negative_filters_count"": 0}",True,رد,0.0,0.0,0.0,0.0,0.0,0.0,0.0,0.0,0.0,0.0,0.0,0.0,2.6,20.0,20.0,1405-05-18,0.0,پاكشو,2026-09-08,0.0
پاکشو3,,,,,,,,,,,,,,,,,,,,,,,,,,,,,,,,,,,,,,,,,,,,,,,,
پایا,,,,,,,,,,,,,,,,,,,,,,,,,,,,,,,,,,,,,,,,,,,,,,,,
پایا2,,,,,,,,,,,,,,,,,,,,,,,,,,,,,,,,,,,,,,,,,,,,,,,,
پایا4,,,,,,,,,,,,,,,,,,,,,,,,,,,,,,,,,,,,,,,,,,,,,,,,
پایانه ها ومخازن پتروشیمی,,,,,,,,,,,,,,,,,,,,,,,,,,,,,,,,,,,,,,,,,,,,,,,,
پایدار,,,,,,,,,,,,,,,,,,,,,,,,,,,,,,,,,,,,,,,,,,,,,,,,
پایدار2,,,,,,,,,,,,,,,,,,,,,,,,,,,,,,,,,,,,,,,,,,,,,,,,
پایساز,,,,,,,,,,,,,,,,,,,,,,,,,,,,,,,,,,,,,,,,,,,,,,,,
پایش,,,,,,,,,,,,,,,,,,,,,,,,,,,,,,,,,,,,,,,,,,,,,,,,
پایش بازار,,,,,,,,,,,,,,,,,,,,,,,,,,,,,,,,,,,,,,,,,,,,,,,,
پایش2,,,,,,,,,,,,,,,,,,,,,,,,,,,,,,,,,,,,,,,,,,,,,,,,
پایش4,,,,,,,,,,,,,,,,,,,,,,,,,,,,,,,,,,,,,,,,,,,,,,,,
پاینده بازار,,,,,,,,,,,,,,,,,,,,,,,,,,,,,,,,,,,,,,,,,,,,,,,,
پتایر,0.0,2026-08-09 18:36:44.149365,0.0,رد_نمره,,,,2.6,2026-08-09 15:06:44.146146,2026-08-09,47,0.0,0.0,0.0,0,6.523,,,0.0,59.8,,0,8,206,2.6,"{""atr_14"": 0.0, ""symbol"": ""پتاير"", ""live_pe"": 0.0, ""risk_ok"": true, ""decision"": ""رد_نمره"", ""industry"": ""لاستيك و پلاستيك"", ""pe_ratio"": 0.0, ""raw_score"": 2.6, ""trend_20d"": ""flat"", ""rule_50_30"": ""رد"", ""final_score"": 2.6, ""score_macro"": 0.0, ""volume_spike"": 0.0, ""current_price"": 0.0, ""liquidity_pct"": 0.0, ""position_size"": 0, ""adjusted_score"": 0.0, ""rank_in_market"": 206, ""score_feedstock"": 0.0, ""score_liquidity"": 0.0, ""score_technical"": 0.0, ""score_valuation"": 20.0, ""stop_loss_price"": 0, ""nima_free_spread"": 6.523, ""percentile_score"": 59.8, ""price_change_pct"": 0.0, ""rank_in_industry"": 8, ""score_farabourse"": 0.0, ""score_fundamental"": 0.0, ""score_gov_support"": 0.0, ""institutional_ratio"": 0.0, ""score_institutional"": 0.0, ""negative_filters_count"": 0}",True,رد,0.0,0.0,0.0,0.0,0.0,0.0,0.0,0.0,0.0,0.0,0.0,0.0,2.6,20.0,20.0,1405-05-18,0.0,پتاير,2026-09-08,0.0
پتایر3,,,,,,,,,,,,,,,,,,,,,,,,,,,,,,,,,,,,,,,,,,,,,,,,
پترو اولفین,,,,,,,,,,,,,,,,,,,,,,,,,,,,,,,,,,,,,,,,,,,,,,,,
پترو داریوش,,,,,,,,,,,,,,,,,,,,,,,,,,,,,,,,,,,,,,,,,,,,,,,,
پترو شیمی شمال منطقه آزاد انزلی,,,,,,,,,,,,,,,,,,,,,,,,,,,,,,,,,,,,,,,,,,,,,,,,
پترو فارس,,,,,,,,,,,,,,,,,,,,,,,,,,,,,,,,,,,,,,,,,,,,,,,,
پترو پاداش,,,,,,,,,,,,,,,,,,,,,,,,,,,,,,,,,,,,,,,,,,,,,,,,
پتروآبان,,,,,,,,,,,,,,,,,,,,,,,,,,,,,,,,,,,,,,,,,,,,,,,,
پتروآگاه,,,,,,,,,,,,,,,,,,,,,,,,,,,,,,,,,,,,,,,,,,,,,,,,
پتروآگاه2,,,,,,,,,,,,,,,,,,,,,,,,,,,,,,,,,,,,,,,,,,,,,,,,
پتروامید,,,,,,,,,,,,,,,,,,,,,,,,,,,,,,,,,,,,,,,,,,,,,,,,
پتروامید آسیا,,,,,,,,,,,,,,,,,,,,,,,,,,,,,,,,,,,,,,,,,,,,,,,,
پتروداریوش,,,,,,,,,,,,,,,,,,,,,,,,,,,,,,,,,,,,,,,,,,,,,,,,
پتروداریوش2,,,,,,,,,,,,,,,,,,,,,,,,,,,,,,,,,,,,,,,,,,,,,,,,
پتروسورین,,,,,,,,,,,,,,,,,,,,,,,,,,,,,,,,,,,,,,,,,,,,,,,,
پتروسورین4,,,,,,,,,,,,,,,,,,,,,,,,,,,,,,,,,,,,,,,,,,,,,,,,
پتروشیمی آلای مهستان,,,,,,,,,,,,,,,,,,,,,,,,,,,,,,,,,,,,,,,,,,,,,,,,
پتروشیمی بروجن,,,,,,,,,,,,,,,,,,,,,,,,,,,,,,,,,,,,,,,,,,,,,,,,
پتروشیمی بندرامام,,,,,,,,,,,,,,,,,,,,,,,,,,,,,,,,,,,,,,,,,,,,,,,,
پتروشیمی بوشهر,,,,,,,,,,,,,,,,,,,,,,,,,,,,,,,,,,,,,,,,,,,,,,,,
پتروشیمی توسعه پارک صنعتی گوهر افق,,,,,,,,,,,,,,,,,,,,,,,,,,,,,,,,,,,,,,,,,,,,,,,,
پتروشیمی خوزستان,,,,,,,,,,,,,,,,,,,,,,,,,,,,,,,,,,,,,,,,,,,,,,,,
پتروشیمی سیمرغ,,,,,,,,,,,,,,,,,,,,,,,,,,,,,,,,,,,,,,,,,,,,,,,,
پتروشیمی مهتاب پارسیان,,,,,,,,,,,,,,,,,,,,,,,,,,,,,,,,,,,,,,,,,,,,,,,,
پتروشیمی هامون,,,,,,,,,,,,,,,,,,,,,,,,,,,,,,,,,,,,,,,,,,,,,,,,
پتروشیمی هرمز خلیج فارس,,,,,,,,,,,,,,,,,,,,,,,,,,,,,,,,,,,,,,,,,,,,,,,,
پتروشیمی هزاره سوم,,,,,,,,,,,,,,,,,,,,,,,,,,,,,,,,,,,,,,,,,,,,,,,,
پتروشیمی همت,,,,,,,,,,,,,,,,,,,,,,,,,,,,,,,,,,,,,,,,,,,,,,,,
پتروشیمی ویستا انرژی ارغوان	,,,,,,,,,,,,,,,,,,,,,,,,,,,,,,,,,,,,,,,,,,,,,,,,
پتروشیمی گچساران,,,,,,,,,,,,,,,,,,,,,,,,,,,,,,,,,,,,,,,,,,,,,,,,
پتروصبا,,,,,,,,,,,,,,,,,,,,,,,,,,,,,,,,,,,,,,,,,,,,,,,,
پتروصبا2,,,,,,,,,,,,,,,,,,,,,,,,,,,,,,,,,,,,,,,,,,,,,,,,
پتروفارس,,,,,,,,,,,,,,,,,,,,,,,,,,,,,,,,,,,,,,,,,,,,,,,,
پتروفارس4,,,,,,,,,,,,,,,,,,,,,,,,,,,,,,,,,,,,,,,,,,,,,,,,
پترول,0.0,2026-08-09 18:36:44.149365,2029.0,رد_نمره,,,,5.7,2026-08-09 15:06:44.146146,2026-08-09,48,0.0,496117801201.13336,0.7,0,6.523,,,0.1,91.4,,70422,5,45,5.65,"{""atr_14"": 124.0, ""symbol"": ""پترول"", ""live_pe"": 0.5, ""risk_ok"": true, ""decision"": ""رد_نمره"", ""industry"": ""محصولات شيميايي"", ""pe_ratio"": 0.07, ""raw_score"": 5.0, ""trend_20d"": ""flat"", ""rule_50_30"": ""رد"", ""final_score"": 5.0, ""score_macro"": 10.0, ""volume_spike"": 1.74, ""current_price"": 1279.0, ""liquidity_pct"": 9025355964.366667, ""position_size"": 0, ""adjusted_score"": 0.0, ""rank_in_market"": 45, ""score_feedstock"": 0.0, ""score_liquidity"": 5.0, ""score_technical"": 0.0, ""score_valuation"": 20.0, ""stop_loss_price"": 1031.0, ""nima_free_spread"": 6.523, ""percentile_score"": 91.4, ""price_change_pct"": -3.16, ""rank_in_industry"": 5, ""score_farabourse"": 0.0, ""score_fundamental"": 7.5, ""score_gov_support"": 0.0, ""institutional_ratio"": 0.0, ""score_institutional"": 0.0, ""negative_filters_count"": 0}",True,رد,0.0,0.0,7.5,5.0,7.5,0.0,5.0,10.0,0.0,0.0,0.0,0.0,5.0,20.0,20.0,1405-05-18,1887.0,پترول,2026-09-08,0.8
پترول3,,,,,,,,,,,,,,,,,,,,,,,,,,,,,,,,,,,,,,,,,,,,,,,,
پتروما,,,,,,,,,,,,,,,,,,,,,,,,,,,,,,,,,,,,,,,,,,,,,,,,
پتروما4,,,,,,,,,,,,,,,,,,,,,,,,,,,,,,,,,,,,,,,,,,,,,,,,
پتروپاداش,,,,,,,,,,,,,,,,,,,,,,,,,,,,,,,,,,,,,,,,,,,,,,,,
پتروپاداش2,,,,,,,,,,,,,,,,,,,,,,,,,,,,,,,,,,,,,,,,,,,,,,,,
پتوسعه,,,,,,,,,,,,,,,,,,,,,,,,,,,,,,,,,,,,,,,,,,,,,,,,
پتوسعه3,,,,,,,,,,,,,,,,,,,,,,,,,,,,,,,,,,,,,,,,,,,,,,,,
پتکین,,,,,,,,,,,,,,,,,,,,,,,,,,,,,,,,,,,,,,,,,,,,,,,,
پخش,,,,,,,,,,,,,,,,,,,,,,,,,,,,,,,,,,,,,,,,,,,,,,,,
پخش اول,0.0,2026-08-09 18:36:44.149365,0.0,رد_نمره,,,,2.6,2026-08-09 15:06:44.146146,2026-08-09,49,0.0,0.0,0.0,0,6.523,,,0.0,0.4,,0,2,509,2.6,"{""atr_14"": 1000.0, ""symbol"": ""پخش اول"", ""live_pe"": 25000.0, ""risk_ok"": true, ""decision"": ""رد_نمره"", ""industry"": ""خرده فروشي،باستثناي وسايل نقليه موتوري"", ""pe_ratio"": 3846.15, ""raw_score"": 0.0, ""trend_20d"": ""flat"", ""rule_50_30"": ""رد"", ""final_score"": 0.0, ""score_macro"": 0.0, ""volume_spike"": 0.0, ""current_price"": 1000.0, ""liquidity_pct"": 0.0, ""position_size"": 0, ""adjusted_score"": 0.0, ""rank_in_market"": 509, ""score_feedstock"": 0.0, ""score_liquidity"": 0.0, ""score_technical"": 0.0, ""score_valuation"": 0.0, ""stop_loss_price"": -1000.0, ""nima_free_spread"": 6.523, ""percentile_score"": 0.4, ""price_change_pct"": 0.0, ""rank_in_industry"": 2, ""score_farabourse"": 0.0, ""score_fundamental"": 0.0, ""score_gov_support"": 0.0, ""institutional_ratio"": 0.0, ""score_institutional"": 0.0, ""negative_filters_count"": 0}",True,رد,0.0,0.0,0.0,0.0,0.0,0.0,0.0,0.0,0.0,0.0,0.0,0.0,0.0,20.0,0.0,1405-05-18,0.0,پخش اول,2026-09-08,0.0
پخش گاز ایرانیان,,,,,,,,,,,,,,,,,,,,,,,,,,,,,,,,,,,,,,,,,,,,,,,,
پخش2,,,,,,,,,,,,,,,,,,,,,,,,,,,,,,,,,,,,,,,,,,,,,,,,
پخش3,,,,,,,,,,,,,,,,,,,,,,,,,,,,,,,,,,,,,,,,,,,,,,,,
پدرخش,0.0,2026-08-09 18:36:44.149365,4960.0,رد_نمره,,,,9.7,2026-08-09 15:06:44.146146,2026-08-09,50,0.0,80097982068.0,2.3,0,6.523,,,0.4,99.8,,28818,1,2,9.7,"{""atr_14"": 30.0, ""symbol"": ""پدرخش"", ""live_pe"": 0.9, ""risk_ok"": true, ""decision"": ""رد_نمره"", ""industry"": ""لاستيك و پلاستيك"", ""pe_ratio"": 0.15, ""raw_score"": 9.05, ""trend_20d"": ""flat"", ""rule_50_30"": ""رد"", ""final_score"": 9.1, ""score_macro"": 10.0, ""volume_spike"": 0.1, ""current_price"": 1850.0, ""liquidity_pct"": 30539589.833333, ""position_size"": 0, ""adjusted_score"": 0.0, ""rank_in_market"": 2, ""score_feedstock"": 0.0, ""score_liquidity"": 5.0, ""score_technical"": 0.0, ""score_valuation"": 20.0, ""stop_loss_price"": 1720.0, ""nima_free_spread"": 6.523, ""percentile_score"": 99.8, ""price_change_pct"": 0.0, ""rank_in_industry"": 1, ""score_farabourse"": 0.0, ""score_fundamental"": 30.0, ""score_gov_support"": 0.0, ""institutional_ratio"": 0.0, ""score_institutional"": 0.0, ""negative_filters_count"": 0}",True,رد,0.0,0.0,30.0,5.0,30.0,0.0,5.0,10.0,0.0,0.0,0.0,0.0,9.1,20.0,20.0,1405-05-18,4613.0,پدرخش,2026-09-08,1.82
پدرخش3,,,,,,,,,,,,,,,,,,,,,,,,,,,,,,,,,,,,,,,,,,,,,,,,
پدنا,0.0,2026-08-09 18:36:44.149365,0.0,رد_نمره,,,,2.6,2026-08-09 15:06:44.146146,2026-08-09,51,0.0,0.0,0.0,0,6.523,,,0.0,59.6,,0,9,207,2.6,"{""atr_14"": 0.0, ""symbol"": ""پدنا"", ""live_pe"": 0.0, ""risk_ok"": true, ""decision"": ""رد_نمره"", ""industry"": ""لاستيك و پلاستيك"", ""pe_ratio"": 0.0, ""raw_score"": 2.6, ""trend_20d"": ""flat"", ""rule_50_30"": ""رد"", ""final_score"": 2.6, ""score_macro"": 0.0, ""volume_spike"": 0.0, ""current_price"": 0.0, ""liquidity_pct"": 0.0, ""position_size"": 0, ""adjusted_score"": 0.0, ""rank_in_market"": 207, ""score_feedstock"": 0.0, ""score_liquidity"": 0.0, ""score_technical"": 0.0, ""score_valuation"": 20.0, ""stop_loss_price"": 0, ""nima_free_spread"": 6.523, ""percentile_score"": 59.6, ""price_change_pct"": 0.0, ""rank_in_industry"": 9, ""score_farabourse"": 0.0, ""score_fundamental"": 0.0, ""score_gov_support"": 0.0, ""institutional_ratio"": 0.0, ""score_institutional"": 0.0, ""negative_filters_count"": 0}",True,رد,0.0,0.0,0.0,0.0,0.0,0.0,0.0,0.0,0.0,0.0,0.0,0.0,2.6,20.0,20.0,1405-05-18,0.0,پدنا,2026-09-08,0.0
پرتو,,,,,,,,,,,,,,,,,,,,,,,,,,,,,,,,,,,,,,,,,,,,,,,,
پرتو2,,,,,,,,,,,,,,,,,,,,,,,,,,,,,,,,,,,,,,,,,,,,,,,,
پرتوسا,,,,,,,,,,,,,,,,,,,,,,,,,,,,,,,,,,,,,,,,,,,,,,,,
پرتوسا2,,,,,,,,,,,,,,,,,,,,,,,,,,,,,,,,,,,,,,,,,,,,,,,,
پرتوسا4,,,,,,,,,,,,,,,,,,,,,,,,,,,,,,,,,,,,,,,,,,,,,,,,
پرداخت,0.0,2026-08-09 18:36:44.149365,0.0,رد_نمره,,,,4.8,2026-08-09 15:06:44.146146,2026-08-09,52,0.0,0.0,0.0,0,6.523,,,0.0,72.5,,0,4,141,4.75,"{""atr_14"": 1000.0, ""symbol"": ""پرداخت"", ""live_pe"": 0.5, ""risk_ok"": true, ""decision"": ""رد_نمره"", ""industry"": ""رايانه و فعاليت‌هاي وابسته به آن"", ""pe_ratio"": 0.03, ""raw_score"": 4.75, ""trend_20d"": ""flat"", ""rule_50_30"": ""رد"", ""final_score"": 4.8, ""score_macro"": 10.0, ""volume_spike"": 0.0, ""current_price"": 1000.0, ""liquidity_pct"": 0.0, ""position_size"": 0, ""adjusted_score"": 0.0, ""rank_in_market"": 141, ""score_feedstock"": 0.0, ""score_liquidity"": 0.0, ""score_technical"": 0.0, ""score_valuation"": 20.0, ""stop_loss_price"": -1000.0, ""nima_free_spread"": 6.523, ""percentile_score"": 72.5, ""price_change_pct"": 0.0, ""rank_in_industry"": 4, ""score_farabourse"": 0.0, ""score_fundamental"": 7.5, ""score_gov_support"": 0.0, ""institutional_ratio"": 0.0, ""score_institutional"": 0.0, ""negative_filters_count"": 0}",True,رد,0.0,0.0,7.5,0.0,7.5,0.0,0.0,10.0,0.0,0.0,0.0,0.0,4.8,20.0,20.0,1405-05-18,0.0,پرداخت,2026-09-08,0.0
پرداخت الکترونیک سداد (خدمات نوین داده ورزی سداد),,,,,,,,,,,,,,,,,,,,,,,,,,,,,,,,,,,,,,,,,,,,,,,,
پرداخت3,,,,,,,,,,,,,,,,,,,,,,,,,,,,,,,,,,,,,,,,,,,,,,,,
پردازش آرتا,,,,,,,,,,,,,,,,,,,,,,,,,,,,,,,,,,,,,,,,,,,,,,,,
پردازش ارس,,,,,,,,,,,,,,,,,,,,,,,,,,,,,,,,,,,,,,,,,,,,,,,,
پردازش امین,,,,,,,,,,,,,,,,,,,,,,,,,,,,,,,,,,,,,,,,,,,,,,,,
پردازش مبنا,,,,,,,,,,,,,,,,,,,,,,,,,,,,,,,,,,,,,,,,,,,,,,,,
پردازش پویا,,,,,,,,,,,,,,,,,,,,,,,,,,,,,,,,,,,,,,,,,,,,,,,,
پردازش کاریزما,,,,,,,,,,,,,,,,,,,,,,,,,,,,,,,,,,,,,,,,,,,,,,,,
پردیس,0.0,2026-08-09 18:36:44.149365,0.0,رد_نمره,,,,2.6,2026-08-09 15:06:44.146146,2026-08-09,53,0.0,0.0,0.0,0,6.523,,,0.0,59.4,,0,11,208,2.6,"{""atr_14"": 0.0, ""symbol"": ""پرديس"", ""live_pe"": 0.0, ""risk_ok"": true, ""decision"": ""رد_نمره"", ""industry"": ""سرمايه گذاريها"", ""pe_ratio"": 0.0, ""raw_score"": 2.6, ""trend_20d"": ""flat"", ""rule_50_30"": ""رد"", ""final_score"": 2.6, ""score_macro"": 0.0, ""volume_spike"": 0.0, ""current_price"": 0.0, ""liquidity_pct"": 0.0, ""position_size"": 0, ""adjusted_score"": 0.0, ""rank_in_market"": 208, ""score_feedstock"": 0.0, ""score_liquidity"": 0.0, ""score_technical"": 0.0, ""score_valuation"": 20.0, ""stop_loss_price"": 0, ""nima_free_spread"": 6.523, ""percentile_score"": 59.4, ""price_change_pct"": 0.0, ""rank_in_industry"": 11, ""score_farabourse"": 0.0, ""score_fundamental"": 0.0, ""score_gov_support"": 0.0, ""institutional_ratio"": 0.0, ""score_institutional"": 0.0, ""negative_filters_count"": 0}",True,رد,0.0,0.0,0.0,0.0,0.0,0.0,0.0,0.0,0.0,0.0,0.0,0.0,2.6,20.0,20.0,1405-05-18,0.0,پرديس,2026-09-08,0.0
پردیس اطلس پارس,,,,,,,,,,,,,,,,,,,,,,,,,,,,,,,,,,,,,,,,,,,,,,,,
پردیس امید راهبر سروش,,,,,,,,,,,,,,,,,,,,,,,,,,,,,,,,,,,,,,,,,,,,,,,,
پردیس گلستان تجارت,,,,,,,,,,,,,,,,,,,,,,,,,,,,,,,,,,,,,,,,,,,,,,,,
پردیس3,,,,,,,,,,,,,,,,,,,,,,,,,,,,,,,,,,,,,,,,,,,,,,,,
پرسپولیس,,,,,,,,,,,,,,,,,,,,,,,,,,,,,,,,,,,,,,,,,,,,,,,,
پرسی,,,,,,,,,,,,,,,,,,,,,,,,,,,,,,,,,,,,,,,,,,,,,,,,
پرسیت,,,,,,,,,,,,,,,,,,,,,,,,,,,,,,,,,,,,,,,,,,,,,,,,
پرشيا,0.0,2026-08-09 18:36:44.149365,0.0,رد_نمره,,,,2.6,2026-08-09 15:06:44.146146,2026-08-09,54,0.0,0.0,0.0,0,6.523,,,0.0,59.2,,0,1,209,2.6,"{""atr_14"": 0.0, ""symbol"": ""پرشيا"", ""live_pe"": 0.0, ""risk_ok"": true, ""decision"": ""رد_نمره"", ""industry"": ""استخراج نفت گاز و خدمات جنبي جز اکتشاف"", ""pe_ratio"": 0.0, ""raw_score"": 2.6, ""trend_20d"": ""flat"", ""rule_50_30"": ""رد"", ""final_score"": 2.6, ""score_macro"": 0.0, ""volume_spike"": 0.0, ""current_price"": 0.0, ""liquidity_pct"": 0.0, ""position_size"": 0, ""adjusted_score"": 0.0, ""rank_in_market"": 209, ""score_feedstock"": 0.0, ""score_liquidity"": 0.0, ""score_technical"": 0.0, ""score_valuation"": 20.0, ""stop_loss_price"": 0, ""nima_free_spread"": 6.523, ""percentile_score"": 59.2, ""price_change_pct"": 0.0, ""rank_in_industry"": 1, ""score_farabourse"": 0.0, ""score_fundamental"": 0.0, ""score_gov_support"": 0.0, ""institutional_ratio"": 0.0, ""score_institutional"": 0.0, ""negative_filters_count"": 0}",True,رد,0.0,0.0,0.0,0.0,0.0,0.0,0.0,0.0,0.0,0.0,0.0,0.0,2.6,20.0,20.0,1405-05-18,0.0,پرشيا,2026-09-08,0.0
پرطلا,,,,,,,,,,,,,,,,,,,,,,,,,,,,,,,,,,,,,,,,,,,,,,,,
پرگار بازار,,,,,,,,,,,,,,,,,,,,,,,,,,,,,,,,,,,,,,,,,,,,,,,,
پزشکی حکمت,,,,,,,,,,,,,,,,,,,,,,,,,,,,,,,,,,,,,,,,,,,,,,,,
پست بازار,,,,,,,,,,,,,,,,,,,,,,,,,,,,,,,,,,,,,,,,,,,,,,,,
پسهند,0.0,2026-08-09 18:36:44.149365,0.0,رد_نمره,,,,4.8,2026-08-09 15:06:44.146146,2026-08-09,55,0.0,0.0,0.0,0,6.523,,,0.0,91.2,,0,7,46,4.75,"{""atr_14"": 145.0, ""symbol"": ""پسهند"", ""live_pe"": 2.0, ""risk_ok"": true, ""decision"": ""رد_نمره"", ""industry"": ""لاستيك و پلاستيك"", ""pe_ratio"": 0.34, ""raw_score"": 5.0, ""trend_20d"": ""up"", ""rule_50_30"": ""رد"", ""final_score"": 5.0, ""score_macro"": 10.0, ""volume_spike"": 1.28, ""current_price"": 11774.0, ""liquidity_pct"": 31531641.166667, ""position_size"": 0, ""adjusted_score"": 0.0, ""rank_in_market"": 46, ""score_feedstock"": 0.0, ""score_liquidity"": 5.0, ""score_technical"": 0.0, ""score_valuation"": 20.0, ""stop_loss_price"": 10950.0, ""nima_free_spread"": 6.523, ""percentile_score"": 91.2, ""price_change_pct"": 0.37, ""rank_in_industry"": 7, ""score_farabourse"": 0.0, ""score_fundamental"": 7.5, ""score_gov_support"": 0.0, ""institutional_ratio"": 0.0, ""score_institutional"": 0.0, ""negative_filters_count"": 0}",True,رد,0.0,0.0,7.5,0.0,7.5,0.0,5.0,10.0,0.0,0.0,0.0,0.0,5.0,20.0,20.0,1405-05-18,0.0,پسهند,2026-09-08,0.0
پسهند3,,,,,,,,,,,,,,,,,,,,,,,,,,,,,,,,,,,,,,,,,,,,,,,,
پشاهن,0.0,2026-08-09 18:36:44.149365,0.0,رد_نمره,,,,6.1,2026-08-09 15:06:44.146146,2026-08-09,56,0.0,0.0,0.0,0,6.523,,,0.0,96.7,,0,5,18,6.1,"{""atr_14"": 1000.0, ""symbol"": ""پشاهن"", ""live_pe"": 0.0, ""risk_ok"": true, ""decision"": ""رد_نمره"", ""industry"": ""لاستيك و پلاستيك"", ""pe_ratio"": 0.01, ""raw_score"": 6.1, ""trend_20d"": ""flat"", ""rule_50_30"": ""رد"", ""final_score"": 6.1, ""score_macro"": 10.0, ""volume_spike"": 0.0, ""current_price"": 1000.0, ""liquidity_pct"": 0.0, ""position_size"": 0, ""adjusted_score"": 0.0, ""rank_in_market"": 18, ""score_feedstock"": 0.0, ""score_liquidity"": 0.0, ""score_technical"": 0.0, ""score_valuation"": 20.0, ""stop_loss_price"": -1000.0, ""nima_free_spread"": 6.523, ""percentile_score"": 96.7, ""price_change_pct"": 0.0, ""rank_in_industry"": 5, ""score_farabourse"": 0.0, ""score_fundamental"": 15.0, ""score_gov_support"": 0.0, ""institutional_ratio"": 0.0, ""score_institutional"": 0.0, ""negative_filters_count"": 0}",True,رد,0.0,0.0,15.0,0.0,15.0,0.0,0.0,10.0,0.0,0.0,0.0,0.0,6.1,20.0,20.0,1405-05-18,0.0,پشاهن,2026-09-08,0.0
پشتیبان کشوری,,,,,,,,,,,,,,,,,,,,,,,,,,,,,,,,,,,,,,,,,,,,,,,,
پشتیبانی امور دام کشور,,,,,,,,,,,,,,,,,,,,,,,,,,,,,,,,,,,,,,,,,,,,,,,,
پلاتا,,,,,,,,,,,,,,,,,,,,,,,,,,,,,,,,,,,,,,,,,,,,,,,,
پلاست,0.1,2026-08-09 18:36:44.149365,3550.0,رد_نمره,,,,10.1,2026-08-09 15:06:44.146146,2026-08-09,59,0.0,196308396148.53333,9.5,0,6.523,,,0.91,99.6,,40322,2,3,10.1,"{""atr_14"": 35.0, ""symbol"": ""پلاست"", ""live_pe"": 3.0, ""risk_ok"": true, ""decision"": ""رد_نمره"", ""industry"": ""لاستيك و پلاستيك"", ""pe_ratio"": 0.29, ""raw_score"": 9.05, ""trend_20d"": ""up"", ""rule_50_30"": ""رد"", ""final_score"": 9.1, ""score_macro"": 10.0, ""volume_spike"": 0.1, ""current_price"": 1112.0, ""liquidity_pct"": 17227854327.366665, ""position_size"": 0, ""adjusted_score"": 0.0, ""rank_in_market"": 3, ""score_feedstock"": 0.0, ""score_liquidity"": 5.0, ""score_technical"": 0.0, ""score_valuation"": 20.0, ""stop_loss_price"": 1034.0, ""nima_free_spread"": 6.523, ""percentile_score"": 99.6, ""price_change_pct"": 2.98, ""rank_in_industry"": 2, ""score_farabourse"": 0.0, ""score_fundamental"": 30.0, ""score_gov_support"": 0.0, ""institutional_ratio"": 0.0, ""score_institutional"": 0.0, ""negative_filters_count"": 0}",True,رد,0.0,0.0,30.0,5.0,30.0,0.0,5.0,0.0,0.0,0.0,0.0,15.0,9.1,20.0,20.0,1405-05-18,3302.0,پلاست,2026-09-08,3.43
پلاست3,,,,,,,,,,,,,,,,,,,,,,,,,,,,,,,,,,,,,,,,,,,,,,,,
پلاسک,0.0,2026-08-09 18:36:44.149365,0.0,رد_نمره,,,,2.6,2026-08-09 15:06:44.146146,2026-08-09,60,0.0,0.0,0.0,0,6.523,,,0.0,58.6,,0,12,212,2.6,"{""atr_14"": 0.0, ""symbol"": ""پلاسك"", ""live_pe"": 0.0, ""risk_ok"": true, ""decision"": ""رد_نمره"", ""industry"": ""لاستيك و پلاستيك"", ""pe_ratio"": 0.0, ""raw_score"": 2.6, ""trend_20d"": ""flat"", ""rule_50_30"": ""رد"", ""final_score"": 2.6, ""score_macro"": 0.0, ""volume_spike"": 0.0, ""current_price"": 0.0, ""liquidity_pct"": 0.0, ""position_size"": 0, ""adjusted_score"": 0.0, ""rank_in_market"": 212, ""score_feedstock"": 0.0, ""score_liquidity"": 0.0, ""score_technical"": 0.0, ""score_valuation"": 20.0, ""stop_loss_price"": 0, ""nima_free_spread"": 6.523, ""percentile_score"": 58.6, ""price_change_pct"": 0.0, ""rank_in_industry"": 12, ""score_farabourse"": 0.0, ""score_fundamental"": 0.0, ""score_gov_support"": 0.0, ""institutional_ratio"": 0.0, ""score_institutional"": 0.0, ""negative_filters_count"": 0}",True,رد,0.0,0.0,0.0,0.0,0.0,0.0,0.0,0.0,0.0,0.0,0.0,0.0,2.6,20.0,20.0,1405-05-18,0.0,پلاسك,2026-09-08,0.0
پلاسک3,,,,,,,,,,,,,,,,,,,,,,,,,,,,,,,,,,,,,,,,,,,,,,,,
پلوله,0.0,2026-08-09 18:36:44.149365,0.0,رد_نمره,,,,8.8,2026-08-09 15:06:44.146146,2026-08-09,61,0.0,0.0,0.0,0,6.523,,,0.0,99.2,,0,4,5,8.8,"{""atr_14"": 1000.0, ""symbol"": ""پلوله"", ""live_pe"": 0.5, ""risk_ok"": true, ""decision"": ""رد_نمره"", ""industry"": ""لاستيك و پلاستيك"", ""pe_ratio"": 0.07, ""raw_score"": 8.8, ""trend_20d"": ""flat"", ""rule_50_30"": ""رد"", ""final_score"": 8.8, ""score_macro"": 10.0, ""volume_spike"": 0.0, ""current_price"": 1000.0, ""liquidity_pct"": 0.0, ""position_size"": 0, ""adjusted_score"": 0.0, ""rank_in_market"": 5, ""score_feedstock"": 0.0, ""score_liquidity"": 0.0, ""score_technical"": 0.0, ""score_valuation"": 20.0, ""stop_loss_price"": -1000.0, ""nima_free_spread"": 6.523, ""percentile_score"": 99.2, ""price_change_pct"": 0.0, ""rank_in_industry"": 4, ""score_farabourse"": 0.0, ""score_fundamental"": 30.0, ""score_gov_support"": 0.0, ""institutional_ratio"": 0.0, ""score_institutional"": 0.0, ""negative_filters_count"": 0}",True,رد,0.0,0.0,30.0,0.0,30.0,0.0,0.0,10.0,0.0,0.0,0.0,0.0,8.8,20.0,20.0,1405-05-18,0.0,پلوله,2026-09-08,0.0
پناه,,,,,,,,,,,,,,,,,,,,,,,,,,,,,,,,,,,,,,,,,,,,,,,,
پناه2,,,,,,,,,,,,,,,,,,,,,,,,,,,,,,,,,,,,,,,,,,,,,,,,
پولاد,,,,,,,,,,,,,,,,,,,,,,,,,,,,,,,,,,,,,,,,,,,,,,,,
پولاد4,,,,,,,,,,,,,,,,,,,,,,,,,,,,,,,,,,,,,,,,,,,,,,,,
پولیکا نوین,,,,,,,,,,,,,,,,,,,,,,,,,,,,,,,,,,,,,,,,,,,,,,,,
پویا,,,,,,,,,,,,,,,,,,,,,,,,,,,,,,,,,,,,,,,,,,,,,,,,
پویا بازار,,,,,,,,,,,,,,,,,,,,,,,,,,,,,,,,,,,,,,,,,,,,,,,,
پویا سهام,,,,,,,,,,,,,,,,,,,,,,,,,,,,,,,,,,,,,,,,,,,,,,,,
پویش معادن ذوب آهن,,,,,,,,,,,,,,,,,,,,,,,,,,,,,,,,,,,,,,,,,,,,,,,,
پژوهش تامین,,,,,,,,,,,,,,,,,,,,,,,,,,,,,,,,,,,,,,,,,,,,,,,,
پژوهش و نو آوری صنایع آموزشی,,,,,,,,,,,,,,,,,,,,,,,,,,,,,,,,,,,,,,,,,,,,,,,,
پژوهشکده بیمه,,,,,,,,,,,,,,,,,,,,,,,,,,,,,,,,,,,,,,,,,,,,,,,,
پکرمان,0.0,2026-08-09 18:36:44.149365,0.0,رد_نمره,,,,2.6,2026-08-09 15:06:44.146146,2026-08-09,57,0.0,0.0,0.0,0,6.523,,,0.0,59.0,,0,10,210,2.6,"{""atr_14"": 0.0, ""symbol"": ""پكرمان"", ""live_pe"": 0.0, ""risk_ok"": true, ""decision"": ""رد_نمره"", ""industry"": ""لاستيك و پلاستيك"", ""pe_ratio"": 0.0, ""raw_score"": 2.6, ""trend_20d"": ""flat"", ""rule_50_30"": ""رد"", ""final_score"": 2.6, ""score_macro"": 0.0, ""volume_spike"": 0.0, ""current_price"": 0.0, ""liquidity_pct"": 0.0, ""position_size"": 0, ""adjusted_score"": 0.0, ""rank_in_market"": 210, ""score_feedstock"": 0.0, ""score_liquidity"": 0.0, ""score_technical"": 0.0, ""score_valuation"": 20.0, ""stop_loss_price"": 0, ""nima_free_spread"": 6.523, ""percentile_score"": 59.0, ""price_change_pct"": 0.0, ""rank_in_industry"": 10, ""score_farabourse"": 0.0, ""score_fundamental"": 0.0, ""score_gov_support"": 0.0, ""institutional_ratio"": 0.0, ""score_institutional"": 0.0, ""negative_filters_count"": 0}",True,رد,0.0,0.0,0.0,0.0,0.0,0.0,0.0,0.0,0.0,0.0,0.0,0.0,2.6,20.0,20.0,1405-05-18,0.0,پكرمان,2026-09-08,0.0
پکرمان3,,,,,,,,,,,,,,,,,,,,,,,,,,,,,,,,,,,,,,,,,,,,,,,,
پکویر,0.0,2026-08-09 18:36:44.149365,0.0,رد_نمره,,,,2.6,2026-08-09 15:06:44.146146,2026-08-09,58,0.0,0.0,0.0,0,6.523,,,0.0,58.8,,0,11,211,2.6,"{""atr_14"": 0.0, ""symbol"": ""پكوير"", ""live_pe"": 0.0, ""risk_ok"": true, ""decision"": ""رد_نمره"", ""industry"": ""لاستيك و پلاستيك"", ""pe_ratio"": 0.0, ""raw_score"": 2.6, ""trend_20d"": ""flat"", ""rule_50_30"": ""رد"", ""final_score"": 2.6, ""score_macro"": 0.0, ""volume_spike"": 0.0, ""current_price"": 0.0, ""liquidity_pct"": 0.0, ""position_size"": 0, ""adjusted_score"": 0.0, ""rank_in_market"": 211, ""score_feedstock"": 0.0, ""score_liquidity"": 0.0, ""score_technical"": 0.0, ""score_valuation"": 20.0, ""stop_loss_price"": 0, ""nima_free_spread"": 6.523, ""percentile_score"": 58.8, ""price_change_pct"": 0.0, ""rank_in_industry"": 11, ""score_farabourse"": 0.0, ""score_fundamental"": 0.0, ""score_gov_support"": 0.0, ""institutional_ratio"": 0.0, ""score_institutional"": 0.0, ""negative_filters_count"": 0}",True,رد,0.0,0.0,0.0,0.0,0.0,0.0,0.0,0.0,0.0,0.0,0.0,0.0,2.6,20.0,20.0,1405-05-18,0.0,پكوير,2026-09-08,0.0
پکویر3,,,,,,,,,,,,,,,,,,,,,,,,,,,,,,,,,,,,,,,,,,,,,,,,
پگاه تهران,,,,,,,,,,,,,,,,,,,,,,,,,,,,,,,,,,,,,,,,,,,,,,,,
پگاه لرستان,,,,,,,,,,,,,,,,,,,,,,,,,,,,,,,,,,,,,,,,,,,,,,,,
پگاه همدان,,,,,,,,,,,,,,,,,,,,,,,,,,,,,,,,,,,,,,,,,,,,,,,,
پگاه کرمان,,,,,,,,,,,,,,,,,,,,,,,,,,,,,,,,,,,,,,,,,,,,,,,,
پی پاد,,,,,,,,,,,,,,,,,,,,,,,,,,,,,,,,,,,,,,,,,,,,,,,,
پی پاد2,,,,,,,,,,,,,,,,,,,,,,,,,,,,,,,,,,,,,,,,,,,,,,,,
پی پاد3,,,,,,,,,,,,,,,,,,,,,,,,,,,,,,,,,,,,,,,,,,,,,,,,
پیام اصفهان,,,,,,,,,,,,,,,,,,,,,,,,,,,,,,,,,,,,,,,,,,,,,,,,
پیام رسا,,,,,,,,,,,,,,,,,,,,,,,,,,,,,,,,,,,,,,,,,,,,,,,,
پیامبر اعظم نیکو,,,,,,,,,,,,,,,,,,,,,,,,,,,,,,,,,,,,,,,,,,,,,,,,
پیروز,,,,,,,,,,,,,,,,,,,,,,,,,,,,,,,,,,,,,,,,,,,,,,,,
پیروز2,,,,,,,,,,,,,,,,,,,,,,,,,,,,,,,,,,,,,,,,,,,,,,,,
پیروزان ثابت,,,,,,,,,,,,,,,,,,,,,,,,,,,,,,,,,,,,,,,,,,,,,,,,
پیزد,0.0,2026-08-09 18:36:44.149365,0.0,رد_نمره,,,,2.6,2026-08-09 15:06:44.146146,2026-08-09,62,0.0,0.0,0.0,0,6.523,,,0.0,58.4,,0,7,213,2.6,"{""atr_14"": 0.0, ""symbol"": ""پيزد"", ""live_pe"": 0.0, ""risk_ok"": true, ""decision"": ""رد_نمره"", ""industry"": ""ماشين آلات و تجهيزات"", ""pe_ratio"": 0.0, ""raw_score"": 2.6, ""trend_20d"": ""flat"", ""rule_50_30"": ""رد"", ""final_score"": 2.6, ""score_macro"": 0.0, ""volume_spike"": 0.0, ""current_price"": 0.0, ""liquidity_pct"": 0.0, ""position_size"": 0, ""adjusted_score"": 0.0, ""rank_in_market"": 213, ""score_feedstock"": 0.0, ""score_liquidity"": 0.0, ""score_technical"": 0.0, ""score_valuation"": 20.0, ""stop_loss_price"": 0, ""nima_free_spread"": 6.523, ""percentile_score"": 58.4, ""price_change_pct"": 0.0, ""rank_in_industry"": 7, ""score_farabourse"": 0.0, ""score_fundamental"": 0.0, ""score_gov_support"": 0.0, ""institutional_ratio"": 0.0, ""score_institutional"": 0.0, ""negative_filters_count"": 0}",True,رد,0.0,0.0,0.0,0.0,0.0,0.0,0.0,0.0,0.0,0.0,0.0,0.0,2.6,20.0,20.0,1405-05-18,0.0,پيزد,2026-09-08,0.0
پیزد3,,,,,,,,,,,,,,,,,,,,,,,,,,,,,,,,,,,,,,,,,,,,,,,,
پیشتاز سهام,,,,,,,,,,,,,,,,,,,,,,,,,,,,,,,,,,,,,,,,,,,,,,,,
پیشران,,,,,,,,,,,,,,,,,,,,,,,,,,,,,,,,,,,,,,,,,,,,,,,,
پیشرفت,,,,,,,,,,,,,,,,,,,,,,,,,,,,,,,,,,,,,,,,,,,,,,,,
پیشرفت بازار,,,,,,,,,,,,,,,,,,,,,,,,,,,,,,,,,,,,,,,,,,,,,,,,
پیشرو بازار,,,,,,,,,,,,,,,,,,,,,,,,,,,,,,,,,,,,,,,,,,,,,,,,
پیشرو سهام,,,,,,,,,,,,,,,,,,,,,,,,,,,,,,,,,,,,,,,,,,,,,,,,
پیشگام,,,,,,,,,,,,,,,,,,,,,,,,,,,,,,,,,,,,,,,,,,,,,,,,
پیمان,,,,,,,,,,,,,,,,,,,,,,,,,,,,,,,,,,,,,,,,,,,,,,,,
پیچ مهره صنعتی ایران,,,,,,,,,,,,,,,,,,,,,,,,,,,,,,,,,,,,,,,,,,,,,,,,
چاشنی,,,,,,,,,,,,,,,,,,,,,,,,,,,,,,,,,,,,,,,,,,,,,,,,
چاشنی2,,,,,,,,,,,,,,,,,,,,,,,,,,,,,,,,,,,,,,,,,,,,,,,,
چافست,0.0,2026-08-09 18:36:44.149365,0.0,رد_نمره,,,,4.8,2026-08-09 15:06:44.146146,2026-08-09,94,0.0,0.0,0.0,0,6.523,,,0.0,90.2,,0,1,51,4.75,"{""atr_14"": 483.0, ""symbol"": ""چافست"", ""live_pe"": 2.7, ""risk_ok"": true, ""decision"": ""رد_نمره"", ""industry"": ""انتشار، چاپ و تکثير"", ""pe_ratio"": 0.53, ""raw_score"": 5.0, ""trend_20d"": ""up"", ""rule_50_30"": ""رد"", ""final_score"": 5.0, ""score_macro"": 10.0, ""volume_spike"": 0.71, ""current_price"": 47436.0, ""liquidity_pct"": 82291514.8, ""position_size"": 0, ""adjusted_score"": 0.0, ""rank_in_market"": 51, ""score_feedstock"": 0.0, ""score_liquidity"": 5.0, ""score_technical"": 0.0, ""score_valuation"": 20.0, ""stop_loss_price"": 44115.0, ""nima_free_spread"": 6.523, ""percentile_score"": 90.2, ""price_change_pct"": 1.0, ""rank_in_industry"": 1, ""score_farabourse"": 0.0, ""score_fundamental"": 7.5, ""score_gov_support"": 0.0, ""institutional_ratio"": 0.0, ""score_institutional"": 0.0, ""negative_filters_count"": 0}",True,رد,0.0,0.0,7.5,0.0,7.5,0.0,5.0,10.0,0.0,0.0,0.0,0.0,5.0,20.0,20.0,1405-05-18,0.0,چافست,2026-09-08,0.0
چافست3,,,,,,,,,,,,,,,,,,,,,,,,,,,,,,,,,,,,,,,,,,,,,,,,
چاپ,,,,,,,,,,,,,,,,,,,,,,,,,,,,,,,,,,,,,,,,,,,,,,,,
چاپ بانک ملت,,,,,,,,,,,,,,,,,,,,,,,,,,,,,,,,,,,,,,,,,,,,,,,,
چاپ و نشر کتیبه,,,,,,,,,,,,,,,,,,,,,,,,,,,,,,,,,,,,,,,,,,,,,,,,
چاپ2,,,,,,,,,,,,,,,,,,,,,,,,,,,,,,,,,,,,,,,,,,,,,,,,
چاپ3,,,,,,,,,,,,,,,,,,,,,,,,,,,,,,,,,,,,,,,,,,,,,,,,
چبسپا,0.0,2026-08-09 18:36:44.149365,0.0,رد_نمره,,,,2.6,2026-08-09 15:06:44.146146,2026-08-09,95,0.0,0.0,0.0,0,6.523,,,0.0,54.1,,0,1,235,2.6,"{""atr_14"": 0.0, ""symbol"": ""چبسپا"", ""live_pe"": 0.0, ""risk_ok"": true, ""decision"": ""رد_نمره"", ""industry"": ""محصولات كاغذي"", ""pe_ratio"": 0.0, ""raw_score"": 2.6, ""trend_20d"": ""flat"", ""rule_50_30"": ""رد"", ""final_score"": 2.6, ""score_macro"": 0.0, ""volume_spike"": 0.0, ""current_price"": 0.0, ""liquidity_pct"": 0.0, ""position_size"": 0, ""adjusted_score"": 0.0, ""rank_in_market"": 235, ""score_feedstock"": 0.0, ""score_liquidity"": 0.0, ""score_technical"": 0.0, ""score_valuation"": 20.0, ""stop_loss_price"": 0, ""nima_free_spread"": 6.523, ""percentile_score"": 54.1, ""price_change_pct"": 0.0, ""rank_in_industry"": 1, ""score_farabourse"": 0.0, ""score_fundamental"": 0.0, ""score_gov_support"": 0.0, ""institutional_ratio"": 0.0, ""score_institutional"": 0.0, ""negative_filters_count"": 0}",True,رد,0.0,0.0,0.0,0.0,0.0,0.0,0.0,0.0,0.0,0.0,0.0,0.0,2.6,20.0,20.0,1405-05-18,0.0,چبسپا,2026-09-08,0.0
چتر,,,,,,,,,,,,,,,,,,,,,,,,,,,,,,,,,,,,,,,,,,,,,,,,
چخزر,,,,,,,,,,,,,,,,,,,,,,,,,,,,,,,,,,,,,,,,,,,,,,,,
چخزر3,,,,,,,,,,,,,,,,,,,,,,,,,,,,,,,,,,,,,,,,,,,,,,,,
چدن,0.0,2026-08-09 18:36:44.149365,2512.0,رد_نمره,,,,5.7,2026-08-09 15:06:44.146146,2026-08-09,96,0.0,286364081051.6667,1.2,0,6.523,,,0.18,90.0,,56818,1,52,5.65,"{""atr_14"": 1000.0, ""symbol"": ""چدن"", ""live_pe"": 0.5, ""risk_ok"": true, ""decision"": ""رد_نمره"", ""industry"": ""ساخت محصولات فلزي"", ""pe_ratio"": 0.07, ""raw_score"": 5.0, ""trend_20d"": ""flat"", ""rule_50_30"": ""رد"", ""final_score"": 5.0, ""score_macro"": 10.0, ""volume_spike"": 0.0, ""current_price"": 1000.0, ""liquidity_pct"": 2792965571.833333, ""position_size"": 0, ""adjusted_score"": 0.0, ""rank_in_market"": 52, ""score_feedstock"": 0.0, ""score_liquidity"": 5.0, ""score_technical"": 0.0, ""score_valuation"": 20.0, ""stop_loss_price"": -1000.0, ""nima_free_spread"": 6.523, ""percentile_score"": 90.0, ""price_change_pct"": 0.0, ""rank_in_industry"": 1, ""score_farabourse"": 0.0, ""score_fundamental"": 7.5, ""score_gov_support"": 0.0, ""institutional_ratio"": 0.0, ""score_institutional"": 0.0, ""negative_filters_count"": 0}",True,رد,0.0,0.0,7.5,5.0,7.5,0.0,5.0,10.0,0.0,0.0,0.0,0.0,5.0,20.0,20.0,1405-05-18,2336.0,چدن,2026-09-08,0.54
چدن3,,,,,,,,,,,,,,,,,,,,,,,,,,,,,,,,,,,,,,,,,,,,,,,,
چفیبر,0.0,2026-08-09 18:36:44.149365,0.0,رد_نمره,,,,2.6,2026-08-09 15:06:44.146146,2026-08-09,97,0.0,0.0,0.0,0,6.523,,,0.0,53.9,,0,2,236,2.6,"{""atr_14"": 0.0, ""symbol"": ""چفيبر"", ""live_pe"": 0.0, ""risk_ok"": true, ""decision"": ""رد_نمره"", ""industry"": ""محصولات چوبي"", ""pe_ratio"": 0.0, ""raw_score"": 2.6, ""trend_20d"": ""flat"", ""rule_50_30"": ""رد"", ""final_score"": 2.6, ""score_macro"": 0.0, ""volume_spike"": 0.0, ""current_price"": 0.0, ""liquidity_pct"": 0.0, ""position_size"": 0, ""adjusted_score"": 0.0, ""rank_in_market"": 236, ""score_feedstock"": 0.0, ""score_liquidity"": 0.0, ""score_technical"": 0.0, ""score_valuation"": 20.0, ""stop_loss_price"": 0, ""nima_free_spread"": 6.523, ""percentile_score"": 53.9, ""price_change_pct"": 0.0, ""rank_in_industry"": 2, ""score_farabourse"": 0.0, ""score_fundamental"": 0.0, ""score_gov_support"": 0.0, ""institutional_ratio"": 0.0, ""score_institutional"": 0.0, ""negative_filters_count"": 0}",True,رد,0.0,0.0,0.0,0.0,0.0,0.0,0.0,0.0,0.0,0.0,0.0,0.0,2.6,20.0,20.0,1405-05-18,0.0,چفيبر,2026-09-08,0.0
چفیبر3,,,,,,,,,,,,,,,,,,,,,,,,,,,,,,,,,,,,,,,,,,,,,,,,
چنوپا,0.0,2026-08-09 18:36:44.149365,14610.0,رد_نمره,,,,4.9,2026-08-09 15:06:44.146146,2026-08-09,102,0.0,57254550772.0,5.9,0,6.523,,,0.91,72.4,,9775,1,142,4.85,"{""atr_14"": 1000.0, ""symbol"": ""چنوپا"", ""live_pe"": 0.4, ""risk_ok"": true, ""decision"": ""رد_نمره"", ""industry"": ""محصولات چوبي"", ""pe_ratio"": 0.06, ""raw_score"": 4.75, ""trend_20d"": ""flat"", ""rule_50_30"": ""رد"", ""final_score"": 4.8, ""score_macro"": 10.0, ""volume_spike"": 0.0, ""current_price"": 1000.0, ""liquidity_pct"": 0.0, ""position_size"": 0, ""adjusted_score"": 0.0, ""rank_in_market"": 142, ""score_feedstock"": 0.0, ""score_liquidity"": 0.0, ""score_technical"": 0.0, ""score_valuation"": 20.0, ""stop_loss_price"": -1000.0, ""nima_free_spread"": 6.523, ""percentile_score"": 72.4, ""price_change_pct"": 0.0, ""rank_in_industry"": 1, ""score_farabourse"": 0.0, ""score_fundamental"": 7.5, ""score_gov_support"": 0.0, ""institutional_ratio"": 0.0, ""score_institutional"": 0.0, ""negative_filters_count"": 0}",True,رد,0.0,0.0,7.5,5.0,7.5,0.0,0.0,0.0,0.0,0.0,0.0,0.0,4.8,20.0,20.0,1405-05-18,13587.0,چنوپا,2026-09-08,1.01
چنوپا2,,,,,,,,,,,,,,,,,,,,,,,,,,,,,,,,,,,,,,,,,,,,,,,,
چکارم,0.0,2026-08-09 18:36:44.149365,0.0,رد_نمره,,,,2.6,2026-08-09 15:06:44.146146,2026-08-09,99,0.0,0.0,0.0,0,6.523,,,0.0,53.5,,0,3,238,2.6,"{""atr_14"": 0.0, ""symbol"": ""چكارم"", ""live_pe"": 0.0, ""risk_ok"": true, ""decision"": ""رد_نمره"", ""industry"": ""محصولات كاغذي"", ""pe_ratio"": 0.0, ""raw_score"": 2.6, ""trend_20d"": ""flat"", ""rule_50_30"": ""رد"", ""final_score"": 2.6, ""score_macro"": 0.0, ""volume_spike"": 0.0, ""current_price"": 0.0, ""liquidity_pct"": 0.0, ""position_size"": 0, ""adjusted_score"": 0.0, ""rank_in_market"": 238, ""score_feedstock"": 0.0, ""score_liquidity"": 0.0, ""score_technical"": 0.0, ""score_valuation"": 20.0, ""stop_loss_price"": 0, ""nima_free_spread"": 6.523, ""percentile_score"": 53.5, ""price_change_pct"": 0.0, ""rank_in_industry"": 3, ""score_farabourse"": 0.0, ""score_fundamental"": 0.0, ""score_gov_support"": 0.0, ""institutional_ratio"": 0.0, ""score_institutional"": 0.0, ""negative_filters_count"": 0}",True,رد,0.0,0.0,0.0,0.0,0.0,0.0,0.0,0.0,0.0,0.0,0.0,0.0,2.6,20.0,20.0,1405-05-18,0.0,چكارم,2026-09-08,0.0
چکارن,0.0,2026-08-09 18:36:44.149365,0.0,رد_نمره,,,,2.6,2026-08-09 15:06:44.146146,2026-08-09,100,0.0,0.0,0.0,0,6.523,,,0.0,53.3,,0,4,239,2.6,"{""atr_14"": 0.0, ""symbol"": ""چكارن"", ""live_pe"": 0.0, ""risk_ok"": true, ""decision"": ""رد_نمره"", ""industry"": ""محصولات كاغذي"", ""pe_ratio"": 0.0, ""raw_score"": 2.6, ""trend_20d"": ""flat"", ""rule_50_30"": ""رد"", ""final_score"": 2.6, ""score_macro"": 0.0, ""volume_spike"": 0.0, ""current_price"": 0.0, ""liquidity_pct"": 0.0, ""position_size"": 0, ""adjusted_score"": 0.0, ""rank_in_market"": 239, ""score_feedstock"": 0.0, ""score_liquidity"": 0.0, ""score_technical"": 0.0, ""score_valuation"": 20.0, ""stop_loss_price"": 0, ""nima_free_spread"": 6.523, ""percentile_score"": 53.3, ""price_change_pct"": 0.0, ""rank_in_industry"": 4, ""score_farabourse"": 0.0, ""score_fundamental"": 0.0, ""score_gov_support"": 0.0, ""institutional_ratio"": 0.0, ""score_institutional"": 0.0, ""negative_filters_count"": 0}",True,رد,0.0,0.0,0.0,0.0,0.0,0.0,0.0,0.0,0.0,0.0,0.0,0.0,2.6,20.0,20.0,1405-05-18,0.0,چكارن,2026-09-08,0.0
چکارن2,,,,,,,,,,,,,,,,,,,,,,,,,,,,,,,,,,,,,,,,,,,,,,,,
چکارن3,,,,,,,,,,,,,,,,,,,,,,,,,,,,,,,,,,,,,,,,,,,,,,,,
چکام,,,,,,,,,,,,,,,,,,,,,,,,,,,,,,,,,,,,,,,,,,,,,,,,
چکاوه,0.0,2026-08-09 18:36:44.149365,0.0,رد_نمره,,,,2.6,2026-08-09 15:06:44.146146,2026-08-09,101,0.0,0.0,0.0,0,6.523,,,0.0,53.1,,0,5,240,2.6,"{""atr_14"": 0.0, ""symbol"": ""چكاوه"", ""live_pe"": 0.0, ""risk_ok"": true, ""decision"": ""رد_نمره"", ""industry"": ""محصولات كاغذي"", ""pe_ratio"": 0.0, ""raw_score"": 2.6, ""trend_20d"": ""flat"", ""rule_50_30"": ""رد"", ""final_score"": 2.6, ""score_macro"": 0.0, ""volume_spike"": 0.0, ""current_price"": 0.0, ""liquidity_pct"": 0.0, ""position_size"": 0, ""adjusted_score"": 0.0, ""rank_in_market"": 240, ""score_feedstock"": 0.0, ""score_liquidity"": 0.0, ""score_technical"": 0.0, ""score_valuation"": 20.0, ""stop_loss_price"": 0, ""nima_free_spread"": 6.523, ""percentile_score"": 53.1, ""price_change_pct"": 0.0, ""rank_in_industry"": 5, ""score_farabourse"": 0.0, ""score_fundamental"": 0.0, ""score_gov_support"": 0.0, ""institutional_ratio"": 0.0, ""score_institutional"": 0.0, ""negative_filters_count"": 0}",True,رد,0.0,0.0,0.0,0.0,0.0,0.0,0.0,0.0,0.0,0.0,0.0,0.0,2.6,20.0,20.0,1405-05-18,0.0,چكاوه,2026-09-08,0.0
چکاوه3,,,,,,,,,,,,,,,,,,,,,,,,,,,,,,,,,,,,,,,,,,,,,,,,
چکاپا,0.0,2026-08-09 18:36:44.149365,0.0,رد_نمره,,,,2.6,2026-08-09 15:06:44.146146,2026-08-09,98,0.0,0.0,0.0,0,6.523,,,0.0,53.7,,0,2,237,2.6,"{""atr_14"": 0.0, ""symbol"": ""چكاپا"", ""live_pe"": 0.0, ""risk_ok"": true, ""decision"": ""رد_نمره"", ""industry"": ""محصولات كاغذي"", ""pe_ratio"": 0.0, ""raw_score"": 2.6, ""trend_20d"": ""flat"", ""rule_50_30"": ""رد"", ""final_score"": 2.6, ""score_macro"": 0.0, ""volume_spike"": 0.0, ""current_price"": 0.0, ""liquidity_pct"": 0.0, ""position_size"": 0, ""adjusted_score"": 0.0, ""rank_in_market"": 237, ""score_feedstock"": 0.0, ""score_liquidity"": 0.0, ""score_technical"": 0.0, ""score_valuation"": 20.0, ""stop_loss_price"": 0, ""nima_free_spread"": 6.523, ""percentile_score"": 53.7, ""price_change_pct"": 0.0, ""rank_in_industry"": 2, ""score_farabourse"": 0.0, ""score_fundamental"": 0.0, ""score_gov_support"": 0.0, ""institutional_ratio"": 0.0, ""score_institutional"": 0.0, ""negative_filters_count"": 0}",True,رد,0.0,0.0,0.0,0.0,0.0,0.0,0.0,0.0,0.0,0.0,0.0,0.0,2.6,20.0,20.0,1405-05-18,0.0,چكاپا,2026-09-08,0.0
چکاپا3,,,,,,,,,,,,,,,,,,,,,,,,,,,,,,,,,,,,,,,,,,,,,,,,
کابگن,0.0,2026-08-09 18:36:44.149365,0.0,رد_نمره,,,,2.6,2026-08-09 15:06:44.146146,2026-08-09,350,0.0,0.0,0.0,0,6.523,,,0.0,32.4,,0,5,346,2.6,"{""atr_14"": 0.0, ""symbol"": ""كابگن"", ""live_pe"": 0.0, ""risk_ok"": true, ""decision"": ""رد_نمره"", ""industry"": ""ساير محصولات كاني غيرفلزي"", ""pe_ratio"": 0.0, ""raw_score"": 2.6, ""trend_20d"": ""flat"", ""rule_50_30"": ""رد"", ""final_score"": 2.6, ""score_macro"": 0.0, ""volume_spike"": 0.0, ""current_price"": 0.0, ""liquidity_pct"": 0.0, ""position_size"": 0, ""adjusted_score"": 0.0, ""rank_in_market"": 346, ""score_feedstock"": 0.0, ""score_liquidity"": 0.0, ""score_technical"": 0.0, ""score_valuation"": 20.0, ""stop_loss_price"": 0, ""nima_free_spread"": 6.523, ""percentile_score"": 32.4, ""price_change_pct"": 0.0, ""rank_in_industry"": 5, ""score_farabourse"": 0.0, ""score_fundamental"": 0.0, ""score_gov_support"": 0.0, ""institutional_ratio"": 0.0, ""score_institutional"": 0.0, ""negative_filters_count"": 0}",True,رد,0.0,0.0,0.0,0.0,0.0,0.0,0.0,0.0,0.0,0.0,0.0,0.0,2.6,20.0,20.0,1405-05-18,0.0,كابگن,2026-09-08,0.0
کاج,,,,,,,,,,,,,,,,,,,,,,,,,,,,,,,,,,,,,,,,,,,,,,,,
کاج2,,,,,,,,,,,,,,,,,,,,,,,,,,,,,,,,,,,,,,,,,,,,,,,,
کاج4,,,,,,,,,,,,,,,,,,,,,,,,,,,,,,,,,,,,,,,,,,,,,,,,
کاخ,,,,,,,,,,,,,,,,,,,,,,,,,,,,,,,,,,,,,,,,,,,,,,,,
کاذر,0.0,2026-08-09 18:36:44.149365,0.0,رد_نمره,,,,2.6,2026-08-09 15:06:44.146146,2026-08-09,351,0.0,0.0,0.0,0,6.523,,,0.0,32.2,,0,6,347,2.6,"{""atr_14"": 0.0, ""symbol"": ""كاذر"", ""live_pe"": 0.0, ""risk_ok"": true, ""decision"": ""رد_نمره"", ""industry"": ""ساير محصولات كاني غيرفلزي"", ""pe_ratio"": 0.0, ""raw_score"": 2.6, ""trend_20d"": ""flat"", ""rule_50_30"": ""رد"", ""final_score"": 2.6, ""score_macro"": 0.0, ""volume_spike"": 0.0, ""current_price"": 0.0, ""liquidity_pct"": 0.0, ""position_size"": 0, ""adjusted_score"": 0.0, ""rank_in_market"": 347, ""score_feedstock"": 0.0, ""score_liquidity"": 0.0, ""score_technical"": 0.0, ""score_valuation"": 20.0, ""stop_loss_price"": 0, ""nima_free_spread"": 6.523, ""percentile_score"": 32.2, ""price_change_pct"": 0.0, ""rank_in_industry"": 6, ""score_farabourse"": 0.0, ""score_fundamental"": 0.0, ""score_gov_support"": 0.0, ""institutional_ratio"": 0.0, ""score_institutional"": 0.0, ""negative_filters_count"": 0}",True,رد,0.0,0.0,0.0,0.0,0.0,0.0,0.0,0.0,0.0,0.0,0.0,0.0,2.6,20.0,20.0,1405-05-18,0.0,كاذر,2026-09-08,0.0
کاذر3,,,,,,,,,,,,,,,,,,,,,,,,,,,,,,,,,,,,,,,,,,,,,,,,
کارآفرین بازار,,,,,,,,,,,,,,,,,,,,,,,,,,,,,,,,,,,,,,,,,,,,,,,,
کارآفرین ثابت,,,,,,,,,,,,,,,,,,,,,,,,,,,,,,,,,,,,,,,,,,,,,,,,
کارآفرین شاخصی,,,,,,,,,,,,,,,,,,,,,,,,,,,,,,,,,,,,,,,,,,,,,,,,
کارآمد,,,,,,,,,,,,,,,,,,,,,,,,,,,,,,,,,,,,,,,,,,,,,,,,
کارآمد2,,,,,,,,,,,,,,,,,,,,,,,,,,,,,,,,,,,,,,,,,,,,,,,,
کارآمد4,,,,,,,,,,,,,,,,,,,,,,,,,,,,,,,,,,,,,,,,,,,,,,,,
کارا,,,,,,,,,,,,,,,,,,,,,,,,,,,,,,,,,,,,,,,,,,,,,,,,
کارا بازار,,,,,,,,,,,,,,,,,,,,,,,,,,,,,,,,,,,,,,,,,,,,,,,,
کارا2,,,,,,,,,,,,,,,,,,,,,,,,,,,,,,,,,,,,,,,,,,,,,,,,
کارا4,,,,,,,,,,,,,,,,,,,,,,,,,,,,,,,,,,,,,,,,,,,,,,,,
کارام,,,,,,,,,,,,,,,,,,,,,,,,,,,,,,,,,,,,,,,,,,,,,,,,
کارخانجات تهران,,,,,,,,,,,,,,,,,,,,,,,,,,,,,,,,,,,,,,,,,,,,,,,,
کارخانجات صنعتی ملایر,,,,,,,,,,,,,,,,,,,,,,,,,,,,,,,,,,,,,,,,,,,,,,,,
کاردان,,,,,,,,,,,,,,,,,,,,,,,,,,,,,,,,,,,,,,,,,,,,,,,,
کاردان ثابت,,,,,,,,,,,,,,,,,,,,,,,,,,,,,,,,,,,,,,,,,,,,,,,,
کاردان دولتی,,,,,,,,,,,,,,,,,,,,,,,,,,,,,,,,,,,,,,,,,,,,,,,,
کارما,,,,,,,,,,,,,,,,,,,,,,,,,,,,,,,,,,,,,,,,,,,,,,,,
کارمانیا,,,,,,,,,,,,,,,,,,,,,,,,,,,,,,,,,,,,,,,,,,,,,,,,
کارگزاری آبان,,,,,,,,,,,,,,,,,,,,,,,,,,,,,,,,,,,,,,,,,,,,,,,,
کارگزاری آتی ساز بازار,,,,,,,,,,,,,,,,,,,,,,,,,,,,,,,,,,,,,,,,,,,,,,,,
کارگزاری آتیه,,,,,,,,,,,,,,,,,,,,,,,,,,,,,,,,,,,,,,,,,,,,,,,,
کارگزاری آرمان تدبیر نقش جهان,,,,,,,,,,,,,,,,,,,,,,,,,,,,,,,,,,,,,,,,,,,,,,,,
کارگزاری آرمون بورس,,,,,,,,,,,,,,,,,,,,,,,,,,,,,,,,,,,,,,,,,,,,,,,,
کارگزاری آریا بورس,,,,,,,,,,,,,,,,,,,,,,,,,,,,,,,,,,,,,,,,,,,,,,,,
کارگزاری آریا نوین,,,,,,,,,,,,,,,,,,,,,,,,,,,,,,,,,,,,,,,,,,,,,,,,
کارگزاری آفتاب درخشان خاورمیانه,,,,,,,,,,,,,,,,,,,,,,,,,,,,,,,,,,,,,,,,,,,,,,,,
کارگزاری آپادانا,,,,,,,,,,,,,,,,,,,,,,,,,,,,,,,,,,,,,,,,,,,,,,,,
کارگزاری آگاه,,,,,,,,,,,,,,,,,,,,,,,,,,,,,,,,,,,,,,,,,,,,,,,,
کارگزاری آینده نگر خوارزمی,,,,,,,,,,,,,,,,,,,,,,,,,,,,,,,,,,,,,,,,,,,,,,,,
کارگزاری اردیبهشت ایرانیان,,,,,,,,,,,,,,,,,,,,,,,,,,,,,,,,,,,,,,,,,,,,,,,,
کارگزاری ارگ هومن,,,,,,,,,,,,,,,,,,,,,,,,,,,,,,,,,,,,,,,,,,,,,,,,
کارگزاری اقتصاد بیدار,,,,,,,,,,,,,,,,,,,,,,,,,,,,,,,,,,,,,,,,,,,,,,,,
کارگزاری الوند,,,,,,,,,,,,,,,,,,,,,,,,,,,,,,,,,,,,,,,,,,,,,,,,
کارگزاری امید سهم,,,,,,,,,,,,,,,,,,,,,,,,,,,,,,,,,,,,,,,,,,,,,,,,
کارگزاری امین آوید,,,,,,,,,,,,,,,,,,,,,,,,,,,,,,,,,,,,,,,,,,,,,,,,
کارگزاری ایساتیس پویا,,,,,,,,,,,,,,,,,,,,,,,,,,,,,,,,,,,,,,,,,,,,,,,,
کارگزاری ایمن بورس,,,,,,,,,,,,,,,,,,,,,,,,,,,,,,,,,,,,,,,,,,,,,,,,
کارگزاری بازار سهام,,,,,,,,,,,,,,,,,,,,,,,,,,,,,,,,,,,,,,,,,,,,,,,,
کارگزاری بانک آینده,,,,,,,,,,,,,,,,,,,,,,,,,,,,,,,,,,,,,,,,,,,,,,,,
کارگزاری بانک اقتصاد نوین,,,,,,,,,,,,,,,,,,,,,,,,,,,,,,,,,,,,,,,,,,,,,,,,
کارگزاری بانک انصار,,,,,,,,,,,,,,,,,,,,,,,,,,,,,,,,,,,,,,,,,,,,,,,,
کارگزاری بانک تجارت,,,,,,,,,,,,,,,,,,,,,,,,,,,,,,,,,,,,,,,,,,,,,,,,
کارگزاری بانک خاورمیانه,,,,,,,,,,,,,,,,,,,,,,,,,,,,,,,,,,,,,,,,,,,,,,,,
کارگزاری بانک دی,,,,,,,,,,,,,,,,,,,,,,,,,,,,,,,,,,,,,,,,,,,,,,,,
کارگزاری بانک رفاه,,,,,,,,,,,,,,,,,,,,,,,,,,,,,,,,,,,,,,,,,,,,,,,,
کارگزاری بانک سامان,,,,,,,,,,,,,,,,,,,,,,,,,,,,,,,,,,,,,,,,,,,,,,,,
کارگزاری بانک سپه,,,,,,,,,,,,,,,,,,,,,,,,,,,,,,,,,,,,,,,,,,,,,,,,
کارگزاری بانک صادرات,,,,,,,,,,,,,,,,,,,,,,,,,,,,,,,,,,,,,,,,,,,,,,,,
کارگزاری بانک صنعت و معدن,,,,,,,,,,,,,,,,,,,,,,,,,,,,,,,,,,,,,,,,,,,,,,,,
کارگزاری بانک مسکن,,,,,,,,,,,,,,,,,,,,,,,,,,,,,,,,,,,,,,,,,,,,,,,,
کارگزاری بانک ملت,,,,,,,,,,,,,,,,,,,,,,,,,,,,,,,,,,,,,,,,,,,,,,,,
کارگزاری بانک ملی ایران,,,,,,,,,,,,,,,,,,,,,,,,,,,,,,,,,,,,,,,,,,,,,,,,
کارگزاری بانک پاسارگاد,,,,,,,,,,,,,,,,,,,,,,,,,,,,,,,,,,,,,,,,,,,,,,,,
کارگزاری بانک کارآفرین,,,,,,,,,,,,,,,,,,,,,,,,,,,,,,,,,,,,,,,,,,,,,,,,
کارگزاری بانک کشاورزی,,,,,,,,,,,,,,,,,,,,,,,,,,,,,,,,,,,,,,,,,,,,,,,,
کارگزاری باهنر,,,,,,,,,,,,,,,,,,,,,,,,,,,,,,,,,,,,,,,,,,,,,,,,
کارگزاری برهان سهند,,,,,,,,,,,,,,,,,,,,,,,,,,,,,,,,,,,,,,,,,,,,,,,,
کارگزاری بهمن,,,,,,,,,,,,,,,,,,,,,,,,,,,,,,,,,,,,,,,,,,,,,,,,
کارگزاری بورس ابراز,,,,,,,,,,,,,,,,,,,,,,,,,,,,,,,,,,,,,,,,,,,,,,,,
کارگزاری بورس اوراق رضوی,,,,,,,,,,,,,,,,,,,,,,,,,,,,,,,,,,,,,,,,,,,,,,,,
کارگزاری بورس به گزین,,,,,,,,,,,,,,,,,,,,,,,,,,,,,,,,,,,,,,,,,,,,,,,,
کارگزاری بورس بیمه ایران,,,,,,,,,,,,,,,,,,,,,,,,,,,,,,,,,,,,,,,,,,,,,,,,
کارگزاری بورسیران,,,,,,,,,,,,,,,,,,,,,,,,,,,,,,,,,,,,,,,,,,,,,,,,
کارگزاری تامین سرمایه تمدن,,,,,,,,,,,,,,,,,,,,,,,,,,,,,,,,,,,,,,,,,,,,,,,,
کارگزاری تامین سرمایه نوین,,,,,,,,,,,,,,,,,,,,,,,,,,,,,,,,,,,,,,,,,,,,,,,,
کارگزاری توازن بازار,,,,,,,,,,,,,,,,,,,,,,,,,,,,,,,,,,,,,,,,,,,,,,,,
کارگزاری توسعه اندیشه دانا,,,,,,,,,,,,,,,,,,,,,,,,,,,,,,,,,,,,,,,,,,,,,,,,
کارگزاری توسعه سرمایه دنیا,,,,,,,,,,,,,,,,,,,,,,,,,,,,,,,,,,,,,,,,,,,,,,,,
کارگزاری توسعه معاملات کیان,,,,,,,,,,,,,,,,,,,,,,,,,,,,,,,,,,,,,,,,,,,,,,,,
کارگزاری جهان سهم,,,,,,,,,,,,,,,,,,,,,,,,,,,,,,,,,,,,,,,,,,,,,,,,
کارگزاری حافظ,,,,,,,,,,,,,,,,,,,,,,,,,,,,,,,,,,,,,,,,,,,,,,,,
کارگزاری خبرگان سهام,,,,,,,,,,,,,,,,,,,,,,,,,,,,,,,,,,,,,,,,,,,,,,,,
کارگزاری دنیای خبره,,,,,,,,,,,,,,,,,,,,,,,,,,,,,,,,,,,,,,,,,,,,,,,,
کارگزاری دنیای نوین,,,,,,,,,,,,,,,,,,,,,,,,,,,,,,,,,,,,,,,,,,,,,,,,
کارگزاری رسمی بیمه مستقیم بر خط پشتیبان امید بخش فرتاک,,,,,,,,,,,,,,,,,,,,,,,,,,,,,,,,,,,,,,,,,,,,,,,,
کارگزاری رسمی بیمه مستقیم برخط آتیه اندیشان دامون,,,,,,,,,,,,,,,,,,,,,,,,,,,,,,,,,,,,,,,,,,,,,,,,
کارگزاری رسمی بیمه نسیم صبح امید,,,,,,,,,,,,,,,,,,,,,,,,,,,,,,,,,,,,,,,,,,,,,,,,
کارگزاری ساو آفرین,,,,,,,,,,,,,,,,,,,,,,,,,,,,,,,,,,,,,,,,,,,,,,,,
کارگزاری ستاره جنوب,,,,,,,,,,,,,,,,,,,,,,,,,,,,,,,,,,,,,,,,,,,,,,,,
کارگزاری سرمایه و دانش,,,,,,,,,,,,,,,,,,,,,,,,,,,,,,,,,,,,,,,,,,,,,,,,
کارگزاری سرمایه گذاری ملی,,,,,,,,,,,,,,,,,,,,,,,,,,,,,,,,,,,,,,,,,,,,,,,,
کارگزاری سهام بارز,,,,,,,,,,,,,,,,,,,,,,,,,,,,,,,,,,,,,,,,,,,,,,,,
کارگزاری سهام پژوهان شایان,,,,,,,,,,,,,,,,,,,,,,,,,,,,,,,,,,,,,,,,,,,,,,,,
کارگزاری سهام گستران شرق,,,,,,,,,,,,,,,,,,,,,,,,,,,,,,,,,,,,,,,,,,,,,,,,
کارگزاری سهم آذین,,,,,,,,,,,,,,,,,,,,,,,,,,,,,,,,,,,,,,,,,,,,,,,,
کارگزاری سهم آشنا,,,,,,,,,,,,,,,,,,,,,,,,,,,,,,,,,,,,,,,,,,,,,,,,
کارگزاری سپهر باستان,,,,,,,,,,,,,,,,,,,,,,,,,,,,,,,,,,,,,,,,,,,,,,,,
کارگزاری سی ولکس کالا,,,,,,,,,,,,,,,,,,,,,,,,,,,,,,,,,,,,,,,,,,,,,,,,
کارگزاری سیماب گون,,,,,,,,,,,,,,,,,,,,,,,,,,,,,,,,,,,,,,,,,,,,,,,,
کارگزاری سینا,,,,,,,,,,,,,,,,,,,,,,,,,,,,,,,,,,,,,,,,,,,,,,,,
کارگزاری شهر,,,,,,,,,,,,,,,,,,,,,,,,,,,,,,,,,,,,,,,,,,,,,,,,
کارگزاری صبا تامین,,,,,,,,,,,,,,,,,,,,,,,,,,,,,,,,,,,,,,,,,,,,,,,,
کارگزاری صبا جهاد,,,,,,,,,,,,,,,,,,,,,,,,,,,,,,,,,,,,,,,,,,,,,,,,
کارگزاری فارابی,,,,,,,,,,,,,,,,,,,,,,,,,,,,,,,,,,,,,,,,,,,,,,,,
کارگزاری فدک,,,,,,,,,,,,,,,,,,,,,,,,,,,,,,,,,,,,,,,,,,,,,,,,
کارگزاری فیروزه آسیا,,,,,,,,,,,,,,,,,,,,,,,,,,,,,,,,,,,,,,,,,,,,,,,,
کارگزاری لقمان,,,,,,,,,,,,,,,,,,,,,,,,,,,,,,,,,,,,,,,,,,,,,,,,
کارگزاری مبین سرمایه,,,,,,,,,,,,,,,,,,,,,,,,,,,,,,,,,,,,,,,,,,,,,,,,
کارگزاری مشاوران سهام,,,,,,,,,,,,,,,,,,,,,,,,,,,,,,,,,,,,,,,,,,,,,,,,
کارگزاری مفید,,,,,,,,,,,,,,,,,,,,,,,,,,,,,,,,,,,,,,,,,,,,,,,,
کارگزاری ملل پویا (عمران فارس),,,,,,,,,,,,,,,,,,,,,,,,,,,,,,,,,,,,,,,,,,,,,,,,
کارگزاری مهر اقتصاد ایرانیان,,,,,,,,,,,,,,,,,,,,,,,,,,,,,,,,,,,,,,,,,,,,,,,,
کارگزاری نماد شاهدان,,,,,,,,,,,,,,,,,,,,,,,,,,,,,,,,,,,,,,,,,,,,,,,,
کارگزاری نهایت نگر,,,,,,,,,,,,,,,,,,,,,,,,,,,,,,,,,,,,,,,,,,,,,,,,
کارگزاری نگاه نوین,,,,,,,,,,,,,,,,,,,,,,,,,,,,,,,,,,,,,,,,,,,,,,,,
کارگزاری پارس ایده بنیان,,,,,,,,,,,,,,,,,,,,,,,,,,,,,,,,,,,,,,,,,,,,,,,,
کارگزاری پارسیان,,,,,,,,,,,,,,,,,,,,,,,,,,,,,,,,,,,,,,,,,,,,,,,,
کارگزاری کارآمد,,,,,,,,,,,,,,,,,,,,,,,,,,,,,,,,,,,,,,,,,,,,,,,,
کارگزاری کاریزما,,,,,,,,,,,,,,,,,,,,,,,,,,,,,,,,,,,,,,,,,,,,,,,,
کارگزاری کالای خاورمیانه,,,,,,,,,,,,,,,,,,,,,,,,,,,,,,,,,,,,,,,,,,,,,,,,
کارگزاری گنجینه سپهر پارت,,,,,,,,,,,,,,,,,,,,,,,,,,,,,,,,,,,,,,,,,,,,,,,,
کاریز,,,,,,,,,,,,,,,,,,,,,,,,,,,,,,,,,,,,,,,,,,,,,,,,
کاریز2,,,,,,,,,,,,,,,,,,,,,,,,,,,,,,,,,,,,,,,,,,,,,,,,
کاریزما بازار,,,,,,,,,,,,,,,,,,,,,,,,,,,,,,,,,,,,,,,,,,,,,,,,
کاریزما بازنشستگی,,,,,,,,,,,,,,,,,,,,,,,,,,,,,,,,,,,,,,,,,,,,,,,,
کاریزما ثابت,,,,,,,,,,,,,,,,,,,,,,,,,,,,,,,,,,,,,,,,,,,,,,,,
کاریزما دولتی,,,,,,,,,,,,,,,,,,,,,,,,,,,,,,,,,,,,,,,,,,,,,,,,
کاریزما سهام,,,,,,,,,,,,,,,,,,,,,,,,,,,,,,,,,,,,,,,,,,,,,,,,
کاریزما مختلط,,,,,,,,,,,,,,,,,,,,,,,,,,,,,,,,,,,,,,,,,,,,,,,,
کاریس,,,,,,,,,,,,,,,,,,,,,,,,,,,,,,,,,,,,,,,,,,,,,,,,
کاریس2,,,,,,,,,,,,,,,,,,,,,,,,,,,,,,,,,,,,,,,,,,,,,,,,
کارین,,,,,,,,,,,,,,,,,,,,,,,,,,,,,,,,,,,,,,,,,,,,,,,,
کارین4,,,,,,,,,,,,,,,,,,,,,,,,,,,,,,,,,,,,,,,,,,,,,,,,
کازرو,,,,,,,,,,,,,,,,,,,,,,,,,,,,,,,,,,,,,,,,,,,,,,,,
کاسپین,,,,,,,,,,,,,,,,,,,,,,,,,,,,,,,,,,,,,,,,,,,,,,,,
کاسپین3,,,,,,,,,,,,,,,,,,,,,,,,,,,,,,,,,,,,,,,,,,,,,,,,
کاشانه,,,,,,,,,,,,,,,,,,,,,,,,,,,,,,,,,,,,,,,,,,,,,,,,
کاصفا,0.0,2026-08-09 18:36:44.149365,0.0,رد_نمره,,,,2.6,2026-08-09 15:06:44.146146,2026-08-09,352,0.0,0.0,0.0,0,6.523,,,0.0,32.0,,0,1,348,2.6,"{""atr_14"": 0.0, ""symbol"": ""كاصفا"", ""live_pe"": 0.0, ""risk_ok"": true, ""decision"": ""رد_نمره"", ""industry"": ""كاشي و سراميك"", ""pe_ratio"": 0.0, ""raw_score"": 2.6, ""trend_20d"": ""flat"", ""rule_50_30"": ""رد"", ""final_score"": 2.6, ""score_macro"": 0.0, ""volume_spike"": 0.0, ""current_price"": 0.0, ""liquidity_pct"": 0.0, ""position_size"": 0, ""adjusted_score"": 0.0, ""rank_in_market"": 348, ""score_feedstock"": 0.0, ""score_liquidity"": 0.0, ""score_technical"": 0.0, ""score_valuation"": 20.0, ""stop_loss_price"": 0, ""nima_free_spread"": 6.523, ""percentile_score"": 32.0, ""price_change_pct"": 0.0, ""rank_in_industry"": 1, ""score_farabourse"": 0.0, ""score_fundamental"": 0.0, ""score_gov_support"": 0.0, ""institutional_ratio"": 0.0, ""score_institutional"": 0.0, ""negative_filters_count"": 0}",True,رد,0.0,0.0,0.0,0.0,0.0,0.0,0.0,0.0,0.0,0.0,0.0,0.0,2.6,20.0,20.0,1405-05-18,0.0,كاصفا,2026-09-08,0.0
کالا,0.0,2026-08-09 18:36:44.149365,0.0,رد_نمره,,,,2.6,2026-08-09 15:06:44.146146,2026-08-09,353,0.0,0.0,0.0,0,6.523,,,0.0,31.8,,0,11,349,2.6,"{""atr_14"": 0.0, ""symbol"": ""كالا"", ""live_pe"": 0.0, ""risk_ok"": true, ""decision"": ""رد_نمره"", ""industry"": ""فعاليتهاي كمكي به نهادهاي مالي واسط"", ""pe_ratio"": 0.0, ""raw_score"": 2.6, ""trend_20d"": ""flat"", ""rule_50_30"": ""رد"", ""final_score"": 2.6, ""score_macro"": 0.0, ""volume_spike"": 0.0, ""current_price"": 0.0, ""liquidity_pct"": 0.0, ""position_size"": 0, ""adjusted_score"": 0.0, ""rank_in_market"": 349, ""score_feedstock"": 0.0, ""score_liquidity"": 0.0, ""score_technical"": 0.0, ""score_valuation"": 20.0, ""stop_loss_price"": 0, ""nima_free_spread"": 6.523, ""percentile_score"": 31.8, ""price_change_pct"": 0.0, ""rank_in_industry"": 11, ""score_farabourse"": 0.0, ""score_fundamental"": 0.0, ""score_gov_support"": 0.0, ""institutional_ratio"": 0.0, ""score_institutional"": 0.0, ""negative_filters_count"": 0}",True,رد,0.0,0.0,0.0,0.0,0.0,0.0,0.0,0.0,0.0,0.0,0.0,0.0,2.6,20.0,20.0,1405-05-18,0.0,كالا,2026-09-08,0.0
کالا2,,,,,,,,,,,,,,,,,,,,,,,,,,,,,,,,,,,,,,,,,,,,,,,,
کالا3,,,,,,,,,,,,,,,,,,,,,,,,,,,,,,,,,,,,,,,,,,,,,,,,
کالای تجاری,,,,,,,,,,,,,,,,,,,,,,,,,,,,,,,,,,,,,,,,,,,,,,,,
کالایی تابان تمدن,,,,,,,,,,,,,,,,,,,,,,,,,,,,,,,,,,,,,,,,,,,,,,,,
کاما,0.0,2026-08-09 18:36:44.149365,0.0,رد_نمره,,,,2.6,2026-08-09 15:06:44.146146,2026-08-09,354,0.0,0.0,0.0,0,6.523,,,0.0,31.6,,0,4,350,2.6,"{""atr_14"": 0.0, ""symbol"": ""كاما"", ""live_pe"": 0.0, ""risk_ok"": true, ""decision"": ""رد_نمره"", ""industry"": ""استخراج کانه هاي فلزي"", ""pe_ratio"": 0.0, ""raw_score"": 2.6, ""trend_20d"": ""flat"", ""rule_50_30"": ""رد"", ""final_score"": 2.6, ""score_macro"": 0.0, ""volume_spike"": 0.0, ""current_price"": 0.0, ""liquidity_pct"": 0.0, ""position_size"": 0, ""adjusted_score"": 0.0, ""rank_in_market"": 350, ""score_feedstock"": 0.0, ""score_liquidity"": 0.0, ""score_technical"": 0.0, ""score_valuation"": 20.0, ""stop_loss_price"": 0, ""nima_free_spread"": 6.523, ""percentile_score"": 31.6, ""price_change_pct"": 0.0, ""rank_in_industry"": 4, ""score_farabourse"": 0.0, ""score_fundamental"": 0.0, ""score_gov_support"": 0.0, ""institutional_ratio"": 0.0, ""score_institutional"": 0.0, ""negative_filters_count"": 0}",True,رد,0.0,0.0,0.0,0.0,0.0,0.0,0.0,0.0,0.0,0.0,0.0,0.0,2.6,20.0,20.0,1405-05-18,0.0,كاما,2026-09-08,0.0
کاما3,,,,,,,,,,,,,,,,,,,,,,,,,,,,,,,,,,,,,,,,,,,,,,,,
کامیاب,,,,,,,,,,,,,,,,,,,,,,,,,,,,,,,,,,,,,,,,,,,,,,,,
کامیاب2,,,,,,,,,,,,,,,,,,,,,,,,,,,,,,,,,,,,,,,,,,,,,,,,
کانسار,,,,,,,,,,,,,,,,,,,,,,,,,,,,,,,,,,,,,,,,,,,,,,,,
کانسار2,,,,,,,,,,,,,,,,,,,,,,,,,,,,,,,,,,,,,,,,,,,,,,,,
کانسار3,,,,,,,,,,,,,,,,,,,,,,,,,,,,,,,,,,,,,,,,,,,,,,,,
کانون جهانگردی و اتومبیلرانی جمهوری اسلامی ایران,,,,,,,,,,,,,,,,,,,,,,,,,,,,,,,,,,,,,,,,,,,,,,,,
کانون خیریه آموزشی رهپویان دانایی خرد,,,,,,,,,,,,,,,,,,,,,,,,,,,,,,,,,,,,,,,,,,,,,,,,
کانون پرورش فکری کودکان و نوجوانان,,,,,,,,,,,,,,,,,,,,,,,,,,,,,,,,,,,,,,,,,,,,,,,,
کاوش بازار,,,,,,,,,,,,,,,,,,,,,,,,,,,,,,,,,,,,,,,,,,,,,,,,
کاوه,0.0,2026-08-09 18:36:44.149365,0.0,رد_نمره,,,,2.6,2026-08-09 15:06:44.146146,2026-08-09,355,0.0,0.0,0.0,0,6.523,,,0.0,31.4,,0,26,351,2.6,"{""atr_14"": 0.0, ""symbol"": ""كاوه"", ""live_pe"": 0.0, ""risk_ok"": true, ""decision"": ""رد_نمره"", ""industry"": ""فلزات اساسي"", ""pe_ratio"": 0.0, ""raw_score"": 2.6, ""trend_20d"": ""flat"", ""rule_50_30"": ""رد"", ""final_score"": 2.6, ""score_macro"": 0.0, ""volume_spike"": 0.0, ""current_price"": 0.0, ""liquidity_pct"": 0.0, ""position_size"": 0, ""adjusted_score"": 0.0, ""rank_in_market"": 351, ""score_feedstock"": 0.0, ""score_liquidity"": 0.0, ""score_technical"": 0.0, ""score_valuation"": 20.0, ""stop_loss_price"": 0, ""nima_free_spread"": 6.523, ""percentile_score"": 31.4, ""price_change_pct"": 0.0, ""rank_in_industry"": 26, ""score_farabourse"": 0.0, ""score_fundamental"": 0.0, ""score_gov_support"": 0.0, ""institutional_ratio"": 0.0, ""score_institutional"": 0.0, ""negative_filters_count"": 0}",True,رد,0.0,0.0,0.0,0.0,0.0,0.0,0.0,0.0,0.0,0.0,0.0,0.0,2.6,20.0,20.0,1405-05-18,0.0,كاوه,2026-09-08,0.0
کاوه2,,,,,,,,,,,,,,,,,,,,,,,,,,,,,,,,,,,,,,,,,,,,,,,,
کاوه3,,,,,,,,,,,,,,,,,,,,,,,,,,,,,,,,,,,,,,,,,,,,,,,,
کایتا,0.0,2026-08-09 18:36:44.149365,0.0,رد_نمره,,,,2.6,2026-08-09 15:06:44.146146,2026-08-09,356,0.0,0.0,0.0,0,6.523,,,0.0,31.2,,0,7,352,2.6,"{""atr_14"": 0.0, ""symbol"": ""كايتا"", ""live_pe"": 0.0, ""risk_ok"": true, ""decision"": ""رد_نمره"", ""industry"": ""ساير محصولات كاني غيرفلزي"", ""pe_ratio"": 0.0, ""raw_score"": 2.6, ""trend_20d"": ""flat"", ""rule_50_30"": ""رد"", ""final_score"": 2.6, ""score_macro"": 0.0, ""volume_spike"": 0.0, ""current_price"": 0.0, ""liquidity_pct"": 0.0, ""position_size"": 0, ""adjusted_score"": 0.0, ""rank_in_market"": 352, ""score_feedstock"": 0.0, ""score_liquidity"": 0.0, ""score_technical"": 0.0, ""score_valuation"": 20.0, ""stop_loss_price"": 0, ""nima_free_spread"": 6.523, ""percentile_score"": 31.2, ""price_change_pct"": 0.0, ""rank_in_industry"": 7, ""score_farabourse"": 0.0, ""score_fundamental"": 0.0, ""score_gov_support"": 0.0, ""institutional_ratio"": 0.0, ""score_institutional"": 0.0, ""negative_filters_count"": 0}",True,رد,0.0,0.0,0.0,0.0,0.0,0.0,0.0,0.0,0.0,0.0,0.0,0.0,2.6,20.0,20.0,1405-05-18,0.0,كايتا,2026-09-08,0.0
کایزد,,,,,,,,,,,,,,,,,,,,,,,,,,,,,,,,,,,,,,,,,,,,,,,,
کایزد3,,,,,,,,,,,,,,,,,,,,,,,,,,,,,,,,,,,,,,,,,,,,,,,,
کباده,,,,,,,,,,,,,,,,,,,,,,,,,,,,,,,,,,,,,,,,,,,,,,,,
کبافق,0.0,2026-08-09 18:36:44.149365,0.0,رد_نمره,,,,2.6,2026-08-09 15:06:44.146146,2026-08-09,358,0.0,0.0,0.0,0,6.523,,,0.0,30.8,,0,5,354,2.6,"{""atr_14"": 0.0, ""symbol"": ""كبافق"", ""live_pe"": 0.0, ""risk_ok"": true, ""decision"": ""رد_نمره"", ""industry"": ""استخراج کانه هاي فلزي"", ""pe_ratio"": 0.0, ""raw_score"": 2.6, ""trend_20d"": ""flat"", ""rule_50_30"": ""رد"", ""final_score"": 2.6, ""score_macro"": 0.0, ""volume_spike"": 0.0, ""current_price"": 0.0, ""liquidity_pct"": 0.0, ""position_size"": 0, ""adjusted_score"": 0.0, ""rank_in_market"": 354, ""score_feedstock"": 0.0, ""score_liquidity"": 0.0, ""score_technical"": 0.0, ""score_valuation"": 20.0, ""stop_loss_price"": 0, ""nima_free_spread"": 6.523, ""percentile_score"": 30.8, ""price_change_pct"": 0.0, ""rank_in_industry"": 5, ""score_farabourse"": 0.0, ""score_fundamental"": 0.0, ""score_gov_support"": 0.0, ""institutional_ratio"": 0.0, ""score_institutional"": 0.0, ""negative_filters_count"": 0}",True,رد,0.0,0.0,0.0,0.0,0.0,0.0,0.0,0.0,0.0,0.0,0.0,0.0,2.6,20.0,20.0,1405-05-18,0.0,كبافق,2026-09-08,0.0
کبافق3,,,,,,,,,,,,,,,,,,,,,,,,,,,,,,,,,,,,,,,,,,,,,,,,
کترام,0.0,2026-08-09 18:36:44.149365,0.0,رد_نمره,,,,2.6,2026-08-09 15:06:44.146146,2026-08-09,362,0.0,0.0,0.0,0,6.523,,,0.0,30.0,,0,3,358,2.6,"{""atr_14"": 0.0, ""symbol"": ""كترام"", ""live_pe"": 0.0, ""risk_ok"": true, ""decision"": ""رد_نمره"", ""industry"": ""كاشي و سراميك"", ""pe_ratio"": 0.0, ""raw_score"": 2.6, ""trend_20d"": ""flat"", ""rule_50_30"": ""رد"", ""final_score"": 2.6, ""score_macro"": 0.0, ""volume_spike"": 0.0, ""current_price"": 0.0, ""liquidity_pct"": 0.0, ""position_size"": 0, ""adjusted_score"": 0.0, ""rank_in_market"": 358, ""score_feedstock"": 0.0, ""score_liquidity"": 0.0, ""score_technical"": 0.0, ""score_valuation"": 20.0, ""stop_loss_price"": 0, ""nima_free_spread"": 6.523, ""percentile_score"": 30.0, ""price_change_pct"": 0.0, ""rank_in_industry"": 3, ""score_farabourse"": 0.0, ""score_fundamental"": 0.0, ""score_gov_support"": 0.0, ""institutional_ratio"": 0.0, ""score_institutional"": 0.0, ""negative_filters_count"": 0}",True,رد,0.0,0.0,0.0,0.0,0.0,0.0,0.0,0.0,0.0,0.0,0.0,0.0,2.6,20.0,20.0,1405-05-18,0.0,كترام,2026-09-08,0.0
کترام3,,,,,,,,,,,,,,,,,,,,,,,,,,,,,,,,,,,,,,,,,,,,,,,,
کتوسعه,,,,,,,,,,,,,,,,,,,,,,,,,,,,,,,,,,,,,,,,,,,,,,,,
کتوسعه3,,,,,,,,,,,,,,,,,,,,,,,,,,,,,,,,,,,,,,,,,,,,,,,,
کتوکا,,,,,,,,,,,,,,,,,,,,,,,,,,,,,,,,,,,,,,,,,,,,,,,,
کتوکا3,,,,,,,,,,,,,,,,,,,,,,,,,,,,,,,,,,,,,,,,,,,,,,,,
کحافظ,0.0,2026-08-09 18:36:44.149365,0.0,رد_نمره,,,,2.6,2026-08-09 15:06:44.146146,2026-08-09,365,0.0,0.0,0.0,0,6.523,,,0.0,29.4,,0,5,361,2.6,"{""atr_14"": 0.0, ""symbol"": ""كحافظ"", ""live_pe"": 0.0, ""risk_ok"": true, ""decision"": ""رد_نمره"", ""industry"": ""كاشي و سراميك"", ""pe_ratio"": 0.0, ""raw_score"": 2.6, ""trend_20d"": ""flat"", ""rule_50_30"": ""رد"", ""final_score"": 2.6, ""score_macro"": 0.0, ""volume_spike"": 0.0, ""current_price"": 0.0, ""liquidity_pct"": 0.0, ""position_size"": 0, ""adjusted_score"": 0.0, ""rank_in_market"": 361, ""score_feedstock"": 0.0, ""score_liquidity"": 0.0, ""score_technical"": 0.0, ""score_valuation"": 20.0, ""stop_loss_price"": 0, ""nima_free_spread"": 6.523, ""percentile_score"": 29.4, ""price_change_pct"": 0.0, ""rank_in_industry"": 5, ""score_farabourse"": 0.0, ""score_fundamental"": 0.0, ""score_gov_support"": 0.0, ""institutional_ratio"": 0.0, ""score_institutional"": 0.0, ""negative_filters_count"": 0}",True,رد,0.0,0.0,0.0,0.0,0.0,0.0,0.0,0.0,0.0,0.0,0.0,0.0,2.6,20.0,20.0,1405-05-18,0.0,كحافظ,2026-09-08,0.0
کحافظ3,,,,,,,,,,,,,,,,,,,,,,,,,,,,,,,,,,,,,,,,,,,,,,,,
کخاک,0.0,2026-08-09 18:36:44.149365,0.0,رد_نمره,,,,2.6,2026-08-09 15:06:44.146146,2026-08-09,366,0.0,0.0,0.0,0,6.523,,,0.0,29.2,,0,9,362,2.6,"{""atr_14"": 0.0, ""symbol"": ""كخاك"", ""live_pe"": 0.0, ""risk_ok"": true, ""decision"": ""رد_نمره"", ""industry"": ""ساير محصولات كاني غيرفلزي"", ""pe_ratio"": 0.0, ""raw_score"": 2.6, ""trend_20d"": ""flat"", ""rule_50_30"": ""رد"", ""final_score"": 2.6, ""score_macro"": 0.0, ""volume_spike"": 0.0, ""current_price"": 0.0, ""liquidity_pct"": 0.0, ""position_size"": 0, ""adjusted_score"": 0.0, ""rank_in_market"": 362, ""score_feedstock"": 0.0, ""score_liquidity"": 0.0, ""score_technical"": 0.0, ""score_valuation"": 20.0, ""stop_loss_price"": 0, ""nima_free_spread"": 6.523, ""percentile_score"": 29.2, ""price_change_pct"": 0.0, ""rank_in_industry"": 9, ""score_farabourse"": 0.0, ""score_fundamental"": 0.0, ""score_gov_support"": 0.0, ""institutional_ratio"": 0.0, ""score_institutional"": 0.0, ""negative_filters_count"": 0}",True,رد,0.0,0.0,0.0,0.0,0.0,0.0,0.0,0.0,0.0,0.0,0.0,0.0,2.6,20.0,20.0,1405-05-18,0.0,كخاك,2026-09-08,0.0
کخاک2,,,,,,,,,,,,,,,,,,,,,,,,,,,,,,,,,,,,,,,,,,,,,,,,
کخاک3,,,,,,,,,,,,,,,,,,,,,,,,,,,,,,,,,,,,,,,,,,,,,,,,
کدما,0.0,2026-08-09 18:36:44.149365,0.0,رد_نمره,,,,2.6,2026-08-09 15:06:44.146146,2026-08-09,367,0.0,0.0,0.0,0,6.523,,,0.0,29.0,,0,7,363,2.6,"{""atr_14"": 0.0, ""symbol"": ""كدما"", ""live_pe"": 0.0, ""risk_ok"": true, ""decision"": ""رد_نمره"", ""industry"": ""استخراج کانه هاي فلزي"", ""pe_ratio"": 0.0, ""raw_score"": 2.6, ""trend_20d"": ""flat"", ""rule_50_30"": ""رد"", ""final_score"": 2.6, ""score_macro"": 0.0, ""volume_spike"": 0.0, ""current_price"": 0.0, ""liquidity_pct"": 0.0, ""position_size"": 0, ""adjusted_score"": 0.0, ""rank_in_market"": 363, ""score_feedstock"": 0.0, ""score_liquidity"": 0.0, ""score_technical"": 0.0, ""score_valuation"": 20.0, ""stop_loss_price"": 0, ""nima_free_spread"": 6.523, ""percentile_score"": 29.0, ""price_change_pct"": 0.0, ""rank_in_industry"": 7, ""score_farabourse"": 0.0, ""score_fundamental"": 0.0, ""score_gov_support"": 0.0, ""institutional_ratio"": 0.0, ""score_institutional"": 0.0, ""negative_filters_count"": 0}",True,رد,0.0,0.0,0.0,0.0,0.0,0.0,0.0,0.0,0.0,0.0,0.0,0.0,2.6,20.0,20.0,1405-05-18,0.0,كدما,2026-09-08,0.0
کدما3,,,,,,,,,,,,,,,,,,,,,,,,,,,,,,,,,,,,,,,,,,,,,,,,
کرازی,0.0,2026-08-09 18:36:44.149365,0.0,رد_نمره,,,,2.6,2026-08-09 15:06:44.146146,2026-08-09,368,0.0,0.0,0.0,0,6.523,,,0.0,28.8,,0,10,364,2.6,"{""atr_14"": 0.0, ""symbol"": ""كرازي"", ""live_pe"": 0.0, ""risk_ok"": true, ""decision"": ""رد_نمره"", ""industry"": ""ساير محصولات كاني غيرفلزي"", ""pe_ratio"": 0.0, ""raw_score"": 2.6, ""trend_20d"": ""flat"", ""rule_50_30"": ""رد"", ""final_score"": 2.6, ""score_macro"": 0.0, ""volume_spike"": 0.0, ""current_price"": 0.0, ""liquidity_pct"": 0.0, ""position_size"": 0, ""adjusted_score"": 0.0, ""rank_in_market"": 364, ""score_feedstock"": 0.0, ""score_liquidity"": 0.0, ""score_technical"": 0.0, ""score_valuation"": 20.0, ""stop_loss_price"": 0, ""nima_free_spread"": 6.523, ""percentile_score"": 28.8, ""price_change_pct"": 0.0, ""rank_in_industry"": 10, ""score_farabourse"": 0.0, ""score_fundamental"": 0.0, ""score_gov_support"": 0.0, ""institutional_ratio"": 0.0, ""score_institutional"": 0.0, ""negative_filters_count"": 0}",True,رد,0.0,0.0,0.0,0.0,0.0,0.0,0.0,0.0,0.0,0.0,0.0,0.0,2.6,20.0,20.0,1405-05-18,0.0,كرازي,2026-09-08,0.0
کرازی3,,,,,,,,,,,,,,,,,,,,,,,,,,,,,,,,,,,,,,,,,,,,,,,,
کرازیح,,,,,,,,,,,,,,,,,,,,,,,,,,,,,,,,,,,,,,,,,,,,,,,,
کربن,,,,,,,,,,,,,,,,,,,,,,,,,,,,,,,,,,,,,,,,,,,,,,,,
کربن2,,,,,,,,,,,,,,,,,,,,,,,,,,,,,,,,,,,,,,,,,,,,,,,,
کربن3,,,,,,,,,,,,,,,,,,,,,,,,,,,,,,,,,,,,,,,,,,,,,,,,
کربنح,,,,,,,,,,,,,,,,,,,,,,,,,,,,,,,,,,,,,,,,,,,,,,,,
کرماشا,0.0,2026-08-09 18:36:44.149365,0.0,رد_نمره,,,,2.6,2026-08-09 15:06:44.146146,2026-08-09,369,0.0,0.0,0.0,0,6.523,,,0.0,28.6,,0,41,365,2.6,"{""atr_14"": 0.0, ""symbol"": ""كرماشا"", ""live_pe"": 0.0, ""risk_ok"": true, ""decision"": ""رد_نمره"", ""industry"": ""محصولات شيميايي"", ""pe_ratio"": 0.0, ""raw_score"": 2.6, ""trend_20d"": ""flat"", ""rule_50_30"": ""رد"", ""final_score"": 2.6, ""score_macro"": 0.0, ""volume_spike"": 0.0, ""current_price"": 0.0, ""liquidity_pct"": 0.0, ""position_size"": 0, ""adjusted_score"": 0.0, ""rank_in_market"": 365, ""score_feedstock"": 0.0, ""score_liquidity"": 0.0, ""score_technical"": 0.0, ""score_valuation"": 20.0, ""stop_loss_price"": 0, ""nima_free_spread"": 6.523, ""percentile_score"": 28.6, ""price_change_pct"": 0.0, ""rank_in_industry"": 41, ""score_farabourse"": 0.0, ""score_fundamental"": 0.0, ""score_gov_support"": 0.0, ""institutional_ratio"": 0.0, ""score_institutional"": 0.0, ""negative_filters_count"": 0}",True,رد,0.0,0.0,0.0,0.0,0.0,0.0,0.0,0.0,0.0,0.0,0.0,0.0,2.6,20.0,20.0,1405-05-18,0.0,كرماشا,2026-09-08,0.0
کرماشا3,,,,,,,,,,,,,,,,,,,,,,,,,,,,,,,,,,,,,,,,,,,,,,,,
کرمان,,,,,,,,,,,,,,,,,,,,,,,,,,,,,,,,,,,,,,,,,,,,,,,,
کرمان خودرو,,,,,,,,,,,,,,,,,,,,,,,,,,,,,,,,,,,,,,,,,,,,,,,,
کرمان مال,,,,,,,,,,,,,,,,,,,,,,,,,,,,,,,,,,,,,,,,,,,,,,,,
کرمان3,,,,,,,,,,,,,,,,,,,,,,,,,,,,,,,,,,,,,,,,,,,,,,,,
کرومیت,,,,,,,,,,,,,,,,,,,,,,,,,,,,,,,,,,,,,,,,,,,,,,,,
کرومیت3,,,,,,,,,,,,,,,,,,,,,,,,,,,,,,,,,,,,,,,,,,,,,,,,
کروی,0.0,2026-08-09 18:36:44.149365,0.0,رد_نمره,,,,2.6,2026-08-09 15:06:44.146146,2026-08-09,370,0.0,0.0,0.0,0,6.523,,,0.0,28.4,,0,8,366,2.6,"{""atr_14"": 0.0, ""symbol"": ""كروي"", ""live_pe"": 0.0, ""risk_ok"": true, ""decision"": ""رد_نمره"", ""industry"": ""استخراج کانه هاي فلزي"", ""pe_ratio"": 0.0, ""raw_score"": 2.6, ""trend_20d"": ""flat"", ""rule_50_30"": ""رد"", ""final_score"": 2.6, ""score_macro"": 0.0, ""volume_spike"": 0.0, ""current_price"": 0.0, ""liquidity_pct"": 0.0, ""position_size"": 0, ""adjusted_score"": 0.0, ""rank_in_market"": 366, ""score_feedstock"": 0.0, ""score_liquidity"": 0.0, ""score_technical"": 0.0, ""score_valuation"": 20.0, ""stop_loss_price"": 0, ""nima_free_spread"": 6.523, ""percentile_score"": 28.4, ""price_change_pct"": 0.0, ""rank_in_industry"": 8, ""score_farabourse"": 0.0, ""score_fundamental"": 0.0, ""score_gov_support"": 0.0, ""institutional_ratio"": 0.0, ""score_institutional"": 0.0, ""negative_filters_count"": 0}",True,رد,0.0,0.0,0.0,0.0,0.0,0.0,0.0,0.0,0.0,0.0,0.0,0.0,2.6,20.0,20.0,1405-05-18,0.0,كروي,2026-09-08,0.0
کزغال,,,,,,,,,,,,,,,,,,,,,,,,,,,,,,,,,,,,,,,,,,,,,,,,
کزغال3,,,,,,,,,,,,,,,,,,,,,,,,,,,,,,,,,,,,,,,,,,,,,,,,
کساوه,0.0,2026-08-09 18:36:44.149365,0.0,رد_نمره,,,,2.6,2026-08-09 15:06:44.146146,2026-08-09,372,0.0,0.0,0.0,0,6.523,,,0.0,28.0,,0,6,368,2.6,"{""atr_14"": 0.0, ""symbol"": ""كساوه"", ""live_pe"": 0.0, ""risk_ok"": true, ""decision"": ""رد_نمره"", ""industry"": ""كاشي و سراميك"", ""pe_ratio"": 0.0, ""raw_score"": 2.6, ""trend_20d"": ""flat"", ""rule_50_30"": ""رد"", ""final_score"": 2.6, ""score_macro"": 0.0, ""volume_spike"": 0.0, ""current_price"": 0.0, ""liquidity_pct"": 0.0, ""position_size"": 0, ""adjusted_score"": 0.0, ""rank_in_market"": 368, ""score_feedstock"": 0.0, ""score_liquidity"": 0.0, ""score_technical"": 0.0, ""score_valuation"": 20.0, ""stop_loss_price"": 0, ""nima_free_spread"": 6.523, ""percentile_score"": 28.0, ""price_change_pct"": 0.0, ""rank_in_industry"": 6, ""score_farabourse"": 0.0, ""score_fundamental"": 0.0, ""score_gov_support"": 0.0, ""institutional_ratio"": 0.0, ""score_institutional"": 0.0, ""negative_filters_count"": 0}",True,رد,0.0,0.0,0.0,0.0,0.0,0.0,0.0,0.0,0.0,0.0,0.0,0.0,2.6,20.0,20.0,1405-05-18,0.0,كساوه,2026-09-08,0.0
کساوه2,,,,,,,,,,,,,,,,,,,,,,,,,,,,,,,,,,,,,,,,,,,,,,,,
کساوه3,,,,,,,,,,,,,,,,,,,,,,,,,,,,,,,,,,,,,,,,,,,,,,,,
کساپا,0.0,2026-08-09 18:36:44.149365,0.0,رد_نمره,,,,2.6,2026-08-09 15:06:44.146146,2026-08-09,371,0.0,0.0,0.0,0,6.523,,,0.0,28.2,,0,11,367,2.6,"{""atr_14"": 0.0, ""symbol"": ""كساپا"", ""live_pe"": 0.0, ""risk_ok"": true, ""decision"": ""رد_نمره"", ""industry"": ""ساير محصولات كاني غيرفلزي"", ""pe_ratio"": 0.0, ""raw_score"": 2.6, ""trend_20d"": ""flat"", ""rule_50_30"": ""رد"", ""final_score"": 2.6, ""score_macro"": 0.0, ""volume_spike"": 0.0, ""current_price"": 0.0, ""liquidity_pct"": 0.0, ""position_size"": 0, ""adjusted_score"": 0.0, ""rank_in_market"": 367, ""score_feedstock"": 0.0, ""score_liquidity"": 0.0, ""score_technical"": 0.0, ""score_valuation"": 20.0, ""stop_loss_price"": 0, ""nima_free_spread"": 6.523, ""percentile_score"": 28.2, ""price_change_pct"": 0.0, ""rank_in_industry"": 11, ""score_farabourse"": 0.0, ""score_fundamental"": 0.0, ""score_gov_support"": 0.0, ""institutional_ratio"": 0.0, ""score_institutional"": 0.0, ""negative_filters_count"": 0}",True,رد,0.0,0.0,0.0,0.0,0.0,0.0,0.0,0.0,0.0,0.0,0.0,0.0,2.6,20.0,20.0,1405-05-18,0.0,كساپا,2026-09-08,0.0
کساپا3,,,,,,,,,,,,,,,,,,,,,,,,,,,,,,,,,,,,,,,,,,,,,,,,
کسب و کارهای نوپای حرکت اول,,,,,,,,,,,,,,,,,,,,,,,,,,,,,,,,,,,,,,,,,,,,,,,,
کسرا,0.0,2026-08-09 18:36:44.149365,0.0,رد_نمره,,,,2.6,2026-08-09 15:06:44.146146,2026-08-09,373,0.0,0.0,0.0,0,6.523,,,0.0,27.8,,0,12,369,2.6,"{""atr_14"": 0.0, ""symbol"": ""كسرا"", ""live_pe"": 0.0, ""risk_ok"": true, ""decision"": ""رد_نمره"", ""industry"": ""ساير محصولات كاني غيرفلزي"", ""pe_ratio"": 0.0, ""raw_score"": 2.6, ""trend_20d"": ""flat"", ""rule_50_30"": ""رد"", ""final_score"": 2.6, ""score_macro"": 0.0, ""volume_spike"": 0.0, ""current_price"": 0.0, ""liquidity_pct"": 0.0, ""position_size"": 0, ""adjusted_score"": 0.0, ""rank_in_market"": 369, ""score_feedstock"": 0.0, ""score_liquidity"": 0.0, ""score_technical"": 0.0, ""score_valuation"": 20.0, ""stop_loss_price"": 0, ""nima_free_spread"": 6.523, ""percentile_score"": 27.8, ""price_change_pct"": 0.0, ""rank_in_industry"": 12, ""score_farabourse"": 0.0, ""score_fundamental"": 0.0, ""score_gov_support"": 0.0, ""institutional_ratio"": 0.0, ""score_institutional"": 0.0, ""negative_filters_count"": 0}",True,رد,0.0,0.0,0.0,0.0,0.0,0.0,0.0,0.0,0.0,0.0,0.0,0.0,2.6,20.0,20.0,1405-05-18,0.0,كسرا,2026-09-08,0.0
کسرا3,,,,,,,,,,,,,,,,,,,,,,,,,,,,,,,,,,,,,,,,,,,,,,,,
کسرام,0.0,2026-08-09 18:36:44.149365,0.0,رد_نمره,,,,2.6,2026-08-09 15:06:44.146146,2026-08-09,374,0.0,0.0,0.0,0,6.523,,,0.0,27.6,,0,13,370,2.6,"{""atr_14"": 0.0, ""symbol"": ""كسرام"", ""live_pe"": 0.0, ""risk_ok"": true, ""decision"": ""رد_نمره"", ""industry"": ""ساير محصولات كاني غيرفلزي"", ""pe_ratio"": 0.0, ""raw_score"": 2.6, ""trend_20d"": ""flat"", ""rule_50_30"": ""رد"", ""final_score"": 2.6, ""score_macro"": 0.0, ""volume_spike"": 0.0, ""current_price"": 0.0, ""liquidity_pct"": 0.0, ""position_size"": 0, ""adjusted_score"": 0.0, ""rank_in_market"": 370, ""score_feedstock"": 0.0, ""score_liquidity"": 0.0, ""score_technical"": 0.0, ""score_valuation"": 20.0, ""stop_loss_price"": 0, ""nima_free_spread"": 6.523, ""percentile_score"": 27.6, ""price_change_pct"": 0.0, ""rank_in_industry"": 13, ""score_farabourse"": 0.0, ""score_fundamental"": 0.0, ""score_gov_support"": 0.0, ""institutional_ratio"": 0.0, ""score_institutional"": 0.0, ""negative_filters_count"": 0}",True,رد,0.0,0.0,0.0,0.0,0.0,0.0,0.0,0.0,0.0,0.0,0.0,0.0,2.6,20.0,20.0,1405-05-18,0.0,كسرام,2026-09-08,0.0
کسرام3,,,,,,,,,,,,,,,,,,,,,,,,,,,,,,,,,,,,,,,,,,,,,,,,
کسعدی,0.0,2026-08-09 18:36:44.149365,0.0,رد_نمره,,,,2.6,2026-08-09 15:06:44.146146,2026-08-09,375,0.0,0.0,0.0,0,6.523,,,0.0,27.5,,0,7,371,2.6,"{""atr_14"": 0.0, ""symbol"": ""كسعدي"", ""live_pe"": 0.0, ""risk_ok"": true, ""decision"": ""رد_نمره"", ""industry"": ""كاشي و سراميك"", ""pe_ratio"": 0.0, ""raw_score"": 2.6, ""trend_20d"": ""flat"", ""rule_50_30"": ""رد"", ""final_score"": 2.6, ""score_macro"": 0.0, ""volume_spike"": 0.0, ""current_price"": 0.0, ""liquidity_pct"": 0.0, ""position_size"": 0, ""adjusted_score"": 0.0, ""rank_in_market"": 371, ""score_feedstock"": 0.0, ""score_liquidity"": 0.0, ""score_technical"": 0.0, ""score_valuation"": 20.0, ""stop_loss_price"": 0, ""nima_free_spread"": 6.523, ""percentile_score"": 27.5, ""price_change_pct"": 0.0, ""rank_in_industry"": 7, ""score_farabourse"": 0.0, ""score_fundamental"": 0.0, ""score_gov_support"": 0.0, ""institutional_ratio"": 0.0, ""score_institutional"": 0.0, ""negative_filters_count"": 0}",True,رد,0.0,0.0,0.0,0.0,0.0,0.0,0.0,0.0,0.0,0.0,0.0,0.0,2.6,20.0,20.0,1405-05-18,0.0,كسعدي,2026-09-08,0.0
کسعدی3,,,,,,,,,,,,,,,,,,,,,,,,,,,,,,,,,,,,,,,,,,,,,,,,
کشاورزی ثابت,,,,,,,,,,,,,,,,,,,,,,,,,,,,,,,,,,,,,,,,,,,,,,,,
کشت و صنعت امام خمینی ره,,,,,,,,,,,,,,,,,,,,,,,,,,,,,,,,,,,,,,,,,,,,,,,,
کشت و صنعت ایران هلال بناب,,,,,,,,,,,,,,,,,,,,,,,,,,,,,,,,,,,,,,,,,,,,,,,,
کشت و صنعت جیرفت,,,,,,,,,,,,,,,,,,,,,,,,,,,,,,,,,,,,,,,,,,,,,,,,
کشت و صنعت دامپروری مغان,,,,,,,,,,,,,,,,,,,,,,,,,,,,,,,,,,,,,,,,,,,,,,,,
کشت و صنعت دعبل خزاعی,,,,,,,,,,,,,,,,,,,,,,,,,,,,,,,,,,,,,,,,,,,,,,,,
کشت و صنعت کارون,,,,,,,,,,,,,,,,,,,,,,,,,,,,,,,,,,,,,,,,,,,,,,,,
کشت وصنعت حکیم فارابی خوزستان,,,,,,,,,,,,,,,,,,,,,,,,,,,,,,,,,,,,,,,,,,,,,,,,
کشت وصنعت سلمان فارسی,,,,,,,,,,,,,,,,,,,,,,,,,,,,,,,,,,,,,,,,,,,,,,,,
کشت وصنعت میرزاکوچک خان,,,,,,,,,,,,,,,,,,,,,,,,,,,,,,,,,,,,,,,,,,,,,,,,
کشت وصنعت نیشکر امیر کبیر,,,,,,,,,,,,,,,,,,,,,,,,,,,,,,,,,,,,,,,,,,,,,,,,
کشتزار بازار,,,,,,,,,,,,,,,,,,,,,,,,,,,,,,,,,,,,,,,,,,,,,,,,
کشتی نیکو,,,,,,,,,,,,,,,,,,,,,,,,,,,,,,,,,,,,,,,,,,,,,,,,
کشتیرانی اقیانوس خروشان کیش,,,,,,,,,,,,,,,,,,,,,,,,,,,,,,,,,,,,,,,,,,,,,,,,
کشتیرانی ایران و هند,,,,,,,,,,,,,,,,,,,,,,,,,,,,,,,,,,,,,,,,,,,,,,,,
کشتیرانی خلیج فارس ایران,,,,,,,,,,,,,,,,,,,,,,,,,,,,,,,,,,,,,,,,,,,,,,,,
کشتیرانی شکوه سحر کیش,,,,,,,,,,,,,,,,,,,,,,,,,,,,,,,,,,,,,,,,,,,,,,,,
کشتیرانی مسخر دریا,,,,,,,,,,,,,,,,,,,,,,,,,,,,,,,,,,,,,,,,,,,,,,,,
کشتیرانی کیش,,,,,,,,,,,,,,,,,,,,,,,,,,,,,,,,,,,,,,,,,,,,,,,,
کشرق,,,,,,,,,,,,,,,,,,,,,,,,,,,,,,,,,,,,,,,,,,,,,,,,
کشرق3,,,,,,,,,,,,,,,,,,,,,,,,,,,,,,,,,,,,,,,,,,,,,,,,
کصدف,,,,,,,,,,,,,,,,,,,,,,,,,,,,,,,,,,,,,,,,,,,,,,,,
کصنعت پگاه لرستان,,,,,,,,,,,,,,,,,,,,,,,,,,,,,,,,,,,,,,,,,,,,,,,,
کصنعت پگاه همدان,,,,,,,,,,,,,,,,,,,,,,,,,,,,,,,,,,,,,,,,,,,,,,,,
کطبس,0.0,2026-08-09 18:36:44.149365,0.0,رد_نمره,,,,2.6,2026-08-09 15:06:44.146146,2026-08-09,376,0.0,0.0,0.0,0,6.523,,,0.0,27.3,,0,1,372,2.6,"{""atr_14"": 0.0, ""symbol"": ""كطبس"", ""live_pe"": 0.0, ""risk_ok"": true, ""decision"": ""رد_نمره"", ""industry"": ""استخراج زغال سنگ"", ""pe_ratio"": 0.0, ""raw_score"": 2.6, ""trend_20d"": ""flat"", ""rule_50_30"": ""رد"", ""final_score"": 2.6, ""score_macro"": 0.0, ""volume_spike"": 0.0, ""current_price"": 0.0, ""liquidity_pct"": 0.0, ""position_size"": 0, ""adjusted_score"": 0.0, ""rank_in_market"": 372, ""score_feedstock"": 0.0, ""score_liquidity"": 0.0, ""score_technical"": 0.0, ""score_valuation"": 20.0, ""stop_loss_price"": 0, ""nima_free_spread"": 6.523, ""percentile_score"": 27.3, ""price_change_pct"": 0.0, ""rank_in_industry"": 1, ""score_farabourse"": 0.0, ""score_fundamental"": 0.0, ""score_gov_support"": 0.0, ""institutional_ratio"": 0.0, ""score_institutional"": 0.0, ""negative_filters_count"": 0}",True,رد,0.0,0.0,0.0,0.0,0.0,0.0,0.0,0.0,0.0,0.0,0.0,0.0,2.6,20.0,20.0,1405-05-18,0.0,كطبس,2026-09-08,0.0
کطبس2,,,,,,,,,,,,,,,,,,,,,,,,,,,,,,,,,,,,,,,,,,,,,,,,
کطبس3,,,,,,,,,,,,,,,,,,,,,,,,,,,,,,,,,,,,,,,,,,,,,,,,
کفرآور,,,,,,,,,,,,,,,,,,,,,,,,,,,,,,,,,,,,,,,,,,,,,,,,
کفرا,0.0,2026-08-09 18:36:44.149365,0.0,رد_نمره,,,,2.6,2026-08-09 15:06:44.146146,2026-08-09,378,0.0,0.0,0.0,0,6.523,,,0.0,26.9,,0,15,374,2.6,"{""atr_14"": 0.0, ""symbol"": ""كفرا"", ""live_pe"": 0.0, ""risk_ok"": true, ""decision"": ""رد_نمره"", ""industry"": ""ساير محصولات كاني غيرفلزي"", ""pe_ratio"": 0.0, ""raw_score"": 2.6, ""trend_20d"": ""flat"", ""rule_50_30"": ""رد"", ""final_score"": 2.6, ""score_macro"": 0.0, ""volume_spike"": 0.0, ""current_price"": 0.0, ""liquidity_pct"": 0.0, ""position_size"": 0, ""adjusted_score"": 0.0, ""rank_in_market"": 374, ""score_feedstock"": 0.0, ""score_liquidity"": 0.0, ""score_technical"": 0.0, ""score_valuation"": 20.0, ""stop_loss_price"": 0, ""nima_free_spread"": 6.523, ""percentile_score"": 26.9, ""price_change_pct"": 0.0, ""rank_in_industry"": 15, ""score_farabourse"": 0.0, ""score_fundamental"": 0.0, ""score_gov_support"": 0.0, ""institutional_ratio"": 0.0, ""score_institutional"": 0.0, ""negative_filters_count"": 0}",True,رد,0.0,0.0,0.0,0.0,0.0,0.0,0.0,0.0,0.0,0.0,0.0,0.0,2.6,20.0,20.0,1405-05-18,0.0,كفرا,2026-09-08,0.0
کفرا3,,,,,,,,,,,,,,,,,,,,,,,,,,,,,,,,,,,,,,,,,,,,,,,,
کفپارس,0.0,2026-08-09 18:36:44.149365,0.0,رد_نمره,,,,2.6,2026-08-09 15:06:44.146146,2026-08-09,377,0.0,0.0,0.0,0,6.523,,,0.0,27.1,,0,14,373,2.6,"{""atr_14"": 0.0, ""symbol"": ""كفپارس"", ""live_pe"": 0.0, ""risk_ok"": true, ""decision"": ""رد_نمره"", ""industry"": ""ساير محصولات كاني غيرفلزي"", ""pe_ratio"": 0.0, ""raw_score"": 2.6, ""trend_20d"": ""flat"", ""rule_50_30"": ""رد"", ""final_score"": 2.6, ""score_macro"": 0.0, ""volume_spike"": 0.0, ""current_price"": 0.0, ""liquidity_pct"": 0.0, ""position_size"": 0, ""adjusted_score"": 0.0, ""rank_in_market"": 373, ""score_feedstock"": 0.0, ""score_liquidity"": 0.0, ""score_technical"": 0.0, ""score_valuation"": 20.0, ""stop_loss_price"": 0, ""nima_free_spread"": 6.523, ""percentile_score"": 27.1, ""price_change_pct"": 0.0, ""rank_in_industry"": 14, ""score_farabourse"": 0.0, ""score_fundamental"": 0.0, ""score_gov_support"": 0.0, ""institutional_ratio"": 0.0, ""score_institutional"": 0.0, ""negative_filters_count"": 0}",True,رد,0.0,0.0,0.0,0.0,0.0,0.0,0.0,0.0,0.0,0.0,0.0,0.0,2.6,20.0,20.0,1405-05-18,0.0,كفپارس,2026-09-08,0.0
کفپارس3,,,,,,,,,,,,,,,,,,,,,,,,,,,,,,,,,,,,,,,,,,,,,,,,
کقزوی,0.0,2026-08-09 18:36:44.149365,0.0,رد_نمره,,,,2.6,2026-08-09 15:06:44.146146,2026-08-09,379,0.0,0.0,0.0,0,6.523,,,0.0,26.7,,0,16,375,2.6,"{""atr_14"": 0.0, ""symbol"": ""كقزوي"", ""live_pe"": 0.0, ""risk_ok"": true, ""decision"": ""رد_نمره"", ""industry"": ""ساير محصولات كاني غيرفلزي"", ""pe_ratio"": 0.0, ""raw_score"": 2.6, ""trend_20d"": ""flat"", ""rule_50_30"": ""رد"", ""final_score"": 2.6, ""score_macro"": 0.0, ""volume_spike"": 0.0, ""current_price"": 0.0, ""liquidity_pct"": 0.0, ""position_size"": 0, ""adjusted_score"": 0.0, ""rank_in_market"": 375, ""score_feedstock"": 0.0, ""score_liquidity"": 0.0, ""score_technical"": 0.0, ""score_valuation"": 20.0, ""stop_loss_price"": 0, ""nima_free_spread"": 6.523, ""percentile_score"": 26.7, ""price_change_pct"": 0.0, ""rank_in_industry"": 16, ""score_farabourse"": 0.0, ""score_fundamental"": 0.0, ""score_gov_support"": 0.0, ""institutional_ratio"": 0.0, ""score_institutional"": 0.0, ""negative_filters_count"": 0}",True,رد,0.0,0.0,0.0,0.0,0.0,0.0,0.0,0.0,0.0,0.0,0.0,0.0,2.6,20.0,20.0,1405-05-18,0.0,كقزوي,2026-09-08,0.0
کلر,,,,,,,,,,,,,,,,,,,,,,,,,,,,,,,,,,,,,,,,,,,,,,,,
کلر3,,,,,,,,,,,,,,,,,,,,,,,,,,,,,,,,,,,,,,,,,,,,,,,,
کلوند,0.0,2026-08-09 18:36:44.149365,0.0,رد_نمره,,,,2.6,2026-08-09 15:06:44.146146,2026-08-09,382,0.0,0.0,0.0,0,6.523,,,0.0,26.1,,0,8,378,2.6,"{""atr_14"": 0.0, ""symbol"": ""كلوند"", ""live_pe"": 0.0, ""risk_ok"": true, ""decision"": ""رد_نمره"", ""industry"": ""كاشي و سراميك"", ""pe_ratio"": 0.0, ""raw_score"": 2.6, ""trend_20d"": ""flat"", ""rule_50_30"": ""رد"", ""final_score"": 2.6, ""score_macro"": 0.0, ""volume_spike"": 0.0, ""current_price"": 0.0, ""liquidity_pct"": 0.0, ""position_size"": 0, ""adjusted_score"": 0.0, ""rank_in_market"": 378, ""score_feedstock"": 0.0, ""score_liquidity"": 0.0, ""score_technical"": 0.0, ""score_valuation"": 20.0, ""stop_loss_price"": 0, ""nima_free_spread"": 6.523, ""percentile_score"": 26.1, ""price_change_pct"": 0.0, ""rank_in_industry"": 8, ""score_farabourse"": 0.0, ""score_fundamental"": 0.0, ""score_gov_support"": 0.0, ""institutional_ratio"": 0.0, ""score_institutional"": 0.0, ""negative_filters_count"": 0}",True,رد,0.0,0.0,0.0,0.0,0.0,0.0,0.0,0.0,0.0,0.0,0.0,0.0,2.6,20.0,20.0,1405-05-18,0.0,كلوند,2026-09-08,0.0
کلوند3,,,,,,,,,,,,,,,,,,,,,,,,,,,,,,,,,,,,,,,,,,,,,,,,
کلید,,,,,,,,,,,,,,,,,,,,,,,,,,,,,,,,,,,,,,,,,,,,,,,,
کماسه,0.0,2026-08-09 18:36:44.149365,0.0,رد_نمره,,,,2.6,2026-08-09 15:06:44.146146,2026-08-09,383,0.0,0.0,0.0,0,6.523,,,0.0,25.9,,0,1,379,2.6,"{""atr_14"": 0.0, ""symbol"": ""كماسه"", ""live_pe"": 0.0, ""risk_ok"": true, ""decision"": ""رد_نمره"", ""industry"": ""استخراج ساير معادن"", ""pe_ratio"": 0.0, ""raw_score"": 2.6, ""trend_20d"": ""flat"", ""rule_50_30"": ""رد"", ""final_score"": 2.6, ""score_macro"": 0.0, ""volume_spike"": 0.0, ""current_price"": 0.0, ""liquidity_pct"": 0.0, ""position_size"": 0, ""adjusted_score"": 0.0, ""rank_in_market"": 379, ""score_feedstock"": 0.0, ""score_liquidity"": 0.0, ""score_technical"": 0.0, ""score_valuation"": 20.0, ""stop_loss_price"": 0, ""nima_free_spread"": 6.523, ""percentile_score"": 25.9, ""price_change_pct"": 0.0, ""rank_in_industry"": 1, ""score_farabourse"": 0.0, ""score_fundamental"": 0.0, ""score_gov_support"": 0.0, ""institutional_ratio"": 0.0, ""score_institutional"": 0.0, ""negative_filters_count"": 0}",True,رد,0.0,0.0,0.0,0.0,0.0,0.0,0.0,0.0,0.0,0.0,0.0,0.0,2.6,20.0,20.0,1405-05-18,0.0,كماسه,2026-09-08,0.0
کماسه3,,,,,,,,,,,,,,,,,,,,,,,,,,,,,,,,,,,,,,,,,,,,,,,,
کمان,,,,,,,,,,,,,,,,,,,,,,,,,,,,,,,,,,,,,,,,,,,,,,,,
کمرجان,,,,,,,,,,,,,,,,,,,,,,,,,,,,,,,,,,,,,,,,,,,,,,,,
کمرجان3,,,,,,,,,,,,,,,,,,,,,,,,,,,,,,,,,,,,,,,,,,,,,,,,
کمرجانح,,,,,,,,,,,,,,,,,,,,,,,,,,,,,,,,,,,,,,,,,,,,,,,,
کمروارید سلامی,,,,,,,,,,,,,,,,,,,,,,,,,,,,,,,,,,,,,,,,,,,,,,,,
کمند,,,,,,,,,,,,,,,,,,,,,,,,,,,,,,,,,,,,,,,,,,,,,,,,
کمند2,,,,,,,,,,,,,,,,,,,,,,,,,,,,,,,,,,,,,,,,,,,,,,,,
کمنگنز,0.0,2026-08-09 18:36:44.149365,0.0,رد_نمره,,,,2.6,2026-08-09 15:06:44.146146,2026-08-09,384,0.0,0.0,0.0,0,6.523,,,0.0,25.7,,0,10,380,2.6,"{""atr_14"": 0.0, ""symbol"": ""كمنگنز"", ""live_pe"": 0.0, ""risk_ok"": true, ""decision"": ""رد_نمره"", ""industry"": ""استخراج کانه هاي فلزي"", ""pe_ratio"": 0.0, ""raw_score"": 2.6, ""trend_20d"": ""flat"", ""rule_50_30"": ""رد"", ""final_score"": 2.6, ""score_macro"": 0.0, ""volume_spike"": 0.0, ""current_price"": 0.0, ""liquidity_pct"": 0.0, ""position_size"": 0, ""adjusted_score"": 0.0, ""rank_in_market"": 380, ""score_feedstock"": 0.0, ""score_liquidity"": 0.0, ""score_technical"": 0.0, ""score_valuation"": 20.0, ""stop_loss_price"": 0, ""nima_free_spread"": 6.523, ""percentile_score"": 25.7, ""price_change_pct"": 0.0, ""rank_in_industry"": 10, ""score_farabourse"": 0.0, ""score_fundamental"": 0.0, ""score_gov_support"": 0.0, ""institutional_ratio"": 0.0, ""score_institutional"": 0.0, ""negative_filters_count"": 0}",True,رد,0.0,0.0,0.0,0.0,0.0,0.0,0.0,0.0,0.0,0.0,0.0,0.0,2.6,20.0,20.0,1405-05-18,0.0,كمنگنز,2026-09-08,0.0
کمنگنز2,,,,,,,,,,,,,,,,,,,,,,,,,,,,,,,,,,,,,,,,,,,,,,,,
کمنگنز3,,,,,,,,,,,,,,,,,,,,,,,,,,,,,,,,,,,,,,,,,,,,,,,,
کمپرسورسازی پادنا,,,,,,,,,,,,,,,,,,,,,,,,,,,,,,,,,,,,,,,,,,,,,,,,
کمیته ملی المپیک ایران,,,,,,,,,,,,,,,,,,,,,,,,,,,,,,,,,,,,,,,,,,,,,,,,
کمین,,,,,,,,,,,,,,,,,,,,,,,,,,,,,,,,,,,,,,,,,,,,,,,,
کمینا,,,,,,,,,,,,,,,,,,,,,,,,,,,,,,,,,,,,,,,,,,,,,,,,
کنترل ترافیک,,,,,,,,,,,,,,,,,,,,,,,,,,,,,,,,,,,,,,,,,,,,,,,,
کنور,0.0,2026-08-09 18:36:44.149365,0.0,رد_نمره,,,,2.6,2026-08-09 15:06:44.146146,2026-08-09,385,0.0,0.0,0.0,0,6.523,,,0.0,25.5,,0,11,381,2.6,"{""atr_14"": 0.0, ""symbol"": ""كنور"", ""live_pe"": 0.0, ""risk_ok"": true, ""decision"": ""رد_نمره"", ""industry"": ""استخراج کانه هاي فلزي"", ""pe_ratio"": 0.0, ""raw_score"": 2.6, ""trend_20d"": ""flat"", ""rule_50_30"": ""رد"", ""final_score"": 2.6, ""score_macro"": 0.0, ""volume_spike"": 0.0, ""current_price"": 0.0, ""liquidity_pct"": 0.0, ""position_size"": 0, ""adjusted_score"": 0.0, ""rank_in_market"": 381, ""score_feedstock"": 0.0, ""score_liquidity"": 0.0, ""score_technical"": 0.0, ""score_valuation"": 20.0, ""stop_loss_price"": 0, ""nima_free_spread"": 6.523, ""percentile_score"": 25.5, ""price_change_pct"": 0.0, ""rank_in_industry"": 11, ""score_farabourse"": 0.0, ""score_fundamental"": 0.0, ""score_gov_support"": 0.0, ""institutional_ratio"": 0.0, ""score_institutional"": 0.0, ""negative_filters_count"": 0}",True,رد,0.0,0.0,0.0,0.0,0.0,0.0,0.0,0.0,0.0,0.0,0.0,0.0,2.6,20.0,20.0,1405-05-18,0.0,كنور,2026-09-08,0.0
کنور2,,,,,,,,,,,,,,,,,,,,,,,,,,,,,,,,,,,,,,,,,,,,,,,,
کنور3,,,,,,,,,,,,,,,,,,,,,,,,,,,,,,,,,,,,,,,,,,,,,,,,
کنوپا,,,,,,,,,,,,,,,,,,,,,,,,,,,,,,,,,,,,,,,,,,,,,,,,
کنگار,,,,,,,,,,,,,,,,,,,,,,,,,,,,,,,,,,,,,,,,,,,,,,,,
کنگان,,,,,,,,,,,,,,,,,,,,,,,,,,,,,,,,,,,,,,,,,,,,,,,,
کنیلو,0.0,2026-08-09 18:36:44.149365,0.0,رد_نمره,,,,2.6,2026-08-09 15:06:44.146146,2026-08-09,386,0.0,0.0,0.0,0,6.523,,,0.0,25.3,,0,9,382,2.6,"{""atr_14"": 0.0, ""symbol"": ""كنيلو"", ""live_pe"": 0.0, ""risk_ok"": true, ""decision"": ""رد_نمره"", ""industry"": ""كاشي و سراميك"", ""pe_ratio"": 0.0, ""raw_score"": 2.6, ""trend_20d"": ""flat"", ""rule_50_30"": ""رد"", ""final_score"": 2.6, ""score_macro"": 0.0, ""volume_spike"": 0.0, ""current_price"": 0.0, ""liquidity_pct"": 0.0, ""position_size"": 0, ""adjusted_score"": 0.0, ""rank_in_market"": 382, ""score_feedstock"": 0.0, ""score_liquidity"": 0.0, ""score_technical"": 0.0, ""score_valuation"": 20.0, ""stop_loss_price"": 0, ""nima_free_spread"": 6.523, ""percentile_score"": 25.3, ""price_change_pct"": 0.0, ""rank_in_industry"": 9, ""score_farabourse"": 0.0, ""score_fundamental"": 0.0, ""score_gov_support"": 0.0, ""institutional_ratio"": 0.0, ""score_institutional"": 0.0, ""negative_filters_count"": 0}",True,رد,0.0,0.0,0.0,0.0,0.0,0.0,0.0,0.0,0.0,0.0,0.0,0.0,2.6,20.0,20.0,1405-05-18,0.0,كنيلو,2026-09-08,0.0
کهرام,0.0,2026-08-09 18:36:44.149365,0.0,رد_نمره,,,,2.6,2026-08-09 15:06:44.146146,2026-08-09,387,0.0,0.0,0.0,0,6.523,,,0.0,25.1,,0,10,383,2.6,"{""atr_14"": 0.0, ""symbol"": ""كهرام"", ""live_pe"": 0.0, ""risk_ok"": true, ""decision"": ""رد_نمره"", ""industry"": ""كاشي و سراميك"", ""pe_ratio"": 0.0, ""raw_score"": 2.6, ""trend_20d"": ""flat"", ""rule_50_30"": ""رد"", ""final_score"": 2.6, ""score_macro"": 0.0, ""volume_spike"": 0.0, ""current_price"": 0.0, ""liquidity_pct"": 0.0, ""position_size"": 0, ""adjusted_score"": 0.0, ""rank_in_market"": 383, ""score_feedstock"": 0.0, ""score_liquidity"": 0.0, ""score_technical"": 0.0, ""score_valuation"": 20.0, ""stop_loss_price"": 0, ""nima_free_spread"": 6.523, ""percentile_score"": 25.1, ""price_change_pct"": 0.0, ""rank_in_industry"": 10, ""score_farabourse"": 0.0, ""score_fundamental"": 0.0, ""score_gov_support"": 0.0, ""institutional_ratio"": 0.0, ""score_institutional"": 0.0, ""negative_filters_count"": 0}",True,رد,0.0,0.0,0.0,0.0,0.0,0.0,0.0,0.0,0.0,0.0,0.0,0.0,2.6,20.0,20.0,1405-05-18,0.0,كهرام,2026-09-08,0.0
کهربا,0.0,2026-08-09 18:36:44.149365,0.0,رد_نمره,,,,2.6,2026-08-09 15:06:44.146146,2026-08-09,392,0.0,0.0,0.0,0,6.523,,,0.0,5.3,,0,2,484,2.6,"{""atr_14"": 112.0, ""symbol"": ""کهربا"", ""live_pe"": 253775.0, ""risk_ok"": true, ""decision"": ""رد_نمره"", ""industry"": """", ""pe_ratio"": 39042.31, ""raw_score"": 1.45, ""trend_20d"": ""flat"", ""rule_50_30"": ""رد"", ""final_score"": 1.4, ""score_macro"": 0.0, ""volume_spike"": 3.5, ""current_price"": 10151.0, ""liquidity_pct"": 15093941195.4, ""position_size"": 0, ""adjusted_score"": 0.0, ""rank_in_market"": 484, ""score_feedstock"": 0.0, ""score_liquidity"": 5.0, ""score_technical"": 15.0, ""score_valuation"": 0.0, ""stop_loss_price"": 9440.0, ""nima_free_spread"": 6.523, ""percentile_score"": 5.3, ""price_change_pct"": -1.2, ""rank_in_industry"": 2, ""score_farabourse"": 0.0, ""score_fundamental"": 0.0, ""score_gov_support"": 0.0, ""institutional_ratio"": 0.0, ""score_institutional"": 0.0, ""negative_filters_count"": 0}",True,رد,0.0,0.0,0.0,0.0,0.0,0.0,5.0,0.0,15.0,0.0,0.0,0.0,1.4,20.0,0.0,1405-05-18,0.0,کهربا,2026-09-08,0.0
کهربا2,,,,,,,,,,,,,,,,,,,,,,,,,,,,,,,,,,,,,,,,,,,,,,,,
کهربای مهر خاورمیانه,,,,,,,,,,,,,,,,,,,,,,,,,,,,,,,,,,,,,,,,,,,,,,,,
کهمدا,0.0,2026-08-09 18:36:44.149365,0.0,رد_نمره,,,,2.6,2026-08-09 15:06:44.146146,2026-08-09,388,0.0,0.0,0.0,0,6.523,,,0.0,24.9,,0,18,384,2.6,"{""atr_14"": 0.0, ""symbol"": ""كهمدا"", ""live_pe"": 0.0, ""risk_ok"": true, ""decision"": ""رد_نمره"", ""industry"": ""ساير محصولات كاني غيرفلزي"", ""pe_ratio"": 0.0, ""raw_score"": 2.6, ""trend_20d"": ""flat"", ""rule_50_30"": ""رد"", ""final_score"": 2.6, ""score_macro"": 0.0, ""volume_spike"": 0.0, ""current_price"": 0.0, ""liquidity_pct"": 0.0, ""position_size"": 0, ""adjusted_score"": 0.0, ""rank_in_market"": 384, ""score_feedstock"": 0.0, ""score_liquidity"": 0.0, ""score_technical"": 0.0, ""score_valuation"": 20.0, ""stop_loss_price"": 0, ""nima_free_spread"": 6.523, ""percentile_score"": 24.9, ""price_change_pct"": 0.0, ""rank_in_industry"": 18, ""score_farabourse"": 0.0, ""score_fundamental"": 0.0, ""score_gov_support"": 0.0, ""institutional_ratio"": 0.0, ""score_institutional"": 0.0, ""negative_filters_count"": 0}",True,رد,0.0,0.0,0.0,0.0,0.0,0.0,0.0,0.0,0.0,0.0,0.0,0.0,2.6,20.0,20.0,1405-05-18,0.0,كهمدا,2026-09-08,0.0
کهمدا2,,,,,,,,,,,,,,,,,,,,,,,,,,,,,,,,,,,,,,,,,,,,,,,,
کهمدا3,,,,,,,,,,,,,,,,,,,,,,,,,,,,,,,,,,,,,,,,,,,,,,,,
کوانتوم,,,,,,,,,,,,,,,,,,,,,,,,,,,,,,,,,,,,,,,,,,,,,,,,
کوثر,,,,,,,,,,,,,,,,,,,,,,,,,,,,,,,,,,,,,,,,,,,,,,,,
کوثر ثابت,,,,,,,,,,,,,,,,,,,,,,,,,,,,,,,,,,,,,,,,,,,,,,,,
کوثر مختلط,,,,,,,,,,,,,,,,,,,,,,,,,,,,,,,,,,,,,,,,,,,,,,,,
کوثر3,,,,,,,,,,,,,,,,,,,,,,,,,,,,,,,,,,,,,,,,,,,,,,,,
کود آلی کرمانشاه,,,,,,,,,,,,,,,,,,,,,,,,,,,,,,,,,,,,,,,,,,,,,,,,
کورز,0.0,2026-08-09 18:36:44.149365,0.0,رد_نمره,,,,2.6,2026-08-09 15:06:44.146146,2026-08-09,389,0.0,0.0,0.0,0,6.523,,,0.0,24.7,,0,19,385,2.6,"{""atr_14"": 0.0, ""symbol"": ""كورز"", ""live_pe"": 0.0, ""risk_ok"": true, ""decision"": ""رد_نمره"", ""industry"": ""ساير محصولات كاني غيرفلزي"", ""pe_ratio"": 0.0, ""raw_score"": 2.6, ""trend_20d"": ""flat"", ""rule_50_30"": ""رد"", ""final_score"": 2.6, ""score_macro"": 0.0, ""volume_spike"": 0.0, ""current_price"": 0.0, ""liquidity_pct"": 0.0, ""position_size"": 0, ""adjusted_score"": 0.0, ""rank_in_market"": 385, ""score_feedstock"": 0.0, ""score_liquidity"": 0.0, ""score_technical"": 0.0, ""score_valuation"": 20.0, ""stop_loss_price"": 0, ""nima_free_spread"": 6.523, ""percentile_score"": 24.7, ""price_change_pct"": 0.0, ""rank_in_industry"": 19, ""score_farabourse"": 0.0, ""score_fundamental"": 0.0, ""score_gov_support"": 0.0, ""institutional_ratio"": 0.0, ""score_institutional"": 0.0, ""negative_filters_count"": 0}",True,رد,0.0,0.0,0.0,0.0,0.0,0.0,0.0,0.0,0.0,0.0,0.0,0.0,2.6,20.0,20.0,1405-05-18,0.0,كورز,2026-09-08,0.0
کورزی,,,,,,,,,,,,,,,,,,,,,,,,,,,,,,,,,,,,,,,,,,,,,,,,
کوروش بازار,,,,,,,,,,,,,,,,,,,,,,,,,,,,,,,,,,,,,,,,,,,,,,,,
کوروش ثابت,,,,,,,,,,,,,,,,,,,,,,,,,,,,,,,,,,,,,,,,,,,,,,,,
کولان,,,,,,,,,,,,,,,,,,,,,,,,,,,,,,,,,,,,,,,,,,,,,,,,
کولان3,,,,,,,,,,,,,,,,,,,,,,,,,,,,,,,,,,,,,,,,,,,,,,,,
کوچین,,,,,,,,,,,,,,,,,,,,,,,,,,,,,,,,,,,,,,,,,,,,,,,,
کوچین3,,,,,,,,,,,,,,,,,,,,,,,,,,,,,,,,,,,,,,,,,,,,,,,,
کویر,0.0,2026-08-09 18:36:44.149365,0.0,رد_نمره,,,,2.6,2026-08-09 15:06:44.146146,2026-08-09,390,0.0,0.0,0.0,0,6.523,,,0.0,24.5,,0,27,386,2.6,"{""atr_14"": 0.0, ""symbol"": ""كوير"", ""live_pe"": 0.0, ""risk_ok"": true, ""decision"": ""رد_نمره"", ""industry"": ""فلزات اساسي"", ""pe_ratio"": 0.0, ""raw_score"": 2.6, ""trend_20d"": ""flat"", ""rule_50_30"": ""رد"", ""final_score"": 2.6, ""score_macro"": 0.0, ""volume_spike"": 0.0, ""current_price"": 0.0, ""liquidity_pct"": 0.0, ""position_size"": 0, ""adjusted_score"": 0.0, ""rank_in_market"": 386, ""score_feedstock"": 0.0, ""score_liquidity"": 0.0, ""score_technical"": 0.0, ""score_valuation"": 20.0, ""stop_loss_price"": 0, ""nima_free_spread"": 6.523, ""percentile_score"": 24.5, ""price_change_pct"": 0.0, ""rank_in_industry"": 27, ""score_farabourse"": 0.0, ""score_fundamental"": 0.0, ""score_gov_support"": 0.0, ""institutional_ratio"": 0.0, ""score_institutional"": 0.0, ""negative_filters_count"": 0}",True,رد,0.0,0.0,0.0,0.0,0.0,0.0,0.0,0.0,0.0,0.0,0.0,0.0,2.6,20.0,20.0,1405-05-18,0.0,كوير,2026-09-08,0.0
کویر استیل بیرجند,,,,,,,,,,,,,,,,,,,,,,,,,,,,,,,,,,,,,,,,,,,,,,,,
کویر3,,,,,,,,,,,,,,,,,,,,,,,,,,,,,,,,,,,,,,,,,,,,,,,,
کپارس,0.0,2026-08-09 18:36:44.149365,0.0,رد_نمره,,,,2.6,2026-08-09 15:06:44.146146,2026-08-09,360,0.0,0.0,0.0,0,6.523,,,0.0,30.4,,0,2,356,2.6,"{""atr_14"": 0.0, ""symbol"": ""كپارس"", ""live_pe"": 0.0, ""risk_ok"": true, ""decision"": ""رد_نمره"", ""industry"": ""كاشي و سراميك"", ""pe_ratio"": 0.0, ""raw_score"": 2.6, ""trend_20d"": ""flat"", ""rule_50_30"": ""رد"", ""final_score"": 2.6, ""score_macro"": 0.0, ""volume_spike"": 0.0, ""current_price"": 0.0, ""liquidity_pct"": 0.0, ""position_size"": 0, ""adjusted_score"": 0.0, ""rank_in_market"": 356, ""score_feedstock"": 0.0, ""score_liquidity"": 0.0, ""score_technical"": 0.0, ""score_valuation"": 20.0, ""stop_loss_price"": 0, ""nima_free_spread"": 6.523, ""percentile_score"": 30.4, ""price_change_pct"": 0.0, ""rank_in_industry"": 2, ""score_farabourse"": 0.0, ""score_fundamental"": 0.0, ""score_gov_support"": 0.0, ""institutional_ratio"": 0.0, ""score_institutional"": 0.0, ""negative_filters_count"": 0}",True,رد,0.0,0.0,0.0,0.0,0.0,0.0,0.0,0.0,0.0,0.0,0.0,0.0,2.6,20.0,20.0,1405-05-18,0.0,كپارس,2026-09-08,0.0
کپارس3,,,,,,,,,,,,,,,,,,,,,,,,,,,,,,,,,,,,,,,,,,,,,,,,
کپرسپولیس,,,,,,,,,,,,,,,,,,,,,,,,,,,,,,,,,,,,,,,,,,,,,,,,
کپرسپولیس2,,,,,,,,,,,,,,,,,,,,,,,,,,,,,,,,,,,,,,,,,,,,,,,,
کپرسپولیس3,,,,,,,,,,,,,,,,,,,,,,,,,,,,,,,,,,,,,,,,,,,,,,,,
کپرور,,,,,,,,,,,,,,,,,,,,,,,,,,,,,,,,,,,,,,,,,,,,,,,,
کپرور3,,,,,,,,,,,,,,,,,,,,,,,,,,,,,,,,,,,,,,,,,,,,,,,,
کپشیر,0.0,2026-08-09 18:36:44.149365,0.0,رد_نمره,,,,2.6,2026-08-09 15:06:44.146146,2026-08-09,361,0.0,0.0,0.0,0,6.523,,,0.0,30.2,,0,8,357,2.6,"{""atr_14"": 0.0, ""symbol"": ""كپشير"", ""live_pe"": 0.0, ""risk_ok"": true, ""decision"": ""رد_نمره"", ""industry"": ""ساير محصولات كاني غيرفلزي"", ""pe_ratio"": 0.0, ""raw_score"": 2.6, ""trend_20d"": ""flat"", ""rule_50_30"": ""رد"", ""final_score"": 2.6, ""score_macro"": 0.0, ""volume_spike"": 0.0, ""current_price"": 0.0, ""liquidity_pct"": 0.0, ""position_size"": 0, ""adjusted_score"": 0.0, ""rank_in_market"": 357, ""score_feedstock"": 0.0, ""score_liquidity"": 0.0, ""score_technical"": 0.0, ""score_valuation"": 20.0, ""stop_loss_price"": 0, ""nima_free_spread"": 6.523, ""percentile_score"": 30.2, ""price_change_pct"": 0.0, ""rank_in_industry"": 8, ""score_farabourse"": 0.0, ""score_fundamental"": 0.0, ""score_gov_support"": 0.0, ""institutional_ratio"": 0.0, ""score_institutional"": 0.0, ""negative_filters_count"": 0}",True,رد,0.0,0.0,0.0,0.0,0.0,0.0,0.0,0.0,0.0,0.0,0.0,0.0,2.6,20.0,20.0,1405-05-18,0.0,كپشير,2026-09-08,0.0
کپشیر3,,,,,,,,,,,,,,,,,,,,,,,,,,,,,,,,,,,,,,,,,,,,,,,,
کچاد,0.0,2026-08-09 18:36:44.149365,0.0,رد_نمره,,,,2.6,2026-08-09 15:06:44.146146,2026-08-09,363,0.0,0.0,0.0,0,6.523,,,0.0,29.8,,0,6,359,2.6,"{""atr_14"": 0.0, ""symbol"": ""كچاد"", ""live_pe"": 0.0, ""risk_ok"": true, ""decision"": ""رد_نمره"", ""industry"": ""استخراج کانه هاي فلزي"", ""pe_ratio"": 0.0, ""raw_score"": 2.6, ""trend_20d"": ""flat"", ""rule_50_30"": ""رد"", ""final_score"": 2.6, ""score_macro"": 0.0, ""volume_spike"": 0.0, ""current_price"": 0.0, ""liquidity_pct"": 0.0, ""position_size"": 0, ""adjusted_score"": 0.0, ""rank_in_market"": 359, ""score_feedstock"": 0.0, ""score_liquidity"": 0.0, ""score_technical"": 0.0, ""score_valuation"": 20.0, ""stop_loss_price"": 0, ""nima_free_spread"": 6.523, ""percentile_score"": 29.8, ""price_change_pct"": 0.0, ""rank_in_industry"": 6, ""score_farabourse"": 0.0, ""score_fundamental"": 0.0, ""score_gov_support"": 0.0, ""institutional_ratio"": 0.0, ""score_institutional"": 0.0, ""negative_filters_count"": 0}",True,رد,0.0,0.0,0.0,0.0,0.0,0.0,0.0,0.0,0.0,0.0,0.0,0.0,2.6,20.0,20.0,1405-05-18,0.0,كچاد,2026-09-08,0.0
کچاد2,,,,,,,,,,,,,,,,,,,,,,,,,,,,,,,,,,,,,,,,,,,,,,,,
کچاد3,,,,,,,,,,,,,,,,,,,,,,,,,,,,,,,,,,,,,,,,,,,,,,,,
کچادح,,,,,,,,,,,,,,,,,,,,,,,,,,,,,,,,,,,,,,,,,,,,,,,,
کچینی,0.0,2026-08-09 18:36:44.149365,0.0,رد_نمره,,,,2.6,2026-08-09 15:06:44.146146,2026-08-09,364,0.0,0.0,0.0,0,6.523,,,0.0,29.6,,0,4,360,2.6,"{""atr_14"": 0.0, ""symbol"": ""كچيني"", ""live_pe"": 0.0, ""risk_ok"": true, ""decision"": ""رد_نمره"", ""industry"": ""كاشي و سراميك"", ""pe_ratio"": 0.0, ""raw_score"": 2.6, ""trend_20d"": ""flat"", ""rule_50_30"": ""رد"", ""final_score"": 2.6, ""score_macro"": 0.0, ""volume_spike"": 0.0, ""current_price"": 0.0, ""liquidity_pct"": 0.0, ""position_size"": 0, ""adjusted_score"": 0.0, ""rank_in_market"": 360, ""score_feedstock"": 0.0, ""score_liquidity"": 0.0, ""score_technical"": 0.0, ""score_valuation"": 20.0, ""stop_loss_price"": 0, ""nima_free_spread"": 6.523, ""percentile_score"": 29.6, ""price_change_pct"": 0.0, ""rank_in_industry"": 4, ""score_farabourse"": 0.0, ""score_fundamental"": 0.0, ""score_gov_support"": 0.0, ""institutional_ratio"": 0.0, ""score_institutional"": 0.0, ""negative_filters_count"": 0}",True,رد,0.0,0.0,0.0,0.0,0.0,0.0,0.0,0.0,0.0,0.0,0.0,0.0,2.6,20.0,20.0,1405-05-18,0.0,كچيني,2026-09-08,0.0
کک طبس,,,,,,,,,,,,,,,,,,,,,,,,,,,,,,,,,,,,,,,,,,,,,,,,
کگاز,0.0,2026-08-09 18:36:44.149365,0.0,رد_نمره,,,,2.6,2026-08-09 15:06:44.146146,2026-08-09,380,0.0,0.0,0.0,0,6.523,,,0.0,26.5,,0,17,376,2.6,"{""atr_14"": 0.0, ""symbol"": ""كگاز"", ""live_pe"": 0.0, ""risk_ok"": true, ""decision"": ""رد_نمره"", ""industry"": ""ساير محصولات كاني غيرفلزي"", ""pe_ratio"": 0.0, ""raw_score"": 2.6, ""trend_20d"": ""flat"", ""rule_50_30"": ""رد"", ""final_score"": 2.6, ""score_macro"": 0.0, ""volume_spike"": 0.0, ""current_price"": 0.0, ""liquidity_pct"": 0.0, ""position_size"": 0, ""adjusted_score"": 0.0, ""rank_in_market"": 376, ""score_feedstock"": 0.0, ""score_liquidity"": 0.0, ""score_technical"": 0.0, ""score_valuation"": 20.0, ""stop_loss_price"": 0, ""nima_free_spread"": 6.523, ""percentile_score"": 26.5, ""price_change_pct"": 0.0, ""rank_in_industry"": 17, ""score_farabourse"": 0.0, ""score_fundamental"": 0.0, ""score_gov_support"": 0.0, ""institutional_ratio"": 0.0, ""score_institutional"": 0.0, ""negative_filters_count"": 0}",True,رد,0.0,0.0,0.0,0.0,0.0,0.0,0.0,0.0,0.0,0.0,0.0,0.0,2.6,20.0,20.0,1405-05-18,0.0,كگاز,2026-09-08,0.0
کگاز3,,,,,,,,,,,,,,,,,,,,,,,,,,,,,,,,,,,,,,,,,,,,,,,,
کگل,0.0,2026-08-09 18:36:44.149365,0.0,رد_نمره,,,,2.6,2026-08-09 15:06:44.146146,2026-08-09,381,0.0,0.0,0.0,0,6.523,,,0.0,26.3,,0,9,377,2.6,"{""atr_14"": 0.0, ""symbol"": ""كگل"", ""live_pe"": 0.0, ""risk_ok"": true, ""decision"": ""رد_نمره"", ""industry"": ""استخراج کانه هاي فلزي"", ""pe_ratio"": 0.0, ""raw_score"": 2.6, ""trend_20d"": ""flat"", ""rule_50_30"": ""رد"", ""final_score"": 2.6, ""score_macro"": 0.0, ""volume_spike"": 0.0, ""current_price"": 0.0, ""liquidity_pct"": 0.0, ""position_size"": 0, ""adjusted_score"": 0.0, ""rank_in_market"": 377, ""score_feedstock"": 0.0, ""score_liquidity"": 0.0, ""score_technical"": 0.0, ""score_valuation"": 20.0, ""stop_loss_price"": 0, ""nima_free_spread"": 6.523, ""percentile_score"": 26.3, ""price_change_pct"": 0.0, ""rank_in_industry"": 9, ""score_farabourse"": 0.0, ""score_fundamental"": 0.0, ""score_gov_support"": 0.0, ""institutional_ratio"": 0.0, ""score_institutional"": 0.0, ""negative_filters_count"": 0}",True,رد,0.0,0.0,0.0,0.0,0.0,0.0,0.0,0.0,0.0,0.0,0.0,0.0,2.6,20.0,20.0,1405-05-18,0.0,كگل,2026-09-08,0.0
کگل2,,,,,,,,,,,,,,,,,,,,,,,,,,,,,,,,,,,,,,,,,,,,,,,,
کگل3,,,,,,,,,,,,,,,,,,,,,,,,,,,,,,,,,,,,,,,,,,,,,,,,
کگلح,,,,,,,,,,,,,,,,,,,,,,,,,,,,,,,,,,,,,,,,,,,,,,,,
کگهر,,,,,,,,,,,,,,,,,,,,,,,,,,,,,,,,,,,,,,,,,,,,,,,,
کگهر2,,,,,,,,,,,,,,,,,,,,,,,,,,,,,,,,,,,,,,,,,,,,,,,,
کگهر3,,,,,,,,,,,,,,,,,,,,,,,,,,,,,,,,,,,,,,,,,,,,,,,,
کگهرح,,,,,,,,,,,,,,,,,,,,,,,,,,,,,,,,,,,,,,,,,,,,,,,,
کی ام سی,,,,,,,,,,,,,,,,,,,,,,,,,,,,,,,,,,,,,,,,,,,,,,,,
کی بی سی,,,,,,,,,,,,,,,,,,,,,,,,,,,,,,,,,,,,,,,,,,,,,,,,
کی بی سی3,,,,,,,,,,,,,,,,,,,,,,,,,,,,,,,,,,,,,,,,,,,,,,,,
کیا,,,,,,,,,,,,,,,,,,,,,,,,,,,,,,,,,,,,,,,,,,,,,,,,
کیان,,,,,,,,,,,,,,,,,,,,,,,,,,,,,,,,,,,,,,,,,,,,,,,,
کیان بازار,,,,,,,,,,,,,,,,,,,,,,,,,,,,,,,,,,,,,,,,,,,,,,,,
کیان تضمین,,,,,,,,,,,,,,,,,,,,,,,,,,,,,,,,,,,,,,,,,,,,,,,,
کیان ثابت,,,,,,,,,,,,,,,,,,,,,,,,,,,,,,,,,,,,,,,,,,,,,,,,
کیان2,,,,,,,,,,,,,,,,,,,,,,,,,,,,,,,,,,,,,,,,,,,,,,,,
کیان4,,,,,,,,,,,,,,,,,,,,,,,,,,,,,,,,,,,,,,,,,,,,,,,,
کیانا,0.0,2026-08-09 18:36:44.149365,0.0,رد_نمره,,,,2.6,2026-08-09 15:06:44.146146,2026-08-09,391,0.0,0.0,0.0,0,6.523,,,0.0,24.3,,0,12,387,2.6,"{""atr_14"": 0.0, ""symbol"": ""كيانا"", ""live_pe"": 0.0, ""risk_ok"": true, ""decision"": ""رد_نمره"", ""industry"": ""سرمايه گذاريها"", ""pe_ratio"": 0.0, ""raw_score"": 2.6, ""trend_20d"": ""flat"", ""rule_50_30"": ""رد"", ""final_score"": 2.6, ""score_macro"": 0.0, ""volume_spike"": 0.0, ""current_price"": 0.0, ""liquidity_pct"": 0.0, ""position_size"": 0, ""adjusted_score"": 0.0, ""rank_in_market"": 387, ""score_feedstock"": 0.0, ""score_liquidity"": 0.0, ""score_technical"": 0.0, ""score_valuation"": 20.0, ""stop_loss_price"": 0, ""nima_free_spread"": 6.523, ""percentile_score"": 24.3, ""price_change_pct"": 0.0, ""rank_in_industry"": 12, ""score_farabourse"": 0.0, ""score_fundamental"": 0.0, ""score_gov_support"": 0.0, ""institutional_ratio"": 0.0, ""score_institutional"": 0.0, ""negative_filters_count"": 0}",True,رد,0.0,0.0,0.0,0.0,0.0,0.0,0.0,0.0,0.0,0.0,0.0,0.0,2.6,20.0,20.0,1405-05-18,0.0,كيانا,2026-09-08,0.0
کیانا3,,,,,,,,,,,,,,,,,,,,,,,,,,,,,,,,,,,,,,,,,,,,,,,,
کیسون,,,,,,,,,,,,,,,,,,,,,,,,,,,,,,,,,,,,,,,,,,,,,,,,
کیسون3,,,,,,,,,,,,,,,,,,,,,,,,,,,,,,,,,,,,,,,,,,,,,,,,
کیش بتون,,,,,,,,,,,,,,,,,,,,,,,,,,,,,,,,,,,,,,,,,,,,,,,,
کیمازی,,,,,,,,,,,,,,,,,,,,,,,,,,,,,,,,,,,,,,,,,,,,,,,,
کیمیا,,,,,,,,,,,,,,,,,,,,,,,,,,,,,,,,,,,,,,,,,,,,,,,,
کیمیا3,,,,,,,,,,,,,,,,,,,,,,,,,,,,,,,,,,,,,,,,,,,,,,,,
کیمیاتک,,,,,,,,,,,,,,,,,,,,,,,,,,,,,,,,,,,,,,,,,,,,,,,,
کیمیاتک2,,,,,,,,,,,,,,,,,,,,,,,,,,,,,,,,,,,,,,,,,,,,,,,,
کیمیاتک3,,,,,,,,,,,,,,,,,,,,,,,,,,,,,,,,,,,,,,,,,,,,,,,,
گارانتی,,,,,,,,,,,,,,,,,,,,,,,,,,,,,,,,,,,,,,,,,,,,,,,,
گارانتی2,,,,,,,,,,,,,,,,,,,,,,,,,,,,,,,,,,,,,,,,,,,,,,,,
گداز قطعه کیا,,,,,,,,,,,,,,,,,,,,,,,,,,,,,,,,,,,,,,,,,,,,,,,,
گدنا,,,,,,,,,,,,,,,,,,,,,,,,,,,,,,,,,,,,,,,,,,,,,,,,
گدنا3,,,,,,,,,,,,,,,,,,,,,,,,,,,,,,,,,,,,,,,,,,,,,,,,
گردشگری ثابت,,,,,,,,,,,,,,,,,,,,,,,,,,,,,,,,,,,,,,,,,,,,,,,,
گروه آوا پزشک,,,,,,,,,,,,,,,,,,,,,,,,,,,,,,,,,,,,,,,,,,,,,,,,
گروه خدمات کارکنان سپه نوین,,,,,,,,,,,,,,,,,,,,,,,,,,,,,,,,,,,,,,,,,,,,,,,,
گروه راهبران اقتصادی آرمان(توسعه سرمایه گذاری آریا),,,,,,,,,,,,,,,,,,,,,,,,,,,,,,,,,,,,,,,,,,,,,,,,
گروه صنعتی آسان تیکن,,,,,,,,,,,,,,,,,,,,,,,,,,,,,,,,,,,,,,,,,,,,,,,,
گروه علوی کرمان,,,,,,,,,,,,,,,,,,,,,,,,,,,,,,,,,,,,,,,,,,,,,,,,
گروه فارابی,,,,,,,,,,,,,,,,,,,,,,,,,,,,,,,,,,,,,,,,,,,,,,,,
گسترش الیاف شیشه مرند,,,,,,,,,,,,,,,,,,,,,,,,,,,,,,,,,,,,,,,,,,,,,,,,
گسترش ایوان پایدار,,,,,,,,,,,,,,,,,,,,,,,,,,,,,,,,,,,,,,,,,,,,,,,,
گسترش ثابت,,,,,,,,,,,,,,,,,,,,,,,,,,,,,,,,,,,,,,,,,,,,,,,,
گسترش خدمات ارتباطات کاراشاب,,,,,,,,,,,,,,,,,,,,,,,,,,,,,,,,,,,,,,,,,,,,,,,,
گسترش صنایع اریا تایر هامون,,,,,,,,,,,,,,,,,,,,,,,,,,,,,,,,,,,,,,,,,,,,,,,,
گسترش صنایع بلوچ,,,,,,,,,,,,,,,,,,,,,,,,,,,,,,,,,,,,,,,,,,,,,,,,
گسترش صنایع ریلی ایران,,,,,,,,,,,,,,,,,,,,,,,,,,,,,,,,,,,,,,,,,,,,,,,,
گسترش کار افرین ایران,,,,,,,,,,,,,,,,,,,,,,,,,,,,,,,,,,,,,,,,,,,,,,,,
گسترش کاغذ سبزخرامه,,,,,,,,,,,,,,,,,,,,,,,,,,,,,,,,,,,,,,,,,,,,,,,,
گشان,,,,,,,,,,,,,,,,,,,,,,,,,,,,,,,,,,,,,,,,,,,,,,,,
گل نقش توس,,,,,,,,,,,,,,,,,,,,,,,,,,,,,,,,,,,,,,,,,,,,,,,,
گلباغ مشیز کرمان ,,,,,,,,,,,,,,,,,,,,,,,,,,,,,,,,,,,,,,,,,,,,,,,,
گلبرگ ثابت,,,,,,,,,,,,,,,,,,,,,,,,,,,,,,,,,,,,,,,,,,,,,,,,
گلبهار,,,,,,,,,,,,,,,,,,,,,,,,,,,,,,,,,,,,,,,,,,,,,,,,
گلدا,,,,,,,,,,,,,,,,,,,,,,,,,,,,,,,,,,,,,,,,,,,,,,,,
گلدا2,,,,,,,,,,,,,,,,,,,,,,,,,,,,,,,,,,,,,,,,,,,,,,,,
گلديرا,,,,,,,,,,,,,,,,,,,,,,,,,,,,,,,,,,,,,,,,,,,,,,,,
گلدیس,,,,,,,,,,,,,,,,,,,,,,,,,,,,,,,,,,,,,,,,,,,,,,,,
گلدیس2,,,,,,,,,,,,,,,,,,,,,,,,,,,,,,,,,,,,,,,,,,,,,,,,
گلیران,,,,,,,,,,,,,,,,,,,,,,,,,,,,,,,,,,,,,,,,,,,,,,,,
گنج,,,,,,,,,,,,,,,,,,,,,,,,,,,,,,,,,,,,,,,,,,,,,,,,
گنجین,,,,,,,,,,,,,,,,,,,,,,,,,,,,,,,,,,,,,,,,,,,,,,,,
گنجین4,,,,,,,,,,,,,,,,,,,,,,,,,,,,,,,,,,,,,,,,,,,,,,,,
گنجینه,,,,,,,,,,,,,,,,,,,,,,,,,,,,,,,,,,,,,,,,,,,,,,,,
گنجینه امید ثابت,,,,,,,,,,,,,,,,,,,,,,,,,,,,,,,,,,,,,,,,,,,,,,,,
گنجینه ثابت,,,,,,,,,,,,,,,,,,,,,,,,,,,,,,,,,,,,,,,,,,,,,,,,
گنجینه رفاه سهام,,,,,,,,,,,,,,,,,,,,,,,,,,,,,,,,,,,,,,,,,,,,,,,,
گنجینه مهر سهام,,,,,,,,,,,,,,,,,,,,,,,,,,,,,,,,,,,,,,,,,,,,,,,,
گنجینه2,,,,,,,,,,,,,,,,,,,,,,,,,,,,,,,,,,,,,,,,,,,,,,,,
گنجینه4,,,,,,,,,,,,,,,,,,,,,,,,,,,,,,,,,,,,,,,,,,,,,,,,
گندم بازار,,,,,,,,,,,,,,,,,,,,,,,,,,,,,,,,,,,,,,,,,,,,,,,,
گنگین,,,,,,,,,,,,,,,,,,,,,,,,,,,,,,,,,,,,,,,,,,,,,,,,
گنگین2,,,,,,,,,,,,,,,,,,,,,,,,,,,,,,,,,,,,,,,,,,,,,,,,
گهر پویش گام,,,,,,,,,,,,,,,,,,,,,,,,,,,,,,,,,,,,,,,,,,,,,,,,
گوهر,,,,,,,,,,,,,,,,,,,,,,,,,,,,,,,,,,,,,,,,,,,,,,,,
گوهر فام بازار,,,,,,,,,,,,,,,,,,,,,,,,,,,,,,,,,,,,,,,,,,,,,,,,
گوهر نفیس مختلط,,,,,,,,,,,,,,,,,,,,,,,,,,,,,,,,,,,,,,,,,,,,,,,,
گوهر2,,,,,,,,,,,,,,,,,,,,,,,,,,,,,,,,,,,,,,,,,,,,,,,,
گوهران,,,,,,,,,,,,,,,,,,,,,,,,,,,,,,,,,,,,,,,,,,,,,,,,
گوهران2,,,,,,,,,,,,,,,,,,,,,,,,,,,,,,,,,,,,,,,,,,,,,,,,
گوهران3,,,,,,,,,,,,,,,,,,,,,,,,,,,,,,,,,,,,,,,,,,,,,,,,
گپارس,,,,,,,,,,,,,,,,,,,,,,,,,,,,,,,,,,,,,,,,,,,,,,,,
گکوثر,,,,,,,,,,,,,,,,,,,,,,,,,,,,,,,,,,,,,,,,,,,,,,,,
گکوثر2,,,,,,,,,,,,,,,,,,,,,,,,,,,,,,,,,,,,,,,,,,,,,,,,
گکوثر3,,,,,,,,,,,,,,,,,,,,,,,,,,,,,,,,,,,,,,,,,,,,,,,,
گکیش,,,,,,,,,,,,,,,,,,,,,,,,,,,,,,,,,,,,,,,,,,,,,,,,
یادمان سازه,,,,,,,,,,,,,,,,,,,,,,,,,,,,,,,,,,,,,,,,,,,,,,,,
یارا,,,,,,,,,,,,,,,,,,,,,,,,,,,,,,,,,,,,,,,,,,,,,,,,
یارا4,,,,,,,,,,,,,,,,,,,,,,,,,,,,,,,,,,,,,,,,,,,,,,,,
یاس,,,,,,,,,,,,,,,,,,,,,,,,,,,,,,,,,,,,,,,,,,,,,,,,
یاقوت,0.0,2026-08-09 18:36:44.149365,0.0,رد_نمره,,,,2.6,2026-08-09 15:06:44.146146,2026-08-09,511,0.0,0.0,0.0,0,6.523,,,0.0,3.1,,0,9,495,2.6,"{""atr_14"": 64.0, ""symbol"": ""یاقوت"", ""live_pe"": 271000.0, ""risk_ok"": true, ""decision"": ""رد_نمره"", ""industry"": """", ""pe_ratio"": 41692.31, ""raw_score"": 0.9, ""trend_20d"": ""flat"", ""rule_50_30"": ""رد"", ""final_score"": 0.9, ""score_macro"": 0.0, ""volume_spike"": 1.11, ""current_price"": 10840.0, ""liquidity_pct"": 39202904050.666664, ""position_size"": 0, ""adjusted_score"": 0.0, ""rank_in_market"": 495, ""score_feedstock"": 0.0, ""score_liquidity"": 5.0, ""score_technical"": 0.0, ""score_valuation"": 0.0, ""stop_loss_price"": 10081.0, ""nima_free_spread"": 6.523, ""percentile_score"": 3.1, ""price_change_pct"": 0.37, ""rank_in_industry"": 9, ""score_farabourse"": 0.0, ""score_fundamental"": 0.0, ""score_gov_support"": 5.0, ""institutional_ratio"": 0.0, ""score_institutional"": 0.0, ""negative_filters_count"": 0}",True,رد,0.0,0.0,0.0,0.0,0.0,0.0,5.0,0.0,0.0,0.0,5.0,0.0,0.9,20.0,0.0,1405-05-18,0.0,یاقوت,2026-09-08,0.0
یاقوت ثابت,,,,,,,,,,,,,,,,,,,,,,,,,,,,,,,,,,,,,,,,,,,,,,,,
یاقوت2,,,,,,,,,,,,,,,,,,,,,,,,,,,,,,,,,,,,,,,,,,,,,,,,
یاقوت4,,,,,,,,,,,,,,,,,,,,,,,,,,,,,,,,,,,,,,,,,,,,,,,,
یزد سفالین,,,,,,,,,,,,,,,,,,,,,,,,,,,,,,,,,,,,,,,,,,,,,,,,
یلدا,,,,,,,,,,,,,,,,,,,,,,,,,,,,,,,,,,,,,,,,,,,,,,,,
یوتیلیتی,,,,,,,,,,,,,,,,,,,,,,,,,,,,,,,,,,,,,,,,,,,,,,,,
یوتیلیتی2,,,,,,,,,,,,,,,,,,,,,,,,,,,,,,,,,,,,,,,,,,,,,,,,
یکم,,,,,,,,,,,,,,,,,,,,,,,,,,,,,,,,,,,,,,,,,,,,,,,,
یکم آبان سهام,,,,,,,,,,,,,,,,,,,,,,,,,,,,,,,,,,,,,,,,,,,,,,,,
یکم آوید ثابت,,,,,,,,,,,,,,,,,,,,,,,,,,,,,,,,,,,,,,,,,,,,,,,,
یکم ایرانیان ثابت,,,,,,,,,,,,,,,,,,,,,,,,,,,,,,,,,,,,,,,,,,,,,,,,
یکم تهران جسورانه,,,,,,,,,,,,,,,,,,,,,,,,,,,,,,,,,,,,,,,,,,,,,,,,
یکم سامان سهام,,,,,,,,,,,,,,,,,,,,,,,,,,,,,,,,,,,,,,,,,,,,,,,,
یکم2,,,,,,,,,,,,,,,,,,,,,,,,,,,,,,,,,,,,,,,,,,,,,,,,
